<?xml version='1.0' encoding='UTF-8'?>
<gpx xmlns="http://www.topografix.com/GPX/1/1" xmlns:xsi="http://www.w3.org/2001/XMLSchema-instance" creator="RouteYou" version="1.1" xsi:schemaLocation="http://www.topografix.com/GPX/1/1 http://www.topografix.com/GPX/1/1/gpx.xsd">
  <trk>
    <name>Kapelle O/D Bos 2025</name>
    <desc />
    <trkseg>
      <trkpt lat="50.87884" lon="4.55119">
        <ele>54</ele>
      </trkpt>
      <trkpt lat="50.87875" lon="4.55058">
        <ele>57</ele>
      </trkpt>
      <trkpt lat="50.87859" lon="4.54962">
        <ele>62</ele>
      </trkpt>
      <trkpt lat="50.87847" lon="4.54906">
        <ele>60</ele>
      </trkpt>
      <trkpt lat="50.87825" lon="4.5483">
        <ele>60</ele>
      </trkpt>
      <trkpt lat="50.87805" lon="4.54777">
        <ele>61</ele>
      </trkpt>
      <trkpt lat="50.87783" lon="4.54728">
        <ele>65</ele>
      </trkpt>
      <trkpt lat="50.87759" lon="4.54667">
        <ele>59</ele>
      </trkpt>
      <trkpt lat="50.87722" lon="4.54561">
        <ele>60</ele>
      </trkpt>
      <trkpt lat="50.87645" lon="4.544">
        <ele>62</ele>
      </trkpt>
      <trkpt lat="50.87643" lon="4.54405">
        <ele>62</ele>
      </trkpt>
      <trkpt lat="50.8764" lon="4.54409">
        <ele>62</ele>
      </trkpt>
      <trkpt lat="50.87637" lon="4.54409">
        <ele>62</ele>
      </trkpt>
      <trkpt lat="50.87634" lon="4.54406">
        <ele>62</ele>
      </trkpt>
      <trkpt lat="50.8763" lon="4.54392">
        <ele>62</ele>
      </trkpt>
      <trkpt lat="50.87629" lon="4.5438">
        <ele>62</ele>
      </trkpt>
      <trkpt lat="50.8763" lon="4.54378">
        <ele>62</ele>
      </trkpt>
      <trkpt lat="50.87604" lon="4.54284">
        <ele>63</ele>
      </trkpt>
      <trkpt lat="50.87595" lon="4.54242">
        <ele>62</ele>
      </trkpt>
      <trkpt lat="50.87593" lon="4.5421">
        <ele>62</ele>
      </trkpt>
      <trkpt lat="50.87594" lon="4.54184">
        <ele>62</ele>
      </trkpt>
      <trkpt lat="50.87598" lon="4.54159">
        <ele>60</ele>
      </trkpt>
      <trkpt lat="50.87605" lon="4.54126">
        <ele>59</ele>
      </trkpt>
      <trkpt lat="50.87628" lon="4.54072">
        <ele>57</ele>
      </trkpt>
      <trkpt lat="50.87644" lon="4.54087">
        <ele>59</ele>
      </trkpt>
      <trkpt lat="50.87728" lon="4.54066">
        <ele>55</ele>
      </trkpt>
      <trkpt lat="50.87753" lon="4.54064">
        <ele>55</ele>
      </trkpt>
      <trkpt lat="50.87817" lon="4.5407">
        <ele>53</ele>
      </trkpt>
      <trkpt lat="50.87866" lon="4.54062">
        <ele>49</ele>
      </trkpt>
      <trkpt lat="50.8791" lon="4.5406">
        <ele>48</ele>
      </trkpt>
      <trkpt lat="50.8792" lon="4.54065">
        <ele>48</ele>
      </trkpt>
      <trkpt lat="50.87989" lon="4.54205">
        <ele>50</ele>
      </trkpt>
      <trkpt lat="50.8809" lon="4.54313">
        <ele>49</ele>
      </trkpt>
      <trkpt lat="50.88123" lon="4.54354">
        <ele>47</ele>
      </trkpt>
      <trkpt lat="50.88141" lon="4.54368">
        <ele>46</ele>
      </trkpt>
      <trkpt lat="50.88168" lon="4.54375">
        <ele>47</ele>
      </trkpt>
      <trkpt lat="50.88204" lon="4.54379">
        <ele>45</ele>
      </trkpt>
      <trkpt lat="50.88212" lon="4.54384">
        <ele>45</ele>
      </trkpt>
      <trkpt lat="50.8822" lon="4.54393">
        <ele>45</ele>
      </trkpt>
      <trkpt lat="50.88235" lon="4.5444">
        <ele>45</ele>
      </trkpt>
      <trkpt lat="50.88242" lon="4.54449">
        <ele>45</ele>
      </trkpt>
      <trkpt lat="50.88255" lon="4.54456">
        <ele>45</ele>
      </trkpt>
      <trkpt lat="50.88337" lon="4.54454">
        <ele>44</ele>
      </trkpt>
      <trkpt lat="50.88349" lon="4.54458">
        <ele>43</ele>
      </trkpt>
      <trkpt lat="50.88392" lon="4.54492">
        <ele>43</ele>
      </trkpt>
      <trkpt lat="50.88432" lon="4.54511">
        <ele>43</ele>
      </trkpt>
      <trkpt lat="50.88495" lon="4.54523">
        <ele>44</ele>
      </trkpt>
      <trkpt lat="50.88536" lon="4.5454">
        <ele>44</ele>
      </trkpt>
      <trkpt lat="50.88559" lon="4.54535">
        <ele>44</ele>
      </trkpt>
      <trkpt lat="50.88746" lon="4.54444">
        <ele>46</ele>
      </trkpt>
      <trkpt lat="50.88837" lon="4.54401">
        <ele>47</ele>
      </trkpt>
      <trkpt lat="50.88839" lon="4.54409">
        <ele>47</ele>
      </trkpt>
      <trkpt lat="50.8888" lon="4.54384">
        <ele>47</ele>
      </trkpt>
      <trkpt lat="50.88936" lon="4.54355">
        <ele>47</ele>
      </trkpt>
      <trkpt lat="50.89228" lon="4.5422">
        <ele>44</ele>
      </trkpt>
      <trkpt lat="50.8925" lon="4.54209">
        <ele>44</ele>
      </trkpt>
      <trkpt lat="50.89254" lon="4.54205">
        <ele>44</ele>
      </trkpt>
      <trkpt lat="50.89256" lon="4.54172">
        <ele>44</ele>
      </trkpt>
      <trkpt lat="50.89245" lon="4.54048">
        <ele>44</ele>
      </trkpt>
      <trkpt lat="50.89229" lon="4.53964">
        <ele>44</ele>
      </trkpt>
      <trkpt lat="50.89227" lon="4.53946">
        <ele>44</ele>
      </trkpt>
      <trkpt lat="50.89227" lon="4.53927">
        <ele>44</ele>
      </trkpt>
      <trkpt lat="50.89234" lon="4.5389">
        <ele>44</ele>
      </trkpt>
      <trkpt lat="50.89246" lon="4.53864">
        <ele>44</ele>
      </trkpt>
      <trkpt lat="50.89263" lon="4.53844">
        <ele>44</ele>
      </trkpt>
      <trkpt lat="50.89273" lon="4.53838">
        <ele>45</ele>
      </trkpt>
      <trkpt lat="50.89291" lon="4.53833">
        <ele>45</ele>
      </trkpt>
      <trkpt lat="50.89308" lon="4.53835">
        <ele>45</ele>
      </trkpt>
      <trkpt lat="50.8933" lon="4.53842">
        <ele>45</ele>
      </trkpt>
      <trkpt lat="50.89339" lon="4.53838">
        <ele>45</ele>
      </trkpt>
      <trkpt lat="50.89345" lon="4.53831">
        <ele>45</ele>
      </trkpt>
      <trkpt lat="50.89352" lon="4.53827">
        <ele>45</ele>
      </trkpt>
      <trkpt lat="50.8936" lon="4.53828">
        <ele>46</ele>
      </trkpt>
      <trkpt lat="50.8937" lon="4.53845">
        <ele>45</ele>
      </trkpt>
      <trkpt lat="50.8937" lon="4.53856">
        <ele>45</ele>
      </trkpt>
      <trkpt lat="50.89363" lon="4.53869">
        <ele>45</ele>
      </trkpt>
      <trkpt lat="50.89546" lon="4.54176">
        <ele>43</ele>
      </trkpt>
      <trkpt lat="50.8963" lon="4.54318">
        <ele>43</ele>
      </trkpt>
      <trkpt lat="50.89666" lon="4.54372">
        <ele>42</ele>
      </trkpt>
      <trkpt lat="50.89738" lon="4.54467">
        <ele>41</ele>
      </trkpt>
      <trkpt lat="50.89751" lon="4.54483">
        <ele>41</ele>
      </trkpt>
      <trkpt lat="50.89775" lon="4.54499">
        <ele>41</ele>
      </trkpt>
      <trkpt lat="50.89894" lon="4.54609">
        <ele>41</ele>
      </trkpt>
      <trkpt lat="50.89919" lon="4.54636">
        <ele>41</ele>
      </trkpt>
      <trkpt lat="50.89939" lon="4.54652">
        <ele>41</ele>
      </trkpt>
      <trkpt lat="50.90028" lon="4.5475">
        <ele>41</ele>
      </trkpt>
      <trkpt lat="50.90037" lon="4.54762">
        <ele>41</ele>
      </trkpt>
      <trkpt lat="50.90072" lon="4.54823">
        <ele>41</ele>
      </trkpt>
      <trkpt lat="50.90169" lon="4.55053">
        <ele>39</ele>
      </trkpt>
      <trkpt lat="50.9019" lon="4.55115">
        <ele>39</ele>
      </trkpt>
      <trkpt lat="50.90276" lon="4.55344">
        <ele>39</ele>
      </trkpt>
      <trkpt lat="50.90287" lon="4.55359">
        <ele>38</ele>
      </trkpt>
      <trkpt lat="50.90338" lon="4.55512">
        <ele>37</ele>
      </trkpt>
      <trkpt lat="50.90368" lon="4.55614">
        <ele>37</ele>
      </trkpt>
      <trkpt lat="50.90398" lon="4.55708">
        <ele>37</ele>
      </trkpt>
      <trkpt lat="50.90437" lon="4.55799">
        <ele>36</ele>
      </trkpt>
      <trkpt lat="50.90442" lon="4.55815">
        <ele>36</ele>
      </trkpt>
      <trkpt lat="50.90466" lon="4.55907">
        <ele>35</ele>
      </trkpt>
      <trkpt lat="50.90515" lon="4.56057">
        <ele>34</ele>
      </trkpt>
      <trkpt lat="50.90551" lon="4.5615">
        <ele>32</ele>
      </trkpt>
      <trkpt lat="50.90651" lon="4.56297">
        <ele>29</ele>
      </trkpt>
      <trkpt lat="50.9082" lon="4.56534">
        <ele>28</ele>
      </trkpt>
      <trkpt lat="50.90839" lon="4.56543">
        <ele>27</ele>
      </trkpt>
      <trkpt lat="50.90861" lon="4.56546">
        <ele>27</ele>
      </trkpt>
      <trkpt lat="50.90995" lon="4.56435">
        <ele>27</ele>
      </trkpt>
      <trkpt lat="50.91084" lon="4.56357">
        <ele>27</ele>
      </trkpt>
      <trkpt lat="50.91084" lon="4.56358">
        <ele>27</ele>
      </trkpt>
      <trkpt lat="50.91119" lon="4.56338">
        <ele>27</ele>
      </trkpt>
      <trkpt lat="50.91152" lon="4.56332">
        <ele>27</ele>
      </trkpt>
      <trkpt lat="50.91255" lon="4.56356">
        <ele>28</ele>
      </trkpt>
      <trkpt lat="50.91366" lon="4.56386">
        <ele>27</ele>
      </trkpt>
      <trkpt lat="50.91374" lon="4.56382">
        <ele>27</ele>
      </trkpt>
      <trkpt lat="50.91537" lon="4.56424">
        <ele>26</ele>
      </trkpt>
      <trkpt lat="50.91543" lon="4.56432">
        <ele>26</ele>
      </trkpt>
      <trkpt lat="50.91572" lon="4.56436">
        <ele>25</ele>
      </trkpt>
      <trkpt lat="50.916" lon="4.56433">
        <ele>25</ele>
      </trkpt>
      <trkpt lat="50.91616" lon="4.56428">
        <ele>25</ele>
      </trkpt>
      <trkpt lat="50.91661" lon="4.56403">
        <ele>25</ele>
      </trkpt>
      <trkpt lat="50.91774" lon="4.56321">
        <ele>24</ele>
      </trkpt>
      <trkpt lat="50.91803" lon="4.56307">
        <ele>24</ele>
      </trkpt>
      <trkpt lat="50.91836" lon="4.56303">
        <ele>24</ele>
      </trkpt>
      <trkpt lat="50.91858" lon="4.56305">
        <ele>24</ele>
      </trkpt>
      <trkpt lat="50.91869" lon="4.56301">
        <ele>23</ele>
      </trkpt>
      <trkpt lat="50.91937" lon="4.56252">
        <ele>23</ele>
      </trkpt>
      <trkpt lat="50.91994" lon="4.56199">
        <ele>22</ele>
      </trkpt>
      <trkpt lat="50.91995" lon="4.56178">
        <ele>22</ele>
      </trkpt>
      <trkpt lat="50.91999" lon="4.56156">
        <ele>22</ele>
      </trkpt>
      <trkpt lat="50.92006" lon="4.56136">
        <ele>22</ele>
      </trkpt>
      <trkpt lat="50.92039" lon="4.56086">
        <ele>21</ele>
      </trkpt>
      <trkpt lat="50.92048" lon="4.56071">
        <ele>21</ele>
      </trkpt>
      <trkpt lat="50.92052" lon="4.56057">
        <ele>21</ele>
      </trkpt>
      <trkpt lat="50.92043" lon="4.56031">
        <ele>21</ele>
      </trkpt>
      <trkpt lat="50.92022" lon="4.55994">
        <ele>21</ele>
      </trkpt>
      <trkpt lat="50.92" lon="4.55964">
        <ele>22</ele>
      </trkpt>
      <trkpt lat="50.92006" lon="4.55932">
        <ele>22</ele>
      </trkpt>
      <trkpt lat="50.92029" lon="4.55835">
        <ele>22</ele>
      </trkpt>
      <trkpt lat="50.92046" lon="4.5578">
        <ele>23</ele>
      </trkpt>
      <trkpt lat="50.92075" lon="4.55691">
        <ele>24</ele>
      </trkpt>
      <trkpt lat="50.92094" lon="4.55641">
        <ele>24</ele>
      </trkpt>
      <trkpt lat="50.92191" lon="4.55366">
        <ele>24</ele>
      </trkpt>
      <trkpt lat="50.92208" lon="4.55325">
        <ele>23</ele>
      </trkpt>
      <trkpt lat="50.92206" lon="4.55322">
        <ele>23</ele>
      </trkpt>
      <trkpt lat="50.92204" lon="4.55314">
        <ele>23</ele>
      </trkpt>
      <trkpt lat="50.92206" lon="4.55306">
        <ele>23</ele>
      </trkpt>
      <trkpt lat="50.92211" lon="4.55302">
        <ele>23</ele>
      </trkpt>
      <trkpt lat="50.92203" lon="4.55284">
        <ele>23</ele>
      </trkpt>
      <trkpt lat="50.92199" lon="4.55264">
        <ele>23</ele>
      </trkpt>
      <trkpt lat="50.92199" lon="4.55216">
        <ele>23</ele>
      </trkpt>
      <trkpt lat="50.92217" lon="4.55047">
        <ele>22</ele>
      </trkpt>
      <trkpt lat="50.92219" lon="4.55016">
        <ele>22</ele>
      </trkpt>
      <trkpt lat="50.92219" lon="4.54961">
        <ele>22</ele>
      </trkpt>
      <trkpt lat="50.9222" lon="4.549">
        <ele>22</ele>
      </trkpt>
      <trkpt lat="50.92223" lon="4.54867">
        <ele>22</ele>
      </trkpt>
      <trkpt lat="50.92234" lon="4.54809">
        <ele>21</ele>
      </trkpt>
      <trkpt lat="50.92281" lon="4.54811">
        <ele>20</ele>
      </trkpt>
      <trkpt lat="50.92341" lon="4.54814">
        <ele>19</ele>
      </trkpt>
      <trkpt lat="50.92407" lon="4.54809">
        <ele>18</ele>
      </trkpt>
      <trkpt lat="50.92432" lon="4.54822">
        <ele>18</ele>
      </trkpt>
      <trkpt lat="50.92454" lon="4.5485">
        <ele>17</ele>
      </trkpt>
      <trkpt lat="50.92484" lon="4.54932">
        <ele>17</ele>
      </trkpt>
      <trkpt lat="50.9253" lon="4.5499">
        <ele>18</ele>
      </trkpt>
      <trkpt lat="50.92556" lon="4.55004">
        <ele>19</ele>
      </trkpt>
      <trkpt lat="50.92716" lon="4.55027">
        <ele>20</ele>
      </trkpt>
      <trkpt lat="50.92755" lon="4.55031">
        <ele>20</ele>
      </trkpt>
      <trkpt lat="50.92778" lon="4.55027">
        <ele>18</ele>
      </trkpt>
      <trkpt lat="50.92803" lon="4.55017">
        <ele>17</ele>
      </trkpt>
      <trkpt lat="50.92825" lon="4.55">
        <ele>17</ele>
      </trkpt>
      <trkpt lat="50.92848" lon="4.54975">
        <ele>17</ele>
      </trkpt>
      <trkpt lat="50.92934" lon="4.54861">
        <ele>16</ele>
      </trkpt>
      <trkpt lat="50.92972" lon="4.54818">
        <ele>16</ele>
      </trkpt>
      <trkpt lat="50.9298" lon="4.54801">
        <ele>16</ele>
      </trkpt>
      <trkpt lat="50.92985" lon="4.54786">
        <ele>16</ele>
      </trkpt>
      <trkpt lat="50.92993" lon="4.54749">
        <ele>15</ele>
      </trkpt>
      <trkpt lat="50.93035" lon="4.54559">
        <ele>17</ele>
      </trkpt>
      <trkpt lat="50.93037" lon="4.54528">
        <ele>17</ele>
      </trkpt>
      <trkpt lat="50.93037" lon="4.54507">
        <ele>18</ele>
      </trkpt>
      <trkpt lat="50.93031" lon="4.5445">
        <ele>19</ele>
      </trkpt>
      <trkpt lat="50.9303" lon="4.54427">
        <ele>19</ele>
      </trkpt>
      <trkpt lat="50.93033" lon="4.54374">
        <ele>19</ele>
      </trkpt>
      <trkpt lat="50.9304" lon="4.54326">
        <ele>20</ele>
      </trkpt>
      <trkpt lat="50.93073" lon="4.542">
        <ele>20</ele>
      </trkpt>
      <trkpt lat="50.93086" lon="4.54143">
        <ele>20</ele>
      </trkpt>
      <trkpt lat="50.93087" lon="4.54129">
        <ele>20</ele>
      </trkpt>
      <trkpt lat="50.93086" lon="4.54081">
        <ele>20</ele>
      </trkpt>
      <trkpt lat="50.93081" lon="4.54013">
        <ele>19</ele>
      </trkpt>
      <trkpt lat="50.93096" lon="4.53942">
        <ele>18</ele>
      </trkpt>
      <trkpt lat="50.93126" lon="4.53852">
        <ele>17</ele>
      </trkpt>
      <trkpt lat="50.93153" lon="4.53784">
        <ele>16</ele>
      </trkpt>
      <trkpt lat="50.93162" lon="4.53768">
        <ele>16</ele>
      </trkpt>
      <trkpt lat="50.93181" lon="4.53739">
        <ele>16</ele>
      </trkpt>
      <trkpt lat="50.93215" lon="4.53698">
        <ele>16</ele>
      </trkpt>
      <trkpt lat="50.93253" lon="4.53813">
        <ele>16</ele>
      </trkpt>
      <trkpt lat="50.93286" lon="4.5391">
        <ele>16</ele>
      </trkpt>
      <trkpt lat="50.93423" lon="4.53857">
        <ele>14</ele>
      </trkpt>
      <trkpt lat="50.93457" lon="4.53846">
        <ele>14</ele>
      </trkpt>
      <trkpt lat="50.93491" lon="4.53843">
        <ele>14</ele>
      </trkpt>
      <trkpt lat="50.93524" lon="4.53847">
        <ele>14</ele>
      </trkpt>
      <trkpt lat="50.93583" lon="4.53845">
        <ele>14</ele>
      </trkpt>
      <trkpt lat="50.93625" lon="4.53835">
        <ele>13</ele>
      </trkpt>
      <trkpt lat="50.93764" lon="4.53774">
        <ele>13</ele>
      </trkpt>
      <trkpt lat="50.9382" lon="4.53741">
        <ele>13</ele>
      </trkpt>
      <trkpt lat="50.93861" lon="4.53714">
        <ele>13</ele>
      </trkpt>
      <trkpt lat="50.93942" lon="4.53649">
        <ele>12</ele>
      </trkpt>
      <trkpt lat="50.94004" lon="4.53589">
        <ele>12</ele>
      </trkpt>
      <trkpt lat="50.9417" lon="4.53395">
        <ele>11</ele>
      </trkpt>
      <trkpt lat="50.9421" lon="4.53358">
        <ele>11</ele>
      </trkpt>
      <trkpt lat="50.94221" lon="4.53376">
        <ele>11</ele>
      </trkpt>
      <trkpt lat="50.94227" lon="4.53371">
        <ele>11</ele>
      </trkpt>
      <trkpt lat="50.94211" lon="4.53258">
        <ele>12</ele>
      </trkpt>
      <trkpt lat="50.94209" lon="4.53119">
        <ele>12</ele>
      </trkpt>
      <trkpt lat="50.94211" lon="4.53046">
        <ele>12</ele>
      </trkpt>
      <trkpt lat="50.94214" lon="4.53002">
        <ele>12</ele>
      </trkpt>
      <trkpt lat="50.94225" lon="4.52908">
        <ele>12</ele>
      </trkpt>
      <trkpt lat="50.94242" lon="4.52825">
        <ele>12</ele>
      </trkpt>
      <trkpt lat="50.94248" lon="4.52801">
        <ele>12</ele>
      </trkpt>
      <trkpt lat="50.94269" lon="4.52733">
        <ele>12</ele>
      </trkpt>
      <trkpt lat="50.94333" lon="4.52566">
        <ele>11</ele>
      </trkpt>
      <trkpt lat="50.94345" lon="4.5252">
        <ele>10</ele>
      </trkpt>
      <trkpt lat="50.94347" lon="4.52501">
        <ele>10</ele>
      </trkpt>
      <trkpt lat="50.9435" lon="4.52477">
        <ele>10</ele>
      </trkpt>
      <trkpt lat="50.9435" lon="4.52422">
        <ele>10</ele>
      </trkpt>
      <trkpt lat="50.94333" lon="4.52237">
        <ele>14</ele>
      </trkpt>
      <trkpt lat="50.94333" lon="4.5217">
        <ele>14</ele>
      </trkpt>
      <trkpt lat="50.9433" lon="4.5217">
        <ele>14</ele>
      </trkpt>
      <trkpt lat="50.94337" lon="4.52103">
        <ele>15</ele>
      </trkpt>
      <trkpt lat="50.94366" lon="4.51893">
        <ele>16</ele>
      </trkpt>
      <trkpt lat="50.94371" lon="4.51822">
        <ele>14</ele>
      </trkpt>
      <trkpt lat="50.94385" lon="4.51586">
        <ele>11</ele>
      </trkpt>
      <trkpt lat="50.94382" lon="4.51525">
        <ele>10</ele>
      </trkpt>
      <trkpt lat="50.94379" lon="4.51502">
        <ele>10</ele>
      </trkpt>
      <trkpt lat="50.94344" lon="4.51361">
        <ele>10</ele>
      </trkpt>
      <trkpt lat="50.94324" lon="4.51382">
        <ele>10</ele>
      </trkpt>
      <trkpt lat="50.94293" lon="4.51414">
        <ele>10</ele>
      </trkpt>
      <trkpt lat="50.94275" lon="4.5142">
        <ele>10</ele>
      </trkpt>
      <trkpt lat="50.94264" lon="4.51418">
        <ele>11</ele>
      </trkpt>
      <trkpt lat="50.94256" lon="4.51414">
        <ele>11</ele>
      </trkpt>
      <trkpt lat="50.94246" lon="4.51403">
        <ele>11</ele>
      </trkpt>
      <trkpt lat="50.9418" lon="4.51319">
        <ele>10</ele>
      </trkpt>
      <trkpt lat="50.94172" lon="4.51312">
        <ele>10</ele>
      </trkpt>
      <trkpt lat="50.94163" lon="4.51314">
        <ele>10</ele>
      </trkpt>
      <trkpt lat="50.94144" lon="4.51331">
        <ele>11</ele>
      </trkpt>
      <trkpt lat="50.94135" lon="4.51336">
        <ele>11</ele>
      </trkpt>
      <trkpt lat="50.94116" lon="4.51337">
        <ele>11</ele>
      </trkpt>
      <trkpt lat="50.94102" lon="4.51329">
        <ele>11</ele>
      </trkpt>
      <trkpt lat="50.94019" lon="4.51261">
        <ele>11</ele>
      </trkpt>
      <trkpt lat="50.94" lon="4.51224">
        <ele>11</ele>
      </trkpt>
      <trkpt lat="50.93991" lon="4.51211">
        <ele>11</ele>
      </trkpt>
      <trkpt lat="50.93891" lon="4.51152">
        <ele>11</ele>
      </trkpt>
      <trkpt lat="50.9383" lon="4.51116">
        <ele>11</ele>
      </trkpt>
      <trkpt lat="50.93802" lon="4.51093">
        <ele>11</ele>
      </trkpt>
      <trkpt lat="50.93683" lon="4.50977">
        <ele>11</ele>
      </trkpt>
      <trkpt lat="50.93657" lon="4.50948">
        <ele>11</ele>
      </trkpt>
      <trkpt lat="50.9357" lon="4.50837">
        <ele>12</ele>
      </trkpt>
      <trkpt lat="50.93534" lon="4.50802">
        <ele>12</ele>
      </trkpt>
      <trkpt lat="50.93528" lon="4.50803">
        <ele>12</ele>
      </trkpt>
      <trkpt lat="50.93488" lon="4.50765">
        <ele>13</ele>
      </trkpt>
      <trkpt lat="50.93462" lon="4.50732">
        <ele>13</ele>
      </trkpt>
      <trkpt lat="50.93386" lon="4.50619">
        <ele>13</ele>
      </trkpt>
      <trkpt lat="50.93335" lon="4.50544">
        <ele>13</ele>
      </trkpt>
      <trkpt lat="50.93316" lon="4.50509">
        <ele>13</ele>
      </trkpt>
      <trkpt lat="50.93297" lon="4.50467">
        <ele>13</ele>
      </trkpt>
      <trkpt lat="50.93256" lon="4.50347">
        <ele>14</ele>
      </trkpt>
      <trkpt lat="50.9325" lon="4.50311">
        <ele>14</ele>
      </trkpt>
      <trkpt lat="50.93247" lon="4.50276">
        <ele>14</ele>
      </trkpt>
      <trkpt lat="50.93253" lon="4.50194">
        <ele>14</ele>
      </trkpt>
      <trkpt lat="50.93257" lon="4.50195">
        <ele>14</ele>
      </trkpt>
      <trkpt lat="50.93267" lon="4.50108">
        <ele>14</ele>
      </trkpt>
      <trkpt lat="50.93277" lon="4.50041">
        <ele>14</ele>
      </trkpt>
      <trkpt lat="50.93323" lon="4.49802">
        <ele>15</ele>
      </trkpt>
      <trkpt lat="50.93324" lon="4.49785">
        <ele>15</ele>
      </trkpt>
      <trkpt lat="50.93323" lon="4.49757">
        <ele>15</ele>
      </trkpt>
      <trkpt lat="50.9331" lon="4.49679">
        <ele>15</ele>
      </trkpt>
      <trkpt lat="50.93301" lon="4.49683">
        <ele>15</ele>
      </trkpt>
      <trkpt lat="50.93278" lon="4.49689">
        <ele>15</ele>
      </trkpt>
      <trkpt lat="50.9326" lon="4.49702">
        <ele>15</ele>
      </trkpt>
      <trkpt lat="50.93253" lon="4.49709">
        <ele>15</ele>
      </trkpt>
      <trkpt lat="50.93149" lon="4.4978">
        <ele>14</ele>
      </trkpt>
      <trkpt lat="50.93145" lon="4.49759">
        <ele>14</ele>
      </trkpt>
      <trkpt lat="50.93147" lon="4.49732">
        <ele>14</ele>
      </trkpt>
      <trkpt lat="50.93151" lon="4.49704">
        <ele>15</ele>
      </trkpt>
      <trkpt lat="50.93173" lon="4.49642">
        <ele>14</ele>
      </trkpt>
      <trkpt lat="50.93179" lon="4.49611">
        <ele>14</ele>
      </trkpt>
      <trkpt lat="50.93195" lon="4.49358">
        <ele>13</ele>
      </trkpt>
      <trkpt lat="50.93193" lon="4.4934">
        <ele>13</ele>
      </trkpt>
      <trkpt lat="50.93174" lon="4.49227">
        <ele>13</ele>
      </trkpt>
      <trkpt lat="50.93172" lon="4.49206">
        <ele>13</ele>
      </trkpt>
      <trkpt lat="50.93171" lon="4.48962">
        <ele>13</ele>
      </trkpt>
      <trkpt lat="50.93174" lon="4.48935">
        <ele>13</ele>
      </trkpt>
      <trkpt lat="50.93179" lon="4.48916">
        <ele>13</ele>
      </trkpt>
      <trkpt lat="50.93187" lon="4.48895">
        <ele>13</ele>
      </trkpt>
      <trkpt lat="50.93196" lon="4.48876">
        <ele>13</ele>
      </trkpt>
      <trkpt lat="50.93206" lon="4.48863">
        <ele>13</ele>
      </trkpt>
      <trkpt lat="50.93219" lon="4.48855">
        <ele>13</ele>
      </trkpt>
      <trkpt lat="50.93217" lon="4.4881">
        <ele>13</ele>
      </trkpt>
      <trkpt lat="50.93197" lon="4.48682">
        <ele>13</ele>
      </trkpt>
      <trkpt lat="50.93192" lon="4.4865">
        <ele>13</ele>
      </trkpt>
      <trkpt lat="50.93182" lon="4.48558">
        <ele>13</ele>
      </trkpt>
      <trkpt lat="50.93177" lon="4.48494">
        <ele>13</ele>
      </trkpt>
      <trkpt lat="50.93175" lon="4.48432">
        <ele>13</ele>
      </trkpt>
      <trkpt lat="50.9317" lon="4.48194">
        <ele>15</ele>
      </trkpt>
      <trkpt lat="50.93172" lon="4.48035">
        <ele>15</ele>
      </trkpt>
      <trkpt lat="50.93168" lon="4.47925">
        <ele>15</ele>
      </trkpt>
      <trkpt lat="50.9317" lon="4.47909">
        <ele>15</ele>
      </trkpt>
      <trkpt lat="50.93158" lon="4.47881">
        <ele>15</ele>
      </trkpt>
      <trkpt lat="50.93088" lon="4.47719">
        <ele>13</ele>
      </trkpt>
      <trkpt lat="50.93082" lon="4.47698">
        <ele>13</ele>
      </trkpt>
      <trkpt lat="50.93076" lon="4.47666">
        <ele>14</ele>
      </trkpt>
      <trkpt lat="50.93072" lon="4.47634">
        <ele>14</ele>
      </trkpt>
      <trkpt lat="50.93061" lon="4.47496">
        <ele>14</ele>
      </trkpt>
      <trkpt lat="50.93054" lon="4.47438">
        <ele>14</ele>
      </trkpt>
      <trkpt lat="50.93021" lon="4.473">
        <ele>15</ele>
      </trkpt>
      <trkpt lat="50.93007" lon="4.47247">
        <ele>15</ele>
      </trkpt>
      <trkpt lat="50.92987" lon="4.47181">
        <ele>16</ele>
      </trkpt>
      <trkpt lat="50.92948" lon="4.47059">
        <ele>16</ele>
      </trkpt>
      <trkpt lat="50.92935" lon="4.4703">
        <ele>16</ele>
      </trkpt>
      <trkpt lat="50.92924" lon="4.47013">
        <ele>17</ele>
      </trkpt>
      <trkpt lat="50.92517" lon="4.46694">
        <ele>19</ele>
      </trkpt>
      <trkpt lat="50.92439" lon="4.46639">
        <ele>20</ele>
      </trkpt>
      <trkpt lat="50.92427" lon="4.46637">
        <ele>21</ele>
      </trkpt>
      <trkpt lat="50.92422" lon="4.46638">
        <ele>21</ele>
      </trkpt>
      <trkpt lat="50.92415" lon="4.46644">
        <ele>21</ele>
      </trkpt>
      <trkpt lat="50.9239" lon="4.46691">
        <ele>22</ele>
      </trkpt>
      <trkpt lat="50.92374" lon="4.46712">
        <ele>22</ele>
      </trkpt>
      <trkpt lat="50.92365" lon="4.46722">
        <ele>22</ele>
      </trkpt>
      <trkpt lat="50.92338" lon="4.46743">
        <ele>23</ele>
      </trkpt>
      <trkpt lat="50.9221" lon="4.46813">
        <ele>22</ele>
      </trkpt>
      <trkpt lat="50.92187" lon="4.46828">
        <ele>21</ele>
      </trkpt>
      <trkpt lat="50.92165" lon="4.46848">
        <ele>20</ele>
      </trkpt>
      <trkpt lat="50.92157" lon="4.46852">
        <ele>20</ele>
      </trkpt>
      <trkpt lat="50.9215" lon="4.46851">
        <ele>20</ele>
      </trkpt>
      <trkpt lat="50.9214" lon="4.46841">
        <ele>20</ele>
      </trkpt>
      <trkpt lat="50.92136" lon="4.46827">
        <ele>21</ele>
      </trkpt>
      <trkpt lat="50.92138" lon="4.46808">
        <ele>21</ele>
      </trkpt>
      <trkpt lat="50.92144" lon="4.46796">
        <ele>21</ele>
      </trkpt>
      <trkpt lat="50.92154" lon="4.4679">
        <ele>21</ele>
      </trkpt>
      <trkpt lat="50.9216" lon="4.4679">
        <ele>21</ele>
      </trkpt>
      <trkpt lat="50.92195" lon="4.46793">
        <ele>22</ele>
      </trkpt>
      <trkpt lat="50.92204" lon="4.46789">
        <ele>23</ele>
      </trkpt>
      <trkpt lat="50.92318" lon="4.46711">
        <ele>23</ele>
      </trkpt>
      <trkpt lat="50.92338" lon="4.46694">
        <ele>23</ele>
      </trkpt>
      <trkpt lat="50.92353" lon="4.46676">
        <ele>22</ele>
      </trkpt>
      <trkpt lat="50.92373" lon="4.46644">
        <ele>21</ele>
      </trkpt>
      <trkpt lat="50.92384" lon="4.46618">
        <ele>21</ele>
      </trkpt>
      <trkpt lat="50.92433" lon="4.46462">
        <ele>20</ele>
      </trkpt>
      <trkpt lat="50.92459" lon="4.46381">
        <ele>19</ele>
      </trkpt>
      <trkpt lat="50.92472" lon="4.46354">
        <ele>19</ele>
      </trkpt>
      <trkpt lat="50.92521" lon="4.46419">
        <ele>19</ele>
      </trkpt>
      <trkpt lat="50.92563" lon="4.46468">
        <ele>19</ele>
      </trkpt>
      <trkpt lat="50.9263" lon="4.46531">
        <ele>20</ele>
      </trkpt>
      <trkpt lat="50.93051" lon="4.46834">
        <ele>17</ele>
      </trkpt>
      <trkpt lat="50.93063" lon="4.46813">
        <ele>18</ele>
      </trkpt>
      <trkpt lat="50.93065" lon="4.46801">
        <ele>18</ele>
      </trkpt>
      <trkpt lat="50.93064" lon="4.46773">
        <ele>17</ele>
      </trkpt>
      <trkpt lat="50.93053" lon="4.46713">
        <ele>17</ele>
      </trkpt>
      <trkpt lat="50.93082" lon="4.46738">
        <ele>18</ele>
      </trkpt>
      <trkpt lat="50.93108" lon="4.4677">
        <ele>18</ele>
      </trkpt>
      <trkpt lat="50.93195" lon="4.46911">
        <ele>17</ele>
      </trkpt>
      <trkpt lat="50.93271" lon="4.47027">
        <ele>15</ele>
      </trkpt>
      <trkpt lat="50.93373" lon="4.47172">
        <ele>15</ele>
      </trkpt>
      <trkpt lat="50.93406" lon="4.47215">
        <ele>14</ele>
      </trkpt>
      <trkpt lat="50.93441" lon="4.47252">
        <ele>14</ele>
      </trkpt>
      <trkpt lat="50.93466" lon="4.47271">
        <ele>14</ele>
      </trkpt>
      <trkpt lat="50.93491" lon="4.47284">
        <ele>14</ele>
      </trkpt>
      <trkpt lat="50.93704" lon="4.47377">
        <ele>11</ele>
      </trkpt>
      <trkpt lat="50.93765" lon="4.47416">
        <ele>11</ele>
      </trkpt>
      <trkpt lat="50.9382" lon="4.47469">
        <ele>10</ele>
      </trkpt>
      <trkpt lat="50.93845" lon="4.47497">
        <ele>11</ele>
      </trkpt>
      <trkpt lat="50.93988" lon="4.47672">
        <ele>10</ele>
      </trkpt>
      <trkpt lat="50.94034" lon="4.47718">
        <ele>10</ele>
      </trkpt>
      <trkpt lat="50.94085" lon="4.47756">
        <ele>10</ele>
      </trkpt>
      <trkpt lat="50.94266" lon="4.47867">
        <ele>14</ele>
      </trkpt>
      <trkpt lat="50.94294" lon="4.4789">
        <ele>15</ele>
      </trkpt>
      <trkpt lat="50.94294" lon="4.4789">
        <ele>15</ele>
      </trkpt>
      <trkpt lat="50.94488" lon="4.48069">
        <ele>12</ele>
      </trkpt>
      <trkpt lat="50.94551" lon="4.4812">
        <ele>9</ele>
      </trkpt>
      <trkpt lat="50.94801" lon="4.48298">
        <ele>8</ele>
      </trkpt>
      <trkpt lat="50.94807" lon="4.48297">
        <ele>8</ele>
      </trkpt>
      <trkpt lat="50.94817" lon="4.48289">
        <ele>8</ele>
      </trkpt>
      <trkpt lat="50.94866" lon="4.48246">
        <ele>7</ele>
      </trkpt>
      <trkpt lat="50.94904" lon="4.48213">
        <ele>7</ele>
      </trkpt>
      <trkpt lat="50.9512" lon="4.48">
        <ele>8</ele>
      </trkpt>
      <trkpt lat="50.95128" lon="4.47994">
        <ele>8</ele>
      </trkpt>
      <trkpt lat="50.95147" lon="4.48076">
        <ele>8</ele>
      </trkpt>
      <trkpt lat="50.95164" lon="4.48086">
        <ele>8</ele>
      </trkpt>
      <trkpt lat="50.95171" lon="4.48098">
        <ele>8</ele>
      </trkpt>
      <trkpt lat="50.95197" lon="4.48129">
        <ele>7</ele>
      </trkpt>
      <trkpt lat="50.95223" lon="4.48163">
        <ele>7</ele>
      </trkpt>
      <trkpt lat="50.9524" lon="4.48195">
        <ele>7</ele>
      </trkpt>
      <trkpt lat="50.95256" lon="4.48231">
        <ele>7</ele>
      </trkpt>
      <trkpt lat="50.95265" lon="4.4826">
        <ele>7</ele>
      </trkpt>
      <trkpt lat="50.95272" lon="4.48299">
        <ele>7</ele>
      </trkpt>
      <trkpt lat="50.95277" lon="4.48335">
        <ele>7</ele>
      </trkpt>
      <trkpt lat="50.95277" lon="4.48381">
        <ele>7</ele>
      </trkpt>
      <trkpt lat="50.95276" lon="4.49038">
        <ele>8</ele>
      </trkpt>
      <trkpt lat="50.95283" lon="4.491">
        <ele>7</ele>
      </trkpt>
      <trkpt lat="50.95312" lon="4.49091">
        <ele>7</ele>
      </trkpt>
      <trkpt lat="50.95469" lon="4.49017">
        <ele>8</ele>
      </trkpt>
      <trkpt lat="50.95515" lon="4.49013">
        <ele>8</ele>
      </trkpt>
      <trkpt lat="50.95556" lon="4.49017">
        <ele>7</ele>
      </trkpt>
      <trkpt lat="50.95578" lon="4.49024">
        <ele>7</ele>
      </trkpt>
      <trkpt lat="50.95584" lon="4.49019">
        <ele>7</ele>
      </trkpt>
      <trkpt lat="50.95613" lon="4.49029">
        <ele>7</ele>
      </trkpt>
      <trkpt lat="50.95612" lon="4.49036">
        <ele>7</ele>
      </trkpt>
      <trkpt lat="50.95688" lon="4.49061">
        <ele>7</ele>
      </trkpt>
      <trkpt lat="50.95749" lon="4.49075">
        <ele>7</ele>
      </trkpt>
      <trkpt lat="50.95847" lon="4.49099">
        <ele>7</ele>
      </trkpt>
      <trkpt lat="50.95871" lon="4.49101">
        <ele>7</ele>
      </trkpt>
      <trkpt lat="50.9593" lon="4.49095">
        <ele>7</ele>
      </trkpt>
      <trkpt lat="50.95942" lon="4.49097">
        <ele>7</ele>
      </trkpt>
      <trkpt lat="50.9595" lon="4.49102">
        <ele>7</ele>
      </trkpt>
      <trkpt lat="50.96025" lon="4.49174">
        <ele>7</ele>
      </trkpt>
      <trkpt lat="50.96035" lon="4.4918">
        <ele>7</ele>
      </trkpt>
      <trkpt lat="50.96043" lon="4.49182">
        <ele>7</ele>
      </trkpt>
      <trkpt lat="50.96064" lon="4.49183">
        <ele>7</ele>
      </trkpt>
      <trkpt lat="50.96064" lon="4.49175">
        <ele>7</ele>
      </trkpt>
      <trkpt lat="50.96165" lon="4.49227">
        <ele>6</ele>
      </trkpt>
      <trkpt lat="50.96293" lon="4.49299">
        <ele>8</ele>
      </trkpt>
      <trkpt lat="50.96304" lon="4.49291">
        <ele>8</ele>
      </trkpt>
      <trkpt lat="50.96308" lon="4.49296">
        <ele>8</ele>
      </trkpt>
      <trkpt lat="50.96456" lon="4.49003">
        <ele>8</ele>
      </trkpt>
      <trkpt lat="50.96531" lon="4.4885">
        <ele>6</ele>
      </trkpt>
      <trkpt lat="50.96538" lon="4.48829">
        <ele>6</ele>
      </trkpt>
      <trkpt lat="50.9654" lon="4.48817">
        <ele>6</ele>
      </trkpt>
      <trkpt lat="50.96542" lon="4.48794">
        <ele>6</ele>
      </trkpt>
      <trkpt lat="50.96542" lon="4.4877">
        <ele>6</ele>
      </trkpt>
      <trkpt lat="50.96548" lon="4.48769">
        <ele>6</ele>
      </trkpt>
      <trkpt lat="50.96551" lon="4.48778">
        <ele>6</ele>
      </trkpt>
      <trkpt lat="50.96562" lon="4.4878">
        <ele>6</ele>
      </trkpt>
      <trkpt lat="50.96572" lon="4.48769">
        <ele>6</ele>
      </trkpt>
      <trkpt lat="50.9658" lon="4.48752">
        <ele>6</ele>
      </trkpt>
      <trkpt lat="50.96928" lon="4.48063">
        <ele>6</ele>
      </trkpt>
      <trkpt lat="50.96945" lon="4.48021">
        <ele>6</ele>
      </trkpt>
      <trkpt lat="50.96955" lon="4.47986">
        <ele>7</ele>
      </trkpt>
      <trkpt lat="50.9696" lon="4.47959">
        <ele>7</ele>
      </trkpt>
      <trkpt lat="50.96966" lon="4.47881">
        <ele>7</ele>
      </trkpt>
      <trkpt lat="50.9698" lon="4.47885">
        <ele>7</ele>
      </trkpt>
      <trkpt lat="50.97016" lon="4.47919">
        <ele>7</ele>
      </trkpt>
      <trkpt lat="50.97102" lon="4.48005">
        <ele>8</ele>
      </trkpt>
      <trkpt lat="50.97106" lon="4.48008">
        <ele>8</ele>
      </trkpt>
      <trkpt lat="50.97122" lon="4.4801">
        <ele>8</ele>
      </trkpt>
      <trkpt lat="50.97135" lon="4.48008">
        <ele>8</ele>
      </trkpt>
      <trkpt lat="50.97149" lon="4.47999">
        <ele>9</ele>
      </trkpt>
      <trkpt lat="50.9718" lon="4.4797">
        <ele>9</ele>
      </trkpt>
      <trkpt lat="50.97212" lon="4.47952">
        <ele>10</ele>
      </trkpt>
      <trkpt lat="50.97288" lon="4.4793">
        <ele>10</ele>
      </trkpt>
      <trkpt lat="50.97298" lon="4.47931">
        <ele>10</ele>
      </trkpt>
      <trkpt lat="50.97363" lon="4.47901">
        <ele>10</ele>
      </trkpt>
      <trkpt lat="50.97408" lon="4.47877">
        <ele>10</ele>
      </trkpt>
      <trkpt lat="50.97605" lon="4.47749">
        <ele>10</ele>
      </trkpt>
      <trkpt lat="50.97605" lon="4.4775">
        <ele>10</ele>
      </trkpt>
      <trkpt lat="50.97679" lon="4.47702">
        <ele>9</ele>
      </trkpt>
      <trkpt lat="50.97709" lon="4.47678">
        <ele>9</ele>
      </trkpt>
      <trkpt lat="50.9773" lon="4.47654">
        <ele>9</ele>
      </trkpt>
      <trkpt lat="50.97741" lon="4.47631">
        <ele>9</ele>
      </trkpt>
      <trkpt lat="50.97754" lon="4.47591">
        <ele>9</ele>
      </trkpt>
      <trkpt lat="50.9776" lon="4.47559">
        <ele>8</ele>
      </trkpt>
      <trkpt lat="50.97772" lon="4.47517">
        <ele>9</ele>
      </trkpt>
      <trkpt lat="50.97796" lon="4.47471">
        <ele>9</ele>
      </trkpt>
      <trkpt lat="50.97806" lon="4.47458">
        <ele>9</ele>
      </trkpt>
      <trkpt lat="50.97823" lon="4.47441">
        <ele>9</ele>
      </trkpt>
      <trkpt lat="50.97954" lon="4.47322">
        <ele>9</ele>
      </trkpt>
      <trkpt lat="50.97975" lon="4.47285">
        <ele>9</ele>
      </trkpt>
      <trkpt lat="50.97978" lon="4.47272">
        <ele>9</ele>
      </trkpt>
      <trkpt lat="50.97986" lon="4.47175">
        <ele>8</ele>
      </trkpt>
      <trkpt lat="50.97988" lon="4.47161">
        <ele>8</ele>
      </trkpt>
      <trkpt lat="50.97992" lon="4.47153">
        <ele>8</ele>
      </trkpt>
      <trkpt lat="50.98052" lon="4.47063">
        <ele>7</ele>
      </trkpt>
      <trkpt lat="50.98074" lon="4.47036">
        <ele>6</ele>
      </trkpt>
      <trkpt lat="50.98127" lon="4.46959">
        <ele>7</ele>
      </trkpt>
      <trkpt lat="50.98133" lon="4.46946">
        <ele>7</ele>
      </trkpt>
      <trkpt lat="50.98258" lon="4.46774">
        <ele>8</ele>
      </trkpt>
      <trkpt lat="50.98254" lon="4.46769">
        <ele>8</ele>
      </trkpt>
      <trkpt lat="50.98236" lon="4.46756">
        <ele>8</ele>
      </trkpt>
      <trkpt lat="50.98254" lon="4.46769">
        <ele>8</ele>
      </trkpt>
      <trkpt lat="50.98258" lon="4.46774">
        <ele>8</ele>
      </trkpt>
      <trkpt lat="50.98398" lon="4.46577">
        <ele>11</ele>
      </trkpt>
      <trkpt lat="50.98419" lon="4.46557">
        <ele>11</ele>
      </trkpt>
      <trkpt lat="50.98479" lon="4.46519">
        <ele>10</ele>
      </trkpt>
      <trkpt lat="50.985" lon="4.46499">
        <ele>10</ele>
      </trkpt>
      <trkpt lat="50.9854" lon="4.46443">
        <ele>9</ele>
      </trkpt>
      <trkpt lat="50.98549" lon="4.46425">
        <ele>9</ele>
      </trkpt>
      <trkpt lat="50.98555" lon="4.46407">
        <ele>10</ele>
      </trkpt>
      <trkpt lat="50.98564" lon="4.46371">
        <ele>10</ele>
      </trkpt>
      <trkpt lat="50.98569" lon="4.46311">
        <ele>11</ele>
      </trkpt>
      <trkpt lat="50.98574" lon="4.46277">
        <ele>11</ele>
      </trkpt>
      <trkpt lat="50.98577" lon="4.46261">
        <ele>11</ele>
      </trkpt>
      <trkpt lat="50.98582" lon="4.46246">
        <ele>11</ele>
      </trkpt>
      <trkpt lat="50.98659" lon="4.46067">
        <ele>12</ele>
      </trkpt>
      <trkpt lat="50.98718" lon="4.4592">
        <ele>12</ele>
      </trkpt>
      <trkpt lat="50.98732" lon="4.45891">
        <ele>12</ele>
      </trkpt>
      <trkpt lat="50.98757" lon="4.45842">
        <ele>12</ele>
      </trkpt>
      <trkpt lat="50.98797" lon="4.45774">
        <ele>11</ele>
      </trkpt>
      <trkpt lat="50.98741" lon="4.45652">
        <ele>10</ele>
      </trkpt>
      <trkpt lat="50.98657" lon="4.45466">
        <ele>8</ele>
      </trkpt>
      <trkpt lat="50.98646" lon="4.45435">
        <ele>8</ele>
      </trkpt>
      <trkpt lat="50.98631" lon="4.4537">
        <ele>7</ele>
      </trkpt>
      <trkpt lat="50.98606" lon="4.45308">
        <ele>7</ele>
      </trkpt>
      <trkpt lat="50.98604" lon="4.45281">
        <ele>7</ele>
      </trkpt>
      <trkpt lat="50.98604" lon="4.4524">
        <ele>7</ele>
      </trkpt>
      <trkpt lat="50.98603" lon="4.45234">
        <ele>7</ele>
      </trkpt>
      <trkpt lat="50.98596" lon="4.45231">
        <ele>7</ele>
      </trkpt>
      <trkpt lat="50.98597" lon="4.45207">
        <ele>7</ele>
      </trkpt>
      <trkpt lat="50.98584" lon="4.45154">
        <ele>7</ele>
      </trkpt>
      <trkpt lat="50.98549" lon="4.45078">
        <ele>7</ele>
      </trkpt>
      <trkpt lat="50.98544" lon="4.45044">
        <ele>7</ele>
      </trkpt>
      <trkpt lat="50.98545" lon="4.45018">
        <ele>7</ele>
      </trkpt>
      <trkpt lat="50.9855" lon="4.44994">
        <ele>8</ele>
      </trkpt>
      <trkpt lat="50.98592" lon="4.44883">
        <ele>8</ele>
      </trkpt>
      <trkpt lat="50.98602" lon="4.44844">
        <ele>8</ele>
      </trkpt>
      <trkpt lat="50.98608" lon="4.44803">
        <ele>9</ele>
      </trkpt>
      <trkpt lat="50.98607" lon="4.4476">
        <ele>9</ele>
      </trkpt>
      <trkpt lat="50.98601" lon="4.44723">
        <ele>9</ele>
      </trkpt>
      <trkpt lat="50.98573" lon="4.44592">
        <ele>10</ele>
      </trkpt>
      <trkpt lat="50.98546" lon="4.44501">
        <ele>11</ele>
      </trkpt>
      <trkpt lat="50.98544" lon="4.44491">
        <ele>11</ele>
      </trkpt>
      <trkpt lat="50.98545" lon="4.44482">
        <ele>13</ele>
      </trkpt>
      <trkpt lat="50.98551" lon="4.44462">
        <ele>13</ele>
      </trkpt>
      <trkpt lat="50.98564" lon="4.44442">
        <ele>13</ele>
      </trkpt>
      <trkpt lat="50.98624" lon="4.44376">
        <ele>14</ele>
      </trkpt>
      <trkpt lat="50.98651" lon="4.44341">
        <ele>14</ele>
      </trkpt>
      <trkpt lat="50.98693" lon="4.44276">
        <ele>13</ele>
      </trkpt>
      <trkpt lat="50.98788" lon="4.44168">
        <ele>12</ele>
      </trkpt>
      <trkpt lat="50.98811" lon="4.44145">
        <ele>11</ele>
      </trkpt>
      <trkpt lat="50.98848" lon="4.44113">
        <ele>11</ele>
      </trkpt>
      <trkpt lat="50.98926" lon="4.4406">
        <ele>9</ele>
      </trkpt>
      <trkpt lat="50.98942" lon="4.44047">
        <ele>8</ele>
      </trkpt>
      <trkpt lat="50.98948" lon="4.44035">
        <ele>8</ele>
      </trkpt>
      <trkpt lat="50.98958" lon="4.43995">
        <ele>8</ele>
      </trkpt>
      <trkpt lat="50.98967" lon="4.43976">
        <ele>8</ele>
      </trkpt>
      <trkpt lat="50.99012" lon="4.43908">
        <ele>8</ele>
      </trkpt>
      <trkpt lat="50.99045" lon="4.43842">
        <ele>8</ele>
      </trkpt>
      <trkpt lat="50.99051" lon="4.43814">
        <ele>8</ele>
      </trkpt>
      <trkpt lat="50.99051" lon="4.43803">
        <ele>8</ele>
      </trkpt>
      <trkpt lat="50.99048" lon="4.43785">
        <ele>7</ele>
      </trkpt>
      <trkpt lat="50.99032" lon="4.43726">
        <ele>8</ele>
      </trkpt>
      <trkpt lat="50.99024" lon="4.43702">
        <ele>8</ele>
      </trkpt>
      <trkpt lat="50.98998" lon="4.43653">
        <ele>8</ele>
      </trkpt>
      <trkpt lat="50.98982" lon="4.43615">
        <ele>8</ele>
      </trkpt>
      <trkpt lat="50.98957" lon="4.43549">
        <ele>8</ele>
      </trkpt>
      <trkpt lat="50.98943" lon="4.43503">
        <ele>8</ele>
      </trkpt>
      <trkpt lat="50.98933" lon="4.43451">
        <ele>9</ele>
      </trkpt>
      <trkpt lat="50.98932" lon="4.43415">
        <ele>9</ele>
      </trkpt>
      <trkpt lat="50.98934" lon="4.43403">
        <ele>9</ele>
      </trkpt>
      <trkpt lat="50.98949" lon="4.43375">
        <ele>9</ele>
      </trkpt>
      <trkpt lat="50.98967" lon="4.43345">
        <ele>9</ele>
      </trkpt>
      <trkpt lat="50.98982" lon="4.43326">
        <ele>9</ele>
      </trkpt>
      <trkpt lat="50.99044" lon="4.43279">
        <ele>8</ele>
      </trkpt>
      <trkpt lat="50.99115" lon="4.43243">
        <ele>8</ele>
      </trkpt>
      <trkpt lat="50.99128" lon="4.43232">
        <ele>8</ele>
      </trkpt>
      <trkpt lat="50.9917" lon="4.43181">
        <ele>8</ele>
      </trkpt>
      <trkpt lat="50.99186" lon="4.43153">
        <ele>7</ele>
      </trkpt>
      <trkpt lat="50.9921" lon="4.43102">
        <ele>7</ele>
      </trkpt>
      <trkpt lat="50.99216" lon="4.43091">
        <ele>7</ele>
      </trkpt>
      <trkpt lat="50.99234" lon="4.4304">
        <ele>8</ele>
      </trkpt>
      <trkpt lat="50.99246" lon="4.43017">
        <ele>8</ele>
      </trkpt>
      <trkpt lat="50.99285" lon="4.42956">
        <ele>7</ele>
      </trkpt>
      <trkpt lat="50.99291" lon="4.42944">
        <ele>7</ele>
      </trkpt>
      <trkpt lat="50.99297" lon="4.42888">
        <ele>8</ele>
      </trkpt>
      <trkpt lat="50.99303" lon="4.42857">
        <ele>7</ele>
      </trkpt>
      <trkpt lat="50.99316" lon="4.42819">
        <ele>8</ele>
      </trkpt>
      <trkpt lat="50.99347" lon="4.42739">
        <ele>8</ele>
      </trkpt>
      <trkpt lat="50.99355" lon="4.42727">
        <ele>8</ele>
      </trkpt>
      <trkpt lat="50.99385" lon="4.42697">
        <ele>8</ele>
      </trkpt>
      <trkpt lat="50.99419" lon="4.42535">
        <ele>7</ele>
      </trkpt>
      <trkpt lat="50.99457" lon="4.42378">
        <ele>7</ele>
      </trkpt>
      <trkpt lat="50.99516" lon="4.42141">
        <ele>9</ele>
      </trkpt>
      <trkpt lat="50.99528" lon="4.42113">
        <ele>9</ele>
      </trkpt>
      <trkpt lat="50.99522" lon="4.42102">
        <ele>8</ele>
      </trkpt>
      <trkpt lat="50.99526" lon="4.42088">
        <ele>8</ele>
      </trkpt>
      <trkpt lat="50.99534" lon="4.42072">
        <ele>8</ele>
      </trkpt>
      <trkpt lat="50.99544" lon="4.42032">
        <ele>8</ele>
      </trkpt>
      <trkpt lat="50.99565" lon="4.4195">
        <ele>8</ele>
      </trkpt>
      <trkpt lat="50.99594" lon="4.41822">
        <ele>8</ele>
      </trkpt>
      <trkpt lat="50.99597" lon="4.41812">
        <ele>8</ele>
      </trkpt>
      <trkpt lat="50.99602" lon="4.41804">
        <ele>8</ele>
      </trkpt>
      <trkpt lat="50.99635" lon="4.41785">
        <ele>8</ele>
      </trkpt>
      <trkpt lat="50.99724" lon="4.41743">
        <ele>9</ele>
      </trkpt>
      <trkpt lat="50.99741" lon="4.41728">
        <ele>9</ele>
      </trkpt>
      <trkpt lat="50.99747" lon="4.41714">
        <ele>9</ele>
      </trkpt>
      <trkpt lat="50.99784" lon="4.41602">
        <ele>8</ele>
      </trkpt>
      <trkpt lat="50.99796" lon="4.41558">
        <ele>8</ele>
      </trkpt>
      <trkpt lat="50.99798" lon="4.41541">
        <ele>7</ele>
      </trkpt>
      <trkpt lat="50.99795" lon="4.41497">
        <ele>8</ele>
      </trkpt>
      <trkpt lat="50.99791" lon="4.41468">
        <ele>7</ele>
      </trkpt>
      <trkpt lat="50.99773" lon="4.41395">
        <ele>7</ele>
      </trkpt>
      <trkpt lat="50.99765" lon="4.4135">
        <ele>7</ele>
      </trkpt>
      <trkpt lat="50.99759" lon="4.41281">
        <ele>8</ele>
      </trkpt>
      <trkpt lat="50.99745" lon="4.41264">
        <ele>8</ele>
      </trkpt>
      <trkpt lat="50.99751" lon="4.41169">
        <ele>8</ele>
      </trkpt>
      <trkpt lat="50.99809" lon="4.40927">
        <ele>8</ele>
      </trkpt>
      <trkpt lat="50.9984" lon="4.40795">
        <ele>8</ele>
      </trkpt>
      <trkpt lat="50.99923" lon="4.40458">
        <ele>8</ele>
      </trkpt>
      <trkpt lat="50.9993" lon="4.40445">
        <ele>8</ele>
      </trkpt>
      <trkpt lat="51.00147" lon="4.40454">
        <ele>8</ele>
      </trkpt>
      <trkpt lat="51.00147" lon="4.40455">
        <ele>8</ele>
      </trkpt>
      <trkpt lat="51.00273" lon="4.40463">
        <ele>7</ele>
      </trkpt>
      <trkpt lat="51.00288" lon="4.4047">
        <ele>7</ele>
      </trkpt>
      <trkpt lat="51.00302" lon="4.40482">
        <ele>7</ele>
      </trkpt>
      <trkpt lat="51.00303" lon="4.40445">
        <ele>7</ele>
      </trkpt>
      <trkpt lat="51.00294" lon="4.40413">
        <ele>7</ele>
      </trkpt>
      <trkpt lat="51.00153" lon="4.39999">
        <ele>9</ele>
      </trkpt>
      <trkpt lat="51.0015" lon="4.39988">
        <ele>9</ele>
      </trkpt>
      <trkpt lat="51.00148" lon="4.39976">
        <ele>9</ele>
      </trkpt>
      <trkpt lat="51.0015" lon="4.39939">
        <ele>9</ele>
      </trkpt>
      <trkpt lat="51.00182" lon="4.39533">
        <ele>9</ele>
      </trkpt>
      <trkpt lat="51.00189" lon="4.39423">
        <ele>8</ele>
      </trkpt>
      <trkpt lat="51.00194" lon="4.39339">
        <ele>8</ele>
      </trkpt>
      <trkpt lat="51.00196" lon="4.39326">
        <ele>8</ele>
      </trkpt>
      <trkpt lat="51.00204" lon="4.39336">
        <ele>8</ele>
      </trkpt>
      <trkpt lat="51.00219" lon="4.39341">
        <ele>8</ele>
      </trkpt>
      <trkpt lat="51.00234" lon="4.39343">
        <ele>8</ele>
      </trkpt>
      <trkpt lat="51.00292" lon="4.39343">
        <ele>7</ele>
      </trkpt>
      <trkpt lat="51.00341" lon="4.39339">
        <ele>7</ele>
      </trkpt>
      <trkpt lat="51.00357" lon="4.3934">
        <ele>7</ele>
      </trkpt>
      <trkpt lat="51.00371" lon="4.39345">
        <ele>7</ele>
      </trkpt>
      <trkpt lat="51.00379" lon="4.39352">
        <ele>7</ele>
      </trkpt>
      <trkpt lat="51.00388" lon="4.39365">
        <ele>6</ele>
      </trkpt>
      <trkpt lat="51.00439" lon="4.39461">
        <ele>7</ele>
      </trkpt>
      <trkpt lat="51.00532" lon="4.39642">
        <ele>6</ele>
      </trkpt>
      <trkpt lat="51.00539" lon="4.39644">
        <ele>6</ele>
      </trkpt>
      <trkpt lat="51.00583" lon="4.39643">
        <ele>7</ele>
      </trkpt>
      <trkpt lat="51.00711" lon="4.39597">
        <ele>7</ele>
      </trkpt>
      <trkpt lat="51.00741" lon="4.39588">
        <ele>7</ele>
      </trkpt>
      <trkpt lat="51.00926" lon="4.3956">
        <ele>8</ele>
      </trkpt>
      <trkpt lat="51.00958" lon="4.39583">
        <ele>7</ele>
      </trkpt>
      <trkpt lat="51.01037" lon="4.39441">
        <ele>7</ele>
      </trkpt>
      <trkpt lat="51.01059" lon="4.394">
        <ele>7</ele>
      </trkpt>
      <trkpt lat="51.01088" lon="4.3933">
        <ele>7</ele>
      </trkpt>
      <trkpt lat="51.01166" lon="4.39117">
        <ele>7</ele>
      </trkpt>
      <trkpt lat="51.01178" lon="4.39069">
        <ele>7</ele>
      </trkpt>
      <trkpt lat="51.0118" lon="4.39039">
        <ele>7</ele>
      </trkpt>
      <trkpt lat="51.01178" lon="4.38966">
        <ele>7</ele>
      </trkpt>
      <trkpt lat="51.01181" lon="4.38951">
        <ele>7</ele>
      </trkpt>
      <trkpt lat="51.01191" lon="4.38942">
        <ele>7</ele>
      </trkpt>
      <trkpt lat="51.01218" lon="4.38936">
        <ele>7</ele>
      </trkpt>
      <trkpt lat="51.01225" lon="4.38928">
        <ele>7</ele>
      </trkpt>
      <trkpt lat="51.01227" lon="4.38918">
        <ele>7</ele>
      </trkpt>
      <trkpt lat="51.01213" lon="4.38763">
        <ele>7</ele>
      </trkpt>
      <trkpt lat="51.01196" lon="4.38407">
        <ele>7</ele>
      </trkpt>
      <trkpt lat="51.01195" lon="4.38327">
        <ele>7</ele>
      </trkpt>
      <trkpt lat="51.01204" lon="4.38269">
        <ele>7</ele>
      </trkpt>
      <trkpt lat="51.01194" lon="4.3827">
        <ele>7</ele>
      </trkpt>
      <trkpt lat="51.01189" lon="4.381">
        <ele>8</ele>
      </trkpt>
      <trkpt lat="51.01161" lon="4.37282">
        <ele>9</ele>
      </trkpt>
      <trkpt lat="51.01146" lon="4.36884">
        <ele>9</ele>
      </trkpt>
      <trkpt lat="51.01141" lon="4.36786">
        <ele>9</ele>
      </trkpt>
      <trkpt lat="51.01133" lon="4.36698">
        <ele>9</ele>
      </trkpt>
      <trkpt lat="51.01117" lon="4.36328">
        <ele>10</ele>
      </trkpt>
      <trkpt lat="51.01111" lon="4.36112">
        <ele>10</ele>
      </trkpt>
      <trkpt lat="51.01112" lon="4.36088">
        <ele>10</ele>
      </trkpt>
      <trkpt lat="51.01108" lon="4.36064">
        <ele>10</ele>
      </trkpt>
      <trkpt lat="51.01105" lon="4.35962">
        <ele>10</ele>
      </trkpt>
      <trkpt lat="51.01106" lon="4.35941">
        <ele>10</ele>
      </trkpt>
      <trkpt lat="51.01103" lon="4.35886">
        <ele>10</ele>
      </trkpt>
      <trkpt lat="51.01108" lon="4.35886">
        <ele>10</ele>
      </trkpt>
      <trkpt lat="51.01103" lon="4.35789">
        <ele>10</ele>
      </trkpt>
      <trkpt lat="51.01087" lon="4.35432">
        <ele>9</ele>
      </trkpt>
      <trkpt lat="51.01052" lon="4.35419">
        <ele>9</ele>
      </trkpt>
      <trkpt lat="51.0102" lon="4.35404">
        <ele>8</ele>
      </trkpt>
      <trkpt lat="51.0102" lon="4.35405">
        <ele>8</ele>
      </trkpt>
      <trkpt lat="51.00989" lon="4.3539">
        <ele>8</ele>
      </trkpt>
      <trkpt lat="51.00947" lon="4.35366">
        <ele>8</ele>
      </trkpt>
      <trkpt lat="51.00887" lon="4.35309">
        <ele>8</ele>
      </trkpt>
      <trkpt lat="51.00879" lon="4.35306">
        <ele>8</ele>
      </trkpt>
      <trkpt lat="51.00871" lon="4.3531">
        <ele>8</ele>
      </trkpt>
      <trkpt lat="51.00839" lon="4.35346">
        <ele>8</ele>
      </trkpt>
      <trkpt lat="51.00809" lon="4.35397">
        <ele>8</ele>
      </trkpt>
      <trkpt lat="51.0079" lon="4.35454">
        <ele>8</ele>
      </trkpt>
      <trkpt lat="51.00785" lon="4.35483">
        <ele>8</ele>
      </trkpt>
      <trkpt lat="51.00753" lon="4.35484">
        <ele>8</ele>
      </trkpt>
      <trkpt lat="51.00629" lon="4.35491">
        <ele>9</ele>
      </trkpt>
      <trkpt lat="51.00565" lon="4.35509">
        <ele>9</ele>
      </trkpt>
      <trkpt lat="51.00495" lon="4.35516">
        <ele>10</ele>
      </trkpt>
      <trkpt lat="51.00392" lon="4.35531">
        <ele>11</ele>
      </trkpt>
      <trkpt lat="51.00304" lon="4.35581">
        <ele>9</ele>
      </trkpt>
      <trkpt lat="51.00261" lon="4.35595">
        <ele>9</ele>
      </trkpt>
      <trkpt lat="51.00146" lon="4.356">
        <ele>8</ele>
      </trkpt>
      <trkpt lat="51.00119" lon="4.35615">
        <ele>8</ele>
      </trkpt>
      <trkpt lat="50.99997" lon="4.35725">
        <ele>8</ele>
      </trkpt>
      <trkpt lat="50.99972" lon="4.35739">
        <ele>8</ele>
      </trkpt>
      <trkpt lat="50.99849" lon="4.35777">
        <ele>9</ele>
      </trkpt>
      <trkpt lat="50.99807" lon="4.3581">
        <ele>9</ele>
      </trkpt>
      <trkpt lat="50.99772" lon="4.35862">
        <ele>9</ele>
      </trkpt>
      <trkpt lat="50.99683" lon="4.36071">
        <ele>9</ele>
      </trkpt>
      <trkpt lat="50.99652" lon="4.36135">
        <ele>9</ele>
      </trkpt>
      <trkpt lat="50.9965" lon="4.36137">
        <ele>9</ele>
      </trkpt>
      <trkpt lat="50.99609" lon="4.36175">
        <ele>9</ele>
      </trkpt>
      <trkpt lat="50.99498" lon="4.36288">
        <ele>10</ele>
      </trkpt>
      <trkpt lat="50.99402" lon="4.36392">
        <ele>10</ele>
      </trkpt>
      <trkpt lat="50.99372" lon="4.36356">
        <ele>10</ele>
      </trkpt>
      <trkpt lat="50.99321" lon="4.36311">
        <ele>10</ele>
      </trkpt>
      <trkpt lat="50.99301" lon="4.36341">
        <ele>10</ele>
      </trkpt>
      <trkpt lat="50.9922" lon="4.36449">
        <ele>11</ele>
      </trkpt>
      <trkpt lat="50.99167" lon="4.36517">
        <ele>12</ele>
      </trkpt>
      <trkpt lat="50.9914" lon="4.36544">
        <ele>12</ele>
      </trkpt>
      <trkpt lat="50.99118" lon="4.36555">
        <ele>12</ele>
      </trkpt>
      <trkpt lat="50.99102" lon="4.36557">
        <ele>12</ele>
      </trkpt>
      <trkpt lat="50.99059" lon="4.36557">
        <ele>12</ele>
      </trkpt>
      <trkpt lat="50.98986" lon="4.3654">
        <ele>11</ele>
      </trkpt>
      <trkpt lat="50.98887" lon="4.36525">
        <ele>12</ele>
      </trkpt>
      <trkpt lat="50.98851" lon="4.36517">
        <ele>12</ele>
      </trkpt>
      <trkpt lat="50.98816" lon="4.36506">
        <ele>12</ele>
      </trkpt>
      <trkpt lat="50.98789" lon="4.36493">
        <ele>12</ele>
      </trkpt>
      <trkpt lat="50.98762" lon="4.36487">
        <ele>12</ele>
      </trkpt>
      <trkpt lat="50.98731" lon="4.36491">
        <ele>12</ele>
      </trkpt>
      <trkpt lat="50.98706" lon="4.36502">
        <ele>12</ele>
      </trkpt>
      <trkpt lat="50.9861" lon="4.36582">
        <ele>12</ele>
      </trkpt>
      <trkpt lat="50.98585" lon="4.36608">
        <ele>12</ele>
      </trkpt>
      <trkpt lat="50.98501" lon="4.36452">
        <ele>11</ele>
      </trkpt>
      <trkpt lat="50.98491" lon="4.36443">
        <ele>11</ele>
      </trkpt>
      <trkpt lat="50.98482" lon="4.36442">
        <ele>11</ele>
      </trkpt>
      <trkpt lat="50.98468" lon="4.36446">
        <ele>11</ele>
      </trkpt>
      <trkpt lat="50.98428" lon="4.36463">
        <ele>11</ele>
      </trkpt>
      <trkpt lat="50.98394" lon="4.36486">
        <ele>11</ele>
      </trkpt>
      <trkpt lat="50.98378" lon="4.36496">
        <ele>11</ele>
      </trkpt>
      <trkpt lat="50.98308" lon="4.3656">
        <ele>12</ele>
      </trkpt>
      <trkpt lat="50.98291" lon="4.36569">
        <ele>12</ele>
      </trkpt>
      <trkpt lat="50.98126" lon="4.36582">
        <ele>16</ele>
      </trkpt>
      <trkpt lat="50.98104" lon="4.36582">
        <ele>16</ele>
      </trkpt>
      <trkpt lat="50.98078" lon="4.36576">
        <ele>15</ele>
      </trkpt>
      <trkpt lat="50.97835" lon="4.36516">
        <ele>11</ele>
      </trkpt>
      <trkpt lat="50.97656" lon="4.36477">
        <ele>13</ele>
      </trkpt>
      <trkpt lat="50.97558" lon="4.36496">
        <ele>15</ele>
      </trkpt>
      <trkpt lat="50.97329" lon="4.36542">
        <ele>15</ele>
      </trkpt>
      <trkpt lat="50.97328" lon="4.36551">
        <ele>15</ele>
      </trkpt>
      <trkpt lat="50.97324" lon="4.36556">
        <ele>15</ele>
      </trkpt>
      <trkpt lat="50.97321" lon="4.36556">
        <ele>15</ele>
      </trkpt>
      <trkpt lat="50.97317" lon="4.3655">
        <ele>15</ele>
      </trkpt>
      <trkpt lat="50.97316" lon="4.36546">
        <ele>15</ele>
      </trkpt>
      <trkpt lat="50.97215" lon="4.3657">
        <ele>16</ele>
      </trkpt>
      <trkpt lat="50.97202" lon="4.36577">
        <ele>16</ele>
      </trkpt>
      <trkpt lat="50.97174" lon="4.36619">
        <ele>16</ele>
      </trkpt>
      <trkpt lat="50.97118" lon="4.36672">
        <ele>16</ele>
      </trkpt>
      <trkpt lat="50.97009" lon="4.36756">
        <ele>18</ele>
      </trkpt>
      <trkpt lat="50.96981" lon="4.3677">
        <ele>18</ele>
      </trkpt>
      <trkpt lat="50.96953" lon="4.36776">
        <ele>18</ele>
      </trkpt>
      <trkpt lat="50.96901" lon="4.36784">
        <ele>20</ele>
      </trkpt>
      <trkpt lat="50.96885" lon="4.36789">
        <ele>20</ele>
      </trkpt>
      <trkpt lat="50.96821" lon="4.36819">
        <ele>21</ele>
      </trkpt>
      <trkpt lat="50.96747" lon="4.36858">
        <ele>22</ele>
      </trkpt>
      <trkpt lat="50.96732" lon="4.36862">
        <ele>22</ele>
      </trkpt>
      <trkpt lat="50.96689" lon="4.36858">
        <ele>22</ele>
      </trkpt>
      <trkpt lat="50.96661" lon="4.36864">
        <ele>22</ele>
      </trkpt>
      <trkpt lat="50.96547" lon="4.36931">
        <ele>21</ele>
      </trkpt>
      <trkpt lat="50.96439" lon="4.3703">
        <ele>22</ele>
      </trkpt>
      <trkpt lat="50.96415" lon="4.37047">
        <ele>21</ele>
      </trkpt>
      <trkpt lat="50.96415" lon="4.37048">
        <ele>21</ele>
      </trkpt>
      <trkpt lat="50.96405" lon="4.37054">
        <ele>21</ele>
      </trkpt>
      <trkpt lat="50.96341" lon="4.37081">
        <ele>22</ele>
      </trkpt>
      <trkpt lat="50.96332" lon="4.37089">
        <ele>22</ele>
      </trkpt>
      <trkpt lat="50.96393" lon="4.37198">
        <ele>22</ele>
      </trkpt>
      <trkpt lat="50.96408" lon="4.37233">
        <ele>22</ele>
      </trkpt>
      <trkpt lat="50.96573" lon="4.37667">
        <ele>18</ele>
      </trkpt>
      <trkpt lat="50.96578" lon="4.37672">
        <ele>18</ele>
      </trkpt>
      <trkpt lat="50.96645" lon="4.37695">
        <ele>16</ele>
      </trkpt>
      <trkpt lat="50.96657" lon="4.37706">
        <ele>17</ele>
      </trkpt>
      <trkpt lat="50.9667" lon="4.37725">
        <ele>17</ele>
      </trkpt>
      <trkpt lat="50.96686" lon="4.37764">
        <ele>16</ele>
      </trkpt>
      <trkpt lat="50.96739" lon="4.37899">
        <ele>17</ele>
      </trkpt>
      <trkpt lat="50.96752" lon="4.37937">
        <ele>17</ele>
      </trkpt>
      <trkpt lat="50.9677" lon="4.37983">
        <ele>17</ele>
      </trkpt>
      <trkpt lat="50.96782" lon="4.38002">
        <ele>17</ele>
      </trkpt>
      <trkpt lat="50.96811" lon="4.38077">
        <ele>17</ele>
      </trkpt>
      <trkpt lat="50.96831" lon="4.38119">
        <ele>17</ele>
      </trkpt>
      <trkpt lat="50.96857" lon="4.38161">
        <ele>17</ele>
      </trkpt>
      <trkpt lat="50.96892" lon="4.38204">
        <ele>17</ele>
      </trkpt>
      <trkpt lat="50.96913" lon="4.38223">
        <ele>17</ele>
      </trkpt>
      <trkpt lat="50.96933" lon="4.3825">
        <ele>16</ele>
      </trkpt>
      <trkpt lat="50.96949" lon="4.38256">
        <ele>16</ele>
      </trkpt>
      <trkpt lat="50.97012" lon="4.38314">
        <ele>16</ele>
      </trkpt>
      <trkpt lat="50.97077" lon="4.38411">
        <ele>15</ele>
      </trkpt>
      <trkpt lat="50.97118" lon="4.38455">
        <ele>14</ele>
      </trkpt>
      <trkpt lat="50.97144" lon="4.3848">
        <ele>15</ele>
      </trkpt>
      <trkpt lat="50.9717" lon="4.38498">
        <ele>15</ele>
      </trkpt>
      <trkpt lat="50.97306" lon="4.38574">
        <ele>15</ele>
      </trkpt>
      <trkpt lat="50.97304" lon="4.38584">
        <ele>15</ele>
      </trkpt>
      <trkpt lat="50.97306" lon="4.38574">
        <ele>15</ele>
      </trkpt>
      <trkpt lat="50.97373" lon="4.38616">
        <ele>14</ele>
      </trkpt>
      <trkpt lat="50.9739" lon="4.38631">
        <ele>14</ele>
      </trkpt>
      <trkpt lat="50.97413" lon="4.38655">
        <ele>14</ele>
      </trkpt>
      <trkpt lat="50.97484" lon="4.38737">
        <ele>14</ele>
      </trkpt>
      <trkpt lat="50.97494" lon="4.38755">
        <ele>14</ele>
      </trkpt>
      <trkpt lat="50.97505" lon="4.38764">
        <ele>13</ele>
      </trkpt>
      <trkpt lat="50.97507" lon="4.3877">
        <ele>13</ele>
      </trkpt>
      <trkpt lat="50.97502" lon="4.38771">
        <ele>14</ele>
      </trkpt>
      <trkpt lat="50.97493" lon="4.38766">
        <ele>14</ele>
      </trkpt>
      <trkpt lat="50.97483" lon="4.38771">
        <ele>14</ele>
      </trkpt>
      <trkpt lat="50.9748" lon="4.38776">
        <ele>14</ele>
      </trkpt>
      <trkpt lat="50.9748" lon="4.38775">
        <ele>14</ele>
      </trkpt>
      <trkpt lat="50.97353" lon="4.38978">
        <ele>13</ele>
      </trkpt>
      <trkpt lat="50.97336" lon="4.39002">
        <ele>13</ele>
      </trkpt>
      <trkpt lat="50.97302" lon="4.39018">
        <ele>13</ele>
      </trkpt>
      <trkpt lat="50.9698" lon="4.39278">
        <ele>13</ele>
      </trkpt>
      <trkpt lat="50.96954" lon="4.39289">
        <ele>13</ele>
      </trkpt>
      <trkpt lat="50.96935" lon="4.3929">
        <ele>13</ele>
      </trkpt>
      <trkpt lat="50.96878" lon="4.39284">
        <ele>14</ele>
      </trkpt>
      <trkpt lat="50.96851" lon="4.39277">
        <ele>14</ele>
      </trkpt>
      <trkpt lat="50.96774" lon="4.39242">
        <ele>14</ele>
      </trkpt>
      <trkpt lat="50.96763" lon="4.39238">
        <ele>13</ele>
      </trkpt>
      <trkpt lat="50.9675" lon="4.39238">
        <ele>13</ele>
      </trkpt>
      <trkpt lat="50.9657" lon="4.39285">
        <ele>13</ele>
      </trkpt>
      <trkpt lat="50.9655" lon="4.39285">
        <ele>13</ele>
      </trkpt>
      <trkpt lat="50.96493" lon="4.39303">
        <ele>13</ele>
      </trkpt>
      <trkpt lat="50.96478" lon="4.39312">
        <ele>13</ele>
      </trkpt>
      <trkpt lat="50.96232" lon="4.39373">
        <ele>14</ele>
      </trkpt>
      <trkpt lat="50.9618" lon="4.39391">
        <ele>14</ele>
      </trkpt>
      <trkpt lat="50.96021" lon="4.39477">
        <ele>14</ele>
      </trkpt>
      <trkpt lat="50.96003" lon="4.39481">
        <ele>15</ele>
      </trkpt>
      <trkpt lat="50.95983" lon="4.39476">
        <ele>15</ele>
      </trkpt>
      <trkpt lat="50.9597" lon="4.39467">
        <ele>15</ele>
      </trkpt>
      <trkpt lat="50.95958" lon="4.39451">
        <ele>15</ele>
      </trkpt>
      <trkpt lat="50.9595" lon="4.39437">
        <ele>15</ele>
      </trkpt>
      <trkpt lat="50.95918" lon="4.39364">
        <ele>15</ele>
      </trkpt>
      <trkpt lat="50.95893" lon="4.39312">
        <ele>16</ele>
      </trkpt>
      <trkpt lat="50.95874" lon="4.39281">
        <ele>16</ele>
      </trkpt>
      <trkpt lat="50.95864" lon="4.3927">
        <ele>16</ele>
      </trkpt>
      <trkpt lat="50.9585" lon="4.3926">
        <ele>16</ele>
      </trkpt>
      <trkpt lat="50.95786" lon="4.39231">
        <ele>16</ele>
      </trkpt>
      <trkpt lat="50.9577" lon="4.39226">
        <ele>16</ele>
      </trkpt>
      <trkpt lat="50.95742" lon="4.39223">
        <ele>16</ele>
      </trkpt>
      <trkpt lat="50.95691" lon="4.39234">
        <ele>16</ele>
      </trkpt>
      <trkpt lat="50.95657" lon="4.39246">
        <ele>16</ele>
      </trkpt>
      <trkpt lat="50.95591" lon="4.39286">
        <ele>16</ele>
      </trkpt>
      <trkpt lat="50.95517" lon="4.39331">
        <ele>17</ele>
      </trkpt>
      <trkpt lat="50.95427" lon="4.39378">
        <ele>17</ele>
      </trkpt>
      <trkpt lat="50.95427" lon="4.39382">
        <ele>17</ele>
      </trkpt>
      <trkpt lat="50.95423" lon="4.39393">
        <ele>17</ele>
      </trkpt>
      <trkpt lat="50.9543" lon="4.39414">
        <ele>16</ele>
      </trkpt>
      <trkpt lat="50.95433" lon="4.39427">
        <ele>16</ele>
      </trkpt>
      <trkpt lat="50.95438" lon="4.39489">
        <ele>16</ele>
      </trkpt>
      <trkpt lat="50.95444" lon="4.396">
        <ele>14</ele>
      </trkpt>
      <trkpt lat="50.95446" lon="4.397">
        <ele>14</ele>
      </trkpt>
      <trkpt lat="50.95451" lon="4.39762">
        <ele>14</ele>
      </trkpt>
      <trkpt lat="50.95452" lon="4.39807">
        <ele>14</ele>
      </trkpt>
      <trkpt lat="50.95444" lon="4.39954">
        <ele>14</ele>
      </trkpt>
      <trkpt lat="50.95442" lon="4.39987">
        <ele>14</ele>
      </trkpt>
      <trkpt lat="50.95429" lon="4.40131">
        <ele>13</ele>
      </trkpt>
      <trkpt lat="50.95412" lon="4.40256">
        <ele>14</ele>
      </trkpt>
      <trkpt lat="50.95419" lon="4.40301">
        <ele>14</ele>
      </trkpt>
      <trkpt lat="50.9543" lon="4.40342">
        <ele>14</ele>
      </trkpt>
      <trkpt lat="50.9543" lon="4.40356">
        <ele>14</ele>
      </trkpt>
      <trkpt lat="50.95424" lon="4.40386">
        <ele>14</ele>
      </trkpt>
      <trkpt lat="50.95413" lon="4.40409">
        <ele>14</ele>
      </trkpt>
      <trkpt lat="50.95378" lon="4.40468">
        <ele>14</ele>
      </trkpt>
      <trkpt lat="50.95338" lon="4.40522">
        <ele>14</ele>
      </trkpt>
      <trkpt lat="50.9533" lon="4.40541">
        <ele>14</ele>
      </trkpt>
      <trkpt lat="50.95329" lon="4.40553">
        <ele>14</ele>
      </trkpt>
      <trkpt lat="50.95331" lon="4.40566">
        <ele>14</ele>
      </trkpt>
      <trkpt lat="50.95338" lon="4.40592">
        <ele>14</ele>
      </trkpt>
      <trkpt lat="50.95339" lon="4.406">
        <ele>14</ele>
      </trkpt>
      <trkpt lat="50.95335" lon="4.40608">
        <ele>14</ele>
      </trkpt>
      <trkpt lat="50.9532" lon="4.40629">
        <ele>14</ele>
      </trkpt>
      <trkpt lat="50.95297" lon="4.40648">
        <ele>13</ele>
      </trkpt>
      <trkpt lat="50.95256" lon="4.40673">
        <ele>13</ele>
      </trkpt>
      <trkpt lat="50.95238" lon="4.4069">
        <ele>13</ele>
      </trkpt>
      <trkpt lat="50.95206" lon="4.40734">
        <ele>13</ele>
      </trkpt>
      <trkpt lat="50.95185" lon="4.40768">
        <ele>13</ele>
      </trkpt>
      <trkpt lat="50.95147" lon="4.40811">
        <ele>13</ele>
      </trkpt>
      <trkpt lat="50.95071" lon="4.40897">
        <ele>13</ele>
      </trkpt>
      <trkpt lat="50.95068" lon="4.40907">
        <ele>13</ele>
      </trkpt>
      <trkpt lat="50.95066" lon="4.40921">
        <ele>13</ele>
      </trkpt>
      <trkpt lat="50.95066" lon="4.40936">
        <ele>14</ele>
      </trkpt>
      <trkpt lat="50.95073" lon="4.40964">
        <ele>13</ele>
      </trkpt>
      <trkpt lat="50.95077" lon="4.40996">
        <ele>13</ele>
      </trkpt>
      <trkpt lat="50.95078" lon="4.41024">
        <ele>14</ele>
      </trkpt>
      <trkpt lat="50.95075" lon="4.41041">
        <ele>14</ele>
      </trkpt>
      <trkpt lat="50.95069" lon="4.41059">
        <ele>13</ele>
      </trkpt>
      <trkpt lat="50.94889" lon="4.41201">
        <ele>11</ele>
      </trkpt>
      <trkpt lat="50.94879" lon="4.4121">
        <ele>11</ele>
      </trkpt>
      <trkpt lat="50.94828" lon="4.4125">
        <ele>11</ele>
      </trkpt>
      <trkpt lat="50.94817" lon="4.4125">
        <ele>11</ele>
      </trkpt>
      <trkpt lat="50.9478" lon="4.41279">
        <ele>11</ele>
      </trkpt>
      <trkpt lat="50.94774" lon="4.41288">
        <ele>11</ele>
      </trkpt>
      <trkpt lat="50.94775" lon="4.41299">
        <ele>11</ele>
      </trkpt>
      <trkpt lat="50.948" lon="4.41382">
        <ele>10</ele>
      </trkpt>
      <trkpt lat="50.94802" lon="4.41396">
        <ele>10</ele>
      </trkpt>
      <trkpt lat="50.94805" lon="4.41428">
        <ele>11</ele>
      </trkpt>
      <trkpt lat="50.94836" lon="4.41412">
        <ele>11</ele>
      </trkpt>
      <trkpt lat="50.94857" lon="4.41396">
        <ele>11</ele>
      </trkpt>
      <trkpt lat="50.94898" lon="4.41369">
        <ele>11</ele>
      </trkpt>
      <trkpt lat="50.94898" lon="4.4137">
        <ele>11</ele>
      </trkpt>
      <trkpt lat="50.95327" lon="4.41091">
        <ele>12</ele>
      </trkpt>
      <trkpt lat="50.95612" lon="4.40864">
        <ele>13</ele>
      </trkpt>
      <trkpt lat="50.95624" lon="4.409">
        <ele>13</ele>
      </trkpt>
      <trkpt lat="50.95661" lon="4.41041">
        <ele>13</ele>
      </trkpt>
      <trkpt lat="50.95715" lon="4.41281">
        <ele>13</ele>
      </trkpt>
      <trkpt lat="50.95718" lon="4.41306">
        <ele>13</ele>
      </trkpt>
      <trkpt lat="50.95711" lon="4.41332">
        <ele>13</ele>
      </trkpt>
      <trkpt lat="50.95678" lon="4.41419">
        <ele>14</ele>
      </trkpt>
      <trkpt lat="50.95675" lon="4.41445">
        <ele>14</ele>
      </trkpt>
      <trkpt lat="50.95677" lon="4.41457">
        <ele>14</ele>
      </trkpt>
      <trkpt lat="50.95681" lon="4.41482">
        <ele>14</ele>
      </trkpt>
      <trkpt lat="50.95716" lon="4.41612">
        <ele>14</ele>
      </trkpt>
      <trkpt lat="50.9574" lon="4.4173">
        <ele>13</ele>
      </trkpt>
      <trkpt lat="50.9575" lon="4.41788">
        <ele>13</ele>
      </trkpt>
      <trkpt lat="50.95762" lon="4.41832">
        <ele>13</ele>
      </trkpt>
      <trkpt lat="50.95775" lon="4.41875">
        <ele>13</ele>
      </trkpt>
      <trkpt lat="50.9584" lon="4.42044">
        <ele>13</ele>
      </trkpt>
      <trkpt lat="50.95854" lon="4.42088">
        <ele>12</ele>
      </trkpt>
      <trkpt lat="50.95862" lon="4.42121">
        <ele>12</ele>
      </trkpt>
      <trkpt lat="50.95864" lon="4.42137">
        <ele>12</ele>
      </trkpt>
      <trkpt lat="50.95889" lon="4.42166">
        <ele>12</ele>
      </trkpt>
      <trkpt lat="50.95911" lon="4.42206">
        <ele>12</ele>
      </trkpt>
      <trkpt lat="50.95932" lon="4.42251">
        <ele>12</ele>
      </trkpt>
      <trkpt lat="50.95977" lon="4.42431">
        <ele>11</ele>
      </trkpt>
      <trkpt lat="50.95986" lon="4.42457">
        <ele>11</ele>
      </trkpt>
      <trkpt lat="50.96053" lon="4.42572">
        <ele>11</ele>
      </trkpt>
      <trkpt lat="50.96077" lon="4.42615">
        <ele>11</ele>
      </trkpt>
      <trkpt lat="50.96112" lon="4.4267">
        <ele>11</ele>
      </trkpt>
      <trkpt lat="50.96164" lon="4.42761">
        <ele>11</ele>
      </trkpt>
      <trkpt lat="50.9618" lon="4.4278">
        <ele>11</ele>
      </trkpt>
      <trkpt lat="50.96317" lon="4.42869">
        <ele>10</ele>
      </trkpt>
      <trkpt lat="50.96331" lon="4.42919">
        <ele>10</ele>
      </trkpt>
      <trkpt lat="50.96331" lon="4.42936">
        <ele>10</ele>
      </trkpt>
      <trkpt lat="50.96311" lon="4.43022">
        <ele>11</ele>
      </trkpt>
      <trkpt lat="50.96296" lon="4.43068">
        <ele>11</ele>
      </trkpt>
      <trkpt lat="50.96283" lon="4.431">
        <ele>11</ele>
      </trkpt>
      <trkpt lat="50.96253" lon="4.43168">
        <ele>11</ele>
      </trkpt>
      <trkpt lat="50.9625" lon="4.43221">
        <ele>11</ele>
      </trkpt>
      <trkpt lat="50.96247" lon="4.43248">
        <ele>11</ele>
      </trkpt>
      <trkpt lat="50.96237" lon="4.4327">
        <ele>11</ele>
      </trkpt>
      <trkpt lat="50.96224" lon="4.43293">
        <ele>11</ele>
      </trkpt>
      <trkpt lat="50.96183" lon="4.43337">
        <ele>10</ele>
      </trkpt>
      <trkpt lat="50.96158" lon="4.43417">
        <ele>10</ele>
      </trkpt>
      <trkpt lat="50.96143" lon="4.43457">
        <ele>10</ele>
      </trkpt>
      <trkpt lat="50.96138" lon="4.43478">
        <ele>10</ele>
      </trkpt>
      <trkpt lat="50.9614" lon="4.43493">
        <ele>10</ele>
      </trkpt>
      <trkpt lat="50.96152" lon="4.43538">
        <ele>10</ele>
      </trkpt>
      <trkpt lat="50.96155" lon="4.43556">
        <ele>10</ele>
      </trkpt>
      <trkpt lat="50.96155" lon="4.43584">
        <ele>10</ele>
      </trkpt>
      <trkpt lat="50.96157" lon="4.43595">
        <ele>10</ele>
      </trkpt>
      <trkpt lat="50.96172" lon="4.43638">
        <ele>10</ele>
      </trkpt>
      <trkpt lat="50.96179" lon="4.4367">
        <ele>10</ele>
      </trkpt>
      <trkpt lat="50.96184" lon="4.43683">
        <ele>10</ele>
      </trkpt>
      <trkpt lat="50.96192" lon="4.43694">
        <ele>10</ele>
      </trkpt>
      <trkpt lat="50.96199" lon="4.43698">
        <ele>10</ele>
      </trkpt>
      <trkpt lat="50.96223" lon="4.43706">
        <ele>10</ele>
      </trkpt>
      <trkpt lat="50.96327" lon="4.43784">
        <ele>9</ele>
      </trkpt>
      <trkpt lat="50.96347" lon="4.43802">
        <ele>9</ele>
      </trkpt>
      <trkpt lat="50.9635" lon="4.43808">
        <ele>10</ele>
      </trkpt>
      <trkpt lat="50.96347" lon="4.43899">
        <ele>9</ele>
      </trkpt>
      <trkpt lat="50.96345" lon="4.43912">
        <ele>9</ele>
      </trkpt>
      <trkpt lat="50.96337" lon="4.43932">
        <ele>9</ele>
      </trkpt>
      <trkpt lat="50.96289" lon="4.43971">
        <ele>9</ele>
      </trkpt>
      <trkpt lat="50.96254" lon="4.44005">
        <ele>9</ele>
      </trkpt>
      <trkpt lat="50.9621" lon="4.44077">
        <ele>9</ele>
      </trkpt>
      <trkpt lat="50.96198" lon="4.44108">
        <ele>9</ele>
      </trkpt>
      <trkpt lat="50.96164" lon="4.44243">
        <ele>10</ele>
      </trkpt>
      <trkpt lat="50.9616" lon="4.44271">
        <ele>10</ele>
      </trkpt>
      <trkpt lat="50.96161" lon="4.44283">
        <ele>10</ele>
      </trkpt>
      <trkpt lat="50.96166" lon="4.44298">
        <ele>10</ele>
      </trkpt>
      <trkpt lat="50.96194" lon="4.44347">
        <ele>9</ele>
      </trkpt>
      <trkpt lat="50.96205" lon="4.4437">
        <ele>9</ele>
      </trkpt>
      <trkpt lat="50.96216" lon="4.444">
        <ele>9</ele>
      </trkpt>
      <trkpt lat="50.96231" lon="4.44461">
        <ele>9</ele>
      </trkpt>
      <trkpt lat="50.96234" lon="4.44485">
        <ele>9</ele>
      </trkpt>
      <trkpt lat="50.96238" lon="4.44505">
        <ele>9</ele>
      </trkpt>
      <trkpt lat="50.96244" lon="4.4452">
        <ele>9</ele>
      </trkpt>
      <trkpt lat="50.9625" lon="4.44529">
        <ele>9</ele>
      </trkpt>
      <trkpt lat="50.96337" lon="4.44619">
        <ele>9</ele>
      </trkpt>
      <trkpt lat="50.96347" lon="4.44626">
        <ele>9</ele>
      </trkpt>
      <trkpt lat="50.96356" lon="4.4463">
        <ele>9</ele>
      </trkpt>
      <trkpt lat="50.96372" lon="4.44646">
        <ele>10</ele>
      </trkpt>
      <trkpt lat="50.96392" lon="4.44669">
        <ele>9</ele>
      </trkpt>
      <trkpt lat="50.96403" lon="4.44687">
        <ele>9</ele>
      </trkpt>
      <trkpt lat="50.96412" lon="4.44707">
        <ele>9</ele>
      </trkpt>
      <trkpt lat="50.96418" lon="4.44724">
        <ele>10</ele>
      </trkpt>
      <trkpt lat="50.96421" lon="4.44744">
        <ele>9</ele>
      </trkpt>
      <trkpt lat="50.96425" lon="4.44778">
        <ele>9</ele>
      </trkpt>
      <trkpt lat="50.96428" lon="4.44822">
        <ele>9</ele>
      </trkpt>
      <trkpt lat="50.96434" lon="4.44862">
        <ele>10</ele>
      </trkpt>
      <trkpt lat="50.96447" lon="4.44893">
        <ele>10</ele>
      </trkpt>
      <trkpt lat="50.96469" lon="4.44937">
        <ele>10</ele>
      </trkpt>
      <trkpt lat="50.96411" lon="4.4505">
        <ele>9</ele>
      </trkpt>
      <trkpt lat="50.96331" lon="4.45215">
        <ele>10</ele>
      </trkpt>
      <trkpt lat="50.9627" lon="4.45335">
        <ele>10</ele>
      </trkpt>
      <trkpt lat="50.96191" lon="4.45483">
        <ele>11</ele>
      </trkpt>
      <trkpt lat="50.96162" lon="4.45483">
        <ele>11</ele>
      </trkpt>
      <trkpt lat="50.96149" lon="4.4549">
        <ele>11</ele>
      </trkpt>
      <trkpt lat="50.96132" lon="4.45503">
        <ele>10</ele>
      </trkpt>
      <trkpt lat="50.96085" lon="4.45552">
        <ele>9</ele>
      </trkpt>
      <trkpt lat="50.95974" lon="4.45668">
        <ele>8</ele>
      </trkpt>
      <trkpt lat="50.95968" lon="4.45682">
        <ele>8</ele>
      </trkpt>
      <trkpt lat="50.95972" lon="4.45762">
        <ele>8</ele>
      </trkpt>
      <trkpt lat="50.95968" lon="4.45761">
        <ele>8</ele>
      </trkpt>
      <trkpt lat="50.95974" lon="4.45903">
        <ele>8</ele>
      </trkpt>
      <trkpt lat="50.95962" lon="4.45903">
        <ele>8</ele>
      </trkpt>
      <trkpt lat="50.9592" lon="4.45875">
        <ele>8</ele>
      </trkpt>
      <trkpt lat="50.95873" lon="4.45846">
        <ele>8</ele>
      </trkpt>
      <trkpt lat="50.9585" lon="4.45849">
        <ele>8</ele>
      </trkpt>
      <trkpt lat="50.95834" lon="4.45857">
        <ele>8</ele>
      </trkpt>
      <trkpt lat="50.95712" lon="4.4595">
        <ele>7</ele>
      </trkpt>
      <trkpt lat="50.95582" lon="4.46018">
        <ele>6</ele>
      </trkpt>
      <trkpt lat="50.95562" lon="4.46024">
        <ele>5</ele>
      </trkpt>
      <trkpt lat="50.95513" lon="4.46027">
        <ele>6</ele>
      </trkpt>
      <trkpt lat="50.95366" lon="4.46018">
        <ele>6</ele>
      </trkpt>
      <trkpt lat="50.95234" lon="4.46013">
        <ele>9</ele>
      </trkpt>
      <trkpt lat="50.9519" lon="4.46014">
        <ele>8</ele>
      </trkpt>
      <trkpt lat="50.9517" lon="4.46017">
        <ele>8</ele>
      </trkpt>
      <trkpt lat="50.95115" lon="4.46033">
        <ele>8</ele>
      </trkpt>
      <trkpt lat="50.95044" lon="4.46065">
        <ele>8</ele>
      </trkpt>
      <trkpt lat="50.95016" lon="4.46071">
        <ele>8</ele>
      </trkpt>
      <trkpt lat="50.95004" lon="4.4607">
        <ele>8</ele>
      </trkpt>
      <trkpt lat="50.94995" lon="4.46067">
        <ele>8</ele>
      </trkpt>
      <trkpt lat="50.94988" lon="4.46068">
        <ele>8</ele>
      </trkpt>
      <trkpt lat="50.94953" lon="4.46065">
        <ele>8</ele>
      </trkpt>
      <trkpt lat="50.94887" lon="4.46055">
        <ele>9</ele>
      </trkpt>
      <trkpt lat="50.94884" lon="4.46055">
        <ele>9</ele>
      </trkpt>
      <trkpt lat="50.94884" lon="4.46059">
        <ele>9</ele>
      </trkpt>
      <trkpt lat="50.94881" lon="4.46066">
        <ele>9</ele>
      </trkpt>
      <trkpt lat="50.94876" lon="4.46069">
        <ele>9</ele>
      </trkpt>
      <trkpt lat="50.94872" lon="4.46067">
        <ele>9</ele>
      </trkpt>
      <trkpt lat="50.94868" lon="4.46058">
        <ele>9</ele>
      </trkpt>
      <trkpt lat="50.94868" lon="4.46054">
        <ele>9</ele>
      </trkpt>
      <trkpt lat="50.94815" lon="4.46021">
        <ele>10</ele>
      </trkpt>
      <trkpt lat="50.94774" lon="4.46026">
        <ele>10</ele>
      </trkpt>
      <trkpt lat="50.94747" lon="4.46036">
        <ele>10</ele>
      </trkpt>
      <trkpt lat="50.9472" lon="4.4605">
        <ele>10</ele>
      </trkpt>
      <trkpt lat="50.94699" lon="4.46057">
        <ele>10</ele>
      </trkpt>
      <trkpt lat="50.9467" lon="4.46057">
        <ele>11</ele>
      </trkpt>
      <trkpt lat="50.94613" lon="4.46045">
        <ele>11</ele>
      </trkpt>
      <trkpt lat="50.94575" lon="4.46033">
        <ele>12</ele>
      </trkpt>
      <trkpt lat="50.94534" lon="4.46015">
        <ele>12</ele>
      </trkpt>
      <trkpt lat="50.94288" lon="4.45907">
        <ele>13</ele>
      </trkpt>
      <trkpt lat="50.94272" lon="4.45905">
        <ele>13</ele>
      </trkpt>
      <trkpt lat="50.94223" lon="4.45907">
        <ele>13</ele>
      </trkpt>
      <trkpt lat="50.94204" lon="4.459">
        <ele>13</ele>
      </trkpt>
      <trkpt lat="50.94194" lon="4.4589">
        <ele>13</ele>
      </trkpt>
      <trkpt lat="50.94171" lon="4.45858">
        <ele>13</ele>
      </trkpt>
      <trkpt lat="50.94157" lon="4.45846">
        <ele>13</ele>
      </trkpt>
      <trkpt lat="50.94132" lon="4.45834">
        <ele>13</ele>
      </trkpt>
      <trkpt lat="50.94064" lon="4.45795">
        <ele>13</ele>
      </trkpt>
      <trkpt lat="50.94035" lon="4.45775">
        <ele>13</ele>
      </trkpt>
      <trkpt lat="50.94014" lon="4.45755">
        <ele>14</ele>
      </trkpt>
      <trkpt lat="50.9399" lon="4.45728">
        <ele>13</ele>
      </trkpt>
      <trkpt lat="50.93971" lon="4.45713">
        <ele>14</ele>
      </trkpt>
      <trkpt lat="50.9394" lon="4.45696">
        <ele>14</ele>
      </trkpt>
      <trkpt lat="50.93875" lon="4.45653">
        <ele>14</ele>
      </trkpt>
      <trkpt lat="50.93847" lon="4.45636">
        <ele>14</ele>
      </trkpt>
      <trkpt lat="50.93752" lon="4.45608">
        <ele>14</ele>
      </trkpt>
      <trkpt lat="50.9368" lon="4.45577">
        <ele>15</ele>
      </trkpt>
      <trkpt lat="50.93431" lon="4.45454">
        <ele>15</ele>
      </trkpt>
      <trkpt lat="50.93322" lon="4.45406">
        <ele>15</ele>
      </trkpt>
      <trkpt lat="50.93203" lon="4.45355">
        <ele>15</ele>
      </trkpt>
      <trkpt lat="50.92979" lon="4.45237">
        <ele>17</ele>
      </trkpt>
      <trkpt lat="50.92844" lon="4.45186">
        <ele>19</ele>
      </trkpt>
      <trkpt lat="50.9281" lon="4.45162">
        <ele>18</ele>
      </trkpt>
      <trkpt lat="50.92711" lon="4.45082">
        <ele>18</ele>
      </trkpt>
      <trkpt lat="50.92569" lon="4.44998">
        <ele>17</ele>
      </trkpt>
      <trkpt lat="50.92554" lon="4.44984">
        <ele>16</ele>
      </trkpt>
      <trkpt lat="50.92473" lon="4.44887">
        <ele>16</ele>
      </trkpt>
      <trkpt lat="50.92432" lon="4.44977">
        <ele>16</ele>
      </trkpt>
      <trkpt lat="50.9242" lon="4.44997">
        <ele>16</ele>
      </trkpt>
      <trkpt lat="50.92399" lon="4.45026">
        <ele>17</ele>
      </trkpt>
      <trkpt lat="50.92378" lon="4.45047">
        <ele>17</ele>
      </trkpt>
      <trkpt lat="50.92205" lon="4.45213">
        <ele>15</ele>
      </trkpt>
      <trkpt lat="50.92162" lon="4.45257">
        <ele>16</ele>
      </trkpt>
      <trkpt lat="50.92157" lon="4.45257">
        <ele>16</ele>
      </trkpt>
      <trkpt lat="50.92129" lon="4.45194">
        <ele>17</ele>
      </trkpt>
      <trkpt lat="50.92098" lon="4.45128">
        <ele>17</ele>
      </trkpt>
      <trkpt lat="50.9208" lon="4.45101">
        <ele>17</ele>
      </trkpt>
      <trkpt lat="50.92074" lon="4.45094">
        <ele>17</ele>
      </trkpt>
      <trkpt lat="50.91985" lon="4.45029">
        <ele>18</ele>
      </trkpt>
      <trkpt lat="50.9197" lon="4.45013">
        <ele>18</ele>
      </trkpt>
      <trkpt lat="50.91959" lon="4.44996">
        <ele>18</ele>
      </trkpt>
      <trkpt lat="50.91912" lon="4.44905">
        <ele>18</ele>
      </trkpt>
      <trkpt lat="50.9187" lon="4.44825">
        <ele>18</ele>
      </trkpt>
      <trkpt lat="50.9186" lon="4.44792">
        <ele>18</ele>
      </trkpt>
      <trkpt lat="50.9185" lon="4.44796">
        <ele>18</ele>
      </trkpt>
      <trkpt lat="50.91846" lon="4.44792">
        <ele>18</ele>
      </trkpt>
      <trkpt lat="50.91831" lon="4.44762">
        <ele>19</ele>
      </trkpt>
      <trkpt lat="50.91834" lon="4.44757">
        <ele>19</ele>
      </trkpt>
      <trkpt lat="50.91836" lon="4.44752">
        <ele>19</ele>
      </trkpt>
      <trkpt lat="50.91837" lon="4.4474">
        <ele>19</ele>
      </trkpt>
      <trkpt lat="50.91836" lon="4.44733">
        <ele>19</ele>
      </trkpt>
      <trkpt lat="50.91839" lon="4.44725">
        <ele>19</ele>
      </trkpt>
      <trkpt lat="50.91821" lon="4.44668">
        <ele>19</ele>
      </trkpt>
      <trkpt lat="50.91809" lon="4.44627">
        <ele>19</ele>
      </trkpt>
      <trkpt lat="50.91801" lon="4.44633">
        <ele>19</ele>
      </trkpt>
      <trkpt lat="50.91688" lon="4.44784">
        <ele>20</ele>
      </trkpt>
      <trkpt lat="50.91661" lon="4.44821">
        <ele>21</ele>
      </trkpt>
      <trkpt lat="50.91654" lon="4.44822">
        <ele>21</ele>
      </trkpt>
      <trkpt lat="50.91641" lon="4.44816">
        <ele>21</ele>
      </trkpt>
      <trkpt lat="50.91501" lon="4.44716">
        <ele>23</ele>
      </trkpt>
      <trkpt lat="50.91416" lon="4.4466">
        <ele>23</ele>
      </trkpt>
      <trkpt lat="50.91256" lon="4.44546">
        <ele>26</ele>
      </trkpt>
      <trkpt lat="50.91222" lon="4.44519">
        <ele>26</ele>
      </trkpt>
      <trkpt lat="50.91203" lon="4.44499">
        <ele>27</ele>
      </trkpt>
      <trkpt lat="50.91176" lon="4.44484">
        <ele>28</ele>
      </trkpt>
      <trkpt lat="50.91105" lon="4.44459">
        <ele>29</ele>
      </trkpt>
      <trkpt lat="50.91072" lon="4.44456">
        <ele>29</ele>
      </trkpt>
      <trkpt lat="50.91058" lon="4.44458">
        <ele>29</ele>
      </trkpt>
      <trkpt lat="50.91052" lon="4.44452">
        <ele>29</ele>
      </trkpt>
      <trkpt lat="50.91032" lon="4.44441">
        <ele>30</ele>
      </trkpt>
      <trkpt lat="50.90887" lon="4.44396">
        <ele>32</ele>
      </trkpt>
      <trkpt lat="50.90854" lon="4.44384">
        <ele>32</ele>
      </trkpt>
      <trkpt lat="50.90813" lon="4.44369">
        <ele>31</ele>
      </trkpt>
      <trkpt lat="50.9077" lon="4.44345">
        <ele>31</ele>
      </trkpt>
      <trkpt lat="50.90773" lon="4.44334">
        <ele>31</ele>
      </trkpt>
      <trkpt lat="50.90743" lon="4.44333">
        <ele>31</ele>
      </trkpt>
      <trkpt lat="50.90696" lon="4.44304">
        <ele>31</ele>
      </trkpt>
      <trkpt lat="50.90622" lon="4.44248">
        <ele>32</ele>
      </trkpt>
      <trkpt lat="50.90582" lon="4.44207">
        <ele>33</ele>
      </trkpt>
      <trkpt lat="50.9057" lon="4.44194">
        <ele>33</ele>
      </trkpt>
      <trkpt lat="50.90565" lon="4.44203">
        <ele>33</ele>
      </trkpt>
      <trkpt lat="50.90558" lon="4.44206">
        <ele>33</ele>
      </trkpt>
      <trkpt lat="50.90538" lon="4.4421">
        <ele>33</ele>
      </trkpt>
      <trkpt lat="50.90477" lon="4.44314">
        <ele>34</ele>
      </trkpt>
      <trkpt lat="50.90469" lon="4.44346">
        <ele>34</ele>
      </trkpt>
      <trkpt lat="50.90468" lon="4.44354">
        <ele>34</ele>
      </trkpt>
      <trkpt lat="50.90462" lon="4.4435">
        <ele>34</ele>
      </trkpt>
      <trkpt lat="50.90456" lon="4.44343">
        <ele>34</ele>
      </trkpt>
      <trkpt lat="50.90453" lon="4.44335">
        <ele>34</ele>
      </trkpt>
      <trkpt lat="50.90432" lon="4.44364">
        <ele>34</ele>
      </trkpt>
      <trkpt lat="50.90433" lon="4.44369">
        <ele>34</ele>
      </trkpt>
      <trkpt lat="50.90425" lon="4.44378">
        <ele>34</ele>
      </trkpt>
      <trkpt lat="50.90421" lon="4.44375">
        <ele>34</ele>
      </trkpt>
      <trkpt lat="50.90415" lon="4.44362">
        <ele>34</ele>
      </trkpt>
      <trkpt lat="50.90406" lon="4.44337">
        <ele>34</ele>
      </trkpt>
      <trkpt lat="50.90386" lon="4.443">
        <ele>34</ele>
      </trkpt>
      <trkpt lat="50.90312" lon="4.4419">
        <ele>33</ele>
      </trkpt>
      <trkpt lat="50.90242" lon="4.44098">
        <ele>34</ele>
      </trkpt>
      <trkpt lat="50.90223" lon="4.44078">
        <ele>34</ele>
      </trkpt>
      <trkpt lat="50.90185" lon="4.44058">
        <ele>35</ele>
      </trkpt>
      <trkpt lat="50.90165" lon="4.44043">
        <ele>35</ele>
      </trkpt>
      <trkpt lat="50.90105" lon="4.43985">
        <ele>35</ele>
      </trkpt>
      <trkpt lat="50.90074" lon="4.43962">
        <ele>34</ele>
      </trkpt>
      <trkpt lat="50.90051" lon="4.43948">
        <ele>34</ele>
      </trkpt>
      <trkpt lat="50.90034" lon="4.43944">
        <ele>33</ele>
      </trkpt>
      <trkpt lat="50.90025" lon="4.43947">
        <ele>33</ele>
      </trkpt>
      <trkpt lat="50.90013" lon="4.43957">
        <ele>31</ele>
      </trkpt>
      <trkpt lat="50.90004" lon="4.43971">
        <ele>31</ele>
      </trkpt>
      <trkpt lat="50.89958" lon="4.44053">
        <ele>33</ele>
      </trkpt>
      <trkpt lat="50.89954" lon="4.44065">
        <ele>33</ele>
      </trkpt>
      <trkpt lat="50.89935" lon="4.441">
        <ele>34</ele>
      </trkpt>
      <trkpt lat="50.89932" lon="4.44103">
        <ele>34</ele>
      </trkpt>
      <trkpt lat="50.89894" lon="4.44203">
        <ele>34</ele>
      </trkpt>
      <trkpt lat="50.8988" lon="4.44237">
        <ele>35</ele>
      </trkpt>
      <trkpt lat="50.89868" lon="4.44262">
        <ele>35</ele>
      </trkpt>
      <trkpt lat="50.89863" lon="4.4428">
        <ele>35</ele>
      </trkpt>
      <trkpt lat="50.89844" lon="4.44323">
        <ele>35</ele>
      </trkpt>
      <trkpt lat="50.89828" lon="4.44349">
        <ele>36</ele>
      </trkpt>
      <trkpt lat="50.89707" lon="4.44603">
        <ele>36</ele>
      </trkpt>
      <trkpt lat="50.89652" lon="4.44741">
        <ele>35</ele>
      </trkpt>
      <trkpt lat="50.89447" lon="4.45293">
        <ele>31</ele>
      </trkpt>
      <trkpt lat="50.89399" lon="4.45485">
        <ele>32</ele>
      </trkpt>
      <trkpt lat="50.89363" lon="4.45623">
        <ele>33</ele>
      </trkpt>
      <trkpt lat="50.89363" lon="4.45638">
        <ele>33</ele>
      </trkpt>
      <trkpt lat="50.89368" lon="4.45648">
        <ele>33</ele>
      </trkpt>
      <trkpt lat="50.89386" lon="4.45665">
        <ele>34</ele>
      </trkpt>
      <trkpt lat="50.89404" lon="4.45689">
        <ele>34</ele>
      </trkpt>
      <trkpt lat="50.89418" lon="4.45713">
        <ele>34</ele>
      </trkpt>
      <trkpt lat="50.89475" lon="4.45829">
        <ele>35</ele>
      </trkpt>
      <trkpt lat="50.89482" lon="4.45855">
        <ele>35</ele>
      </trkpt>
      <trkpt lat="50.89484" lon="4.45873">
        <ele>35</ele>
      </trkpt>
      <trkpt lat="50.89483" lon="4.4591">
        <ele>35</ele>
      </trkpt>
      <trkpt lat="50.8948" lon="4.45927">
        <ele>35</ele>
      </trkpt>
      <trkpt lat="50.8947" lon="4.45955">
        <ele>35</ele>
      </trkpt>
      <trkpt lat="50.89454" lon="4.45977">
        <ele>35</ele>
      </trkpt>
      <trkpt lat="50.89313" lon="4.46095">
        <ele>34</ele>
      </trkpt>
      <trkpt lat="50.8929" lon="4.46119">
        <ele>34</ele>
      </trkpt>
      <trkpt lat="50.89275" lon="4.4614">
        <ele>33</ele>
      </trkpt>
      <trkpt lat="50.89267" lon="4.46156">
        <ele>33</ele>
      </trkpt>
      <trkpt lat="50.89268" lon="4.46162">
        <ele>32</ele>
      </trkpt>
      <trkpt lat="50.89264" lon="4.46173">
        <ele>31</ele>
      </trkpt>
      <trkpt lat="50.89258" lon="4.46178">
        <ele>31</ele>
      </trkpt>
      <trkpt lat="50.89249" lon="4.46174">
        <ele>30</ele>
      </trkpt>
      <trkpt lat="50.89245" lon="4.46184">
        <ele>30</ele>
      </trkpt>
      <trkpt lat="50.89222" lon="4.46284">
        <ele>29</ele>
      </trkpt>
      <trkpt lat="50.89216" lon="4.46319">
        <ele>30</ele>
      </trkpt>
      <trkpt lat="50.89192" lon="4.46538">
        <ele>32</ele>
      </trkpt>
      <trkpt lat="50.89187" lon="4.46565">
        <ele>33</ele>
      </trkpt>
      <trkpt lat="50.89156" lon="4.46678">
        <ele>35</ele>
      </trkpt>
      <trkpt lat="50.89146" lon="4.46703">
        <ele>35</ele>
      </trkpt>
      <trkpt lat="50.89145" lon="4.46715">
        <ele>35</ele>
      </trkpt>
      <trkpt lat="50.89133" lon="4.46762">
        <ele>36</ele>
      </trkpt>
      <trkpt lat="50.89128" lon="4.46769">
        <ele>36</ele>
      </trkpt>
      <trkpt lat="50.89124" lon="4.46769">
        <ele>36</ele>
      </trkpt>
      <trkpt lat="50.891" lon="4.46849">
        <ele>37</ele>
      </trkpt>
      <trkpt lat="50.89101" lon="4.46853">
        <ele>37</ele>
      </trkpt>
      <trkpt lat="50.89101" lon="4.46866">
        <ele>38</ele>
      </trkpt>
      <trkpt lat="50.8908" lon="4.46911">
        <ele>38</ele>
      </trkpt>
      <trkpt lat="50.89049" lon="4.46986">
        <ele>38</ele>
      </trkpt>
      <trkpt lat="50.89024" lon="4.4704">
        <ele>39</ele>
      </trkpt>
      <trkpt lat="50.89017" lon="4.47056">
        <ele>39</ele>
      </trkpt>
      <trkpt lat="50.8901" lon="4.47083">
        <ele>40</ele>
      </trkpt>
      <trkpt lat="50.89016" lon="4.4709">
        <ele>39</ele>
      </trkpt>
      <trkpt lat="50.8902" lon="4.471">
        <ele>39</ele>
      </trkpt>
      <trkpt lat="50.89021" lon="4.47111">
        <ele>39</ele>
      </trkpt>
      <trkpt lat="50.89019" lon="4.47121">
        <ele>39</ele>
      </trkpt>
      <trkpt lat="50.89015" lon="4.47128">
        <ele>39</ele>
      </trkpt>
      <trkpt lat="50.89009" lon="4.47133">
        <ele>40</ele>
      </trkpt>
      <trkpt lat="50.89001" lon="4.47134">
        <ele>40</ele>
      </trkpt>
      <trkpt lat="50.88994" lon="4.47128">
        <ele>40</ele>
      </trkpt>
      <trkpt lat="50.88932" lon="4.47244">
        <ele>41</ele>
      </trkpt>
      <trkpt lat="50.88914" lon="4.47274">
        <ele>42</ele>
      </trkpt>
      <trkpt lat="50.88882" lon="4.4731">
        <ele>42</ele>
      </trkpt>
      <trkpt lat="50.88777" lon="4.47364">
        <ele>44</ele>
      </trkpt>
      <trkpt lat="50.88706" lon="4.47388">
        <ele>45</ele>
      </trkpt>
      <trkpt lat="50.88667" lon="4.47398">
        <ele>45</ele>
      </trkpt>
      <trkpt lat="50.88535" lon="4.47424">
        <ele>45</ele>
      </trkpt>
      <trkpt lat="50.88516" lon="4.47426">
        <ele>45</ele>
      </trkpt>
      <trkpt lat="50.88494" lon="4.47425">
        <ele>45</ele>
      </trkpt>
      <trkpt lat="50.88261" lon="4.47402">
        <ele>45</ele>
      </trkpt>
      <trkpt lat="50.88235" lon="4.47403">
        <ele>45</ele>
      </trkpt>
      <trkpt lat="50.88153" lon="4.47436">
        <ele>44</ele>
      </trkpt>
      <trkpt lat="50.88121" lon="4.47463">
        <ele>43</ele>
      </trkpt>
      <trkpt lat="50.88096" lon="4.47473">
        <ele>41</ele>
      </trkpt>
      <trkpt lat="50.88073" lon="4.47474">
        <ele>41</ele>
      </trkpt>
      <trkpt lat="50.88059" lon="4.4747">
        <ele>40</ele>
      </trkpt>
      <trkpt lat="50.88045" lon="4.47461">
        <ele>40</ele>
      </trkpt>
      <trkpt lat="50.88041" lon="4.47481">
        <ele>40</ele>
      </trkpt>
      <trkpt lat="50.88064" lon="4.47537">
        <ele>39</ele>
      </trkpt>
      <trkpt lat="50.88076" lon="4.47566">
        <ele>40</ele>
      </trkpt>
      <trkpt lat="50.88099" lon="4.47636">
        <ele>41</ele>
      </trkpt>
      <trkpt lat="50.88108" lon="4.47668">
        <ele>41</ele>
      </trkpt>
      <trkpt lat="50.88118" lon="4.47711">
        <ele>42</ele>
      </trkpt>
      <trkpt lat="50.88162" lon="4.47953">
        <ele>41</ele>
      </trkpt>
      <trkpt lat="50.88165" lon="4.48019">
        <ele>41</ele>
      </trkpt>
      <trkpt lat="50.88165" lon="4.48065">
        <ele>41</ele>
      </trkpt>
      <trkpt lat="50.88163" lon="4.48085">
        <ele>41</ele>
      </trkpt>
      <trkpt lat="50.88153" lon="4.48092">
        <ele>41</ele>
      </trkpt>
      <trkpt lat="50.88132" lon="4.48113">
        <ele>40</ele>
      </trkpt>
      <trkpt lat="50.88122" lon="4.48117">
        <ele>40</ele>
      </trkpt>
      <trkpt lat="50.88111" lon="4.48135">
        <ele>41</ele>
      </trkpt>
      <trkpt lat="50.8799" lon="4.48359">
        <ele>47</ele>
      </trkpt>
      <trkpt lat="50.87963" lon="4.48395">
        <ele>47</ele>
      </trkpt>
      <trkpt lat="50.87951" lon="4.48405">
        <ele>47</ele>
      </trkpt>
      <trkpt lat="50.87918" lon="4.48422">
        <ele>49</ele>
      </trkpt>
      <trkpt lat="50.87898" lon="4.48426">
        <ele>49</ele>
      </trkpt>
      <trkpt lat="50.87811" lon="4.48422">
        <ele>52</ele>
      </trkpt>
      <trkpt lat="50.87758" lon="4.48425">
        <ele>55</ele>
      </trkpt>
      <trkpt lat="50.87703" lon="4.48432">
        <ele>55</ele>
      </trkpt>
      <trkpt lat="50.8767" lon="4.4844">
        <ele>57</ele>
      </trkpt>
      <trkpt lat="50.8759" lon="4.48469">
        <ele>59</ele>
      </trkpt>
      <trkpt lat="50.87525" lon="4.48496">
        <ele>59</ele>
      </trkpt>
      <trkpt lat="50.87478" lon="4.48516">
        <ele>61</ele>
      </trkpt>
      <trkpt lat="50.87466" lon="4.48527">
        <ele>61</ele>
      </trkpt>
      <trkpt lat="50.87449" lon="4.48534">
        <ele>61</ele>
      </trkpt>
      <trkpt lat="50.87434" lon="4.48534">
        <ele>62</ele>
      </trkpt>
      <trkpt lat="50.87421" lon="4.4854">
        <ele>63</ele>
      </trkpt>
      <trkpt lat="50.8737" lon="4.48569">
        <ele>64</ele>
      </trkpt>
      <trkpt lat="50.87367" lon="4.48579">
        <ele>63</ele>
      </trkpt>
      <trkpt lat="50.87365" lon="4.48581">
        <ele>63</ele>
      </trkpt>
      <trkpt lat="50.87349" lon="4.48589">
        <ele>64</ele>
      </trkpt>
      <trkpt lat="50.87347" lon="4.48588">
        <ele>65</ele>
      </trkpt>
      <trkpt lat="50.87342" lon="4.48588">
        <ele>65</ele>
      </trkpt>
      <trkpt lat="50.87267" lon="4.48623">
        <ele>66</ele>
      </trkpt>
      <trkpt lat="50.87204" lon="4.48658">
        <ele>66</ele>
      </trkpt>
      <trkpt lat="50.87191" lon="4.48672">
        <ele>66</ele>
      </trkpt>
      <trkpt lat="50.87164" lon="4.48713">
        <ele>66</ele>
      </trkpt>
      <trkpt lat="50.87152" lon="4.48705">
        <ele>66</ele>
      </trkpt>
      <trkpt lat="50.87126" lon="4.48761">
        <ele>66</ele>
      </trkpt>
      <trkpt lat="50.87098" lon="4.4884">
        <ele>67</ele>
      </trkpt>
      <trkpt lat="50.86986" lon="4.49157">
        <ele>68</ele>
      </trkpt>
      <trkpt lat="50.86979" lon="4.4919">
        <ele>67</ele>
      </trkpt>
      <trkpt lat="50.86973" lon="4.4924">
        <ele>67</ele>
      </trkpt>
      <trkpt lat="50.86971" lon="4.49555">
        <ele>68</ele>
      </trkpt>
      <trkpt lat="50.86968" lon="4.49673">
        <ele>68</ele>
      </trkpt>
      <trkpt lat="50.86973" lon="4.49679">
        <ele>68</ele>
      </trkpt>
      <trkpt lat="50.86971" lon="4.4985">
        <ele>68</ele>
      </trkpt>
      <trkpt lat="50.8697" lon="4.5011">
        <ele>66</ele>
      </trkpt>
      <trkpt lat="50.86974" lon="4.50416">
        <ele>65</ele>
      </trkpt>
      <trkpt lat="50.86987" lon="4.50569">
        <ele>65</ele>
      </trkpt>
      <trkpt lat="50.87018" lon="4.50806">
        <ele>66</ele>
      </trkpt>
      <trkpt lat="50.87025" lon="4.50871">
        <ele>66</ele>
      </trkpt>
      <trkpt lat="50.87035" lon="4.50999">
        <ele>67</ele>
      </trkpt>
      <trkpt lat="50.87042" lon="4.51133">
        <ele>67</ele>
      </trkpt>
      <trkpt lat="50.87064" lon="4.51378">
        <ele>65</ele>
      </trkpt>
      <trkpt lat="50.87077" lon="4.51541">
        <ele>66</ele>
      </trkpt>
      <trkpt lat="50.87083" lon="4.51571">
        <ele>66</ele>
      </trkpt>
      <trkpt lat="50.87118" lon="4.51708">
        <ele>67</ele>
      </trkpt>
      <trkpt lat="50.87148" lon="4.51796">
        <ele>67</ele>
      </trkpt>
      <trkpt lat="50.87169" lon="4.5186">
        <ele>68</ele>
      </trkpt>
      <trkpt lat="50.87217" lon="4.52044">
        <ele>69</ele>
      </trkpt>
      <trkpt lat="50.87259" lon="4.52249">
        <ele>72</ele>
      </trkpt>
      <trkpt lat="50.87307" lon="4.52455">
        <ele>71</ele>
      </trkpt>
      <trkpt lat="50.87306" lon="4.52481">
        <ele>71</ele>
      </trkpt>
      <trkpt lat="50.87312" lon="4.52487">
        <ele>71</ele>
      </trkpt>
      <trkpt lat="50.87318" lon="4.525">
        <ele>71</ele>
      </trkpt>
      <trkpt lat="50.87319" lon="4.52513">
        <ele>71</ele>
      </trkpt>
      <trkpt lat="50.87317" lon="4.52519">
        <ele>71</ele>
      </trkpt>
      <trkpt lat="50.87356" lon="4.52653">
        <ele>68</ele>
      </trkpt>
      <trkpt lat="50.87456" lon="4.52998">
        <ele>62</ele>
      </trkpt>
      <trkpt lat="50.8749" lon="4.53105">
        <ele>61</ele>
      </trkpt>
      <trkpt lat="50.87587" lon="4.53349">
        <ele>55</ele>
      </trkpt>
      <trkpt lat="50.87604" lon="4.53404">
        <ele>53</ele>
      </trkpt>
      <trkpt lat="50.87616" lon="4.53445">
        <ele>53</ele>
      </trkpt>
      <trkpt lat="50.87626" lon="4.53497">
        <ele>53</ele>
      </trkpt>
      <trkpt lat="50.87647" lon="4.53653">
        <ele>54</ele>
      </trkpt>
      <trkpt lat="50.87654" lon="4.53717">
        <ele>55</ele>
      </trkpt>
      <trkpt lat="50.87657" lon="4.53812">
        <ele>55</ele>
      </trkpt>
      <trkpt lat="50.87656" lon="4.53837">
        <ele>56</ele>
      </trkpt>
      <trkpt lat="50.87652" lon="4.53904">
        <ele>56</ele>
      </trkpt>
      <trkpt lat="50.87638" lon="4.54032">
        <ele>55</ele>
      </trkpt>
      <trkpt lat="50.87634" lon="4.54054">
        <ele>57</ele>
      </trkpt>
      <trkpt lat="50.87628" lon="4.54072">
        <ele>57</ele>
      </trkpt>
      <trkpt lat="50.87605" lon="4.54126">
        <ele>59</ele>
      </trkpt>
      <trkpt lat="50.87598" lon="4.54159">
        <ele>60</ele>
      </trkpt>
      <trkpt lat="50.87594" lon="4.54184">
        <ele>62</ele>
      </trkpt>
      <trkpt lat="50.87593" lon="4.5421">
        <ele>62</ele>
      </trkpt>
      <trkpt lat="50.87595" lon="4.54242">
        <ele>62</ele>
      </trkpt>
      <trkpt lat="50.87604" lon="4.54284">
        <ele>63</ele>
      </trkpt>
      <trkpt lat="50.8763" lon="4.54378">
        <ele>62</ele>
      </trkpt>
      <trkpt lat="50.87632" lon="4.54377">
        <ele>62</ele>
      </trkpt>
      <trkpt lat="50.87637" lon="4.54381">
        <ele>62</ele>
      </trkpt>
      <trkpt lat="50.87644" lon="4.54395">
        <ele>62</ele>
      </trkpt>
      <trkpt lat="50.87645" lon="4.544">
        <ele>62</ele>
      </trkpt>
      <trkpt lat="50.87709" lon="4.54533">
        <ele>59</ele>
      </trkpt>
      <trkpt lat="50.87722" lon="4.54561">
        <ele>60</ele>
      </trkpt>
      <trkpt lat="50.87759" lon="4.54667">
        <ele>59</ele>
      </trkpt>
      <trkpt lat="50.87783" lon="4.54728">
        <ele>65</ele>
      </trkpt>
      <trkpt lat="50.87805" lon="4.54777">
        <ele>61</ele>
      </trkpt>
      <trkpt lat="50.87825" lon="4.5483">
        <ele>60</ele>
      </trkpt>
      <trkpt lat="50.87847" lon="4.54906">
        <ele>60</ele>
      </trkpt>
      <trkpt lat="50.87859" lon="4.54962">
        <ele>62</ele>
      </trkpt>
      <trkpt lat="50.8788" lon="4.5509">
        <ele>55</ele>
      </trkpt>
      <trkpt lat="50.87885" lon="4.55132">
        <ele>54</ele>
      </trkpt>
    </trkseg>
  </trk>
</gpx>