<?xml version='1.0' encoding='UTF-8'?>
<gpx xmlns="http://www.topografix.com/GPX/1/1" xmlns:xsi="http://www.w3.org/2001/XMLSchema-instance" creator="RouteYou" version="1.1" xsi:schemaLocation="http://www.topografix.com/GPX/1/1 http://www.topografix.com/GPX/1/1/gpx.xsd">
  <trk>
    <name>Schriek 2025</name>
    <desc />
    <trkseg>
      <trkpt lat="50.87887" lon="4.55146">
        <ele>54</ele>
      </trkpt>
      <trkpt lat="50.8789" lon="4.55174">
        <ele>52</ele>
      </trkpt>
      <trkpt lat="50.87926" lon="4.5547">
        <ele>51</ele>
      </trkpt>
      <trkpt lat="50.87933" lon="4.55516">
        <ele>54</ele>
      </trkpt>
      <trkpt lat="50.87985" lon="4.55718">
        <ele>55</ele>
      </trkpt>
      <trkpt lat="50.88046" lon="4.5608">
        <ele>59</ele>
      </trkpt>
      <trkpt lat="50.88051" lon="4.56137">
        <ele>59</ele>
      </trkpt>
      <trkpt lat="50.88048" lon="4.56195">
        <ele>59</ele>
      </trkpt>
      <trkpt lat="50.88007" lon="4.56408">
        <ele>51</ele>
      </trkpt>
      <trkpt lat="50.88005" lon="4.56437">
        <ele>49</ele>
      </trkpt>
      <trkpt lat="50.88009" lon="4.56619">
        <ele>46</ele>
      </trkpt>
      <trkpt lat="50.88004" lon="4.56625">
        <ele>46</ele>
      </trkpt>
      <trkpt lat="50.88002" lon="4.56636">
        <ele>46</ele>
      </trkpt>
      <trkpt lat="50.88006" lon="4.56644">
        <ele>46</ele>
      </trkpt>
      <trkpt lat="50.88012" lon="4.56647">
        <ele>46</ele>
      </trkpt>
      <trkpt lat="50.88013" lon="4.5667">
        <ele>46</ele>
      </trkpt>
      <trkpt lat="50.88012" lon="4.56689">
        <ele>46</ele>
      </trkpt>
      <trkpt lat="50.8802" lon="4.56788">
        <ele>46</ele>
      </trkpt>
      <trkpt lat="50.88014" lon="4.56811">
        <ele>46</ele>
      </trkpt>
      <trkpt lat="50.87954" lon="4.56903">
        <ele>46</ele>
      </trkpt>
      <trkpt lat="50.87914" lon="4.56977">
        <ele>48</ele>
      </trkpt>
      <trkpt lat="50.87911" lon="4.56987">
        <ele>48</ele>
      </trkpt>
      <trkpt lat="50.8792" lon="4.57054">
        <ele>49</ele>
      </trkpt>
      <trkpt lat="50.87899" lon="4.57089">
        <ele>49</ele>
      </trkpt>
      <trkpt lat="50.87882" lon="4.57121">
        <ele>48</ele>
      </trkpt>
      <trkpt lat="50.87903" lon="4.5716">
        <ele>48</ele>
      </trkpt>
      <trkpt lat="50.87931" lon="4.57211">
        <ele>47</ele>
      </trkpt>
      <trkpt lat="50.87971" lon="4.57336">
        <ele>44</ele>
      </trkpt>
      <trkpt lat="50.8799" lon="4.57392">
        <ele>44</ele>
      </trkpt>
      <trkpt lat="50.88015" lon="4.57443">
        <ele>42</ele>
      </trkpt>
      <trkpt lat="50.88125" lon="4.57644">
        <ele>40</ele>
      </trkpt>
      <trkpt lat="50.88194" lon="4.57805">
        <ele>37</ele>
      </trkpt>
      <trkpt lat="50.8826" lon="4.58019">
        <ele>37</ele>
      </trkpt>
      <trkpt lat="50.88302" lon="4.58173">
        <ele>39</ele>
      </trkpt>
      <trkpt lat="50.88308" lon="4.58191">
        <ele>40</ele>
      </trkpt>
      <trkpt lat="50.88349" lon="4.58118">
        <ele>38</ele>
      </trkpt>
      <trkpt lat="50.88383" lon="4.58076">
        <ele>38</ele>
      </trkpt>
      <trkpt lat="50.884" lon="4.58055">
        <ele>38</ele>
      </trkpt>
      <trkpt lat="50.88539" lon="4.57909">
        <ele>42</ele>
      </trkpt>
      <trkpt lat="50.88625" lon="4.57824">
        <ele>44</ele>
      </trkpt>
      <trkpt lat="50.88683" lon="4.57761">
        <ele>43</ele>
      </trkpt>
      <trkpt lat="50.88719" lon="4.57719">
        <ele>44</ele>
      </trkpt>
      <trkpt lat="50.88743" lon="4.5768">
        <ele>44</ele>
      </trkpt>
      <trkpt lat="50.88757" lon="4.57651">
        <ele>44</ele>
      </trkpt>
      <trkpt lat="50.88812" lon="4.57508">
        <ele>41</ele>
      </trkpt>
      <trkpt lat="50.8883" lon="4.57476">
        <ele>42</ele>
      </trkpt>
      <trkpt lat="50.88868" lon="4.57423">
        <ele>39</ele>
      </trkpt>
      <trkpt lat="50.88905" lon="4.57386">
        <ele>40</ele>
      </trkpt>
      <trkpt lat="50.89021" lon="4.57268">
        <ele>37</ele>
      </trkpt>
      <trkpt lat="50.8905" lon="4.57229">
        <ele>37</ele>
      </trkpt>
      <trkpt lat="50.89088" lon="4.57167">
        <ele>37</ele>
      </trkpt>
      <trkpt lat="50.89097" lon="4.57141">
        <ele>36</ele>
      </trkpt>
      <trkpt lat="50.89102" lon="4.57116">
        <ele>36</ele>
      </trkpt>
      <trkpt lat="50.89109" lon="4.57092">
        <ele>36</ele>
      </trkpt>
      <trkpt lat="50.89128" lon="4.57063">
        <ele>36</ele>
      </trkpt>
      <trkpt lat="50.89138" lon="4.57056">
        <ele>35</ele>
      </trkpt>
      <trkpt lat="50.89141" lon="4.57065">
        <ele>36</ele>
      </trkpt>
      <trkpt lat="50.89145" lon="4.57071">
        <ele>36</ele>
      </trkpt>
      <trkpt lat="50.89151" lon="4.57074">
        <ele>36</ele>
      </trkpt>
      <trkpt lat="50.89157" lon="4.57074">
        <ele>35</ele>
      </trkpt>
      <trkpt lat="50.89162" lon="4.57071">
        <ele>35</ele>
      </trkpt>
      <trkpt lat="50.89167" lon="4.57066">
        <ele>35</ele>
      </trkpt>
      <trkpt lat="50.8917" lon="4.57058">
        <ele>35</ele>
      </trkpt>
      <trkpt lat="50.89171" lon="4.5705">
        <ele>35</ele>
      </trkpt>
      <trkpt lat="50.89171" lon="4.57041">
        <ele>35</ele>
      </trkpt>
      <trkpt lat="50.89183" lon="4.57035">
        <ele>35</ele>
      </trkpt>
      <trkpt lat="50.89201" lon="4.57013">
        <ele>35</ele>
      </trkpt>
      <trkpt lat="50.89267" lon="4.5692">
        <ele>34</ele>
      </trkpt>
      <trkpt lat="50.89291" lon="4.5689">
        <ele>34</ele>
      </trkpt>
      <trkpt lat="50.89387" lon="4.56783">
        <ele>36</ele>
      </trkpt>
      <trkpt lat="50.89465" lon="4.56684">
        <ele>37</ele>
      </trkpt>
      <trkpt lat="50.89624" lon="4.56534">
        <ele>37</ele>
      </trkpt>
      <trkpt lat="50.89716" lon="4.5644">
        <ele>37</ele>
      </trkpt>
      <trkpt lat="50.90068" lon="4.56066">
        <ele>35</ele>
      </trkpt>
      <trkpt lat="50.90072" lon="4.56077">
        <ele>36</ele>
      </trkpt>
      <trkpt lat="50.90087" lon="4.56125">
        <ele>36</ele>
      </trkpt>
      <trkpt lat="50.90138" lon="4.56217">
        <ele>35</ele>
      </trkpt>
      <trkpt lat="50.90322" lon="4.56612">
        <ele>35</ele>
      </trkpt>
      <trkpt lat="50.90398" lon="4.56765">
        <ele>35</ele>
      </trkpt>
      <trkpt lat="50.90457" lon="4.569">
        <ele>34</ele>
      </trkpt>
      <trkpt lat="50.90473" lon="4.56917">
        <ele>33</ele>
      </trkpt>
      <trkpt lat="50.90484" lon="4.56941">
        <ele>33</ele>
      </trkpt>
      <trkpt lat="50.90495" lon="4.56963">
        <ele>33</ele>
      </trkpt>
      <trkpt lat="50.90503" lon="4.56975">
        <ele>33</ele>
      </trkpt>
      <trkpt lat="50.90545" lon="4.5693">
        <ele>31</ele>
      </trkpt>
      <trkpt lat="50.90561" lon="4.56905">
        <ele>31</ele>
      </trkpt>
      <trkpt lat="50.90633" lon="4.56782">
        <ele>28</ele>
      </trkpt>
      <trkpt lat="50.90672" lon="4.56709">
        <ele>28</ele>
      </trkpt>
      <trkpt lat="50.90706" lon="4.56652">
        <ele>27</ele>
      </trkpt>
      <trkpt lat="50.90796" lon="4.56501">
        <ele>27</ele>
      </trkpt>
      <trkpt lat="50.9082" lon="4.56534">
        <ele>28</ele>
      </trkpt>
      <trkpt lat="50.90839" lon="4.56543">
        <ele>27</ele>
      </trkpt>
      <trkpt lat="50.90864" lon="4.56544">
        <ele>27</ele>
      </trkpt>
      <trkpt lat="50.9088" lon="4.56534">
        <ele>27</ele>
      </trkpt>
      <trkpt lat="50.91083" lon="4.56358">
        <ele>27</ele>
      </trkpt>
      <trkpt lat="50.91111" lon="4.56342">
        <ele>27</ele>
      </trkpt>
      <trkpt lat="50.91152" lon="4.56332">
        <ele>27</ele>
      </trkpt>
      <trkpt lat="50.91169" lon="4.56334">
        <ele>27</ele>
      </trkpt>
      <trkpt lat="50.91543" lon="4.56432">
        <ele>26</ele>
      </trkpt>
      <trkpt lat="50.91575" lon="4.56434">
        <ele>25</ele>
      </trkpt>
      <trkpt lat="50.91608" lon="4.5643">
        <ele>25</ele>
      </trkpt>
      <trkpt lat="50.9164" lon="4.56416">
        <ele>25</ele>
      </trkpt>
      <trkpt lat="50.91661" lon="4.56403">
        <ele>25</ele>
      </trkpt>
      <trkpt lat="50.91778" lon="4.56319">
        <ele>24</ele>
      </trkpt>
      <trkpt lat="50.91803" lon="4.56307">
        <ele>24</ele>
      </trkpt>
      <trkpt lat="50.91836" lon="4.56303">
        <ele>24</ele>
      </trkpt>
      <trkpt lat="50.91858" lon="4.56305">
        <ele>24</ele>
      </trkpt>
      <trkpt lat="50.91869" lon="4.56301">
        <ele>23</ele>
      </trkpt>
      <trkpt lat="50.91899" lon="4.56279">
        <ele>23</ele>
      </trkpt>
      <trkpt lat="50.91937" lon="4.56252">
        <ele>23</ele>
      </trkpt>
      <trkpt lat="50.91994" lon="4.56199">
        <ele>22</ele>
      </trkpt>
      <trkpt lat="50.91998" lon="4.5621">
        <ele>22</ele>
      </trkpt>
      <trkpt lat="50.92037" lon="4.56314">
        <ele>21</ele>
      </trkpt>
      <trkpt lat="50.92044" lon="4.56328">
        <ele>21</ele>
      </trkpt>
      <trkpt lat="50.92125" lon="4.56229">
        <ele>20</ele>
      </trkpt>
      <trkpt lat="50.92132" lon="4.56226">
        <ele>19</ele>
      </trkpt>
      <trkpt lat="50.92147" lon="4.5623">
        <ele>19</ele>
      </trkpt>
      <trkpt lat="50.9216" lon="4.5624">
        <ele>19</ele>
      </trkpt>
      <trkpt lat="50.9217" lon="4.56254">
        <ele>19</ele>
      </trkpt>
      <trkpt lat="50.92264" lon="4.56428">
        <ele>18</ele>
      </trkpt>
      <trkpt lat="50.92268" lon="4.56438">
        <ele>18</ele>
      </trkpt>
      <trkpt lat="50.92293" lon="4.56569">
        <ele>17</ele>
      </trkpt>
      <trkpt lat="50.92309" lon="4.56607">
        <ele>17</ele>
      </trkpt>
      <trkpt lat="50.92357" lon="4.56679">
        <ele>17</ele>
      </trkpt>
      <trkpt lat="50.92396" lon="4.56614">
        <ele>16</ele>
      </trkpt>
      <trkpt lat="50.92441" lon="4.56542">
        <ele>17</ele>
      </trkpt>
      <trkpt lat="50.92467" lon="4.56504">
        <ele>17</ele>
      </trkpt>
      <trkpt lat="50.92486" lon="4.56487">
        <ele>18</ele>
      </trkpt>
      <trkpt lat="50.9252" lon="4.56471">
        <ele>18</ele>
      </trkpt>
      <trkpt lat="50.92554" lon="4.5647">
        <ele>18</ele>
      </trkpt>
      <trkpt lat="50.92575" lon="4.56475">
        <ele>17</ele>
      </trkpt>
      <trkpt lat="50.92616" lon="4.565">
        <ele>16</ele>
      </trkpt>
      <trkpt lat="50.92825" lon="4.5664">
        <ele>14</ele>
      </trkpt>
      <trkpt lat="50.92856" lon="4.56679">
        <ele>14</ele>
      </trkpt>
      <trkpt lat="50.92875" lon="4.56709">
        <ele>14</ele>
      </trkpt>
      <trkpt lat="50.92954" lon="4.56862">
        <ele>15</ele>
      </trkpt>
      <trkpt lat="50.93038" lon="4.5702">
        <ele>15</ele>
      </trkpt>
      <trkpt lat="50.9305" lon="4.57037">
        <ele>15</ele>
      </trkpt>
      <trkpt lat="50.93066" lon="4.57045">
        <ele>15</ele>
      </trkpt>
      <trkpt lat="50.93078" lon="4.57047">
        <ele>15</ele>
      </trkpt>
      <trkpt lat="50.93087" lon="4.57046">
        <ele>15</ele>
      </trkpt>
      <trkpt lat="50.93099" lon="4.57037">
        <ele>14</ele>
      </trkpt>
      <trkpt lat="50.93226" lon="4.56877">
        <ele>14</ele>
      </trkpt>
      <trkpt lat="50.93545" lon="4.5656">
        <ele>13</ele>
      </trkpt>
      <trkpt lat="50.93627" lon="4.56478">
        <ele>12</ele>
      </trkpt>
      <trkpt lat="50.93688" lon="4.56422">
        <ele>12</ele>
      </trkpt>
      <trkpt lat="50.93729" lon="4.56393">
        <ele>12</ele>
      </trkpt>
      <trkpt lat="50.93763" lon="4.56379">
        <ele>13</ele>
      </trkpt>
      <trkpt lat="50.9378" lon="4.56376">
        <ele>13</ele>
      </trkpt>
      <trkpt lat="50.93803" lon="4.56375">
        <ele>13</ele>
      </trkpt>
      <trkpt lat="50.94038" lon="4.56411">
        <ele>13</ele>
      </trkpt>
      <trkpt lat="50.9411" lon="4.56444">
        <ele>13</ele>
      </trkpt>
      <trkpt lat="50.94133" lon="4.56448">
        <ele>13</ele>
      </trkpt>
      <trkpt lat="50.94258" lon="4.56441">
        <ele>13</ele>
      </trkpt>
      <trkpt lat="50.94281" lon="4.56436">
        <ele>13</ele>
      </trkpt>
      <trkpt lat="50.94354" lon="4.56444">
        <ele>12</ele>
      </trkpt>
      <trkpt lat="50.94409" lon="4.56438">
        <ele>11</ele>
      </trkpt>
      <trkpt lat="50.9445" lon="4.56436">
        <ele>11</ele>
      </trkpt>
      <trkpt lat="50.94477" lon="4.56446">
        <ele>10</ele>
      </trkpt>
      <trkpt lat="50.94506" lon="4.56465">
        <ele>11</ele>
      </trkpt>
      <trkpt lat="50.94525" lon="4.56471">
        <ele>11</ele>
      </trkpt>
      <trkpt lat="50.94685" lon="4.56476">
        <ele>10</ele>
      </trkpt>
      <trkpt lat="50.94734" lon="4.56478">
        <ele>10</ele>
      </trkpt>
      <trkpt lat="50.94761" lon="4.56474">
        <ele>10</ele>
      </trkpt>
      <trkpt lat="50.94984" lon="4.56395">
        <ele>11</ele>
      </trkpt>
      <trkpt lat="50.95075" lon="4.56349">
        <ele>11</ele>
      </trkpt>
      <trkpt lat="50.95146" lon="4.56298">
        <ele>10</ele>
      </trkpt>
      <trkpt lat="50.95327" lon="4.56139">
        <ele>10</ele>
      </trkpt>
      <trkpt lat="50.95393" lon="4.56078">
        <ele>9</ele>
      </trkpt>
      <trkpt lat="50.95404" lon="4.56065">
        <ele>9</ele>
      </trkpt>
      <trkpt lat="50.95554" lon="4.55787">
        <ele>9</ele>
      </trkpt>
      <trkpt lat="50.95572" lon="4.55747">
        <ele>9</ele>
      </trkpt>
      <trkpt lat="50.95589" lon="4.55699">
        <ele>10</ele>
      </trkpt>
      <trkpt lat="50.95618" lon="4.55595">
        <ele>10</ele>
      </trkpt>
      <trkpt lat="50.95634" lon="4.5557">
        <ele>10</ele>
      </trkpt>
      <trkpt lat="50.95647" lon="4.55554">
        <ele>11</ele>
      </trkpt>
      <trkpt lat="50.95664" lon="4.55544">
        <ele>11</ele>
      </trkpt>
      <trkpt lat="50.95744" lon="4.55512">
        <ele>10</ele>
      </trkpt>
      <trkpt lat="50.95747" lon="4.55511">
        <ele>10</ele>
      </trkpt>
      <trkpt lat="50.95756" lon="4.55518">
        <ele>10</ele>
      </trkpt>
      <trkpt lat="50.95765" lon="4.55532">
        <ele>10</ele>
      </trkpt>
      <trkpt lat="50.95841" lon="4.55624">
        <ele>10</ele>
      </trkpt>
      <trkpt lat="50.95863" lon="4.55648">
        <ele>9</ele>
      </trkpt>
      <trkpt lat="50.95871" lon="4.55652">
        <ele>9</ele>
      </trkpt>
      <trkpt lat="50.95884" lon="4.55652">
        <ele>9</ele>
      </trkpt>
      <trkpt lat="50.95962" lon="4.55609">
        <ele>9</ele>
      </trkpt>
      <trkpt lat="50.95977" lon="4.55608">
        <ele>8</ele>
      </trkpt>
      <trkpt lat="50.9603" lon="4.55655">
        <ele>9</ele>
      </trkpt>
      <trkpt lat="50.96083" lon="4.55681">
        <ele>9</ele>
      </trkpt>
      <trkpt lat="50.961" lon="4.55693">
        <ele>9</ele>
      </trkpt>
      <trkpt lat="50.96205" lon="4.55789">
        <ele>9</ele>
      </trkpt>
      <trkpt lat="50.96211" lon="4.55799">
        <ele>9</ele>
      </trkpt>
      <trkpt lat="50.96216" lon="4.5581">
        <ele>9</ele>
      </trkpt>
      <trkpt lat="50.96275" lon="4.56022">
        <ele>10</ele>
      </trkpt>
      <trkpt lat="50.96288" lon="4.56042">
        <ele>9</ele>
      </trkpt>
      <trkpt lat="50.96352" lon="4.56123">
        <ele>9</ele>
      </trkpt>
      <trkpt lat="50.9645" lon="4.56275">
        <ele>9</ele>
      </trkpt>
      <trkpt lat="50.96455" lon="4.56278">
        <ele>9</ele>
      </trkpt>
      <trkpt lat="50.96461" lon="4.56273">
        <ele>9</ele>
      </trkpt>
      <trkpt lat="50.96488" lon="4.56233">
        <ele>9</ele>
      </trkpt>
      <trkpt lat="50.965" lon="4.56219">
        <ele>9</ele>
      </trkpt>
      <trkpt lat="50.96601" lon="4.56122">
        <ele>8</ele>
      </trkpt>
      <trkpt lat="50.9663" lon="4.56096">
        <ele>8</ele>
      </trkpt>
      <trkpt lat="50.96672" lon="4.56054">
        <ele>8</ele>
      </trkpt>
      <trkpt lat="50.96749" lon="4.55971">
        <ele>8</ele>
      </trkpt>
      <trkpt lat="50.96777" lon="4.55935">
        <ele>9</ele>
      </trkpt>
      <trkpt lat="50.96786" lon="4.55927">
        <ele>9</ele>
      </trkpt>
      <trkpt lat="50.96799" lon="4.5592">
        <ele>9</ele>
      </trkpt>
      <trkpt lat="50.96842" lon="4.55912">
        <ele>9</ele>
      </trkpt>
      <trkpt lat="50.96861" lon="4.55918">
        <ele>9</ele>
      </trkpt>
      <trkpt lat="50.96871" lon="4.55925">
        <ele>9</ele>
      </trkpt>
      <trkpt lat="50.96901" lon="4.55966">
        <ele>9</ele>
      </trkpt>
      <trkpt lat="50.96916" lon="4.55978">
        <ele>9</ele>
      </trkpt>
      <trkpt lat="50.9694" lon="4.55987">
        <ele>9</ele>
      </trkpt>
      <trkpt lat="50.96971" lon="4.55978">
        <ele>9</ele>
      </trkpt>
      <trkpt lat="50.97017" lon="4.55942">
        <ele>8</ele>
      </trkpt>
      <trkpt lat="50.97063" lon="4.559">
        <ele>8</ele>
      </trkpt>
      <trkpt lat="50.97095" lon="4.55878">
        <ele>8</ele>
      </trkpt>
      <trkpt lat="50.97151" lon="4.55855">
        <ele>8</ele>
      </trkpt>
      <trkpt lat="50.97241" lon="4.55819">
        <ele>8</ele>
      </trkpt>
      <trkpt lat="50.97273" lon="4.55812">
        <ele>8</ele>
      </trkpt>
      <trkpt lat="50.97397" lon="4.55833">
        <ele>8</ele>
      </trkpt>
      <trkpt lat="50.97412" lon="4.55839">
        <ele>8</ele>
      </trkpt>
      <trkpt lat="50.97433" lon="4.55857">
        <ele>8</ele>
      </trkpt>
      <trkpt lat="50.97448" lon="4.55877">
        <ele>8</ele>
      </trkpt>
      <trkpt lat="50.97454" lon="4.55889">
        <ele>8</ele>
      </trkpt>
      <trkpt lat="50.97456" lon="4.55886">
        <ele>8</ele>
      </trkpt>
      <trkpt lat="50.97454" lon="4.55889">
        <ele>8</ele>
      </trkpt>
      <trkpt lat="50.97508" lon="4.55973">
        <ele>8</ele>
      </trkpt>
      <trkpt lat="50.97543" lon="4.56018">
        <ele>7</ele>
      </trkpt>
      <trkpt lat="50.97601" lon="4.56116">
        <ele>8</ele>
      </trkpt>
      <trkpt lat="50.9774" lon="4.56285">
        <ele>8</ele>
      </trkpt>
      <trkpt lat="50.97775" lon="4.56335">
        <ele>8</ele>
      </trkpt>
      <trkpt lat="50.97805" lon="4.56382">
        <ele>8</ele>
      </trkpt>
      <trkpt lat="50.97828" lon="4.56428">
        <ele>8</ele>
      </trkpt>
      <trkpt lat="50.97859" lon="4.56499">
        <ele>8</ele>
      </trkpt>
      <trkpt lat="50.97931" lon="4.56655">
        <ele>8</ele>
      </trkpt>
      <trkpt lat="50.9798" lon="4.56736">
        <ele>8</ele>
      </trkpt>
      <trkpt lat="50.98034" lon="4.56804">
        <ele>8</ele>
      </trkpt>
      <trkpt lat="50.98136" lon="4.56922">
        <ele>7</ele>
      </trkpt>
      <trkpt lat="50.9819" lon="4.5699">
        <ele>7</ele>
      </trkpt>
      <trkpt lat="50.98215" lon="4.5698">
        <ele>7</ele>
      </trkpt>
      <trkpt lat="50.98229" lon="4.56978">
        <ele>7</ele>
      </trkpt>
      <trkpt lat="50.98258" lon="4.56978">
        <ele>7</ele>
      </trkpt>
      <trkpt lat="50.98288" lon="4.56973">
        <ele>8</ele>
      </trkpt>
      <trkpt lat="50.98329" lon="4.56958">
        <ele>8</ele>
      </trkpt>
      <trkpt lat="50.98382" lon="4.56937">
        <ele>8</ele>
      </trkpt>
      <trkpt lat="50.98423" lon="4.56915">
        <ele>8</ele>
      </trkpt>
      <trkpt lat="50.98423" lon="4.56906">
        <ele>8</ele>
      </trkpt>
      <trkpt lat="50.98574" lon="4.56559">
        <ele>9</ele>
      </trkpt>
      <trkpt lat="50.98717" lon="4.56248">
        <ele>10</ele>
      </trkpt>
      <trkpt lat="50.98889" lon="4.55911">
        <ele>8</ele>
      </trkpt>
      <trkpt lat="50.98902" lon="4.55885">
        <ele>7</ele>
      </trkpt>
      <trkpt lat="50.98909" lon="4.55882">
        <ele>7</ele>
      </trkpt>
      <trkpt lat="50.98971" lon="4.55759">
        <ele>8</ele>
      </trkpt>
      <trkpt lat="50.98976" lon="4.55744">
        <ele>8</ele>
      </trkpt>
      <trkpt lat="50.98975" lon="4.55739">
        <ele>8</ele>
      </trkpt>
      <trkpt lat="50.98979" lon="4.55733">
        <ele>8</ele>
      </trkpt>
      <trkpt lat="50.99002" lon="4.55716">
        <ele>8</ele>
      </trkpt>
      <trkpt lat="50.99027" lon="4.55701">
        <ele>9</ele>
      </trkpt>
      <trkpt lat="50.99125" lon="4.55643">
        <ele>9</ele>
      </trkpt>
      <trkpt lat="50.99142" lon="4.55631">
        <ele>10</ele>
      </trkpt>
      <trkpt lat="50.99215" lon="4.55549">
        <ele>9</ele>
      </trkpt>
      <trkpt lat="50.99215" lon="4.55548">
        <ele>9</ele>
      </trkpt>
      <trkpt lat="50.9923" lon="4.55535">
        <ele>9</ele>
      </trkpt>
      <trkpt lat="50.99249" lon="4.55525">
        <ele>9</ele>
      </trkpt>
      <trkpt lat="50.99256" lon="4.55514">
        <ele>9</ele>
      </trkpt>
      <trkpt lat="50.99257" lon="4.55481">
        <ele>9</ele>
      </trkpt>
      <trkpt lat="50.9926" lon="4.55474">
        <ele>9</ele>
      </trkpt>
      <trkpt lat="50.99265" lon="4.55467">
        <ele>9</ele>
      </trkpt>
      <trkpt lat="50.99304" lon="4.55439">
        <ele>9</ele>
      </trkpt>
      <trkpt lat="50.99313" lon="4.5543">
        <ele>9</ele>
      </trkpt>
      <trkpt lat="50.99336" lon="4.55373">
        <ele>9</ele>
      </trkpt>
      <trkpt lat="50.99351" lon="4.55343">
        <ele>9</ele>
      </trkpt>
      <trkpt lat="50.99373" lon="4.55304">
        <ele>9</ele>
      </trkpt>
      <trkpt lat="50.99467" lon="4.5518">
        <ele>8</ele>
      </trkpt>
      <trkpt lat="50.99598" lon="4.55017">
        <ele>7</ele>
      </trkpt>
      <trkpt lat="50.99616" lon="4.54994">
        <ele>7</ele>
      </trkpt>
      <trkpt lat="50.99634" lon="4.54961">
        <ele>7</ele>
      </trkpt>
      <trkpt lat="50.99648" lon="4.54932">
        <ele>7</ele>
      </trkpt>
      <trkpt lat="50.9966" lon="4.54901">
        <ele>7</ele>
      </trkpt>
      <trkpt lat="50.99672" lon="4.54865">
        <ele>7</ele>
      </trkpt>
      <trkpt lat="50.99683" lon="4.54815">
        <ele>7</ele>
      </trkpt>
      <trkpt lat="50.9969" lon="4.5475">
        <ele>7</ele>
      </trkpt>
      <trkpt lat="50.99699" lon="4.54592">
        <ele>7</ele>
      </trkpt>
      <trkpt lat="50.99708" lon="4.54504">
        <ele>7</ele>
      </trkpt>
      <trkpt lat="50.99726" lon="4.54361">
        <ele>6</ele>
      </trkpt>
      <trkpt lat="50.99774" lon="4.54089">
        <ele>6</ele>
      </trkpt>
      <trkpt lat="50.99784" lon="4.54038">
        <ele>6</ele>
      </trkpt>
      <trkpt lat="50.99798" lon="4.53957">
        <ele>7</ele>
      </trkpt>
      <trkpt lat="50.99801" lon="4.53925">
        <ele>7</ele>
      </trkpt>
      <trkpt lat="50.99816" lon="4.53924">
        <ele>7</ele>
      </trkpt>
      <trkpt lat="50.99872" lon="4.53876">
        <ele>6</ele>
      </trkpt>
      <trkpt lat="50.99905" lon="4.5385">
        <ele>6</ele>
      </trkpt>
      <trkpt lat="50.99915" lon="4.53839">
        <ele>6</ele>
      </trkpt>
      <trkpt lat="50.9994" lon="4.53798">
        <ele>5</ele>
      </trkpt>
      <trkpt lat="50.99999" lon="4.53635">
        <ele>6</ele>
      </trkpt>
      <trkpt lat="51.00097" lon="4.53385">
        <ele>6</ele>
      </trkpt>
      <trkpt lat="51.0011" lon="4.53343">
        <ele>5</ele>
      </trkpt>
      <trkpt lat="51.00133" lon="4.53267">
        <ele>5</ele>
      </trkpt>
      <trkpt lat="51.00133" lon="4.53179">
        <ele>5</ele>
      </trkpt>
      <trkpt lat="51.00137" lon="4.53146">
        <ele>5</ele>
      </trkpt>
      <trkpt lat="51.00143" lon="4.53125">
        <ele>4</ele>
      </trkpt>
      <trkpt lat="51.00151" lon="4.53109">
        <ele>4</ele>
      </trkpt>
      <trkpt lat="51.00181" lon="4.53091">
        <ele>4</ele>
      </trkpt>
      <trkpt lat="51.00218" lon="4.53075">
        <ele>3</ele>
      </trkpt>
      <trkpt lat="51.00227" lon="4.53067">
        <ele>3</ele>
      </trkpt>
      <trkpt lat="51.0027" lon="4.53008">
        <ele>3</ele>
      </trkpt>
      <trkpt lat="51.00308" lon="4.52941">
        <ele>4</ele>
      </trkpt>
      <trkpt lat="51.00368" lon="4.52878">
        <ele>4</ele>
      </trkpt>
      <trkpt lat="51.0044" lon="4.52811">
        <ele>3</ele>
      </trkpt>
      <trkpt lat="51.00459" lon="4.52798">
        <ele>3</ele>
      </trkpt>
      <trkpt lat="51.00492" lon="4.52782">
        <ele>3</ele>
      </trkpt>
      <trkpt lat="51.00567" lon="4.52723">
        <ele>3</ele>
      </trkpt>
      <trkpt lat="51.0059" lon="4.52698">
        <ele>3</ele>
      </trkpt>
      <trkpt lat="51.00629" lon="4.52641">
        <ele>4</ele>
      </trkpt>
      <trkpt lat="51.00649" lon="4.52608">
        <ele>4</ele>
      </trkpt>
      <trkpt lat="51.00678" lon="4.52546">
        <ele>5</ele>
      </trkpt>
      <trkpt lat="51.00718" lon="4.52444">
        <ele>5</ele>
      </trkpt>
      <trkpt lat="51.00745" lon="4.52394">
        <ele>6</ele>
      </trkpt>
      <trkpt lat="51.00776" lon="4.52339">
        <ele>6</ele>
      </trkpt>
      <trkpt lat="51.00776" lon="4.5234">
        <ele>6</ele>
      </trkpt>
      <trkpt lat="51.00818" lon="4.52269">
        <ele>7</ele>
      </trkpt>
      <trkpt lat="51.00892" lon="4.52119">
        <ele>8</ele>
      </trkpt>
      <trkpt lat="51.0098" lon="4.51944">
        <ele>9</ele>
      </trkpt>
      <trkpt lat="51.01016" lon="4.51971">
        <ele>10</ele>
      </trkpt>
      <trkpt lat="51.01091" lon="4.52027">
        <ele>7</ele>
      </trkpt>
      <trkpt lat="51.0111" lon="4.52047">
        <ele>6</ele>
      </trkpt>
      <trkpt lat="51.01159" lon="4.52126">
        <ele>5</ele>
      </trkpt>
      <trkpt lat="51.01162" lon="4.52134">
        <ele>5</ele>
      </trkpt>
      <trkpt lat="51.01169" lon="4.52111">
        <ele>5</ele>
      </trkpt>
      <trkpt lat="51.01179" lon="4.52088">
        <ele>5</ele>
      </trkpt>
      <trkpt lat="51.01169" lon="4.52078">
        <ele>5</ele>
      </trkpt>
      <trkpt lat="51.01173" lon="4.52061">
        <ele>5</ele>
      </trkpt>
      <trkpt lat="51.01189" lon="4.51987">
        <ele>3</ele>
      </trkpt>
      <trkpt lat="51.01194" lon="4.51974">
        <ele>3</ele>
      </trkpt>
      <trkpt lat="51.01197" lon="4.51957">
        <ele>3</ele>
      </trkpt>
      <trkpt lat="51.01199" lon="4.5192">
        <ele>3</ele>
      </trkpt>
      <trkpt lat="51.01199" lon="4.51888">
        <ele>3</ele>
      </trkpt>
      <trkpt lat="51.0119" lon="4.51729">
        <ele>3</ele>
      </trkpt>
      <trkpt lat="51.01192" lon="4.51665">
        <ele>4</ele>
      </trkpt>
      <trkpt lat="51.01201" lon="4.51597">
        <ele>7</ele>
      </trkpt>
      <trkpt lat="51.01207" lon="4.51566">
        <ele>9</ele>
      </trkpt>
      <trkpt lat="51.01216" lon="4.51536">
        <ele>10</ele>
      </trkpt>
      <trkpt lat="51.01225" lon="4.51513">
        <ele>10</ele>
      </trkpt>
      <trkpt lat="51.01233" lon="4.515">
        <ele>9</ele>
      </trkpt>
      <trkpt lat="51.0125" lon="4.51476">
        <ele>10</ele>
      </trkpt>
      <trkpt lat="51.01263" lon="4.51469">
        <ele>10</ele>
      </trkpt>
      <trkpt lat="51.01277" lon="4.51465">
        <ele>8</ele>
      </trkpt>
      <trkpt lat="51.01332" lon="4.51457">
        <ele>7</ele>
      </trkpt>
      <trkpt lat="51.01368" lon="4.51447">
        <ele>5</ele>
      </trkpt>
      <trkpt lat="51.014" lon="4.51436">
        <ele>5</ele>
      </trkpt>
      <trkpt lat="51.01421" lon="4.51414">
        <ele>4</ele>
      </trkpt>
      <trkpt lat="51.01432" lon="4.51397">
        <ele>4</ele>
      </trkpt>
      <trkpt lat="51.0144" lon="4.51379">
        <ele>3</ele>
      </trkpt>
      <trkpt lat="51.01447" lon="4.51358">
        <ele>3</ele>
      </trkpt>
      <trkpt lat="51.01451" lon="4.51338">
        <ele>3</ele>
      </trkpt>
      <trkpt lat="51.01452" lon="4.51319">
        <ele>3</ele>
      </trkpt>
      <trkpt lat="51.01441" lon="4.5122">
        <ele>4</ele>
      </trkpt>
      <trkpt lat="51.01444" lon="4.51191">
        <ele>4</ele>
      </trkpt>
      <trkpt lat="51.01465" lon="4.51142">
        <ele>4</ele>
      </trkpt>
      <trkpt lat="51.01483" lon="4.51107">
        <ele>5</ele>
      </trkpt>
      <trkpt lat="51.01514" lon="4.5105">
        <ele>5</ele>
      </trkpt>
      <trkpt lat="51.01564" lon="4.50974">
        <ele>5</ele>
      </trkpt>
      <trkpt lat="51.01593" lon="4.50933">
        <ele>5</ele>
      </trkpt>
      <trkpt lat="51.01606" lon="4.50919">
        <ele>4</ele>
      </trkpt>
      <trkpt lat="51.01623" lon="4.50904">
        <ele>5</ele>
      </trkpt>
      <trkpt lat="51.0174" lon="4.50807">
        <ele>3</ele>
      </trkpt>
      <trkpt lat="51.01753" lon="4.5079">
        <ele>3</ele>
      </trkpt>
      <trkpt lat="51.01766" lon="4.50769">
        <ele>3</ele>
      </trkpt>
      <trkpt lat="51.01782" lon="4.50732">
        <ele>2</ele>
      </trkpt>
      <trkpt lat="51.01788" lon="4.50698">
        <ele>2</ele>
      </trkpt>
      <trkpt lat="51.01793" lon="4.50555">
        <ele>4</ele>
      </trkpt>
      <trkpt lat="51.01795" lon="4.50509">
        <ele>4</ele>
      </trkpt>
      <trkpt lat="51.01799" lon="4.50471">
        <ele>5</ele>
      </trkpt>
      <trkpt lat="51.01813" lon="4.50398">
        <ele>6</ele>
      </trkpt>
      <trkpt lat="51.01836" lon="4.50337">
        <ele>6</ele>
      </trkpt>
      <trkpt lat="51.01848" lon="4.50309">
        <ele>6</ele>
      </trkpt>
      <trkpt lat="51.0186" lon="4.50289">
        <ele>4</ele>
      </trkpt>
      <trkpt lat="51.01874" lon="4.50273">
        <ele>4</ele>
      </trkpt>
      <trkpt lat="51.01911" lon="4.50243">
        <ele>4</ele>
      </trkpt>
      <trkpt lat="51.01951" lon="4.50224">
        <ele>3</ele>
      </trkpt>
      <trkpt lat="51.0202" lon="4.50203">
        <ele>3</ele>
      </trkpt>
      <trkpt lat="51.02042" lon="4.50192">
        <ele>4</ele>
      </trkpt>
      <trkpt lat="51.02059" lon="4.50179">
        <ele>4</ele>
      </trkpt>
      <trkpt lat="51.02068" lon="4.5017">
        <ele>4</ele>
      </trkpt>
      <trkpt lat="51.02078" lon="4.50156">
        <ele>5</ele>
      </trkpt>
      <trkpt lat="51.02098" lon="4.50114">
        <ele>5</ele>
      </trkpt>
      <trkpt lat="51.02104" lon="4.50095">
        <ele>5</ele>
      </trkpt>
      <trkpt lat="51.02107" lon="4.50072">
        <ele>5</ele>
      </trkpt>
      <trkpt lat="51.02107" lon="4.50043">
        <ele>5</ele>
      </trkpt>
      <trkpt lat="51.02103" lon="4.49927">
        <ele>5</ele>
      </trkpt>
      <trkpt lat="51.02104" lon="4.49899">
        <ele>5</ele>
      </trkpt>
      <trkpt lat="51.02109" lon="4.49875">
        <ele>5</ele>
      </trkpt>
      <trkpt lat="51.02117" lon="4.49855">
        <ele>5</ele>
      </trkpt>
      <trkpt lat="51.02144" lon="4.49822">
        <ele>5</ele>
      </trkpt>
      <trkpt lat="51.02181" lon="4.49798">
        <ele>5</ele>
      </trkpt>
      <trkpt lat="51.02197" lon="4.49793">
        <ele>5</ele>
      </trkpt>
      <trkpt lat="51.02269" lon="4.49793">
        <ele>4</ele>
      </trkpt>
      <trkpt lat="51.0229" lon="4.49789">
        <ele>4</ele>
      </trkpt>
      <trkpt lat="51.02356" lon="4.49764">
        <ele>4</ele>
      </trkpt>
      <trkpt lat="51.0236" lon="4.49771">
        <ele>4</ele>
      </trkpt>
      <trkpt lat="51.02366" lon="4.49772">
        <ele>4</ele>
      </trkpt>
      <trkpt lat="51.02375" lon="4.49766">
        <ele>4</ele>
      </trkpt>
      <trkpt lat="51.02391" lon="4.49745">
        <ele>4</ele>
      </trkpt>
      <trkpt lat="51.02442" lon="4.49693">
        <ele>4</ele>
      </trkpt>
      <trkpt lat="51.02455" lon="4.49672">
        <ele>5</ele>
      </trkpt>
      <trkpt lat="51.02505" lon="4.49566">
        <ele>5</ele>
      </trkpt>
      <trkpt lat="51.02519" lon="4.49548">
        <ele>5</ele>
      </trkpt>
      <trkpt lat="51.02538" lon="4.4953">
        <ele>5</ele>
      </trkpt>
      <trkpt lat="51.02567" lon="4.49511">
        <ele>5</ele>
      </trkpt>
      <trkpt lat="51.0261" lon="4.4949">
        <ele>5</ele>
      </trkpt>
      <trkpt lat="51.02681" lon="4.49444">
        <ele>5</ele>
      </trkpt>
      <trkpt lat="51.02706" lon="4.49417">
        <ele>5</ele>
      </trkpt>
      <trkpt lat="51.02743" lon="4.49367">
        <ele>6</ele>
      </trkpt>
      <trkpt lat="51.02785" lon="4.49293">
        <ele>7</ele>
      </trkpt>
      <trkpt lat="51.02858" lon="4.49165">
        <ele>7</ele>
      </trkpt>
      <trkpt lat="51.02877" lon="4.49103">
        <ele>8</ele>
      </trkpt>
      <trkpt lat="51.02884" lon="4.49103">
        <ele>8</ele>
      </trkpt>
      <trkpt lat="51.02913" lon="4.49103">
        <ele>8</ele>
      </trkpt>
      <trkpt lat="51.03002" lon="4.49102">
        <ele>8</ele>
      </trkpt>
      <trkpt lat="51.03013" lon="4.49098">
        <ele>7</ele>
      </trkpt>
      <trkpt lat="51.03016" lon="4.49094">
        <ele>7</ele>
      </trkpt>
      <trkpt lat="51.03033" lon="4.49109">
        <ele>8</ele>
      </trkpt>
      <trkpt lat="51.03048" lon="4.49135">
        <ele>7</ele>
      </trkpt>
      <trkpt lat="51.03094" lon="4.4922">
        <ele>7</ele>
      </trkpt>
      <trkpt lat="51.03098" lon="4.4923">
        <ele>7</ele>
      </trkpt>
      <trkpt lat="51.03102" lon="4.49248">
        <ele>7</ele>
      </trkpt>
      <trkpt lat="51.03098" lon="4.49253">
        <ele>7</ele>
      </trkpt>
      <trkpt lat="51.03097" lon="4.49302">
        <ele>7</ele>
      </trkpt>
      <trkpt lat="51.03097" lon="4.4931">
        <ele>7</ele>
      </trkpt>
      <trkpt lat="51.03095" lon="4.4946">
        <ele>6</ele>
      </trkpt>
      <trkpt lat="51.03097" lon="4.49502">
        <ele>5</ele>
      </trkpt>
      <trkpt lat="51.03098" lon="4.49509">
        <ele>5</ele>
      </trkpt>
      <trkpt lat="51.03109" lon="4.49587">
        <ele>5</ele>
      </trkpt>
      <trkpt lat="51.03112" lon="4.49611">
        <ele>5</ele>
      </trkpt>
      <trkpt lat="51.03126" lon="4.49687">
        <ele>4</ele>
      </trkpt>
      <trkpt lat="51.03152" lon="4.49782">
        <ele>4</ele>
      </trkpt>
      <trkpt lat="51.03201" lon="4.49947">
        <ele>5</ele>
      </trkpt>
      <trkpt lat="51.03205" lon="4.49944">
        <ele>5</ele>
      </trkpt>
      <trkpt lat="51.03197" lon="4.49918">
        <ele>5</ele>
      </trkpt>
      <trkpt lat="51.03205" lon="4.49944">
        <ele>5</ele>
      </trkpt>
      <trkpt lat="51.03201" lon="4.49947">
        <ele>5</ele>
      </trkpt>
      <trkpt lat="51.03223" lon="4.50042">
        <ele>4</ele>
      </trkpt>
      <trkpt lat="51.03289" lon="4.50394">
        <ele>5</ele>
      </trkpt>
      <trkpt lat="51.0329" lon="4.50398">
        <ele>5</ele>
      </trkpt>
      <trkpt lat="51.03294" lon="4.50426">
        <ele>5</ele>
      </trkpt>
      <trkpt lat="51.03298" lon="4.50455">
        <ele>5</ele>
      </trkpt>
      <trkpt lat="51.03296" lon="4.50464">
        <ele>5</ele>
      </trkpt>
      <trkpt lat="51.03299" lon="4.50483">
        <ele>5</ele>
      </trkpt>
      <trkpt lat="51.03303" lon="4.50488">
        <ele>5</ele>
      </trkpt>
      <trkpt lat="51.03311" lon="4.50535">
        <ele>5</ele>
      </trkpt>
      <trkpt lat="51.03322" lon="4.50616">
        <ele>5</ele>
      </trkpt>
      <trkpt lat="51.0333" lon="4.50678">
        <ele>4</ele>
      </trkpt>
      <trkpt lat="51.03337" lon="4.50738">
        <ele>4</ele>
      </trkpt>
      <trkpt lat="51.03337" lon="4.50741">
        <ele>4</ele>
      </trkpt>
      <trkpt lat="51.03343" lon="4.50794">
        <ele>4</ele>
      </trkpt>
      <trkpt lat="51.03354" lon="4.50843">
        <ele>4</ele>
      </trkpt>
      <trkpt lat="51.03368" lon="4.50886">
        <ele>4</ele>
      </trkpt>
      <trkpt lat="51.0339" lon="4.50935">
        <ele>4</ele>
      </trkpt>
      <trkpt lat="51.03424" lon="4.51">
        <ele>4</ele>
      </trkpt>
      <trkpt lat="51.03396" lon="4.51037">
        <ele>5</ele>
      </trkpt>
      <trkpt lat="51.03401" lon="4.5105">
        <ele>5</ele>
      </trkpt>
      <trkpt lat="51.0339" lon="4.5124">
        <ele>5</ele>
      </trkpt>
      <trkpt lat="51.03387" lon="4.51289">
        <ele>5</ele>
      </trkpt>
      <trkpt lat="51.03383" lon="4.51319">
        <ele>5</ele>
      </trkpt>
      <trkpt lat="51.03372" lon="4.51365">
        <ele>4</ele>
      </trkpt>
      <trkpt lat="51.03372" lon="4.51383">
        <ele>4</ele>
      </trkpt>
      <trkpt lat="51.03382" lon="4.51488">
        <ele>5</ele>
      </trkpt>
      <trkpt lat="51.03395" lon="4.51603">
        <ele>5</ele>
      </trkpt>
      <trkpt lat="51.03399" lon="4.51659">
        <ele>5</ele>
      </trkpt>
      <trkpt lat="51.03416" lon="4.51799">
        <ele>5</ele>
      </trkpt>
      <trkpt lat="51.03416" lon="4.51955">
        <ele>5</ele>
      </trkpt>
      <trkpt lat="51.03426" lon="4.5206">
        <ele>4</ele>
      </trkpt>
      <trkpt lat="51.03426" lon="4.52096">
        <ele>4</ele>
      </trkpt>
      <trkpt lat="51.03422" lon="4.52134">
        <ele>4</ele>
      </trkpt>
      <trkpt lat="51.03414" lon="4.52186">
        <ele>4</ele>
      </trkpt>
      <trkpt lat="51.03388" lon="4.52319">
        <ele>4</ele>
      </trkpt>
      <trkpt lat="51.03383" lon="4.52346">
        <ele>4</ele>
      </trkpt>
      <trkpt lat="51.03381" lon="4.52373">
        <ele>4</ele>
      </trkpt>
      <trkpt lat="51.03382" lon="4.52423">
        <ele>4</ele>
      </trkpt>
      <trkpt lat="51.03387" lon="4.52473">
        <ele>4</ele>
      </trkpt>
      <trkpt lat="51.03401" lon="4.52571">
        <ele>5</ele>
      </trkpt>
      <trkpt lat="51.03403" lon="4.52592">
        <ele>5</ele>
      </trkpt>
      <trkpt lat="51.03403" lon="4.5261">
        <ele>5</ele>
      </trkpt>
      <trkpt lat="51.03386" lon="4.52773">
        <ele>5</ele>
      </trkpt>
      <trkpt lat="51.03383" lon="4.52809">
        <ele>5</ele>
      </trkpt>
      <trkpt lat="51.03381" lon="4.52919">
        <ele>4</ele>
      </trkpt>
      <trkpt lat="51.03382" lon="4.53058">
        <ele>5</ele>
      </trkpt>
      <trkpt lat="51.03384" lon="4.53141">
        <ele>5</ele>
      </trkpt>
      <trkpt lat="51.03393" lon="4.53301">
        <ele>5</ele>
      </trkpt>
      <trkpt lat="51.03375" lon="4.53308">
        <ele>5</ele>
      </trkpt>
      <trkpt lat="51.03393" lon="4.53301">
        <ele>5</ele>
      </trkpt>
      <trkpt lat="51.03397" lon="4.53374">
        <ele>5</ele>
      </trkpt>
      <trkpt lat="51.03388" lon="4.53492">
        <ele>5</ele>
      </trkpt>
      <trkpt lat="51.03387" lon="4.5352">
        <ele>5</ele>
      </trkpt>
      <trkpt lat="51.03396" lon="4.53612">
        <ele>6</ele>
      </trkpt>
      <trkpt lat="51.03426" lon="4.5381">
        <ele>8</ele>
      </trkpt>
      <trkpt lat="51.03433" lon="4.53852">
        <ele>8</ele>
      </trkpt>
      <trkpt lat="51.03463" lon="4.53997">
        <ele>7</ele>
      </trkpt>
      <trkpt lat="51.0351" lon="4.54182">
        <ele>8</ele>
      </trkpt>
      <trkpt lat="51.03526" lon="4.5426">
        <ele>8</ele>
      </trkpt>
      <trkpt lat="51.03554" lon="4.54528">
        <ele>7</ele>
      </trkpt>
      <trkpt lat="51.03589" lon="4.54757">
        <ele>6</ele>
      </trkpt>
      <trkpt lat="51.03604" lon="4.54972">
        <ele>6</ele>
      </trkpt>
      <trkpt lat="51.03605" lon="4.54999">
        <ele>6</ele>
      </trkpt>
      <trkpt lat="51.03597" lon="4.55187">
        <ele>5</ele>
      </trkpt>
      <trkpt lat="51.03584" lon="4.5529">
        <ele>6</ele>
      </trkpt>
      <trkpt lat="51.03583" lon="4.55318">
        <ele>6</ele>
      </trkpt>
      <trkpt lat="51.03593" lon="4.554">
        <ele>6</ele>
      </trkpt>
      <trkpt lat="51.03631" lon="4.55602">
        <ele>7</ele>
      </trkpt>
      <trkpt lat="51.03643" lon="4.557">
        <ele>7</ele>
      </trkpt>
      <trkpt lat="51.03645" lon="4.5589">
        <ele>8</ele>
      </trkpt>
      <trkpt lat="51.03642" lon="4.55992">
        <ele>8</ele>
      </trkpt>
      <trkpt lat="51.03632" lon="4.56055">
        <ele>8</ele>
      </trkpt>
      <trkpt lat="51.03568" lon="4.5633">
        <ele>6</ele>
      </trkpt>
      <trkpt lat="51.03565" lon="4.5636">
        <ele>6</ele>
      </trkpt>
      <trkpt lat="51.03573" lon="4.56478">
        <ele>7</ele>
      </trkpt>
      <trkpt lat="51.03553" lon="4.56575">
        <ele>8</ele>
      </trkpt>
      <trkpt lat="51.03534" lon="4.56664">
        <ele>9</ele>
      </trkpt>
      <trkpt lat="51.035" lon="4.56847">
        <ele>12</ele>
      </trkpt>
      <trkpt lat="51.03495" lon="4.56882">
        <ele>12</ele>
      </trkpt>
      <trkpt lat="51.03491" lon="4.56935">
        <ele>13</ele>
      </trkpt>
      <trkpt lat="51.03493" lon="4.57041">
        <ele>15</ele>
      </trkpt>
      <trkpt lat="51.03498" lon="4.57098">
        <ele>15</ele>
      </trkpt>
      <trkpt lat="51.0353" lon="4.57266">
        <ele>12</ele>
      </trkpt>
      <trkpt lat="51.03565" lon="4.57427">
        <ele>11</ele>
      </trkpt>
      <trkpt lat="51.03573" lon="4.57475">
        <ele>10</ele>
      </trkpt>
      <trkpt lat="51.03576" lon="4.57712">
        <ele>7</ele>
      </trkpt>
      <trkpt lat="51.03556" lon="4.5773">
        <ele>7</ele>
      </trkpt>
      <trkpt lat="51.03393" lon="4.57885">
        <ele>8</ele>
      </trkpt>
      <trkpt lat="51.03162" lon="4.58121">
        <ele>9</ele>
      </trkpt>
      <trkpt lat="51.03147" lon="4.58143">
        <ele>9</ele>
      </trkpt>
      <trkpt lat="51.03131" lon="4.58171">
        <ele>8</ele>
      </trkpt>
      <trkpt lat="51.03116" lon="4.58204">
        <ele>8</ele>
      </trkpt>
      <trkpt lat="51.03072" lon="4.58185">
        <ele>9</ele>
      </trkpt>
      <trkpt lat="51.0297" lon="4.58141">
        <ele>7</ele>
      </trkpt>
      <trkpt lat="51.02935" lon="4.58122">
        <ele>7</ele>
      </trkpt>
      <trkpt lat="51.02912" lon="4.58102">
        <ele>6</ele>
      </trkpt>
      <trkpt lat="51.02899" lon="4.58087">
        <ele>6</ele>
      </trkpt>
      <trkpt lat="51.02876" lon="4.58061">
        <ele>6</ele>
      </trkpt>
      <trkpt lat="51.02699" lon="4.57862">
        <ele>6</ele>
      </trkpt>
      <trkpt lat="51.02684" lon="4.57849">
        <ele>6</ele>
      </trkpt>
      <trkpt lat="51.02604" lon="4.57818">
        <ele>7</ele>
      </trkpt>
      <trkpt lat="51.02571" lon="4.57802">
        <ele>7</ele>
      </trkpt>
      <trkpt lat="51.02538" lon="4.57782">
        <ele>7</ele>
      </trkpt>
      <trkpt lat="51.02512" lon="4.57758">
        <ele>7</ele>
      </trkpt>
      <trkpt lat="51.02402" lon="4.57665">
        <ele>7</ele>
      </trkpt>
      <trkpt lat="51.02355" lon="4.57645">
        <ele>6</ele>
      </trkpt>
      <trkpt lat="51.02166" lon="4.57578">
        <ele>10</ele>
      </trkpt>
      <trkpt lat="51.02097" lon="4.57553">
        <ele>11</ele>
      </trkpt>
      <trkpt lat="51.02072" lon="4.5756">
        <ele>11</ele>
      </trkpt>
      <trkpt lat="51.02042" lon="4.57575">
        <ele>11</ele>
      </trkpt>
      <trkpt lat="51.02026" lon="4.57592">
        <ele>12</ele>
      </trkpt>
      <trkpt lat="51.02027" lon="4.57696">
        <ele>12</ele>
      </trkpt>
      <trkpt lat="51.02031" lon="4.57735">
        <ele>12</ele>
      </trkpt>
      <trkpt lat="51.0205" lon="4.57845">
        <ele>14</ele>
      </trkpt>
      <trkpt lat="51.02072" lon="4.58007">
        <ele>15</ele>
      </trkpt>
      <trkpt lat="51.02108" lon="4.58226">
        <ele>14</ele>
      </trkpt>
      <trkpt lat="51.02129" lon="4.58369">
        <ele>14</ele>
      </trkpt>
      <trkpt lat="51.0217" lon="4.58584">
        <ele>12</ele>
      </trkpt>
      <trkpt lat="51.02192" lon="4.58714">
        <ele>11</ele>
      </trkpt>
      <trkpt lat="51.02207" lon="4.58837">
        <ele>8</ele>
      </trkpt>
      <trkpt lat="51.02208" lon="4.5887">
        <ele>7</ele>
      </trkpt>
      <trkpt lat="51.02205" lon="4.5894">
        <ele>6</ele>
      </trkpt>
      <trkpt lat="51.02199" lon="4.58977">
        <ele>6</ele>
      </trkpt>
      <trkpt lat="51.0219" lon="4.59014">
        <ele>6</ele>
      </trkpt>
      <trkpt lat="51.02178" lon="4.59048">
        <ele>6</ele>
      </trkpt>
      <trkpt lat="51.02145" lon="4.59106">
        <ele>6</ele>
      </trkpt>
      <trkpt lat="51.0213" lon="4.59147">
        <ele>6</ele>
      </trkpt>
      <trkpt lat="51.02124" lon="4.5917">
        <ele>6</ele>
      </trkpt>
      <trkpt lat="51.0212" lon="4.59194">
        <ele>6</ele>
      </trkpt>
      <trkpt lat="51.02117" lon="4.59234">
        <ele>6</ele>
      </trkpt>
      <trkpt lat="51.02121" lon="4.59262">
        <ele>7</ele>
      </trkpt>
      <trkpt lat="51.02137" lon="4.59329">
        <ele>7</ele>
      </trkpt>
      <trkpt lat="51.02151" lon="4.59372">
        <ele>7</ele>
      </trkpt>
      <trkpt lat="51.02183" lon="4.59419">
        <ele>7</ele>
      </trkpt>
      <trkpt lat="51.02215" lon="4.59462">
        <ele>6</ele>
      </trkpt>
      <trkpt lat="51.02248" lon="4.59518">
        <ele>6</ele>
      </trkpt>
      <trkpt lat="51.02258" lon="4.59555">
        <ele>6</ele>
      </trkpt>
      <trkpt lat="51.02269" lon="4.59687">
        <ele>6</ele>
      </trkpt>
      <trkpt lat="51.02298" lon="4.59808">
        <ele>6</ele>
      </trkpt>
      <trkpt lat="51.02356" lon="4.6005">
        <ele>7</ele>
      </trkpt>
      <trkpt lat="51.02379" lon="4.60161">
        <ele>8</ele>
      </trkpt>
      <trkpt lat="51.0241" lon="4.60264">
        <ele>8</ele>
      </trkpt>
      <trkpt lat="51.02429" lon="4.60346">
        <ele>9</ele>
      </trkpt>
      <trkpt lat="51.02447" lon="4.60441">
        <ele>8</ele>
      </trkpt>
      <trkpt lat="51.02461" lon="4.60519">
        <ele>8</ele>
      </trkpt>
      <trkpt lat="51.02465" lon="4.60555">
        <ele>8</ele>
      </trkpt>
      <trkpt lat="51.02465" lon="4.60586">
        <ele>7</ele>
      </trkpt>
      <trkpt lat="51.02458" lon="4.60732">
        <ele>7</ele>
      </trkpt>
      <trkpt lat="51.02452" lon="4.60843">
        <ele>6</ele>
      </trkpt>
      <trkpt lat="51.02448" lon="4.60899">
        <ele>6</ele>
      </trkpt>
      <trkpt lat="51.02429" lon="4.60994">
        <ele>7</ele>
      </trkpt>
      <trkpt lat="51.02418" lon="4.61056">
        <ele>7</ele>
      </trkpt>
      <trkpt lat="51.02416" lon="4.61118">
        <ele>6</ele>
      </trkpt>
      <trkpt lat="51.02417" lon="4.61172">
        <ele>6</ele>
      </trkpt>
      <trkpt lat="51.02419" lon="4.61311">
        <ele>6</ele>
      </trkpt>
      <trkpt lat="51.02423" lon="4.61352">
        <ele>6</ele>
      </trkpt>
      <trkpt lat="51.02432" lon="4.61385">
        <ele>6</ele>
      </trkpt>
      <trkpt lat="51.02444" lon="4.61413">
        <ele>6</ele>
      </trkpt>
      <trkpt lat="51.02465" lon="4.61449">
        <ele>7</ele>
      </trkpt>
      <trkpt lat="51.025" lon="4.61486">
        <ele>6</ele>
      </trkpt>
      <trkpt lat="51.0252" lon="4.61518">
        <ele>7</ele>
      </trkpt>
      <trkpt lat="51.02528" lon="4.61537">
        <ele>7</ele>
      </trkpt>
      <trkpt lat="51.02534" lon="4.61556">
        <ele>7</ele>
      </trkpt>
      <trkpt lat="51.02547" lon="4.61616">
        <ele>8</ele>
      </trkpt>
      <trkpt lat="51.02574" lon="4.61751">
        <ele>9</ele>
      </trkpt>
      <trkpt lat="51.02599" lon="4.61907">
        <ele>10</ele>
      </trkpt>
      <trkpt lat="51.02598" lon="4.61927">
        <ele>10</ele>
      </trkpt>
      <trkpt lat="51.02592" lon="4.6195">
        <ele>10</ele>
      </trkpt>
      <trkpt lat="51.0258" lon="4.61968">
        <ele>10</ele>
      </trkpt>
      <trkpt lat="51.02543" lon="4.62003">
        <ele>9</ele>
      </trkpt>
      <trkpt lat="51.02534" lon="4.62019">
        <ele>9</ele>
      </trkpt>
      <trkpt lat="51.02529" lon="4.62037">
        <ele>9</ele>
      </trkpt>
      <trkpt lat="51.02528" lon="4.62061">
        <ele>9</ele>
      </trkpt>
      <trkpt lat="51.02575" lon="4.6265">
        <ele>7</ele>
      </trkpt>
      <trkpt lat="51.02586" lon="4.62798">
        <ele>8</ele>
      </trkpt>
      <trkpt lat="51.02595" lon="4.62837">
        <ele>8</ele>
      </trkpt>
      <trkpt lat="51.0268" lon="4.63036">
        <ele>8</ele>
      </trkpt>
      <trkpt lat="51.02697" lon="4.6307">
        <ele>7</ele>
      </trkpt>
      <trkpt lat="51.02719" lon="4.63098">
        <ele>7</ele>
      </trkpt>
      <trkpt lat="51.02766" lon="4.63144">
        <ele>7</ele>
      </trkpt>
      <trkpt lat="51.02781" lon="4.63162">
        <ele>7</ele>
      </trkpt>
      <trkpt lat="51.02804" lon="4.63199">
        <ele>6</ele>
      </trkpt>
      <trkpt lat="51.02813" lon="4.63218">
        <ele>6</ele>
      </trkpt>
      <trkpt lat="51.02822" lon="4.63244">
        <ele>7</ele>
      </trkpt>
      <trkpt lat="51.02827" lon="4.63265">
        <ele>7</ele>
      </trkpt>
      <trkpt lat="51.02833" lon="4.6329">
        <ele>7</ele>
      </trkpt>
      <trkpt lat="51.02837" lon="4.63316">
        <ele>7</ele>
      </trkpt>
      <trkpt lat="51.02856" lon="4.63642">
        <ele>9</ele>
      </trkpt>
      <trkpt lat="51.02873" lon="4.63766">
        <ele>9</ele>
      </trkpt>
      <trkpt lat="51.02873" lon="4.63782">
        <ele>9</ele>
      </trkpt>
      <trkpt lat="51.02932" lon="4.6415">
        <ele>9</ele>
      </trkpt>
      <trkpt lat="51.02943" lon="4.64191">
        <ele>7</ele>
      </trkpt>
      <trkpt lat="51.02959" lon="4.64236">
        <ele>7</ele>
      </trkpt>
      <trkpt lat="51.02966" lon="4.64249">
        <ele>7</ele>
      </trkpt>
      <trkpt lat="51.0338" lon="4.64655">
        <ele>6</ele>
      </trkpt>
      <trkpt lat="51.03546" lon="4.64817">
        <ele>7</ele>
      </trkpt>
      <trkpt lat="51.03557" lon="4.64829">
        <ele>7</ele>
      </trkpt>
      <trkpt lat="51.03561" lon="4.64835">
        <ele>7</ele>
      </trkpt>
      <trkpt lat="51.0356" lon="4.6485">
        <ele>6</ele>
      </trkpt>
      <trkpt lat="51.03538" lon="4.64937">
        <ele>6</ele>
      </trkpt>
      <trkpt lat="51.03492" lon="4.65063">
        <ele>6</ele>
      </trkpt>
      <trkpt lat="51.03484" lon="4.65065">
        <ele>6</ele>
      </trkpt>
      <trkpt lat="51.03455" lon="4.65048">
        <ele>6</ele>
      </trkpt>
      <trkpt lat="51.03448" lon="4.65046">
        <ele>7</ele>
      </trkpt>
      <trkpt lat="51.03441" lon="4.65047">
        <ele>7</ele>
      </trkpt>
      <trkpt lat="51.03436" lon="4.65059">
        <ele>7</ele>
      </trkpt>
      <trkpt lat="51.03416" lon="4.65121">
        <ele>7</ele>
      </trkpt>
      <trkpt lat="51.03411" lon="4.65129">
        <ele>7</ele>
      </trkpt>
      <trkpt lat="51.03408" lon="4.65131">
        <ele>7</ele>
      </trkpt>
      <trkpt lat="51.03393" lon="4.6513">
        <ele>7</ele>
      </trkpt>
      <trkpt lat="51.03389" lon="4.65132">
        <ele>7</ele>
      </trkpt>
      <trkpt lat="51.03332" lon="4.65286">
        <ele>7</ele>
      </trkpt>
      <trkpt lat="51.0325" lon="4.65517">
        <ele>9</ele>
      </trkpt>
      <trkpt lat="51.03206" lon="4.65635">
        <ele>8</ele>
      </trkpt>
      <trkpt lat="51.03189" lon="4.6568">
        <ele>7</ele>
      </trkpt>
      <trkpt lat="51.03174" lon="4.6574">
        <ele>7</ele>
      </trkpt>
      <trkpt lat="51.03155" lon="4.658">
        <ele>7</ele>
      </trkpt>
      <trkpt lat="51.03151" lon="4.65822">
        <ele>7</ele>
      </trkpt>
      <trkpt lat="51.03168" lon="4.65832">
        <ele>7</ele>
      </trkpt>
      <trkpt lat="51.03165" lon="4.65846">
        <ele>7</ele>
      </trkpt>
      <trkpt lat="51.03143" lon="4.65975">
        <ele>8</ele>
      </trkpt>
      <trkpt lat="51.03134" lon="4.66105">
        <ele>8</ele>
      </trkpt>
      <trkpt lat="51.03128" lon="4.66232">
        <ele>8</ele>
      </trkpt>
      <trkpt lat="51.03126" lon="4.66415">
        <ele>8</ele>
      </trkpt>
      <trkpt lat="51.03158" lon="4.66412">
        <ele>8</ele>
      </trkpt>
      <trkpt lat="51.03176" lon="4.66413">
        <ele>8</ele>
      </trkpt>
      <trkpt lat="51.03176" lon="4.66431">
        <ele>8</ele>
      </trkpt>
      <trkpt lat="51.03194" lon="4.66573">
        <ele>7</ele>
      </trkpt>
      <trkpt lat="51.03202" lon="4.66591">
        <ele>8</ele>
      </trkpt>
      <trkpt lat="51.03222" lon="4.66617">
        <ele>7</ele>
      </trkpt>
      <trkpt lat="51.03231" lon="4.66627">
        <ele>7</ele>
      </trkpt>
      <trkpt lat="51.03248" lon="4.66636">
        <ele>8</ele>
      </trkpt>
      <trkpt lat="51.03329" lon="4.66682">
        <ele>8</ele>
      </trkpt>
      <trkpt lat="51.03232" lon="4.67009">
        <ele>7</ele>
      </trkpt>
      <trkpt lat="51.03083" lon="4.67498">
        <ele>9</ele>
      </trkpt>
      <trkpt lat="51.03062" lon="4.67575">
        <ele>9</ele>
      </trkpt>
      <trkpt lat="51.03055" lon="4.67613">
        <ele>9</ele>
      </trkpt>
      <trkpt lat="51.03037" lon="4.67771">
        <ele>7</ele>
      </trkpt>
      <trkpt lat="51.03036" lon="4.67803">
        <ele>7</ele>
      </trkpt>
      <trkpt lat="51.03039" lon="4.67877">
        <ele>7</ele>
      </trkpt>
      <trkpt lat="51.03072" lon="4.68443">
        <ele>9</ele>
      </trkpt>
      <trkpt lat="51.03058" lon="4.68443">
        <ele>9</ele>
      </trkpt>
      <trkpt lat="51.02948" lon="4.68472">
        <ele>9</ele>
      </trkpt>
      <trkpt lat="51.02895" lon="4.68485">
        <ele>9</ele>
      </trkpt>
      <trkpt lat="51.02423" lon="4.68536">
        <ele>9</ele>
      </trkpt>
      <trkpt lat="51.02415" lon="4.68548">
        <ele>9</ele>
      </trkpt>
      <trkpt lat="51.02432" lon="4.68577">
        <ele>9</ele>
      </trkpt>
      <trkpt lat="51.02451" lon="4.68619">
        <ele>9</ele>
      </trkpt>
      <trkpt lat="51.02441" lon="4.68629">
        <ele>9</ele>
      </trkpt>
      <trkpt lat="51.02386" lon="4.68661">
        <ele>9</ele>
      </trkpt>
      <trkpt lat="51.02329" lon="4.68699">
        <ele>10</ele>
      </trkpt>
      <trkpt lat="51.02301" lon="4.68726">
        <ele>11</ele>
      </trkpt>
      <trkpt lat="51.02251" lon="4.68779">
        <ele>12</ele>
      </trkpt>
      <trkpt lat="51.02236" lon="4.68788">
        <ele>12</ele>
      </trkpt>
      <trkpt lat="51.01897" lon="4.68889">
        <ele>13</ele>
      </trkpt>
      <trkpt lat="51.01894" lon="4.68894">
        <ele>13</ele>
      </trkpt>
      <trkpt lat="51.01886" lon="4.69003">
        <ele>11</ele>
      </trkpt>
      <trkpt lat="51.01873" lon="4.69091">
        <ele>10</ele>
      </trkpt>
      <trkpt lat="51.01872" lon="4.69127">
        <ele>11</ele>
      </trkpt>
      <trkpt lat="51.01868" lon="4.69215">
        <ele>10</ele>
      </trkpt>
      <trkpt lat="51.01869" lon="4.69246">
        <ele>10</ele>
      </trkpt>
      <trkpt lat="51.01841" lon="4.69253">
        <ele>11</ele>
      </trkpt>
      <trkpt lat="51.01817" lon="4.69266">
        <ele>11</ele>
      </trkpt>
      <trkpt lat="51.01799" lon="4.69282">
        <ele>11</ele>
      </trkpt>
      <trkpt lat="51.01743" lon="4.69337">
        <ele>10</ele>
      </trkpt>
      <trkpt lat="51.01723" lon="4.69349">
        <ele>10</ele>
      </trkpt>
      <trkpt lat="51.01711" lon="4.69348">
        <ele>10</ele>
      </trkpt>
      <trkpt lat="51.01695" lon="4.69333">
        <ele>10</ele>
      </trkpt>
      <trkpt lat="51.01659" lon="4.69256">
        <ele>9</ele>
      </trkpt>
      <trkpt lat="51.01638" lon="4.69224">
        <ele>9</ele>
      </trkpt>
      <trkpt lat="51.01625" lon="4.69212">
        <ele>9</ele>
      </trkpt>
      <trkpt lat="51.01589" lon="4.69196">
        <ele>9</ele>
      </trkpt>
      <trkpt lat="51.01297" lon="4.69123">
        <ele>9</ele>
      </trkpt>
      <trkpt lat="51.01275" lon="4.69123">
        <ele>9</ele>
      </trkpt>
      <trkpt lat="51.01248" lon="4.69107">
        <ele>9</ele>
      </trkpt>
      <trkpt lat="51.01181" lon="4.69088">
        <ele>9</ele>
      </trkpt>
      <trkpt lat="51.0109" lon="4.69064">
        <ele>10</ele>
      </trkpt>
      <trkpt lat="51.00908" lon="4.69021">
        <ele>11</ele>
      </trkpt>
      <trkpt lat="51.00814" lon="4.69003">
        <ele>10</ele>
      </trkpt>
      <trkpt lat="51.00788" lon="4.69">
        <ele>10</ele>
      </trkpt>
      <trkpt lat="51.00785" lon="4.68968">
        <ele>10</ele>
      </trkpt>
      <trkpt lat="51.00773" lon="4.68826">
        <ele>10</ele>
      </trkpt>
      <trkpt lat="51.00765" lon="4.6876">
        <ele>11</ele>
      </trkpt>
      <trkpt lat="51.00759" lon="4.6872">
        <ele>11</ele>
      </trkpt>
      <trkpt lat="51.00741" lon="4.68635">
        <ele>11</ele>
      </trkpt>
      <trkpt lat="51.00732" lon="4.686">
        <ele>11</ele>
      </trkpt>
      <trkpt lat="51.00692" lon="4.68497">
        <ele>11</ele>
      </trkpt>
      <trkpt lat="51.0071" lon="4.68469">
        <ele>10</ele>
      </trkpt>
      <trkpt lat="51.00723" lon="4.68473">
        <ele>10</ele>
      </trkpt>
      <trkpt lat="51.00744" lon="4.68473">
        <ele>10</ele>
      </trkpt>
      <trkpt lat="51.00772" lon="4.68467">
        <ele>11</ele>
      </trkpt>
      <trkpt lat="51.00788" lon="4.68457">
        <ele>11</ele>
      </trkpt>
      <trkpt lat="51.0086" lon="4.68389">
        <ele>12</ele>
      </trkpt>
      <trkpt lat="51.00891" lon="4.68369">
        <ele>13</ele>
      </trkpt>
      <trkpt lat="51.00916" lon="4.68356">
        <ele>12</ele>
      </trkpt>
      <trkpt lat="51.01009" lon="4.68311">
        <ele>12</ele>
      </trkpt>
      <trkpt lat="51.01013" lon="4.68306">
        <ele>12</ele>
      </trkpt>
      <trkpt lat="51.01014" lon="4.68295">
        <ele>12</ele>
      </trkpt>
      <trkpt lat="51.01007" lon="4.68147">
        <ele>12</ele>
      </trkpt>
      <trkpt lat="51.00999" lon="4.67916">
        <ele>12</ele>
      </trkpt>
      <trkpt lat="51.00972" lon="4.67918">
        <ele>12</ele>
      </trkpt>
      <trkpt lat="51.00944" lon="4.67908">
        <ele>12</ele>
      </trkpt>
      <trkpt lat="51.00934" lon="4.67894">
        <ele>12</ele>
      </trkpt>
      <trkpt lat="51.00923" lon="4.67872">
        <ele>12</ele>
      </trkpt>
      <trkpt lat="51.00906" lon="4.67803">
        <ele>12</ele>
      </trkpt>
      <trkpt lat="51.00863" lon="4.67592">
        <ele>13</ele>
      </trkpt>
      <trkpt lat="51.00858" lon="4.67492">
        <ele>14</ele>
      </trkpt>
      <trkpt lat="51.00852" lon="4.67451">
        <ele>14</ele>
      </trkpt>
      <trkpt lat="51.00834" lon="4.6735">
        <ele>13</ele>
      </trkpt>
      <trkpt lat="51.0079" lon="4.67152">
        <ele>14</ele>
      </trkpt>
      <trkpt lat="51.00756" lon="4.6704">
        <ele>13</ele>
      </trkpt>
      <trkpt lat="51.00724" lon="4.66954">
        <ele>13</ele>
      </trkpt>
      <trkpt lat="51.00647" lon="4.66841">
        <ele>13</ele>
      </trkpt>
      <trkpt lat="51.00572" lon="4.66745">
        <ele>13</ele>
      </trkpt>
      <trkpt lat="51.0052" lon="4.6669">
        <ele>13</ele>
      </trkpt>
      <trkpt lat="51.00501" lon="4.66667">
        <ele>13</ele>
      </trkpt>
      <trkpt lat="51.00484" lon="4.66638">
        <ele>13</ele>
      </trkpt>
      <trkpt lat="51.00467" lon="4.66604">
        <ele>13</ele>
      </trkpt>
      <trkpt lat="51.00455" lon="4.66572">
        <ele>13</ele>
      </trkpt>
      <trkpt lat="51.00446" lon="4.66542">
        <ele>13</ele>
      </trkpt>
      <trkpt lat="51.00443" lon="4.66522">
        <ele>13</ele>
      </trkpt>
      <trkpt lat="51.00446" lon="4.66476">
        <ele>13</ele>
      </trkpt>
      <trkpt lat="51.00443" lon="4.66451">
        <ele>13</ele>
      </trkpt>
      <trkpt lat="51.00452" lon="4.66418">
        <ele>13</ele>
      </trkpt>
      <trkpt lat="51.00539" lon="4.66191">
        <ele>11</ele>
      </trkpt>
      <trkpt lat="51.00628" lon="4.65954">
        <ele>15</ele>
      </trkpt>
      <trkpt lat="51.00765" lon="4.65575">
        <ele>12</ele>
      </trkpt>
      <trkpt lat="51.0076" lon="4.65566">
        <ele>12</ele>
      </trkpt>
      <trkpt lat="51.00747" lon="4.6555">
        <ele>12</ele>
      </trkpt>
      <trkpt lat="51.0071" lon="4.65514">
        <ele>12</ele>
      </trkpt>
      <trkpt lat="51.00695" lon="4.6549">
        <ele>13</ele>
      </trkpt>
      <trkpt lat="51.00655" lon="4.65398">
        <ele>15</ele>
      </trkpt>
      <trkpt lat="51.0064" lon="4.65349">
        <ele>15</ele>
      </trkpt>
      <trkpt lat="51.00634" lon="4.6533">
        <ele>15</ele>
      </trkpt>
      <trkpt lat="51.00626" lon="4.65286">
        <ele>15</ele>
      </trkpt>
      <trkpt lat="51.00604" lon="4.65095">
        <ele>16</ele>
      </trkpt>
      <trkpt lat="51.00582" lon="4.64977">
        <ele>16</ele>
      </trkpt>
      <trkpt lat="51.00541" lon="4.64788">
        <ele>15</ele>
      </trkpt>
      <trkpt lat="51.00508" lon="4.64656">
        <ele>13</ele>
      </trkpt>
      <trkpt lat="51.0048" lon="4.64599">
        <ele>13</ele>
      </trkpt>
      <trkpt lat="51.00473" lon="4.64576">
        <ele>13</ele>
      </trkpt>
      <trkpt lat="51.00472" lon="4.64548">
        <ele>12</ele>
      </trkpt>
      <trkpt lat="51.00474" lon="4.64444">
        <ele>13</ele>
      </trkpt>
      <trkpt lat="51.00475" lon="4.64216">
        <ele>11</ele>
      </trkpt>
      <trkpt lat="51.00476" lon="4.64126">
        <ele>11</ele>
      </trkpt>
      <trkpt lat="51.00479" lon="4.64103">
        <ele>11</ele>
      </trkpt>
      <trkpt lat="51.00474" lon="4.6408">
        <ele>11</ele>
      </trkpt>
      <trkpt lat="51.00458" lon="4.63956">
        <ele>11</ele>
      </trkpt>
      <trkpt lat="51.00461" lon="4.63943">
        <ele>11</ele>
      </trkpt>
      <trkpt lat="51.00468" lon="4.63926">
        <ele>11</ele>
      </trkpt>
      <trkpt lat="51.0047" lon="4.63913">
        <ele>11</ele>
      </trkpt>
      <trkpt lat="51.00472" lon="4.63888">
        <ele>11</ele>
      </trkpt>
      <trkpt lat="51.00484" lon="4.63774">
        <ele>10</ele>
      </trkpt>
      <trkpt lat="51.00505" lon="4.63605">
        <ele>11</ele>
      </trkpt>
      <trkpt lat="51.0051" lon="4.63562">
        <ele>11</ele>
      </trkpt>
      <trkpt lat="51.00544" lon="4.63336">
        <ele>9</ele>
      </trkpt>
      <trkpt lat="51.00557" lon="4.63257">
        <ele>9</ele>
      </trkpt>
      <trkpt lat="51.00563" lon="4.63226">
        <ele>9</ele>
      </trkpt>
      <trkpt lat="51.00573" lon="4.63226">
        <ele>9</ele>
      </trkpt>
      <trkpt lat="51.00586" lon="4.63218">
        <ele>9</ele>
      </trkpt>
      <trkpt lat="51.00657" lon="4.6314">
        <ele>8</ele>
      </trkpt>
      <trkpt lat="51.00664" lon="4.63148">
        <ele>8</ele>
      </trkpt>
      <trkpt lat="51.00697" lon="4.63091">
        <ele>7</ele>
      </trkpt>
      <trkpt lat="51.00714" lon="4.63056">
        <ele>8</ele>
      </trkpt>
      <trkpt lat="51.00727" lon="4.63028">
        <ele>7</ele>
      </trkpt>
      <trkpt lat="51.00739" lon="4.63013">
        <ele>8</ele>
      </trkpt>
      <trkpt lat="51.0071" lon="4.6298">
        <ele>8</ele>
      </trkpt>
      <trkpt lat="51.00646" lon="4.62951">
        <ele>9</ele>
      </trkpt>
      <trkpt lat="51.00647" lon="4.62915">
        <ele>8</ele>
      </trkpt>
      <trkpt lat="51.00646" lon="4.62873">
        <ele>9</ele>
      </trkpt>
      <trkpt lat="51.00632" lon="4.62762">
        <ele>9</ele>
      </trkpt>
      <trkpt lat="51.00616" lon="4.62653">
        <ele>9</ele>
      </trkpt>
      <trkpt lat="51.00513" lon="4.61969">
        <ele>9</ele>
      </trkpt>
      <trkpt lat="51.00483" lon="4.61767">
        <ele>10</ele>
      </trkpt>
      <trkpt lat="51.00462" lon="4.61679">
        <ele>11</ele>
      </trkpt>
      <trkpt lat="51.00373" lon="4.61416">
        <ele>11</ele>
      </trkpt>
      <trkpt lat="51.00299" lon="4.61209">
        <ele>13</ele>
      </trkpt>
      <trkpt lat="51.0029" lon="4.61183">
        <ele>13</ele>
      </trkpt>
      <trkpt lat="51.0029" lon="4.61163">
        <ele>13</ele>
      </trkpt>
      <trkpt lat="51.00262" lon="4.61125">
        <ele>13</ele>
      </trkpt>
      <trkpt lat="51.00243" lon="4.61104">
        <ele>13</ele>
      </trkpt>
      <trkpt lat="51.00214" lon="4.61055">
        <ele>14</ele>
      </trkpt>
      <trkpt lat="51.00172" lon="4.60967">
        <ele>14</ele>
      </trkpt>
      <trkpt lat="51.00167" lon="4.60958">
        <ele>14</ele>
      </trkpt>
      <trkpt lat="51.00158" lon="4.60948">
        <ele>14</ele>
      </trkpt>
      <trkpt lat="51.00123" lon="4.60931">
        <ele>14</ele>
      </trkpt>
      <trkpt lat="51.00099" lon="4.60926">
        <ele>13</ele>
      </trkpt>
      <trkpt lat="51.00088" lon="4.60927">
        <ele>13</ele>
      </trkpt>
      <trkpt lat="51.00024" lon="4.60861">
        <ele>12</ele>
      </trkpt>
      <trkpt lat="50.99997" lon="4.60797">
        <ele>12</ele>
      </trkpt>
      <trkpt lat="50.99992" lon="4.6079">
        <ele>12</ele>
      </trkpt>
      <trkpt lat="50.99955" lon="4.60757">
        <ele>13</ele>
      </trkpt>
      <trkpt lat="50.99941" lon="4.60748">
        <ele>13</ele>
      </trkpt>
      <trkpt lat="50.99938" lon="4.60742">
        <ele>13</ele>
      </trkpt>
      <trkpt lat="50.99922" lon="4.60729">
        <ele>13</ele>
      </trkpt>
      <trkpt lat="50.99901" lon="4.60717">
        <ele>13</ele>
      </trkpt>
      <trkpt lat="50.99894" lon="4.60716">
        <ele>13</ele>
      </trkpt>
      <trkpt lat="50.99869" lon="4.60705">
        <ele>13</ele>
      </trkpt>
      <trkpt lat="50.99852" lon="4.60704">
        <ele>13</ele>
      </trkpt>
      <trkpt lat="50.99817" lon="4.60707">
        <ele>12</ele>
      </trkpt>
      <trkpt lat="50.9979" lon="4.60703">
        <ele>12</ele>
      </trkpt>
      <trkpt lat="50.99764" lon="4.60695">
        <ele>11</ele>
      </trkpt>
      <trkpt lat="50.99742" lon="4.60691">
        <ele>11</ele>
      </trkpt>
      <trkpt lat="50.99719" lon="4.60695">
        <ele>11</ele>
      </trkpt>
      <trkpt lat="50.99674" lon="4.60707">
        <ele>12</ele>
      </trkpt>
      <trkpt lat="50.99626" lon="4.60724">
        <ele>13</ele>
      </trkpt>
      <trkpt lat="50.99603" lon="4.60741">
        <ele>13</ele>
      </trkpt>
      <trkpt lat="50.99572" lon="4.60768">
        <ele>12</ele>
      </trkpt>
      <trkpt lat="50.99552" lon="4.60785">
        <ele>13</ele>
      </trkpt>
      <trkpt lat="50.99532" lon="4.60798">
        <ele>12</ele>
      </trkpt>
      <trkpt lat="50.99514" lon="4.60805">
        <ele>10</ele>
      </trkpt>
      <trkpt lat="50.99458" lon="4.60805">
        <ele>9</ele>
      </trkpt>
      <trkpt lat="50.99414" lon="4.60812">
        <ele>7</ele>
      </trkpt>
      <trkpt lat="50.99402" lon="4.60817">
        <ele>7</ele>
      </trkpt>
      <trkpt lat="50.99395" lon="4.60842">
        <ele>8</ele>
      </trkpt>
      <trkpt lat="50.99396" lon="4.6087">
        <ele>9</ele>
      </trkpt>
      <trkpt lat="50.99409" lon="4.60921">
        <ele>8</ele>
      </trkpt>
      <trkpt lat="50.99458" lon="4.61067">
        <ele>9</ele>
      </trkpt>
      <trkpt lat="50.99469" lon="4.61106">
        <ele>10</ele>
      </trkpt>
      <trkpt lat="50.99471" lon="4.61139">
        <ele>10</ele>
      </trkpt>
      <trkpt lat="50.9946" lon="4.61195">
        <ele>11</ele>
      </trkpt>
      <trkpt lat="50.99418" lon="4.61366">
        <ele>8</ele>
      </trkpt>
      <trkpt lat="50.99417" lon="4.61397">
        <ele>8</ele>
      </trkpt>
      <trkpt lat="50.99422" lon="4.61534">
        <ele>6</ele>
      </trkpt>
      <trkpt lat="50.99421" lon="4.61582">
        <ele>6</ele>
      </trkpt>
      <trkpt lat="50.99423" lon="4.61594">
        <ele>6</ele>
      </trkpt>
      <trkpt lat="50.99427" lon="4.61603">
        <ele>6</ele>
      </trkpt>
      <trkpt lat="50.99449" lon="4.61647">
        <ele>6</ele>
      </trkpt>
      <trkpt lat="50.99459" lon="4.61675">
        <ele>6</ele>
      </trkpt>
      <trkpt lat="50.99475" lon="4.61706">
        <ele>6</ele>
      </trkpt>
      <trkpt lat="50.99493" lon="4.61733">
        <ele>7</ele>
      </trkpt>
      <trkpt lat="50.99512" lon="4.61771">
        <ele>8</ele>
      </trkpt>
      <trkpt lat="50.99524" lon="4.61819">
        <ele>10</ele>
      </trkpt>
      <trkpt lat="50.99529" lon="4.61863">
        <ele>12</ele>
      </trkpt>
      <trkpt lat="50.99529" lon="4.61905">
        <ele>12</ele>
      </trkpt>
      <trkpt lat="50.99526" lon="4.61945">
        <ele>12</ele>
      </trkpt>
      <trkpt lat="50.99536" lon="4.62056">
        <ele>11</ele>
      </trkpt>
      <trkpt lat="50.99548" lon="4.62183">
        <ele>8</ele>
      </trkpt>
      <trkpt lat="50.99556" lon="4.62211">
        <ele>8</ele>
      </trkpt>
      <trkpt lat="50.99571" lon="4.62226">
        <ele>8</ele>
      </trkpt>
      <trkpt lat="50.99605" lon="4.62247">
        <ele>7</ele>
      </trkpt>
      <trkpt lat="50.99629" lon="4.62277">
        <ele>7</ele>
      </trkpt>
      <trkpt lat="50.9964" lon="4.62306">
        <ele>6</ele>
      </trkpt>
      <trkpt lat="50.99638" lon="4.62343">
        <ele>5</ele>
      </trkpt>
      <trkpt lat="50.99635" lon="4.62371">
        <ele>5</ele>
      </trkpt>
      <trkpt lat="50.99613" lon="4.62442">
        <ele>5</ele>
      </trkpt>
      <trkpt lat="50.99614" lon="4.62467">
        <ele>5</ele>
      </trkpt>
      <trkpt lat="50.99643" lon="4.62543">
        <ele>6</ele>
      </trkpt>
      <trkpt lat="50.99653" lon="4.62583">
        <ele>6</ele>
      </trkpt>
      <trkpt lat="50.99662" lon="4.62643">
        <ele>6</ele>
      </trkpt>
      <trkpt lat="50.99674" lon="4.62778">
        <ele>7</ele>
      </trkpt>
      <trkpt lat="50.99681" lon="4.62911">
        <ele>7</ele>
      </trkpt>
      <trkpt lat="50.99685" lon="4.62932">
        <ele>7</ele>
      </trkpt>
      <trkpt lat="50.99691" lon="4.62951">
        <ele>8</ele>
      </trkpt>
      <trkpt lat="50.99724" lon="4.63017">
        <ele>8</ele>
      </trkpt>
      <trkpt lat="50.99718" lon="4.6304">
        <ele>8</ele>
      </trkpt>
      <trkpt lat="50.99709" lon="4.63098">
        <ele>9</ele>
      </trkpt>
      <trkpt lat="50.99704" lon="4.63119">
        <ele>9</ele>
      </trkpt>
      <trkpt lat="50.99644" lon="4.63283">
        <ele>10</ele>
      </trkpt>
      <trkpt lat="50.99616" lon="4.63352">
        <ele>11</ele>
      </trkpt>
      <trkpt lat="50.99512" lon="4.63547">
        <ele>10</ele>
      </trkpt>
      <trkpt lat="50.99499" lon="4.6357">
        <ele>10</ele>
      </trkpt>
      <trkpt lat="50.99471" lon="4.6361">
        <ele>10</ele>
      </trkpt>
      <trkpt lat="50.99455" lon="4.63644">
        <ele>10</ele>
      </trkpt>
      <trkpt lat="50.99446" lon="4.6368">
        <ele>10</ele>
      </trkpt>
      <trkpt lat="50.99438" lon="4.63723">
        <ele>11</ele>
      </trkpt>
      <trkpt lat="50.99418" lon="4.63806">
        <ele>11</ele>
      </trkpt>
      <trkpt lat="50.99389" lon="4.63905">
        <ele>13</ele>
      </trkpt>
      <trkpt lat="50.99385" lon="4.6393">
        <ele>14</ele>
      </trkpt>
      <trkpt lat="50.99384" lon="4.6395">
        <ele>14</ele>
      </trkpt>
      <trkpt lat="50.99393" lon="4.64078">
        <ele>15</ele>
      </trkpt>
      <trkpt lat="50.99392" lon="4.64107">
        <ele>15</ele>
      </trkpt>
      <trkpt lat="50.99368" lon="4.64286">
        <ele>14</ele>
      </trkpt>
      <trkpt lat="50.99358" lon="4.64362">
        <ele>12</ele>
      </trkpt>
      <trkpt lat="50.99357" lon="4.64392">
        <ele>12</ele>
      </trkpt>
      <trkpt lat="50.99362" lon="4.64438">
        <ele>12</ele>
      </trkpt>
      <trkpt lat="50.9938" lon="4.64486">
        <ele>13</ele>
      </trkpt>
      <trkpt lat="50.99337" lon="4.6454">
        <ele>12</ele>
      </trkpt>
      <trkpt lat="50.99316" lon="4.64566">
        <ele>13</ele>
      </trkpt>
      <trkpt lat="50.99302" lon="4.64589">
        <ele>14</ele>
      </trkpt>
      <trkpt lat="50.99306" lon="4.64611">
        <ele>13</ele>
      </trkpt>
      <trkpt lat="50.99303" lon="4.6462">
        <ele>13</ele>
      </trkpt>
      <trkpt lat="50.99295" lon="4.6472">
        <ele>15</ele>
      </trkpt>
      <trkpt lat="50.99288" lon="4.64814">
        <ele>15</ele>
      </trkpt>
      <trkpt lat="50.99278" lon="4.64878">
        <ele>15</ele>
      </trkpt>
      <trkpt lat="50.99265" lon="4.6499">
        <ele>16</ele>
      </trkpt>
      <trkpt lat="50.99218" lon="4.65285">
        <ele>16</ele>
      </trkpt>
      <trkpt lat="50.9921" lon="4.65314">
        <ele>16</ele>
      </trkpt>
      <trkpt lat="50.99201" lon="4.65365">
        <ele>16</ele>
      </trkpt>
      <trkpt lat="50.99177" lon="4.6554">
        <ele>15</ele>
      </trkpt>
      <trkpt lat="50.99182" lon="4.65628">
        <ele>14</ele>
      </trkpt>
      <trkpt lat="50.99181" lon="4.65648">
        <ele>14</ele>
      </trkpt>
      <trkpt lat="50.99172" lon="4.65672">
        <ele>14</ele>
      </trkpt>
      <trkpt lat="50.9917" lon="4.65689">
        <ele>14</ele>
      </trkpt>
      <trkpt lat="50.99179" lon="4.65729">
        <ele>14</ele>
      </trkpt>
      <trkpt lat="50.9919" lon="4.65752">
        <ele>15</ele>
      </trkpt>
      <trkpt lat="50.99226" lon="4.65759">
        <ele>15</ele>
      </trkpt>
      <trkpt lat="50.9926" lon="4.65773">
        <ele>15</ele>
      </trkpt>
      <trkpt lat="50.99277" lon="4.65792">
        <ele>16</ele>
      </trkpt>
      <trkpt lat="50.99282" lon="4.65817">
        <ele>16</ele>
      </trkpt>
      <trkpt lat="50.99293" lon="4.65922">
        <ele>19</ele>
      </trkpt>
      <trkpt lat="50.99305" lon="4.66043">
        <ele>22</ele>
      </trkpt>
      <trkpt lat="50.99304" lon="4.6606">
        <ele>21</ele>
      </trkpt>
      <trkpt lat="50.99297" lon="4.661">
        <ele>20</ele>
      </trkpt>
      <trkpt lat="50.99296" lon="4.66112">
        <ele>20</ele>
      </trkpt>
      <trkpt lat="50.99296" lon="4.66134">
        <ele>20</ele>
      </trkpt>
      <trkpt lat="50.99299" lon="4.66148">
        <ele>19</ele>
      </trkpt>
      <trkpt lat="50.99302" lon="4.66158">
        <ele>19</ele>
      </trkpt>
      <trkpt lat="50.9931" lon="4.66175">
        <ele>18</ele>
      </trkpt>
      <trkpt lat="50.99363" lon="4.66261">
        <ele>19</ele>
      </trkpt>
      <trkpt lat="50.99416" lon="4.66341">
        <ele>18</ele>
      </trkpt>
      <trkpt lat="50.99435" lon="4.66372">
        <ele>18</ele>
      </trkpt>
      <trkpt lat="50.99454" lon="4.66409">
        <ele>18</ele>
      </trkpt>
      <trkpt lat="50.99505" lon="4.66561">
        <ele>17</ele>
      </trkpt>
      <trkpt lat="50.99512" lon="4.66585">
        <ele>16</ele>
      </trkpt>
      <trkpt lat="50.99522" lon="4.66635">
        <ele>16</ele>
      </trkpt>
      <trkpt lat="50.99524" lon="4.66678">
        <ele>15</ele>
      </trkpt>
      <trkpt lat="50.9952" lon="4.66727">
        <ele>15</ele>
      </trkpt>
      <trkpt lat="50.99516" lon="4.66753">
        <ele>15</ele>
      </trkpt>
      <trkpt lat="50.99505" lon="4.66816">
        <ele>15</ele>
      </trkpt>
      <trkpt lat="50.99462" lon="4.66944">
        <ele>13</ele>
      </trkpt>
      <trkpt lat="50.99447" lon="4.66958">
        <ele>13</ele>
      </trkpt>
      <trkpt lat="50.99404" lon="4.67021">
        <ele>12</ele>
      </trkpt>
      <trkpt lat="50.99371" lon="4.67075">
        <ele>12</ele>
      </trkpt>
      <trkpt lat="50.99325" lon="4.67167">
        <ele>11</ele>
      </trkpt>
      <trkpt lat="50.99294" lon="4.67207">
        <ele>11</ele>
      </trkpt>
      <trkpt lat="50.99247" lon="4.67259">
        <ele>9</ele>
      </trkpt>
      <trkpt lat="50.99226" lon="4.67285">
        <ele>9</ele>
      </trkpt>
      <trkpt lat="50.99188" lon="4.67356">
        <ele>9</ele>
      </trkpt>
      <trkpt lat="50.99241" lon="4.67266">
        <ele>9</ele>
      </trkpt>
      <trkpt lat="50.99226" lon="4.67285">
        <ele>9</ele>
      </trkpt>
      <trkpt lat="50.99191" lon="4.6735">
        <ele>9</ele>
      </trkpt>
      <trkpt lat="50.99149" lon="4.67437">
        <ele>9</ele>
      </trkpt>
      <trkpt lat="50.99131" lon="4.67451">
        <ele>9</ele>
      </trkpt>
      <trkpt lat="50.99087" lon="4.6747">
        <ele>9</ele>
      </trkpt>
      <trkpt lat="50.99058" lon="4.67479">
        <ele>9</ele>
      </trkpt>
      <trkpt lat="50.99008" lon="4.67485">
        <ele>9</ele>
      </trkpt>
      <trkpt lat="50.98988" lon="4.67473">
        <ele>9</ele>
      </trkpt>
      <trkpt lat="50.98984" lon="4.67472">
        <ele>9</ele>
      </trkpt>
      <trkpt lat="50.9898" lon="4.67474">
        <ele>9</ele>
      </trkpt>
      <trkpt lat="50.98967" lon="4.67495">
        <ele>9</ele>
      </trkpt>
      <trkpt lat="50.98952" lon="4.67538">
        <ele>9</ele>
      </trkpt>
      <trkpt lat="50.9894" lon="4.67585">
        <ele>10</ele>
      </trkpt>
      <trkpt lat="50.98918" lon="4.67699">
        <ele>10</ele>
      </trkpt>
      <trkpt lat="50.98912" lon="4.67712">
        <ele>10</ele>
      </trkpt>
      <trkpt lat="50.98886" lon="4.67725">
        <ele>10</ele>
      </trkpt>
      <trkpt lat="50.98799" lon="4.67818">
        <ele>10</ele>
      </trkpt>
      <trkpt lat="50.98622" lon="4.68007">
        <ele>8</ele>
      </trkpt>
      <trkpt lat="50.98597" lon="4.6803">
        <ele>7</ele>
      </trkpt>
      <trkpt lat="50.98548" lon="4.68065">
        <ele>7</ele>
      </trkpt>
      <trkpt lat="50.98517" lon="4.68083">
        <ele>7</ele>
      </trkpt>
      <trkpt lat="50.98485" lon="4.68096">
        <ele>6</ele>
      </trkpt>
      <trkpt lat="50.98336" lon="4.68137">
        <ele>6</ele>
      </trkpt>
      <trkpt lat="50.98318" lon="4.68161">
        <ele>6</ele>
      </trkpt>
      <trkpt lat="50.98306" lon="4.68185">
        <ele>7</ele>
      </trkpt>
      <trkpt lat="50.98286" lon="4.6823">
        <ele>7</ele>
      </trkpt>
      <trkpt lat="50.98269" lon="4.68276">
        <ele>7</ele>
      </trkpt>
      <trkpt lat="50.98187" lon="4.68495">
        <ele>8</ele>
      </trkpt>
      <trkpt lat="50.98175" lon="4.68513">
        <ele>8</ele>
      </trkpt>
      <trkpt lat="50.98154" lon="4.68534">
        <ele>8</ele>
      </trkpt>
      <trkpt lat="50.98149" lon="4.68543">
        <ele>8</ele>
      </trkpt>
      <trkpt lat="50.98144" lon="4.68563">
        <ele>8</ele>
      </trkpt>
      <trkpt lat="50.98125" lon="4.68665">
        <ele>7</ele>
      </trkpt>
      <trkpt lat="50.98113" lon="4.687">
        <ele>7</ele>
      </trkpt>
      <trkpt lat="50.98095" lon="4.68726">
        <ele>7</ele>
      </trkpt>
      <trkpt lat="50.98051" lon="4.68768">
        <ele>6</ele>
      </trkpt>
      <trkpt lat="50.98039" lon="4.68784">
        <ele>6</ele>
      </trkpt>
      <trkpt lat="50.98024" lon="4.68813">
        <ele>6</ele>
      </trkpt>
      <trkpt lat="50.97999" lon="4.68903">
        <ele>7</ele>
      </trkpt>
      <trkpt lat="50.97989" lon="4.68922">
        <ele>8</ele>
      </trkpt>
      <trkpt lat="50.97979" lon="4.68934">
        <ele>8</ele>
      </trkpt>
      <trkpt lat="50.97967" lon="4.68944">
        <ele>8</ele>
      </trkpt>
      <trkpt lat="50.97955" lon="4.68948">
        <ele>8</ele>
      </trkpt>
      <trkpt lat="50.97942" lon="4.68941">
        <ele>7</ele>
      </trkpt>
      <trkpt lat="50.97918" lon="4.68923">
        <ele>7</ele>
      </trkpt>
      <trkpt lat="50.97881" lon="4.68904">
        <ele>7</ele>
      </trkpt>
      <trkpt lat="50.97844" lon="4.68904">
        <ele>7</ele>
      </trkpt>
      <trkpt lat="50.97809" lon="4.68892">
        <ele>7</ele>
      </trkpt>
      <trkpt lat="50.97798" lon="4.68891">
        <ele>7</ele>
      </trkpt>
      <trkpt lat="50.97787" lon="4.68893">
        <ele>7</ele>
      </trkpt>
      <trkpt lat="50.97738" lon="4.68918">
        <ele>7</ele>
      </trkpt>
      <trkpt lat="50.97723" lon="4.6893">
        <ele>7</ele>
      </trkpt>
      <trkpt lat="50.97711" lon="4.68952">
        <ele>7</ele>
      </trkpt>
      <trkpt lat="50.97687" lon="4.69014">
        <ele>7</ele>
      </trkpt>
      <trkpt lat="50.97669" lon="4.69064">
        <ele>7</ele>
      </trkpt>
      <trkpt lat="50.97635" lon="4.69116">
        <ele>7</ele>
      </trkpt>
      <trkpt lat="50.97608" lon="4.69152">
        <ele>7</ele>
      </trkpt>
      <trkpt lat="50.97587" lon="4.69171">
        <ele>6</ele>
      </trkpt>
      <trkpt lat="50.97565" lon="4.69184">
        <ele>6</ele>
      </trkpt>
      <trkpt lat="50.97544" lon="4.6919">
        <ele>6</ele>
      </trkpt>
      <trkpt lat="50.97532" lon="4.69185">
        <ele>6</ele>
      </trkpt>
      <trkpt lat="50.97512" lon="4.69171">
        <ele>7</ele>
      </trkpt>
      <trkpt lat="50.97494" lon="4.69168">
        <ele>7</ele>
      </trkpt>
      <trkpt lat="50.97314" lon="4.69208">
        <ele>8</ele>
      </trkpt>
      <trkpt lat="50.97207" lon="4.69243">
        <ele>9</ele>
      </trkpt>
      <trkpt lat="50.97159" lon="4.69262">
        <ele>10</ele>
      </trkpt>
      <trkpt lat="50.97131" lon="4.6928">
        <ele>10</ele>
      </trkpt>
      <trkpt lat="50.97104" lon="4.69303">
        <ele>10</ele>
      </trkpt>
      <trkpt lat="50.97095" lon="4.69311">
        <ele>11</ele>
      </trkpt>
      <trkpt lat="50.97071" lon="4.6923">
        <ele>10</ele>
      </trkpt>
      <trkpt lat="50.97047" lon="4.69206">
        <ele>10</ele>
      </trkpt>
      <trkpt lat="50.97047" lon="4.69205">
        <ele>10</ele>
      </trkpt>
      <trkpt lat="50.97035" lon="4.69193">
        <ele>10</ele>
      </trkpt>
      <trkpt lat="50.97019" lon="4.69172">
        <ele>10</ele>
      </trkpt>
      <trkpt lat="50.97007" lon="4.69181">
        <ele>10</ele>
      </trkpt>
      <trkpt lat="50.96984" lon="4.69134">
        <ele>9</ele>
      </trkpt>
      <trkpt lat="50.96978" lon="4.69118">
        <ele>9</ele>
      </trkpt>
      <trkpt lat="50.97028" lon="4.69083">
        <ele>9</ele>
      </trkpt>
      <trkpt lat="50.97058" lon="4.69058">
        <ele>8</ele>
      </trkpt>
      <trkpt lat="50.97089" lon="4.69028">
        <ele>9</ele>
      </trkpt>
      <trkpt lat="50.97157" lon="4.68958">
        <ele>8</ele>
      </trkpt>
      <trkpt lat="50.97196" lon="4.68907">
        <ele>8</ele>
      </trkpt>
      <trkpt lat="50.97217" lon="4.68881">
        <ele>8</ele>
      </trkpt>
      <trkpt lat="50.97229" lon="4.6887">
        <ele>8</ele>
      </trkpt>
      <trkpt lat="50.97248" lon="4.68857">
        <ele>8</ele>
      </trkpt>
      <trkpt lat="50.97262" lon="4.68855">
        <ele>8</ele>
      </trkpt>
      <trkpt lat="50.97288" lon="4.68864">
        <ele>8</ele>
      </trkpt>
      <trkpt lat="50.97295" lon="4.68862">
        <ele>8</ele>
      </trkpt>
      <trkpt lat="50.97314" lon="4.68843">
        <ele>8</ele>
      </trkpt>
      <trkpt lat="50.97324" lon="4.68827">
        <ele>8</ele>
      </trkpt>
      <trkpt lat="50.97337" lon="4.68802">
        <ele>8</ele>
      </trkpt>
      <trkpt lat="50.97387" lon="4.68686">
        <ele>8</ele>
      </trkpt>
      <trkpt lat="50.97408" lon="4.68654">
        <ele>8</ele>
      </trkpt>
      <trkpt lat="50.97437" lon="4.68617">
        <ele>8</ele>
      </trkpt>
      <trkpt lat="50.97451" lon="4.68604">
        <ele>8</ele>
      </trkpt>
      <trkpt lat="50.97459" lon="4.68601">
        <ele>8</ele>
      </trkpt>
      <trkpt lat="50.97468" lon="4.68601">
        <ele>8</ele>
      </trkpt>
      <trkpt lat="50.975" lon="4.68609">
        <ele>8</ele>
      </trkpt>
      <trkpt lat="50.97579" lon="4.68619">
        <ele>8</ele>
      </trkpt>
      <trkpt lat="50.97599" lon="4.68615">
        <ele>8</ele>
      </trkpt>
      <trkpt lat="50.97606" lon="4.6861">
        <ele>8</ele>
      </trkpt>
      <trkpt lat="50.97657" lon="4.68538">
        <ele>8</ele>
      </trkpt>
      <trkpt lat="50.97677" lon="4.6851">
        <ele>8</ele>
      </trkpt>
      <trkpt lat="50.97693" lon="4.68493">
        <ele>8</ele>
      </trkpt>
      <trkpt lat="50.97733" lon="4.68444">
        <ele>8</ele>
      </trkpt>
      <trkpt lat="50.97735" lon="4.68439">
        <ele>8</ele>
      </trkpt>
      <trkpt lat="50.97736" lon="4.68431">
        <ele>8</ele>
      </trkpt>
      <trkpt lat="50.97723" lon="4.6838">
        <ele>9</ele>
      </trkpt>
      <trkpt lat="50.97712" lon="4.68346">
        <ele>9</ele>
      </trkpt>
      <trkpt lat="50.97703" lon="4.68243">
        <ele>9</ele>
      </trkpt>
      <trkpt lat="50.97701" lon="4.68206">
        <ele>9</ele>
      </trkpt>
      <trkpt lat="50.97697" lon="4.68178">
        <ele>9</ele>
      </trkpt>
      <trkpt lat="50.97667" lon="4.68094">
        <ele>8</ele>
      </trkpt>
      <trkpt lat="50.97651" lon="4.68043">
        <ele>8</ele>
      </trkpt>
      <trkpt lat="50.97634" lon="4.67983">
        <ele>8</ele>
      </trkpt>
      <trkpt lat="50.97623" lon="4.67935">
        <ele>8</ele>
      </trkpt>
      <trkpt lat="50.97615" lon="4.67898">
        <ele>8</ele>
      </trkpt>
      <trkpt lat="50.97612" lon="4.67873">
        <ele>8</ele>
      </trkpt>
      <trkpt lat="50.97614" lon="4.67859">
        <ele>8</ele>
      </trkpt>
      <trkpt lat="50.97617" lon="4.67849">
        <ele>8</ele>
      </trkpt>
      <trkpt lat="50.97658" lon="4.67773">
        <ele>7</ele>
      </trkpt>
      <trkpt lat="50.97661" lon="4.67763">
        <ele>7</ele>
      </trkpt>
      <trkpt lat="50.97661" lon="4.67755">
        <ele>7</ele>
      </trkpt>
      <trkpt lat="50.97629" lon="4.67664">
        <ele>7</ele>
      </trkpt>
      <trkpt lat="50.97596" lon="4.67561">
        <ele>8</ele>
      </trkpt>
      <trkpt lat="50.9758" lon="4.67505">
        <ele>8</ele>
      </trkpt>
      <trkpt lat="50.97573" lon="4.6747">
        <ele>8</ele>
      </trkpt>
      <trkpt lat="50.97556" lon="4.67372">
        <ele>7</ele>
      </trkpt>
      <trkpt lat="50.97539" lon="4.67232">
        <ele>6</ele>
      </trkpt>
      <trkpt lat="50.97534" lon="4.6721">
        <ele>6</ele>
      </trkpt>
      <trkpt lat="50.97504" lon="4.67143">
        <ele>7</ele>
      </trkpt>
      <trkpt lat="50.97499" lon="4.67126">
        <ele>7</ele>
      </trkpt>
      <trkpt lat="50.97493" lon="4.67081">
        <ele>7</ele>
      </trkpt>
      <trkpt lat="50.97493" lon="4.6702">
        <ele>8</ele>
      </trkpt>
      <trkpt lat="50.97496" lon="4.66979">
        <ele>8</ele>
      </trkpt>
      <trkpt lat="50.97515" lon="4.66863">
        <ele>8</ele>
      </trkpt>
      <trkpt lat="50.97524" lon="4.66767">
        <ele>9</ele>
      </trkpt>
      <trkpt lat="50.97528" lon="4.66751">
        <ele>9</ele>
      </trkpt>
      <trkpt lat="50.97533" lon="4.6674">
        <ele>8</ele>
      </trkpt>
      <trkpt lat="50.97539" lon="4.66731">
        <ele>8</ele>
      </trkpt>
      <trkpt lat="50.97547" lon="4.66725">
        <ele>8</ele>
      </trkpt>
      <trkpt lat="50.97572" lon="4.66714">
        <ele>8</ele>
      </trkpt>
      <trkpt lat="50.97579" lon="4.66708">
        <ele>8</ele>
      </trkpt>
      <trkpt lat="50.97587" lon="4.66696">
        <ele>8</ele>
      </trkpt>
      <trkpt lat="50.97618" lon="4.66605">
        <ele>8</ele>
      </trkpt>
      <trkpt lat="50.97624" lon="4.66583">
        <ele>8</ele>
      </trkpt>
      <trkpt lat="50.97624" lon="4.66559">
        <ele>7</ele>
      </trkpt>
      <trkpt lat="50.97623" lon="4.66549">
        <ele>6</ele>
      </trkpt>
      <trkpt lat="50.97619" lon="4.66517">
        <ele>6</ele>
      </trkpt>
      <trkpt lat="50.9762" lon="4.66501">
        <ele>6</ele>
      </trkpt>
      <trkpt lat="50.97631" lon="4.66459">
        <ele>6</ele>
      </trkpt>
      <trkpt lat="50.97636" lon="4.66422">
        <ele>6</ele>
      </trkpt>
      <trkpt lat="50.97638" lon="4.66229">
        <ele>7</ele>
      </trkpt>
      <trkpt lat="50.97506" lon="4.66284">
        <ele>7</ele>
      </trkpt>
      <trkpt lat="50.97501" lon="4.6629">
        <ele>7</ele>
      </trkpt>
      <trkpt lat="50.9746" lon="4.66376">
        <ele>6</ele>
      </trkpt>
      <trkpt lat="50.97447" lon="4.66398">
        <ele>7</ele>
      </trkpt>
      <trkpt lat="50.97439" lon="4.66404">
        <ele>7</ele>
      </trkpt>
      <trkpt lat="50.97412" lon="4.66415">
        <ele>7</ele>
      </trkpt>
      <trkpt lat="50.97406" lon="4.6642">
        <ele>7</ele>
      </trkpt>
      <trkpt lat="50.97397" lon="4.66433">
        <ele>7</ele>
      </trkpt>
      <trkpt lat="50.97373" lon="4.66475">
        <ele>7</ele>
      </trkpt>
      <trkpt lat="50.97364" lon="4.66484">
        <ele>7</ele>
      </trkpt>
      <trkpt lat="50.9733" lon="4.66504">
        <ele>7</ele>
      </trkpt>
      <trkpt lat="50.97307" lon="4.66523">
        <ele>7</ele>
      </trkpt>
      <trkpt lat="50.97296" lon="4.66535">
        <ele>6</ele>
      </trkpt>
      <trkpt lat="50.97267" lon="4.66576">
        <ele>7</ele>
      </trkpt>
      <trkpt lat="50.97267" lon="4.66577">
        <ele>7</ele>
      </trkpt>
      <trkpt lat="50.97253" lon="4.66597">
        <ele>6</ele>
      </trkpt>
      <trkpt lat="50.97225" lon="4.66654">
        <ele>6</ele>
      </trkpt>
      <trkpt lat="50.97208" lon="4.66676">
        <ele>7</ele>
      </trkpt>
      <trkpt lat="50.97197" lon="4.66684">
        <ele>7</ele>
      </trkpt>
      <trkpt lat="50.97186" lon="4.66682">
        <ele>6</ele>
      </trkpt>
      <trkpt lat="50.97183" lon="4.66717">
        <ele>6</ele>
      </trkpt>
      <trkpt lat="50.97173" lon="4.66715">
        <ele>6</ele>
      </trkpt>
      <trkpt lat="50.97153" lon="4.6673">
        <ele>6</ele>
      </trkpt>
      <trkpt lat="50.9714" lon="4.66734">
        <ele>6</ele>
      </trkpt>
      <trkpt lat="50.97038" lon="4.66712">
        <ele>6</ele>
      </trkpt>
      <trkpt lat="50.97031" lon="4.66713">
        <ele>6</ele>
      </trkpt>
      <trkpt lat="50.96923" lon="4.6677">
        <ele>6</ele>
      </trkpt>
      <trkpt lat="50.96903" lon="4.66774">
        <ele>6</ele>
      </trkpt>
      <trkpt lat="50.96889" lon="4.66772">
        <ele>6</ele>
      </trkpt>
      <trkpt lat="50.96762" lon="4.66746">
        <ele>6</ele>
      </trkpt>
      <trkpt lat="50.96721" lon="4.66732">
        <ele>6</ele>
      </trkpt>
      <trkpt lat="50.96673" lon="4.6673">
        <ele>6</ele>
      </trkpt>
      <trkpt lat="50.96666" lon="4.66733">
        <ele>6</ele>
      </trkpt>
      <trkpt lat="50.96594" lon="4.66829">
        <ele>5</ele>
      </trkpt>
      <trkpt lat="50.96553" lon="4.66896">
        <ele>5</ele>
      </trkpt>
      <trkpt lat="50.96492" lon="4.67015">
        <ele>7</ele>
      </trkpt>
      <trkpt lat="50.96478" lon="4.67029">
        <ele>7</ele>
      </trkpt>
      <trkpt lat="50.96388" lon="4.67061">
        <ele>7</ele>
      </trkpt>
      <trkpt lat="50.96374" lon="4.67071">
        <ele>7</ele>
      </trkpt>
      <trkpt lat="50.96359" lon="4.67087">
        <ele>7</ele>
      </trkpt>
      <trkpt lat="50.96333" lon="4.67126">
        <ele>7</ele>
      </trkpt>
      <trkpt lat="50.96327" lon="4.67131">
        <ele>7</ele>
      </trkpt>
      <trkpt lat="50.96309" lon="4.67137">
        <ele>7</ele>
      </trkpt>
      <trkpt lat="50.96273" lon="4.67141">
        <ele>7</ele>
      </trkpt>
      <trkpt lat="50.96263" lon="4.67139">
        <ele>7</ele>
      </trkpt>
      <trkpt lat="50.96224" lon="4.67117">
        <ele>6</ele>
      </trkpt>
      <trkpt lat="50.9618" lon="4.67099">
        <ele>7</ele>
      </trkpt>
      <trkpt lat="50.96158" lon="4.67096">
        <ele>7</ele>
      </trkpt>
      <trkpt lat="50.96149" lon="4.67097">
        <ele>7</ele>
      </trkpt>
      <trkpt lat="50.9614" lon="4.67102">
        <ele>7</ele>
      </trkpt>
      <trkpt lat="50.96099" lon="4.67135">
        <ele>8</ele>
      </trkpt>
      <trkpt lat="50.9602" lon="4.67172">
        <ele>8</ele>
      </trkpt>
      <trkpt lat="50.95896" lon="4.67219">
        <ele>10</ele>
      </trkpt>
      <trkpt lat="50.95889" lon="4.67218">
        <ele>10</ele>
      </trkpt>
      <trkpt lat="50.95884" lon="4.67246">
        <ele>10</ele>
      </trkpt>
      <trkpt lat="50.95878" lon="4.67264">
        <ele>10</ele>
      </trkpt>
      <trkpt lat="50.95867" lon="4.67283">
        <ele>10</ele>
      </trkpt>
      <trkpt lat="50.95784" lon="4.67365">
        <ele>11</ele>
      </trkpt>
      <trkpt lat="50.95755" lon="4.67385">
        <ele>11</ele>
      </trkpt>
      <trkpt lat="50.95718" lon="4.67397">
        <ele>11</ele>
      </trkpt>
      <trkpt lat="50.95681" lon="4.674">
        <ele>11</ele>
      </trkpt>
      <trkpt lat="50.95668" lon="4.67399">
        <ele>11</ele>
      </trkpt>
      <trkpt lat="50.95665" lon="4.67386">
        <ele>11</ele>
      </trkpt>
      <trkpt lat="50.95671" lon="4.67288">
        <ele>11</ele>
      </trkpt>
      <trkpt lat="50.95677" lon="4.67168">
        <ele>12</ele>
      </trkpt>
      <trkpt lat="50.95677" lon="4.6714">
        <ele>12</ele>
      </trkpt>
      <trkpt lat="50.95676" lon="4.67116">
        <ele>12</ele>
      </trkpt>
      <trkpt lat="50.95657" lon="4.66962">
        <ele>11</ele>
      </trkpt>
      <trkpt lat="50.95661" lon="4.66843">
        <ele>10</ele>
      </trkpt>
      <trkpt lat="50.9565" lon="4.6671">
        <ele>11</ele>
      </trkpt>
      <trkpt lat="50.95652" lon="4.66664">
        <ele>11</ele>
      </trkpt>
      <trkpt lat="50.95679" lon="4.66555">
        <ele>11</ele>
      </trkpt>
      <trkpt lat="50.95682" lon="4.66536">
        <ele>11</ele>
      </trkpt>
      <trkpt lat="50.95681" lon="4.66519">
        <ele>11</ele>
      </trkpt>
      <trkpt lat="50.9566" lon="4.66427">
        <ele>10</ele>
      </trkpt>
      <trkpt lat="50.95656" lon="4.66387">
        <ele>10</ele>
      </trkpt>
      <trkpt lat="50.95652" lon="4.66265">
        <ele>12</ele>
      </trkpt>
      <trkpt lat="50.95653" lon="4.66234">
        <ele>12</ele>
      </trkpt>
      <trkpt lat="50.9566" lon="4.66171">
        <ele>12</ele>
      </trkpt>
      <trkpt lat="50.95671" lon="4.66034">
        <ele>11</ele>
      </trkpt>
      <trkpt lat="50.95676" lon="4.66">
        <ele>11</ele>
      </trkpt>
      <trkpt lat="50.95688" lon="4.65919">
        <ele>10</ele>
      </trkpt>
      <trkpt lat="50.95701" lon="4.65853">
        <ele>10</ele>
      </trkpt>
      <trkpt lat="50.95715" lon="4.65794">
        <ele>11</ele>
      </trkpt>
      <trkpt lat="50.95721" lon="4.65683">
        <ele>11</ele>
      </trkpt>
      <trkpt lat="50.95711" lon="4.65683">
        <ele>11</ele>
      </trkpt>
      <trkpt lat="50.957" lon="4.6567">
        <ele>11</ele>
      </trkpt>
      <trkpt lat="50.95676" lon="4.65633">
        <ele>11</ele>
      </trkpt>
      <trkpt lat="50.95658" lon="4.65595">
        <ele>11</ele>
      </trkpt>
      <trkpt lat="50.95639" lon="4.65592">
        <ele>11</ele>
      </trkpt>
      <trkpt lat="50.95625" lon="4.65592">
        <ele>11</ele>
      </trkpt>
      <trkpt lat="50.95601" lon="4.65595">
        <ele>11</ele>
      </trkpt>
      <trkpt lat="50.95593" lon="4.656">
        <ele>11</ele>
      </trkpt>
      <trkpt lat="50.95502" lon="4.65707">
        <ele>9</ele>
      </trkpt>
      <trkpt lat="50.95492" lon="4.65711">
        <ele>9</ele>
      </trkpt>
      <trkpt lat="50.95482" lon="4.6571">
        <ele>9</ele>
      </trkpt>
      <trkpt lat="50.95446" lon="4.65669">
        <ele>9</ele>
      </trkpt>
      <trkpt lat="50.95431" lon="4.65667">
        <ele>9</ele>
      </trkpt>
      <trkpt lat="50.95414" lon="4.65724">
        <ele>9</ele>
      </trkpt>
      <trkpt lat="50.95405" lon="4.65746">
        <ele>9</ele>
      </trkpt>
      <trkpt lat="50.95392" lon="4.6577">
        <ele>9</ele>
      </trkpt>
      <trkpt lat="50.9528" lon="4.65975">
        <ele>10</ele>
      </trkpt>
      <trkpt lat="50.9522" lon="4.66081">
        <ele>11</ele>
      </trkpt>
      <trkpt lat="50.95183" lon="4.66142">
        <ele>11</ele>
      </trkpt>
      <trkpt lat="50.9514" lon="4.66261">
        <ele>11</ele>
      </trkpt>
      <trkpt lat="50.95124" lon="4.66317">
        <ele>11</ele>
      </trkpt>
      <trkpt lat="50.95106" lon="4.66366">
        <ele>11</ele>
      </trkpt>
      <trkpt lat="50.95079" lon="4.66413">
        <ele>10</ele>
      </trkpt>
      <trkpt lat="50.95036" lon="4.66469">
        <ele>10</ele>
      </trkpt>
      <trkpt lat="50.95031" lon="4.66481">
        <ele>10</ele>
      </trkpt>
      <trkpt lat="50.95013" lon="4.66539">
        <ele>11</ele>
      </trkpt>
      <trkpt lat="50.95002" lon="4.66541">
        <ele>11</ele>
      </trkpt>
      <trkpt lat="50.94979" lon="4.66529">
        <ele>11</ele>
      </trkpt>
      <trkpt lat="50.94964" lon="4.66516">
        <ele>11</ele>
      </trkpt>
      <trkpt lat="50.94948" lon="4.66498">
        <ele>11</ele>
      </trkpt>
      <trkpt lat="50.9494" lon="4.66486">
        <ele>11</ele>
      </trkpt>
      <trkpt lat="50.94935" lon="4.66465">
        <ele>11</ele>
      </trkpt>
      <trkpt lat="50.94923" lon="4.66372">
        <ele>12</ele>
      </trkpt>
      <trkpt lat="50.94902" lon="4.66281">
        <ele>12</ele>
      </trkpt>
      <trkpt lat="50.94874" lon="4.66185">
        <ele>12</ele>
      </trkpt>
      <trkpt lat="50.94856" lon="4.66106">
        <ele>12</ele>
      </trkpt>
      <trkpt lat="50.94849" lon="4.66054">
        <ele>12</ele>
      </trkpt>
      <trkpt lat="50.94845" lon="4.65918">
        <ele>12</ele>
      </trkpt>
      <trkpt lat="50.94844" lon="4.65824">
        <ele>11</ele>
      </trkpt>
      <trkpt lat="50.94843" lon="4.65769">
        <ele>11</ele>
      </trkpt>
      <trkpt lat="50.94836" lon="4.65651">
        <ele>11</ele>
      </trkpt>
      <trkpt lat="50.94834" lon="4.65624">
        <ele>11</ele>
      </trkpt>
      <trkpt lat="50.94819" lon="4.65539">
        <ele>11</ele>
      </trkpt>
      <trkpt lat="50.94664" lon="4.64731">
        <ele>14</ele>
      </trkpt>
      <trkpt lat="50.9466" lon="4.64726">
        <ele>14</ele>
      </trkpt>
      <trkpt lat="50.94684" lon="4.64591">
        <ele>14</ele>
      </trkpt>
      <trkpt lat="50.94723" lon="4.64378">
        <ele>13</ele>
      </trkpt>
      <trkpt lat="50.94719" lon="4.64368">
        <ele>13</ele>
      </trkpt>
      <trkpt lat="50.9472" lon="4.64362">
        <ele>13</ele>
      </trkpt>
      <trkpt lat="50.94687" lon="4.64348">
        <ele>14</ele>
      </trkpt>
      <trkpt lat="50.94674" lon="4.64353">
        <ele>15</ele>
      </trkpt>
      <trkpt lat="50.94591" lon="4.64425">
        <ele>15</ele>
      </trkpt>
      <trkpt lat="50.94514" lon="4.64496">
        <ele>15</ele>
      </trkpt>
      <trkpt lat="50.94502" lon="4.64502">
        <ele>15</ele>
      </trkpt>
      <trkpt lat="50.94476" lon="4.64505">
        <ele>15</ele>
      </trkpt>
      <trkpt lat="50.94328" lon="4.64463">
        <ele>14</ele>
      </trkpt>
      <trkpt lat="50.94323" lon="4.64458">
        <ele>14</ele>
      </trkpt>
      <trkpt lat="50.94264" lon="4.64366">
        <ele>14</ele>
      </trkpt>
      <trkpt lat="50.94219" lon="4.64307">
        <ele>15</ele>
      </trkpt>
      <trkpt lat="50.94215" lon="4.64303">
        <ele>15</ele>
      </trkpt>
      <trkpt lat="50.94222" lon="4.64231">
        <ele>15</ele>
      </trkpt>
      <trkpt lat="50.94232" lon="4.64197">
        <ele>15</ele>
      </trkpt>
      <trkpt lat="50.94237" lon="4.64189">
        <ele>15</ele>
      </trkpt>
      <trkpt lat="50.94316" lon="4.64133">
        <ele>16</ele>
      </trkpt>
      <trkpt lat="50.94339" lon="4.64115">
        <ele>16</ele>
      </trkpt>
      <trkpt lat="50.94378" lon="4.64079">
        <ele>15</ele>
      </trkpt>
      <trkpt lat="50.94436" lon="4.64022">
        <ele>14</ele>
      </trkpt>
      <trkpt lat="50.94504" lon="4.63911">
        <ele>13</ele>
      </trkpt>
      <trkpt lat="50.94543" lon="4.63843">
        <ele>12</ele>
      </trkpt>
      <trkpt lat="50.94549" lon="4.63828">
        <ele>12</ele>
      </trkpt>
      <trkpt lat="50.94553" lon="4.63814">
        <ele>12</ele>
      </trkpt>
      <trkpt lat="50.94557" lon="4.63781">
        <ele>13</ele>
      </trkpt>
      <trkpt lat="50.94566" lon="4.63643">
        <ele>13</ele>
      </trkpt>
      <trkpt lat="50.94568" lon="4.63617">
        <ele>13</ele>
      </trkpt>
      <trkpt lat="50.94573" lon="4.63584">
        <ele>13</ele>
      </trkpt>
      <trkpt lat="50.94588" lon="4.63528">
        <ele>13</ele>
      </trkpt>
      <trkpt lat="50.94608" lon="4.63478">
        <ele>13</ele>
      </trkpt>
      <trkpt lat="50.94615" lon="4.63454">
        <ele>12</ele>
      </trkpt>
      <trkpt lat="50.94623" lon="4.63325">
        <ele>12</ele>
      </trkpt>
      <trkpt lat="50.94623" lon="4.63264">
        <ele>13</ele>
      </trkpt>
      <trkpt lat="50.94625" lon="4.63248">
        <ele>13</ele>
      </trkpt>
      <trkpt lat="50.94636" lon="4.63168">
        <ele>13</ele>
      </trkpt>
      <trkpt lat="50.9465" lon="4.63093">
        <ele>14</ele>
      </trkpt>
      <trkpt lat="50.94655" lon="4.63013">
        <ele>14</ele>
      </trkpt>
      <trkpt lat="50.94658" lon="4.6287">
        <ele>12</ele>
      </trkpt>
      <trkpt lat="50.94656" lon="4.62823">
        <ele>13</ele>
      </trkpt>
      <trkpt lat="50.94653" lon="4.62779">
        <ele>13</ele>
      </trkpt>
      <trkpt lat="50.94646" lon="4.6269">
        <ele>14</ele>
      </trkpt>
      <trkpt lat="50.94643" lon="4.62628">
        <ele>13</ele>
      </trkpt>
      <trkpt lat="50.94637" lon="4.6261">
        <ele>13</ele>
      </trkpt>
      <trkpt lat="50.94428" lon="4.62626">
        <ele>15</ele>
      </trkpt>
      <trkpt lat="50.94296" lon="4.6263">
        <ele>18</ele>
      </trkpt>
      <trkpt lat="50.94285" lon="4.62633">
        <ele>18</ele>
      </trkpt>
      <trkpt lat="50.94107" lon="4.62629">
        <ele>14</ele>
      </trkpt>
      <trkpt lat="50.94014" lon="4.62627">
        <ele>15</ele>
      </trkpt>
      <trkpt lat="50.93849" lon="4.62632">
        <ele>15</ele>
      </trkpt>
      <trkpt lat="50.93836" lon="4.6263">
        <ele>15</ele>
      </trkpt>
      <trkpt lat="50.93731" lon="4.62629">
        <ele>14</ele>
      </trkpt>
      <trkpt lat="50.93456" lon="4.62637">
        <ele>16</ele>
      </trkpt>
      <trkpt lat="50.93449" lon="4.62634">
        <ele>16</ele>
      </trkpt>
      <trkpt lat="50.93438" lon="4.62622">
        <ele>16</ele>
      </trkpt>
      <trkpt lat="50.93423" lon="4.62645">
        <ele>16</ele>
      </trkpt>
      <trkpt lat="50.93411" lon="4.6262">
        <ele>17</ele>
      </trkpt>
      <trkpt lat="50.93408" lon="4.62606">
        <ele>17</ele>
      </trkpt>
      <trkpt lat="50.93388" lon="4.62426">
        <ele>16</ele>
      </trkpt>
      <trkpt lat="50.93358" lon="4.62293">
        <ele>16</ele>
      </trkpt>
      <trkpt lat="50.93344" lon="4.62294">
        <ele>16</ele>
      </trkpt>
      <trkpt lat="50.9332" lon="4.62296">
        <ele>16</ele>
      </trkpt>
      <trkpt lat="50.93239" lon="4.62274">
        <ele>16</ele>
      </trkpt>
      <trkpt lat="50.93227" lon="4.62277">
        <ele>16</ele>
      </trkpt>
      <trkpt lat="50.93107" lon="4.62336">
        <ele>16</ele>
      </trkpt>
      <trkpt lat="50.93064" lon="4.62348">
        <ele>16</ele>
      </trkpt>
      <trkpt lat="50.92912" lon="4.62379">
        <ele>16</ele>
      </trkpt>
      <trkpt lat="50.92885" lon="4.6238">
        <ele>16</ele>
      </trkpt>
      <trkpt lat="50.9281" lon="4.62376">
        <ele>17</ele>
      </trkpt>
      <trkpt lat="50.92706" lon="4.62393">
        <ele>17</ele>
      </trkpt>
      <trkpt lat="50.92682" lon="4.6239">
        <ele>18</ele>
      </trkpt>
      <trkpt lat="50.92654" lon="4.62382">
        <ele>18</ele>
      </trkpt>
      <trkpt lat="50.92639" lon="4.62378">
        <ele>18</ele>
      </trkpt>
      <trkpt lat="50.92651" lon="4.62083">
        <ele>17</ele>
      </trkpt>
      <trkpt lat="50.92654" lon="4.61958">
        <ele>17</ele>
      </trkpt>
      <trkpt lat="50.92661" lon="4.61822">
        <ele>17</ele>
      </trkpt>
      <trkpt lat="50.92623" lon="4.61806">
        <ele>17</ele>
      </trkpt>
      <trkpt lat="50.9249" lon="4.61709">
        <ele>17</ele>
      </trkpt>
      <trkpt lat="50.92412" lon="4.61646">
        <ele>17</ele>
      </trkpt>
      <trkpt lat="50.92371" lon="4.61603">
        <ele>17</ele>
      </trkpt>
      <trkpt lat="50.92331" lon="4.61549">
        <ele>18</ele>
      </trkpt>
      <trkpt lat="50.92296" lon="4.61507">
        <ele>18</ele>
      </trkpt>
      <trkpt lat="50.92257" lon="4.61474">
        <ele>18</ele>
      </trkpt>
      <trkpt lat="50.92237" lon="4.61464">
        <ele>18</ele>
      </trkpt>
      <trkpt lat="50.92207" lon="4.61455">
        <ele>18</ele>
      </trkpt>
      <trkpt lat="50.92174" lon="4.61452">
        <ele>20</ele>
      </trkpt>
      <trkpt lat="50.92039" lon="4.61463">
        <ele>21</ele>
      </trkpt>
      <trkpt lat="50.92" lon="4.6146">
        <ele>20</ele>
      </trkpt>
      <trkpt lat="50.9197" lon="4.61453">
        <ele>19</ele>
      </trkpt>
      <trkpt lat="50.91895" lon="4.61421">
        <ele>20</ele>
      </trkpt>
      <trkpt lat="50.91872" lon="4.61413">
        <ele>20</ele>
      </trkpt>
      <trkpt lat="50.91836" lon="4.61409">
        <ele>20</ele>
      </trkpt>
      <trkpt lat="50.91793" lon="4.61413">
        <ele>20</ele>
      </trkpt>
      <trkpt lat="50.91659" lon="4.61457">
        <ele>19</ele>
      </trkpt>
      <trkpt lat="50.91494" lon="4.61516">
        <ele>20</ele>
      </trkpt>
      <trkpt lat="50.91451" lon="4.61526">
        <ele>20</ele>
      </trkpt>
      <trkpt lat="50.91396" lon="4.61528">
        <ele>20</ele>
      </trkpt>
      <trkpt lat="50.91357" lon="4.61531">
        <ele>21</ele>
      </trkpt>
      <trkpt lat="50.91321" lon="4.61543">
        <ele>21</ele>
      </trkpt>
      <trkpt lat="50.91278" lon="4.61563">
        <ele>21</ele>
      </trkpt>
      <trkpt lat="50.91087" lon="4.61666">
        <ele>22</ele>
      </trkpt>
      <trkpt lat="50.91047" lon="4.6169">
        <ele>22</ele>
      </trkpt>
      <trkpt lat="50.90965" lon="4.61752">
        <ele>22</ele>
      </trkpt>
      <trkpt lat="50.90922" lon="4.61792">
        <ele>23</ele>
      </trkpt>
      <trkpt lat="50.90822" lon="4.61884">
        <ele>23</ele>
      </trkpt>
      <trkpt lat="50.90681" lon="4.6201">
        <ele>25</ele>
      </trkpt>
      <trkpt lat="50.90671" lon="4.62022">
        <ele>25</ele>
      </trkpt>
      <trkpt lat="50.90629" lon="4.62077">
        <ele>26</ele>
      </trkpt>
      <trkpt lat="50.90616" lon="4.62084">
        <ele>26</ele>
      </trkpt>
      <trkpt lat="50.9052" lon="4.62096">
        <ele>27</ele>
      </trkpt>
      <trkpt lat="50.90398" lon="4.62116">
        <ele>27</ele>
      </trkpt>
      <trkpt lat="50.90356" lon="4.62133">
        <ele>28</ele>
      </trkpt>
      <trkpt lat="50.90334" lon="4.62151">
        <ele>28</ele>
      </trkpt>
      <trkpt lat="50.9014" lon="4.62257">
        <ele>30</ele>
      </trkpt>
      <trkpt lat="50.90126" lon="4.62264">
        <ele>30</ele>
      </trkpt>
      <trkpt lat="50.90119" lon="4.62249">
        <ele>30</ele>
      </trkpt>
      <trkpt lat="50.90117" lon="4.62238">
        <ele>30</ele>
      </trkpt>
      <trkpt lat="50.90083" lon="4.6201">
        <ele>30</ele>
      </trkpt>
      <trkpt lat="50.90051" lon="4.61857">
        <ele>30</ele>
      </trkpt>
      <trkpt lat="50.90032" lon="4.61771">
        <ele>30</ele>
      </trkpt>
      <trkpt lat="50.90022" lon="4.61739">
        <ele>30</ele>
      </trkpt>
      <trkpt lat="50.90013" lon="4.61722">
        <ele>31</ele>
      </trkpt>
      <trkpt lat="50.90001" lon="4.61706">
        <ele>31</ele>
      </trkpt>
      <trkpt lat="50.89987" lon="4.61695">
        <ele>31</ele>
      </trkpt>
      <trkpt lat="50.89885" lon="4.61652">
        <ele>31</ele>
      </trkpt>
      <trkpt lat="50.89861" lon="4.6163">
        <ele>31</ele>
      </trkpt>
      <trkpt lat="50.8985" lon="4.61613">
        <ele>31</ele>
      </trkpt>
      <trkpt lat="50.89807" lon="4.615">
        <ele>31</ele>
      </trkpt>
      <trkpt lat="50.89744" lon="4.61323">
        <ele>32</ele>
      </trkpt>
      <trkpt lat="50.89679" lon="4.61181">
        <ele>34</ele>
      </trkpt>
      <trkpt lat="50.89649" lon="4.61116">
        <ele>33</ele>
      </trkpt>
      <trkpt lat="50.89642" lon="4.61107">
        <ele>33</ele>
      </trkpt>
      <trkpt lat="50.89602" lon="4.61049">
        <ele>33</ele>
      </trkpt>
      <trkpt lat="50.89556" lon="4.60997">
        <ele>34</ele>
      </trkpt>
      <trkpt lat="50.89365" lon="4.60774">
        <ele>37</ele>
      </trkpt>
      <trkpt lat="50.89306" lon="4.60704">
        <ele>37</ele>
      </trkpt>
      <trkpt lat="50.89044" lon="4.60396">
        <ele>35</ele>
      </trkpt>
      <trkpt lat="50.88998" lon="4.60338">
        <ele>36</ele>
      </trkpt>
      <trkpt lat="50.88895" lon="4.60199">
        <ele>35</ele>
      </trkpt>
      <trkpt lat="50.88606" lon="4.59804">
        <ele>39</ele>
      </trkpt>
      <trkpt lat="50.88586" lon="4.59767">
        <ele>39</ele>
      </trkpt>
      <trkpt lat="50.88564" lon="4.59719">
        <ele>39</ele>
      </trkpt>
      <trkpt lat="50.88556" lon="4.59707">
        <ele>39</ele>
      </trkpt>
      <trkpt lat="50.88548" lon="4.59699">
        <ele>39</ele>
      </trkpt>
      <trkpt lat="50.88528" lon="4.59687">
        <ele>39</ele>
      </trkpt>
      <trkpt lat="50.88511" lon="4.59672">
        <ele>39</ele>
      </trkpt>
      <trkpt lat="50.88345" lon="4.59384">
        <ele>38</ele>
      </trkpt>
      <trkpt lat="50.88298" lon="4.59299">
        <ele>37</ele>
      </trkpt>
      <trkpt lat="50.8829" lon="4.5928">
        <ele>37</ele>
      </trkpt>
      <trkpt lat="50.88276" lon="4.59233">
        <ele>38</ele>
      </trkpt>
      <trkpt lat="50.88271" lon="4.59193">
        <ele>38</ele>
      </trkpt>
      <trkpt lat="50.88264" lon="4.59101">
        <ele>39</ele>
      </trkpt>
      <trkpt lat="50.88254" lon="4.59057">
        <ele>40</ele>
      </trkpt>
      <trkpt lat="50.88237" lon="4.59015">
        <ele>40</ele>
      </trkpt>
      <trkpt lat="50.88142" lon="4.58848">
        <ele>44</ele>
      </trkpt>
      <trkpt lat="50.88084" lon="4.58736">
        <ele>44</ele>
      </trkpt>
      <trkpt lat="50.88067" lon="4.58698">
        <ele>44</ele>
      </trkpt>
      <trkpt lat="50.88033" lon="4.58634">
        <ele>43</ele>
      </trkpt>
      <trkpt lat="50.88022" lon="4.58613">
        <ele>43</ele>
      </trkpt>
      <trkpt lat="50.88147" lon="4.58463">
        <ele>40</ele>
      </trkpt>
      <trkpt lat="50.88176" lon="4.5842">
        <ele>39</ele>
      </trkpt>
      <trkpt lat="50.88201" lon="4.58382">
        <ele>38</ele>
      </trkpt>
      <trkpt lat="50.88308" lon="4.58191">
        <ele>40</ele>
      </trkpt>
      <trkpt lat="50.88302" lon="4.58173">
        <ele>39</ele>
      </trkpt>
      <trkpt lat="50.88263" lon="4.58033">
        <ele>37</ele>
      </trkpt>
      <trkpt lat="50.88194" lon="4.57805">
        <ele>37</ele>
      </trkpt>
      <trkpt lat="50.88125" lon="4.57644">
        <ele>40</ele>
      </trkpt>
      <trkpt lat="50.88035" lon="4.5748">
        <ele>42</ele>
      </trkpt>
      <trkpt lat="50.8799" lon="4.57392">
        <ele>44</ele>
      </trkpt>
      <trkpt lat="50.87931" lon="4.57211">
        <ele>47</ele>
      </trkpt>
      <trkpt lat="50.87882" lon="4.57121">
        <ele>48</ele>
      </trkpt>
      <trkpt lat="50.87866" lon="4.57102">
        <ele>49</ele>
      </trkpt>
      <trkpt lat="50.87829" lon="4.57074">
        <ele>51</ele>
      </trkpt>
      <trkpt lat="50.87821" lon="4.57058">
        <ele>52</ele>
      </trkpt>
      <trkpt lat="50.8781" lon="4.57023">
        <ele>52</ele>
      </trkpt>
      <trkpt lat="50.87798" lon="4.56991">
        <ele>51</ele>
      </trkpt>
      <trkpt lat="50.87779" lon="4.5695">
        <ele>52</ele>
      </trkpt>
      <trkpt lat="50.87748" lon="4.56894">
        <ele>54</ele>
      </trkpt>
      <trkpt lat="50.87735" lon="4.56861">
        <ele>54</ele>
      </trkpt>
      <trkpt lat="50.87731" lon="4.56833">
        <ele>54</ele>
      </trkpt>
      <trkpt lat="50.87728" lon="4.56833">
        <ele>54</ele>
      </trkpt>
      <trkpt lat="50.87722" lon="4.56827">
        <ele>54</ele>
      </trkpt>
      <trkpt lat="50.8772" lon="4.56822">
        <ele>53</ele>
      </trkpt>
      <trkpt lat="50.8772" lon="4.5681">
        <ele>53</ele>
      </trkpt>
      <trkpt lat="50.87725" lon="4.56802">
        <ele>53</ele>
      </trkpt>
      <trkpt lat="50.8773" lon="4.568">
        <ele>53</ele>
      </trkpt>
      <trkpt lat="50.87737" lon="4.56806">
        <ele>53</ele>
      </trkpt>
      <trkpt lat="50.87739" lon="4.5681">
        <ele>53</ele>
      </trkpt>
      <trkpt lat="50.87776" lon="4.5679">
        <ele>50</ele>
      </trkpt>
      <trkpt lat="50.87784" lon="4.56786">
        <ele>50</ele>
      </trkpt>
      <trkpt lat="50.87886" lon="4.567">
        <ele>46</ele>
      </trkpt>
      <trkpt lat="50.88002" lon="4.56636">
        <ele>46</ele>
      </trkpt>
      <trkpt lat="50.88002" lon="4.5663">
        <ele>46</ele>
      </trkpt>
      <trkpt lat="50.88006" lon="4.56621">
        <ele>46</ele>
      </trkpt>
      <trkpt lat="50.88009" lon="4.56619">
        <ele>46</ele>
      </trkpt>
      <trkpt lat="50.88005" lon="4.56437">
        <ele>49</ele>
      </trkpt>
      <trkpt lat="50.88007" lon="4.56408">
        <ele>51</ele>
      </trkpt>
      <trkpt lat="50.88042" lon="4.56228">
        <ele>59</ele>
      </trkpt>
      <trkpt lat="50.88047" lon="4.56195">
        <ele>59</ele>
      </trkpt>
      <trkpt lat="50.88051" lon="4.56137">
        <ele>59</ele>
      </trkpt>
      <trkpt lat="50.88046" lon="4.5608">
        <ele>59</ele>
      </trkpt>
      <trkpt lat="50.87985" lon="4.55718">
        <ele>55</ele>
      </trkpt>
      <trkpt lat="50.87933" lon="4.55516">
        <ele>54</ele>
      </trkpt>
      <trkpt lat="50.87926" lon="4.5547">
        <ele>51</ele>
      </trkpt>
      <trkpt lat="50.87887" lon="4.55152">
        <ele>54</ele>
      </trkpt>
    </trkseg>
  </trk>
</gpx>