<?xml version='1.0' encoding='UTF-8'?>
<gpx xmlns="http://www.topografix.com/GPX/1/1" xmlns:xsi="http://www.w3.org/2001/XMLSchema-instance" creator="RouteYou" version="1.1" xsi:schemaLocation="http://www.topografix.com/GPX/1/1 http://www.topografix.com/GPX/1/1/gpx.xsd">
  <trk>
    <name>Grimbergen 2025</name>
    <desc />
    <trkseg>
      <trkpt lat="50.87888" lon="4.55153">
        <ele>54</ele>
      </trkpt>
      <trkpt lat="50.87926" lon="4.5547">
        <ele>51</ele>
      </trkpt>
      <trkpt lat="50.87933" lon="4.55516">
        <ele>54</ele>
      </trkpt>
      <trkpt lat="50.87985" lon="4.55718">
        <ele>55</ele>
      </trkpt>
      <trkpt lat="50.88046" lon="4.5608">
        <ele>59</ele>
      </trkpt>
      <trkpt lat="50.88051" lon="4.56137">
        <ele>59</ele>
      </trkpt>
      <trkpt lat="50.88047" lon="4.56195">
        <ele>59</ele>
      </trkpt>
      <trkpt lat="50.88007" lon="4.56408">
        <ele>51</ele>
      </trkpt>
      <trkpt lat="50.88005" lon="4.56437">
        <ele>49</ele>
      </trkpt>
      <trkpt lat="50.88009" lon="4.56619">
        <ele>46</ele>
      </trkpt>
      <trkpt lat="50.88012" lon="4.56619">
        <ele>46</ele>
      </trkpt>
      <trkpt lat="50.88018" lon="4.56624">
        <ele>48</ele>
      </trkpt>
      <trkpt lat="50.8802" lon="4.56633">
        <ele>48</ele>
      </trkpt>
      <trkpt lat="50.88018" lon="4.56641">
        <ele>48</ele>
      </trkpt>
      <trkpt lat="50.88012" lon="4.56647">
        <ele>46</ele>
      </trkpt>
      <trkpt lat="50.88013" lon="4.5667">
        <ele>46</ele>
      </trkpt>
      <trkpt lat="50.88012" lon="4.56689">
        <ele>46</ele>
      </trkpt>
      <trkpt lat="50.8802" lon="4.56788">
        <ele>46</ele>
      </trkpt>
      <trkpt lat="50.88014" lon="4.56811">
        <ele>46</ele>
      </trkpt>
      <trkpt lat="50.87968" lon="4.56881">
        <ele>46</ele>
      </trkpt>
      <trkpt lat="50.87954" lon="4.56903">
        <ele>46</ele>
      </trkpt>
      <trkpt lat="50.87914" lon="4.56977">
        <ele>48</ele>
      </trkpt>
      <trkpt lat="50.87911" lon="4.56987">
        <ele>48</ele>
      </trkpt>
      <trkpt lat="50.8792" lon="4.57054">
        <ele>49</ele>
      </trkpt>
      <trkpt lat="50.87899" lon="4.57089">
        <ele>49</ele>
      </trkpt>
      <trkpt lat="50.87882" lon="4.57121">
        <ele>48</ele>
      </trkpt>
      <trkpt lat="50.87931" lon="4.57211">
        <ele>47</ele>
      </trkpt>
      <trkpt lat="50.87937" lon="4.57229">
        <ele>45</ele>
      </trkpt>
      <trkpt lat="50.8799" lon="4.57392">
        <ele>44</ele>
      </trkpt>
      <trkpt lat="50.88015" lon="4.57443">
        <ele>42</ele>
      </trkpt>
      <trkpt lat="50.88125" lon="4.57644">
        <ele>40</ele>
      </trkpt>
      <trkpt lat="50.88194" lon="4.57805">
        <ele>37</ele>
      </trkpt>
      <trkpt lat="50.8825" lon="4.57987">
        <ele>37</ele>
      </trkpt>
      <trkpt lat="50.88302" lon="4.58173">
        <ele>39</ele>
      </trkpt>
      <trkpt lat="50.88308" lon="4.58191">
        <ele>40</ele>
      </trkpt>
      <trkpt lat="50.88349" lon="4.58119">
        <ele>38</ele>
      </trkpt>
      <trkpt lat="50.884" lon="4.58055">
        <ele>38</ele>
      </trkpt>
      <trkpt lat="50.88539" lon="4.57909">
        <ele>42</ele>
      </trkpt>
      <trkpt lat="50.88625" lon="4.57824">
        <ele>44</ele>
      </trkpt>
      <trkpt lat="50.88683" lon="4.57761">
        <ele>43</ele>
      </trkpt>
      <trkpt lat="50.88719" lon="4.57719">
        <ele>44</ele>
      </trkpt>
      <trkpt lat="50.8873" lon="4.57702">
        <ele>44</ele>
      </trkpt>
      <trkpt lat="50.88757" lon="4.57651">
        <ele>44</ele>
      </trkpt>
      <trkpt lat="50.88812" lon="4.57508">
        <ele>41</ele>
      </trkpt>
      <trkpt lat="50.8883" lon="4.57476">
        <ele>42</ele>
      </trkpt>
      <trkpt lat="50.88868" lon="4.57423">
        <ele>39</ele>
      </trkpt>
      <trkpt lat="50.88936" lon="4.57354">
        <ele>38</ele>
      </trkpt>
      <trkpt lat="50.89021" lon="4.57268">
        <ele>37</ele>
      </trkpt>
      <trkpt lat="50.8905" lon="4.57229">
        <ele>37</ele>
      </trkpt>
      <trkpt lat="50.89088" lon="4.57167">
        <ele>37</ele>
      </trkpt>
      <trkpt lat="50.89097" lon="4.57141">
        <ele>36</ele>
      </trkpt>
      <trkpt lat="50.89101" lon="4.57121">
        <ele>36</ele>
      </trkpt>
      <trkpt lat="50.89113" lon="4.57121">
        <ele>36</ele>
      </trkpt>
      <trkpt lat="50.89118" lon="4.57113">
        <ele>36</ele>
      </trkpt>
      <trkpt lat="50.89137" lon="4.57089">
        <ele>36</ele>
      </trkpt>
      <trkpt lat="50.89139" lon="4.57095">
        <ele>36</ele>
      </trkpt>
      <trkpt lat="50.89148" lon="4.57086">
        <ele>36</ele>
      </trkpt>
      <trkpt lat="50.8915" lon="4.57096">
        <ele>36</ele>
      </trkpt>
      <trkpt lat="50.8917" lon="4.57091">
        <ele>36</ele>
      </trkpt>
      <trkpt lat="50.8917" lon="4.57079">
        <ele>36</ele>
      </trkpt>
      <trkpt lat="50.89178" lon="4.57054">
        <ele>35</ele>
      </trkpt>
      <trkpt lat="50.89187" lon="4.57044">
        <ele>35</ele>
      </trkpt>
      <trkpt lat="50.892" lon="4.57021">
        <ele>35</ele>
      </trkpt>
      <trkpt lat="50.89269" lon="4.56923">
        <ele>34</ele>
      </trkpt>
      <trkpt lat="50.89297" lon="4.5689">
        <ele>34</ele>
      </trkpt>
      <trkpt lat="50.89387" lon="4.5679">
        <ele>36</ele>
      </trkpt>
      <trkpt lat="50.89466" lon="4.56689">
        <ele>37</ele>
      </trkpt>
      <trkpt lat="50.89615" lon="4.5655">
        <ele>37</ele>
      </trkpt>
      <trkpt lat="50.89624" lon="4.56534">
        <ele>37</ele>
      </trkpt>
      <trkpt lat="50.89716" lon="4.5644">
        <ele>37</ele>
      </trkpt>
      <trkpt lat="50.90005" lon="4.56133">
        <ele>37</ele>
      </trkpt>
      <trkpt lat="50.90052" lon="4.56083">
        <ele>36</ele>
      </trkpt>
      <trkpt lat="50.90054" lon="4.56086">
        <ele>36</ele>
      </trkpt>
      <trkpt lat="50.90052" lon="4.56083">
        <ele>36</ele>
      </trkpt>
      <trkpt lat="50.90134" lon="4.55994">
        <ele>33</ele>
      </trkpt>
      <trkpt lat="50.90177" lon="4.5595">
        <ele>33</ele>
      </trkpt>
      <trkpt lat="50.90184" lon="4.5594">
        <ele>33</ele>
      </trkpt>
      <trkpt lat="50.90218" lon="4.55978">
        <ele>33</ele>
      </trkpt>
      <trkpt lat="50.90274" lon="4.55918">
        <ele>34</ele>
      </trkpt>
      <trkpt lat="50.90347" lon="4.55854">
        <ele>35</ele>
      </trkpt>
      <trkpt lat="50.9035" lon="4.55846">
        <ele>36</ele>
      </trkpt>
      <trkpt lat="50.90351" lon="4.5584">
        <ele>36</ele>
      </trkpt>
      <trkpt lat="50.90345" lon="4.55807">
        <ele>36</ele>
      </trkpt>
      <trkpt lat="50.90347" lon="4.55777">
        <ele>36</ele>
      </trkpt>
      <trkpt lat="50.90351" lon="4.55764">
        <ele>36</ele>
      </trkpt>
      <trkpt lat="50.90379" lon="4.55741">
        <ele>37</ele>
      </trkpt>
      <trkpt lat="50.90387" lon="4.55742">
        <ele>37</ele>
      </trkpt>
      <trkpt lat="50.90399" lon="4.55739">
        <ele>37</ele>
      </trkpt>
      <trkpt lat="50.90408" lon="4.55733">
        <ele>37</ele>
      </trkpt>
      <trkpt lat="50.90411" lon="4.55741">
        <ele>37</ele>
      </trkpt>
      <trkpt lat="50.90437" lon="4.55799">
        <ele>36</ele>
      </trkpt>
      <trkpt lat="50.90442" lon="4.55815">
        <ele>36</ele>
      </trkpt>
      <trkpt lat="50.90466" lon="4.55907">
        <ele>35</ele>
      </trkpt>
      <trkpt lat="50.90515" lon="4.56057">
        <ele>34</ele>
      </trkpt>
      <trkpt lat="50.90543" lon="4.56132">
        <ele>32</ele>
      </trkpt>
      <trkpt lat="50.90551" lon="4.5615">
        <ele>32</ele>
      </trkpt>
      <trkpt lat="50.90651" lon="4.56297">
        <ele>29</ele>
      </trkpt>
      <trkpt lat="50.9082" lon="4.56534">
        <ele>28</ele>
      </trkpt>
      <trkpt lat="50.90825" lon="4.56536">
        <ele>27</ele>
      </trkpt>
      <trkpt lat="50.90839" lon="4.56543">
        <ele>27</ele>
      </trkpt>
      <trkpt lat="50.90861" lon="4.56546">
        <ele>27</ele>
      </trkpt>
      <trkpt lat="50.90995" lon="4.56435">
        <ele>27</ele>
      </trkpt>
      <trkpt lat="50.91083" lon="4.56358">
        <ele>27</ele>
      </trkpt>
      <trkpt lat="50.91119" lon="4.56338">
        <ele>27</ele>
      </trkpt>
      <trkpt lat="50.91152" lon="4.56332">
        <ele>27</ele>
      </trkpt>
      <trkpt lat="50.91255" lon="4.56356">
        <ele>28</ele>
      </trkpt>
      <trkpt lat="50.91543" lon="4.56432">
        <ele>26</ele>
      </trkpt>
      <trkpt lat="50.91572" lon="4.56436">
        <ele>25</ele>
      </trkpt>
      <trkpt lat="50.916" lon="4.56433">
        <ele>25</ele>
      </trkpt>
      <trkpt lat="50.91616" lon="4.56428">
        <ele>25</ele>
      </trkpt>
      <trkpt lat="50.91661" lon="4.56403">
        <ele>25</ele>
      </trkpt>
      <trkpt lat="50.91774" lon="4.56321">
        <ele>24</ele>
      </trkpt>
      <trkpt lat="50.91803" lon="4.56307">
        <ele>24</ele>
      </trkpt>
      <trkpt lat="50.91836" lon="4.56303">
        <ele>24</ele>
      </trkpt>
      <trkpt lat="50.91858" lon="4.56305">
        <ele>24</ele>
      </trkpt>
      <trkpt lat="50.91869" lon="4.56301">
        <ele>23</ele>
      </trkpt>
      <trkpt lat="50.91943" lon="4.56246">
        <ele>23</ele>
      </trkpt>
      <trkpt lat="50.91994" lon="4.56199">
        <ele>22</ele>
      </trkpt>
      <trkpt lat="50.91995" lon="4.56178">
        <ele>22</ele>
      </trkpt>
      <trkpt lat="50.91999" lon="4.56156">
        <ele>22</ele>
      </trkpt>
      <trkpt lat="50.92006" lon="4.56136">
        <ele>22</ele>
      </trkpt>
      <trkpt lat="50.92039" lon="4.56086">
        <ele>21</ele>
      </trkpt>
      <trkpt lat="50.92048" lon="4.56071">
        <ele>21</ele>
      </trkpt>
      <trkpt lat="50.92052" lon="4.56057">
        <ele>21</ele>
      </trkpt>
      <trkpt lat="50.92043" lon="4.56031">
        <ele>21</ele>
      </trkpt>
      <trkpt lat="50.92022" lon="4.55994">
        <ele>21</ele>
      </trkpt>
      <trkpt lat="50.92" lon="4.55964">
        <ele>22</ele>
      </trkpt>
      <trkpt lat="50.92006" lon="4.55932">
        <ele>22</ele>
      </trkpt>
      <trkpt lat="50.92029" lon="4.55835">
        <ele>22</ele>
      </trkpt>
      <trkpt lat="50.92057" lon="4.55744">
        <ele>23</ele>
      </trkpt>
      <trkpt lat="50.92191" lon="4.55366">
        <ele>24</ele>
      </trkpt>
      <trkpt lat="50.92208" lon="4.55325">
        <ele>23</ele>
      </trkpt>
      <trkpt lat="50.92206" lon="4.55322">
        <ele>23</ele>
      </trkpt>
      <trkpt lat="50.92204" lon="4.55314">
        <ele>23</ele>
      </trkpt>
      <trkpt lat="50.92206" lon="4.55306">
        <ele>23</ele>
      </trkpt>
      <trkpt lat="50.92211" lon="4.55302">
        <ele>23</ele>
      </trkpt>
      <trkpt lat="50.92203" lon="4.55284">
        <ele>23</ele>
      </trkpt>
      <trkpt lat="50.92199" lon="4.55264">
        <ele>23</ele>
      </trkpt>
      <trkpt lat="50.92199" lon="4.55216">
        <ele>23</ele>
      </trkpt>
      <trkpt lat="50.92217" lon="4.55047">
        <ele>22</ele>
      </trkpt>
      <trkpt lat="50.92219" lon="4.55016">
        <ele>22</ele>
      </trkpt>
      <trkpt lat="50.92219" lon="4.54961">
        <ele>22</ele>
      </trkpt>
      <trkpt lat="50.92221" lon="4.5489">
        <ele>22</ele>
      </trkpt>
      <trkpt lat="50.92223" lon="4.54867">
        <ele>22</ele>
      </trkpt>
      <trkpt lat="50.92234" lon="4.54809">
        <ele>21</ele>
      </trkpt>
      <trkpt lat="50.92341" lon="4.54814">
        <ele>19</ele>
      </trkpt>
      <trkpt lat="50.92407" lon="4.54809">
        <ele>18</ele>
      </trkpt>
      <trkpt lat="50.92432" lon="4.54822">
        <ele>18</ele>
      </trkpt>
      <trkpt lat="50.92454" lon="4.5485">
        <ele>17</ele>
      </trkpt>
      <trkpt lat="50.92484" lon="4.54932">
        <ele>17</ele>
      </trkpt>
      <trkpt lat="50.9253" lon="4.5499">
        <ele>18</ele>
      </trkpt>
      <trkpt lat="50.92556" lon="4.55004">
        <ele>19</ele>
      </trkpt>
      <trkpt lat="50.92649" lon="4.55017">
        <ele>22</ele>
      </trkpt>
      <trkpt lat="50.92755" lon="4.55031">
        <ele>20</ele>
      </trkpt>
      <trkpt lat="50.92778" lon="4.55027">
        <ele>18</ele>
      </trkpt>
      <trkpt lat="50.92803" lon="4.55017">
        <ele>17</ele>
      </trkpt>
      <trkpt lat="50.92825" lon="4.55">
        <ele>17</ele>
      </trkpt>
      <trkpt lat="50.92848" lon="4.54975">
        <ele>17</ele>
      </trkpt>
      <trkpt lat="50.92934" lon="4.54861">
        <ele>16</ele>
      </trkpt>
      <trkpt lat="50.92972" lon="4.54818">
        <ele>16</ele>
      </trkpt>
      <trkpt lat="50.9298" lon="4.54801">
        <ele>16</ele>
      </trkpt>
      <trkpt lat="50.92985" lon="4.54786">
        <ele>16</ele>
      </trkpt>
      <trkpt lat="50.93035" lon="4.54559">
        <ele>17</ele>
      </trkpt>
      <trkpt lat="50.93037" lon="4.54532">
        <ele>17</ele>
      </trkpt>
      <trkpt lat="50.93037" lon="4.54507">
        <ele>18</ele>
      </trkpt>
      <trkpt lat="50.9303" lon="4.54427">
        <ele>19</ele>
      </trkpt>
      <trkpt lat="50.93033" lon="4.54374">
        <ele>19</ele>
      </trkpt>
      <trkpt lat="50.9304" lon="4.54326">
        <ele>20</ele>
      </trkpt>
      <trkpt lat="50.93077" lon="4.54187">
        <ele>20</ele>
      </trkpt>
      <trkpt lat="50.93086" lon="4.54143">
        <ele>20</ele>
      </trkpt>
      <trkpt lat="50.93087" lon="4.54129">
        <ele>20</ele>
      </trkpt>
      <trkpt lat="50.93086" lon="4.54081">
        <ele>20</ele>
      </trkpt>
      <trkpt lat="50.93081" lon="4.54013">
        <ele>19</ele>
      </trkpt>
      <trkpt lat="50.93096" lon="4.53942">
        <ele>18</ele>
      </trkpt>
      <trkpt lat="50.93126" lon="4.53852">
        <ele>17</ele>
      </trkpt>
      <trkpt lat="50.93149" lon="4.53796">
        <ele>16</ele>
      </trkpt>
      <trkpt lat="50.93162" lon="4.53768">
        <ele>16</ele>
      </trkpt>
      <trkpt lat="50.93181" lon="4.53739">
        <ele>16</ele>
      </trkpt>
      <trkpt lat="50.93215" lon="4.53698">
        <ele>16</ele>
      </trkpt>
      <trkpt lat="50.93265" lon="4.53849">
        <ele>16</ele>
      </trkpt>
      <trkpt lat="50.93286" lon="4.5391">
        <ele>16</ele>
      </trkpt>
      <trkpt lat="50.93423" lon="4.53857">
        <ele>14</ele>
      </trkpt>
      <trkpt lat="50.93457" lon="4.53846">
        <ele>14</ele>
      </trkpt>
      <trkpt lat="50.93491" lon="4.53843">
        <ele>14</ele>
      </trkpt>
      <trkpt lat="50.93524" lon="4.53847">
        <ele>14</ele>
      </trkpt>
      <trkpt lat="50.93583" lon="4.53845">
        <ele>14</ele>
      </trkpt>
      <trkpt lat="50.93625" lon="4.53835">
        <ele>13</ele>
      </trkpt>
      <trkpt lat="50.93764" lon="4.53774">
        <ele>13</ele>
      </trkpt>
      <trkpt lat="50.9382" lon="4.53741">
        <ele>13</ele>
      </trkpt>
      <trkpt lat="50.93861" lon="4.53714">
        <ele>13</ele>
      </trkpt>
      <trkpt lat="50.93902" lon="4.53681">
        <ele>13</ele>
      </trkpt>
      <trkpt lat="50.93942" lon="4.53649">
        <ele>12</ele>
      </trkpt>
      <trkpt lat="50.94003" lon="4.5359">
        <ele>12</ele>
      </trkpt>
      <trkpt lat="50.9417" lon="4.53395">
        <ele>11</ele>
      </trkpt>
      <trkpt lat="50.9421" lon="4.53358">
        <ele>11</ele>
      </trkpt>
      <trkpt lat="50.94213" lon="4.53349">
        <ele>11</ele>
      </trkpt>
      <trkpt lat="50.94211" lon="4.53258">
        <ele>12</ele>
      </trkpt>
      <trkpt lat="50.94209" lon="4.53119">
        <ele>12</ele>
      </trkpt>
      <trkpt lat="50.94211" lon="4.53046">
        <ele>12</ele>
      </trkpt>
      <trkpt lat="50.94218" lon="4.52956">
        <ele>13</ele>
      </trkpt>
      <trkpt lat="50.94225" lon="4.52908">
        <ele>12</ele>
      </trkpt>
      <trkpt lat="50.94242" lon="4.52825">
        <ele>12</ele>
      </trkpt>
      <trkpt lat="50.94248" lon="4.52801">
        <ele>12</ele>
      </trkpt>
      <trkpt lat="50.94269" lon="4.52733">
        <ele>12</ele>
      </trkpt>
      <trkpt lat="50.94333" lon="4.52566">
        <ele>11</ele>
      </trkpt>
      <trkpt lat="50.94345" lon="4.5252">
        <ele>10</ele>
      </trkpt>
      <trkpt lat="50.94347" lon="4.52501">
        <ele>10</ele>
      </trkpt>
      <trkpt lat="50.9435" lon="4.52477">
        <ele>10</ele>
      </trkpt>
      <trkpt lat="50.9435" lon="4.52422">
        <ele>10</ele>
      </trkpt>
      <trkpt lat="50.94333" lon="4.52237">
        <ele>14</ele>
      </trkpt>
      <trkpt lat="50.94333" lon="4.5217">
        <ele>14</ele>
      </trkpt>
      <trkpt lat="50.9433" lon="4.5217">
        <ele>14</ele>
      </trkpt>
      <trkpt lat="50.94337" lon="4.52103">
        <ele>15</ele>
      </trkpt>
      <trkpt lat="50.94366" lon="4.51893">
        <ele>16</ele>
      </trkpt>
      <trkpt lat="50.94371" lon="4.51822">
        <ele>14</ele>
      </trkpt>
      <trkpt lat="50.94378" lon="4.5169">
        <ele>11</ele>
      </trkpt>
      <trkpt lat="50.94385" lon="4.51586">
        <ele>11</ele>
      </trkpt>
      <trkpt lat="50.94382" lon="4.51525">
        <ele>10</ele>
      </trkpt>
      <trkpt lat="50.94379" lon="4.51502">
        <ele>10</ele>
      </trkpt>
      <trkpt lat="50.94344" lon="4.51361">
        <ele>10</ele>
      </trkpt>
      <trkpt lat="50.94347" lon="4.51357">
        <ele>10</ele>
      </trkpt>
      <trkpt lat="50.94294" lon="4.51145">
        <ele>10</ele>
      </trkpt>
      <trkpt lat="50.94288" lon="4.51125">
        <ele>10</ele>
      </trkpt>
      <trkpt lat="50.94213" lon="4.5098">
        <ele>11</ele>
      </trkpt>
      <trkpt lat="50.94089" lon="4.50748">
        <ele>11</ele>
      </trkpt>
      <trkpt lat="50.94079" lon="4.50735">
        <ele>11</ele>
      </trkpt>
      <trkpt lat="50.94057" lon="4.50714">
        <ele>11</ele>
      </trkpt>
      <trkpt lat="50.94063" lon="4.50719">
        <ele>11</ele>
      </trkpt>
      <trkpt lat="50.94077" lon="4.50698">
        <ele>11</ele>
      </trkpt>
      <trkpt lat="50.94476" lon="4.50358">
        <ele>18</ele>
      </trkpt>
      <trkpt lat="50.94511" lon="4.50331">
        <ele>18</ele>
      </trkpt>
      <trkpt lat="50.94538" lon="4.5032">
        <ele>17</ele>
      </trkpt>
      <trkpt lat="50.9455" lon="4.50318">
        <ele>17</ele>
      </trkpt>
      <trkpt lat="50.94652" lon="4.50343">
        <ele>13</ele>
      </trkpt>
      <trkpt lat="50.94672" lon="4.50341">
        <ele>12</ele>
      </trkpt>
      <trkpt lat="50.94707" lon="4.50331">
        <ele>10</ele>
      </trkpt>
      <trkpt lat="50.94792" lon="4.50282">
        <ele>9</ele>
      </trkpt>
      <trkpt lat="50.94805" lon="4.50281">
        <ele>9</ele>
      </trkpt>
      <trkpt lat="50.95074" lon="4.50283">
        <ele>10</ele>
      </trkpt>
      <trkpt lat="50.95117" lon="4.50274">
        <ele>10</ele>
      </trkpt>
      <trkpt lat="50.95135" lon="4.50267">
        <ele>10</ele>
      </trkpt>
      <trkpt lat="50.95149" lon="4.50255">
        <ele>10</ele>
      </trkpt>
      <trkpt lat="50.95267" lon="4.50102">
        <ele>8</ele>
      </trkpt>
      <trkpt lat="50.95307" lon="4.50024">
        <ele>8</ele>
      </trkpt>
      <trkpt lat="50.95319" lon="4.49983">
        <ele>9</ele>
      </trkpt>
      <trkpt lat="50.95336" lon="4.49899">
        <ele>9</ele>
      </trkpt>
      <trkpt lat="50.95384" lon="4.49661">
        <ele>9</ele>
      </trkpt>
      <trkpt lat="50.95395" lon="4.49665">
        <ele>9</ele>
      </trkpt>
      <trkpt lat="50.95398" lon="4.49456">
        <ele>9</ele>
      </trkpt>
      <trkpt lat="50.95395" lon="4.4941">
        <ele>8</ele>
      </trkpt>
      <trkpt lat="50.95369" lon="4.49339">
        <ele>8</ele>
      </trkpt>
      <trkpt lat="50.95338" lon="4.49278">
        <ele>8</ele>
      </trkpt>
      <trkpt lat="50.95313" lon="4.49216">
        <ele>8</ele>
      </trkpt>
      <trkpt lat="50.95302" lon="4.49186">
        <ele>8</ele>
      </trkpt>
      <trkpt lat="50.95283" lon="4.491">
        <ele>7</ele>
      </trkpt>
      <trkpt lat="50.95312" lon="4.49091">
        <ele>7</ele>
      </trkpt>
      <trkpt lat="50.95391" lon="4.49054">
        <ele>8</ele>
      </trkpt>
      <trkpt lat="50.95469" lon="4.49017">
        <ele>8</ele>
      </trkpt>
      <trkpt lat="50.95515" lon="4.49013">
        <ele>8</ele>
      </trkpt>
      <trkpt lat="50.95556" lon="4.49017">
        <ele>7</ele>
      </trkpt>
      <trkpt lat="50.95688" lon="4.49061">
        <ele>7</ele>
      </trkpt>
      <trkpt lat="50.95826" lon="4.49094">
        <ele>7</ele>
      </trkpt>
      <trkpt lat="50.95847" lon="4.49099">
        <ele>7</ele>
      </trkpt>
      <trkpt lat="50.95871" lon="4.49101">
        <ele>7</ele>
      </trkpt>
      <trkpt lat="50.9593" lon="4.49095">
        <ele>7</ele>
      </trkpt>
      <trkpt lat="50.95942" lon="4.49097">
        <ele>7</ele>
      </trkpt>
      <trkpt lat="50.9595" lon="4.49102">
        <ele>7</ele>
      </trkpt>
      <trkpt lat="50.96025" lon="4.49174">
        <ele>7</ele>
      </trkpt>
      <trkpt lat="50.96035" lon="4.4918">
        <ele>7</ele>
      </trkpt>
      <trkpt lat="50.96043" lon="4.49182">
        <ele>7</ele>
      </trkpt>
      <trkpt lat="50.96064" lon="4.49183">
        <ele>7</ele>
      </trkpt>
      <trkpt lat="50.96082" lon="4.49191">
        <ele>7</ele>
      </trkpt>
      <trkpt lat="50.96155" lon="4.49229">
        <ele>6</ele>
      </trkpt>
      <trkpt lat="50.96275" lon="4.49297">
        <ele>8</ele>
      </trkpt>
      <trkpt lat="50.96277" lon="4.49291">
        <ele>8</ele>
      </trkpt>
      <trkpt lat="50.96293" lon="4.49299">
        <ele>8</ele>
      </trkpt>
      <trkpt lat="50.96297" lon="4.49297">
        <ele>8</ele>
      </trkpt>
      <trkpt lat="50.96306" lon="4.49288">
        <ele>8</ele>
      </trkpt>
      <trkpt lat="50.96324" lon="4.49255">
        <ele>8</ele>
      </trkpt>
      <trkpt lat="50.96504" lon="4.48897">
        <ele>7</ele>
      </trkpt>
      <trkpt lat="50.96526" lon="4.48844">
        <ele>6</ele>
      </trkpt>
      <trkpt lat="50.96531" lon="4.48825">
        <ele>6</ele>
      </trkpt>
      <trkpt lat="50.96535" lon="4.48803">
        <ele>6</ele>
      </trkpt>
      <trkpt lat="50.96535" lon="4.48771">
        <ele>6</ele>
      </trkpt>
      <trkpt lat="50.96548" lon="4.48769">
        <ele>6</ele>
      </trkpt>
      <trkpt lat="50.96543" lon="4.48736">
        <ele>6</ele>
      </trkpt>
      <trkpt lat="50.96499" lon="4.48616">
        <ele>7</ele>
      </trkpt>
      <trkpt lat="50.96458" lon="4.48502">
        <ele>9</ele>
      </trkpt>
      <trkpt lat="50.96398" lon="4.48347">
        <ele>13</ele>
      </trkpt>
      <trkpt lat="50.96178" lon="4.47829">
        <ele>6</ele>
      </trkpt>
      <trkpt lat="50.96134" lon="4.47713">
        <ele>7</ele>
      </trkpt>
      <trkpt lat="50.96097" lon="4.47577">
        <ele>9</ele>
      </trkpt>
      <trkpt lat="50.96091" lon="4.47551">
        <ele>10</ele>
      </trkpt>
      <trkpt lat="50.96056" lon="4.47227">
        <ele>12</ele>
      </trkpt>
      <trkpt lat="50.96051" lon="4.47226">
        <ele>12</ele>
      </trkpt>
      <trkpt lat="50.96049" lon="4.47196">
        <ele>12</ele>
      </trkpt>
      <trkpt lat="50.9605" lon="4.47134">
        <ele>10</ele>
      </trkpt>
      <trkpt lat="50.9606" lon="4.46948">
        <ele>8</ele>
      </trkpt>
      <trkpt lat="50.9606" lon="4.46917">
        <ele>8</ele>
      </trkpt>
      <trkpt lat="50.96058" lon="4.469">
        <ele>8</ele>
      </trkpt>
      <trkpt lat="50.96049" lon="4.46859">
        <ele>8</ele>
      </trkpt>
      <trkpt lat="50.96023" lon="4.46759">
        <ele>8</ele>
      </trkpt>
      <trkpt lat="50.96015" lon="4.46706">
        <ele>7</ele>
      </trkpt>
      <trkpt lat="50.96007" lon="4.46645">
        <ele>7</ele>
      </trkpt>
      <trkpt lat="50.95995" lon="4.46323">
        <ele>6</ele>
      </trkpt>
      <trkpt lat="50.9598" lon="4.4604">
        <ele>7</ele>
      </trkpt>
      <trkpt lat="50.9597" lon="4.45796">
        <ele>8</ele>
      </trkpt>
      <trkpt lat="50.95963" lon="4.45669">
        <ele>8</ele>
      </trkpt>
      <trkpt lat="50.95961" lon="4.45655">
        <ele>8</ele>
      </trkpt>
      <trkpt lat="50.95964" lon="4.45654">
        <ele>8</ele>
      </trkpt>
      <trkpt lat="50.95981" lon="4.45647">
        <ele>8</ele>
      </trkpt>
      <trkpt lat="50.95992" lon="4.45639">
        <ele>8</ele>
      </trkpt>
      <trkpt lat="50.96033" lon="4.45599">
        <ele>8</ele>
      </trkpt>
      <trkpt lat="50.96136" lon="4.45493">
        <ele>10</ele>
      </trkpt>
      <trkpt lat="50.96138" lon="4.45498">
        <ele>10</ele>
      </trkpt>
      <trkpt lat="50.96149" lon="4.4549">
        <ele>11</ele>
      </trkpt>
      <trkpt lat="50.96163" lon="4.45483">
        <ele>11</ele>
      </trkpt>
      <trkpt lat="50.96191" lon="4.45483">
        <ele>11</ele>
      </trkpt>
      <trkpt lat="50.9627" lon="4.45335">
        <ele>10</ele>
      </trkpt>
      <trkpt lat="50.96331" lon="4.45215">
        <ele>10</ele>
      </trkpt>
      <trkpt lat="50.96419" lon="4.45035">
        <ele>9</ele>
      </trkpt>
      <trkpt lat="50.96469" lon="4.44937">
        <ele>10</ele>
      </trkpt>
      <trkpt lat="50.96447" lon="4.44893">
        <ele>10</ele>
      </trkpt>
      <trkpt lat="50.96434" lon="4.44862">
        <ele>10</ele>
      </trkpt>
      <trkpt lat="50.96428" lon="4.44822">
        <ele>9</ele>
      </trkpt>
      <trkpt lat="50.96425" lon="4.44778">
        <ele>9</ele>
      </trkpt>
      <trkpt lat="50.96421" lon="4.44744">
        <ele>9</ele>
      </trkpt>
      <trkpt lat="50.96418" lon="4.44724">
        <ele>10</ele>
      </trkpt>
      <trkpt lat="50.96412" lon="4.44707">
        <ele>9</ele>
      </trkpt>
      <trkpt lat="50.96403" lon="4.44687">
        <ele>9</ele>
      </trkpt>
      <trkpt lat="50.96392" lon="4.44669">
        <ele>9</ele>
      </trkpt>
      <trkpt lat="50.96372" lon="4.44646">
        <ele>10</ele>
      </trkpt>
      <trkpt lat="50.96356" lon="4.4463">
        <ele>9</ele>
      </trkpt>
      <trkpt lat="50.96347" lon="4.44626">
        <ele>9</ele>
      </trkpt>
      <trkpt lat="50.96337" lon="4.44619">
        <ele>9</ele>
      </trkpt>
      <trkpt lat="50.9625" lon="4.44529">
        <ele>9</ele>
      </trkpt>
      <trkpt lat="50.96244" lon="4.4452">
        <ele>9</ele>
      </trkpt>
      <trkpt lat="50.96238" lon="4.44505">
        <ele>9</ele>
      </trkpt>
      <trkpt lat="50.96234" lon="4.44485">
        <ele>9</ele>
      </trkpt>
      <trkpt lat="50.96231" lon="4.44461">
        <ele>9</ele>
      </trkpt>
      <trkpt lat="50.96216" lon="4.444">
        <ele>9</ele>
      </trkpt>
      <trkpt lat="50.96205" lon="4.4437">
        <ele>9</ele>
      </trkpt>
      <trkpt lat="50.96193" lon="4.44345">
        <ele>10</ele>
      </trkpt>
      <trkpt lat="50.96166" lon="4.44298">
        <ele>10</ele>
      </trkpt>
      <trkpt lat="50.96161" lon="4.44283">
        <ele>10</ele>
      </trkpt>
      <trkpt lat="50.9616" lon="4.44271">
        <ele>10</ele>
      </trkpt>
      <trkpt lat="50.96164" lon="4.44243">
        <ele>10</ele>
      </trkpt>
      <trkpt lat="50.96198" lon="4.44108">
        <ele>9</ele>
      </trkpt>
      <trkpt lat="50.96214" lon="4.44072">
        <ele>9</ele>
      </trkpt>
      <trkpt lat="50.96254" lon="4.44005">
        <ele>9</ele>
      </trkpt>
      <trkpt lat="50.96289" lon="4.43971">
        <ele>9</ele>
      </trkpt>
      <trkpt lat="50.96328" lon="4.4394">
        <ele>9</ele>
      </trkpt>
      <trkpt lat="50.96337" lon="4.43932">
        <ele>9</ele>
      </trkpt>
      <trkpt lat="50.96342" lon="4.43922">
        <ele>9</ele>
      </trkpt>
      <trkpt lat="50.96347" lon="4.43899">
        <ele>9</ele>
      </trkpt>
      <trkpt lat="50.9635" lon="4.43808">
        <ele>10</ele>
      </trkpt>
      <trkpt lat="50.96347" lon="4.43802">
        <ele>9</ele>
      </trkpt>
      <trkpt lat="50.96335" lon="4.4379">
        <ele>9</ele>
      </trkpt>
      <trkpt lat="50.96223" lon="4.43706">
        <ele>10</ele>
      </trkpt>
      <trkpt lat="50.96199" lon="4.43698">
        <ele>10</ele>
      </trkpt>
      <trkpt lat="50.96192" lon="4.43694">
        <ele>10</ele>
      </trkpt>
      <trkpt lat="50.96184" lon="4.43683">
        <ele>10</ele>
      </trkpt>
      <trkpt lat="50.96179" lon="4.4367">
        <ele>10</ele>
      </trkpt>
      <trkpt lat="50.96172" lon="4.43638">
        <ele>10</ele>
      </trkpt>
      <trkpt lat="50.96157" lon="4.43595">
        <ele>10</ele>
      </trkpt>
      <trkpt lat="50.96155" lon="4.43584">
        <ele>10</ele>
      </trkpt>
      <trkpt lat="50.96155" lon="4.43556">
        <ele>10</ele>
      </trkpt>
      <trkpt lat="50.96152" lon="4.43538">
        <ele>10</ele>
      </trkpt>
      <trkpt lat="50.9614" lon="4.43493">
        <ele>10</ele>
      </trkpt>
      <trkpt lat="50.96138" lon="4.43478">
        <ele>10</ele>
      </trkpt>
      <trkpt lat="50.96143" lon="4.43457">
        <ele>10</ele>
      </trkpt>
      <trkpt lat="50.96158" lon="4.43417">
        <ele>10</ele>
      </trkpt>
      <trkpt lat="50.96183" lon="4.43337">
        <ele>10</ele>
      </trkpt>
      <trkpt lat="50.96224" lon="4.43293">
        <ele>11</ele>
      </trkpt>
      <trkpt lat="50.96237" lon="4.4327">
        <ele>11</ele>
      </trkpt>
      <trkpt lat="50.96247" lon="4.43248">
        <ele>11</ele>
      </trkpt>
      <trkpt lat="50.9625" lon="4.43221">
        <ele>11</ele>
      </trkpt>
      <trkpt lat="50.96253" lon="4.43168">
        <ele>11</ele>
      </trkpt>
      <trkpt lat="50.96283" lon="4.431">
        <ele>11</ele>
      </trkpt>
      <trkpt lat="50.963" lon="4.43057">
        <ele>11</ele>
      </trkpt>
      <trkpt lat="50.96306" lon="4.43039">
        <ele>11</ele>
      </trkpt>
      <trkpt lat="50.96331" lon="4.42936">
        <ele>10</ele>
      </trkpt>
      <trkpt lat="50.96331" lon="4.42919">
        <ele>10</ele>
      </trkpt>
      <trkpt lat="50.96317" lon="4.42869">
        <ele>10</ele>
      </trkpt>
      <trkpt lat="50.9618" lon="4.4278">
        <ele>11</ele>
      </trkpt>
      <trkpt lat="50.96164" lon="4.42761">
        <ele>11</ele>
      </trkpt>
      <trkpt lat="50.96112" lon="4.4267">
        <ele>11</ele>
      </trkpt>
      <trkpt lat="50.96077" lon="4.42615">
        <ele>11</ele>
      </trkpt>
      <trkpt lat="50.96046" lon="4.42558">
        <ele>11</ele>
      </trkpt>
      <trkpt lat="50.95986" lon="4.42457">
        <ele>11</ele>
      </trkpt>
      <trkpt lat="50.95977" lon="4.42431">
        <ele>11</ele>
      </trkpt>
      <trkpt lat="50.95934" lon="4.42259">
        <ele>11</ele>
      </trkpt>
      <trkpt lat="50.95932" lon="4.42251">
        <ele>12</ele>
      </trkpt>
      <trkpt lat="50.95911" lon="4.42206">
        <ele>12</ele>
      </trkpt>
      <trkpt lat="50.95889" lon="4.42166">
        <ele>12</ele>
      </trkpt>
      <trkpt lat="50.95864" lon="4.42137">
        <ele>12</ele>
      </trkpt>
      <trkpt lat="50.9583" lon="4.42117">
        <ele>13</ele>
      </trkpt>
      <trkpt lat="50.95812" lon="4.4211">
        <ele>13</ele>
      </trkpt>
      <trkpt lat="50.95788" lon="4.42105">
        <ele>13</ele>
      </trkpt>
      <trkpt lat="50.95748" lon="4.42102">
        <ele>13</ele>
      </trkpt>
      <trkpt lat="50.95669" lon="4.42114">
        <ele>13</ele>
      </trkpt>
      <trkpt lat="50.9564" lon="4.42112">
        <ele>14</ele>
      </trkpt>
      <trkpt lat="50.95561" lon="4.42092">
        <ele>12</ele>
      </trkpt>
      <trkpt lat="50.95515" lon="4.42076">
        <ele>11</ele>
      </trkpt>
      <trkpt lat="50.95455" lon="4.42059">
        <ele>11</ele>
      </trkpt>
      <trkpt lat="50.95426" lon="4.42054">
        <ele>11</ele>
      </trkpt>
      <trkpt lat="50.95396" lon="4.42056">
        <ele>11</ele>
      </trkpt>
      <trkpt lat="50.95385" lon="4.42055">
        <ele>11</ele>
      </trkpt>
      <trkpt lat="50.95375" lon="4.42054">
        <ele>11</ele>
      </trkpt>
      <trkpt lat="50.9536" lon="4.42047">
        <ele>11</ele>
      </trkpt>
      <trkpt lat="50.9534" lon="4.42027">
        <ele>12</ele>
      </trkpt>
      <trkpt lat="50.95305" lon="4.41994">
        <ele>12</ele>
      </trkpt>
      <trkpt lat="50.95284" lon="4.42013">
        <ele>12</ele>
      </trkpt>
      <trkpt lat="50.95248" lon="4.42039">
        <ele>12</ele>
      </trkpt>
      <trkpt lat="50.95216" lon="4.42068">
        <ele>12</ele>
      </trkpt>
      <trkpt lat="50.95199" lon="4.42064">
        <ele>12</ele>
      </trkpt>
      <trkpt lat="50.95168" lon="4.42031">
        <ele>12</ele>
      </trkpt>
      <trkpt lat="50.95137" lon="4.41997">
        <ele>12</ele>
      </trkpt>
      <trkpt lat="50.95121" lon="4.41982">
        <ele>12</ele>
      </trkpt>
      <trkpt lat="50.95088" lon="4.41977">
        <ele>13</ele>
      </trkpt>
      <trkpt lat="50.9508" lon="4.41982">
        <ele>12</ele>
      </trkpt>
      <trkpt lat="50.95074" lon="4.41989">
        <ele>12</ele>
      </trkpt>
      <trkpt lat="50.9506" lon="4.41967">
        <ele>12</ele>
      </trkpt>
      <trkpt lat="50.95054" lon="4.41959">
        <ele>12</ele>
      </trkpt>
      <trkpt lat="50.94998" lon="4.41896">
        <ele>13</ele>
      </trkpt>
      <trkpt lat="50.9498" lon="4.41864">
        <ele>14</ele>
      </trkpt>
      <trkpt lat="50.9497" lon="4.41835">
        <ele>13</ele>
      </trkpt>
      <trkpt lat="50.94966" lon="4.4181">
        <ele>13</ele>
      </trkpt>
      <trkpt lat="50.94962" lon="4.41757">
        <ele>13</ele>
      </trkpt>
      <trkpt lat="50.94953" lon="4.4173">
        <ele>13</ele>
      </trkpt>
      <trkpt lat="50.94894" lon="4.41615">
        <ele>13</ele>
      </trkpt>
      <trkpt lat="50.94879" lon="4.41585">
        <ele>13</ele>
      </trkpt>
      <trkpt lat="50.94809" lon="4.41456">
        <ele>10</ele>
      </trkpt>
      <trkpt lat="50.94806" lon="4.41445">
        <ele>10</ele>
      </trkpt>
      <trkpt lat="50.94805" lon="4.41428">
        <ele>11</ele>
      </trkpt>
      <trkpt lat="50.94802" lon="4.41396">
        <ele>10</ele>
      </trkpt>
      <trkpt lat="50.948" lon="4.41382">
        <ele>10</ele>
      </trkpt>
      <trkpt lat="50.94775" lon="4.41299">
        <ele>11</ele>
      </trkpt>
      <trkpt lat="50.94774" lon="4.41288">
        <ele>11</ele>
      </trkpt>
      <trkpt lat="50.94765" lon="4.41291">
        <ele>11</ele>
      </trkpt>
      <trkpt lat="50.94748" lon="4.41303">
        <ele>11</ele>
      </trkpt>
      <trkpt lat="50.94742" lon="4.41313">
        <ele>11</ele>
      </trkpt>
      <trkpt lat="50.94724" lon="4.41324">
        <ele>11</ele>
      </trkpt>
      <trkpt lat="50.94615" lon="4.41398">
        <ele>13</ele>
      </trkpt>
      <trkpt lat="50.94602" lon="4.41405">
        <ele>13</ele>
      </trkpt>
      <trkpt lat="50.94588" lon="4.41373">
        <ele>15</ele>
      </trkpt>
      <trkpt lat="50.94565" lon="4.41347">
        <ele>15</ele>
      </trkpt>
      <trkpt lat="50.94552" lon="4.41335">
        <ele>15</ele>
      </trkpt>
      <trkpt lat="50.94544" lon="4.41328">
        <ele>15</ele>
      </trkpt>
      <trkpt lat="50.94516" lon="4.41314">
        <ele>16</ele>
      </trkpt>
      <trkpt lat="50.9451" lon="4.41311">
        <ele>16</ele>
      </trkpt>
      <trkpt lat="50.945" lon="4.41302">
        <ele>16</ele>
      </trkpt>
      <trkpt lat="50.94489" lon="4.41284">
        <ele>16</ele>
      </trkpt>
      <trkpt lat="50.94464" lon="4.41225">
        <ele>15</ele>
      </trkpt>
      <trkpt lat="50.94446" lon="4.41164">
        <ele>15</ele>
      </trkpt>
      <trkpt lat="50.94435" lon="4.4114">
        <ele>15</ele>
      </trkpt>
      <trkpt lat="50.94373" lon="4.41025">
        <ele>16</ele>
      </trkpt>
      <trkpt lat="50.94371" lon="4.41018">
        <ele>15</ele>
      </trkpt>
      <trkpt lat="50.94369" lon="4.41008">
        <ele>15</ele>
      </trkpt>
      <trkpt lat="50.9437" lon="4.41">
        <ele>15</ele>
      </trkpt>
      <trkpt lat="50.94373" lon="4.40992">
        <ele>15</ele>
      </trkpt>
      <trkpt lat="50.94421" lon="4.40927">
        <ele>15</ele>
      </trkpt>
      <trkpt lat="50.94426" lon="4.40918">
        <ele>15</ele>
      </trkpt>
      <trkpt lat="50.94431" lon="4.40902">
        <ele>15</ele>
      </trkpt>
      <trkpt lat="50.94434" lon="4.40881">
        <ele>14</ele>
      </trkpt>
      <trkpt lat="50.94431" lon="4.4085">
        <ele>15</ele>
      </trkpt>
      <trkpt lat="50.94425" lon="4.40832">
        <ele>15</ele>
      </trkpt>
      <trkpt lat="50.94408" lon="4.40799">
        <ele>15</ele>
      </trkpt>
      <trkpt lat="50.9436" lon="4.40723">
        <ele>15</ele>
      </trkpt>
      <trkpt lat="50.94276" lon="4.40578">
        <ele>16</ele>
      </trkpt>
      <trkpt lat="50.94242" lon="4.40526">
        <ele>16</ele>
      </trkpt>
      <trkpt lat="50.94212" lon="4.40495">
        <ele>16</ele>
      </trkpt>
      <trkpt lat="50.94197" lon="4.40484">
        <ele>17</ele>
      </trkpt>
      <trkpt lat="50.942" lon="4.40449">
        <ele>17</ele>
      </trkpt>
      <trkpt lat="50.94197" lon="4.40427">
        <ele>17</ele>
      </trkpt>
      <trkpt lat="50.94194" lon="4.40428">
        <ele>17</ele>
      </trkpt>
      <trkpt lat="50.94193" lon="4.40406">
        <ele>18</ele>
      </trkpt>
      <trkpt lat="50.94194" lon="4.40377">
        <ele>18</ele>
      </trkpt>
      <trkpt lat="50.94204" lon="4.40286">
        <ele>18</ele>
      </trkpt>
      <trkpt lat="50.94206" lon="4.40263">
        <ele>18</ele>
      </trkpt>
      <trkpt lat="50.94204" lon="4.40222">
        <ele>19</ele>
      </trkpt>
      <trkpt lat="50.94201" lon="4.402">
        <ele>19</ele>
      </trkpt>
      <trkpt lat="50.94204" lon="4.40199">
        <ele>19</ele>
      </trkpt>
      <trkpt lat="50.94185" lon="4.40045">
        <ele>19</ele>
      </trkpt>
      <trkpt lat="50.94182" lon="4.4003">
        <ele>20</ele>
      </trkpt>
      <trkpt lat="50.94144" lon="4.399">
        <ele>20</ele>
      </trkpt>
      <trkpt lat="50.94118" lon="4.3982">
        <ele>19</ele>
      </trkpt>
      <trkpt lat="50.94063" lon="4.39681">
        <ele>18</ele>
      </trkpt>
      <trkpt lat="50.94061" lon="4.39683">
        <ele>18</ele>
      </trkpt>
      <trkpt lat="50.94017" lon="4.39574">
        <ele>19</ele>
      </trkpt>
      <trkpt lat="50.93879" lon="4.39253">
        <ele>19</ele>
      </trkpt>
      <trkpt lat="50.93802" lon="4.3908">
        <ele>21</ele>
      </trkpt>
      <trkpt lat="50.9379" lon="4.39041">
        <ele>21</ele>
      </trkpt>
      <trkpt lat="50.93767" lon="4.3885">
        <ele>21</ele>
      </trkpt>
      <trkpt lat="50.9375" lon="4.3872">
        <ele>22</ele>
      </trkpt>
      <trkpt lat="50.93742" lon="4.3868">
        <ele>22</ele>
      </trkpt>
      <trkpt lat="50.93731" lon="4.38642">
        <ele>22</ele>
      </trkpt>
      <trkpt lat="50.93724" lon="4.38628">
        <ele>22</ele>
      </trkpt>
      <trkpt lat="50.93692" lon="4.38576">
        <ele>22</ele>
      </trkpt>
      <trkpt lat="50.93649" lon="4.38495">
        <ele>22</ele>
      </trkpt>
      <trkpt lat="50.93593" lon="4.38361">
        <ele>22</ele>
      </trkpt>
      <trkpt lat="50.93567" lon="4.38279">
        <ele>23</ele>
      </trkpt>
      <trkpt lat="50.93528" lon="4.38149">
        <ele>23</ele>
      </trkpt>
      <trkpt lat="50.93522" lon="4.38133">
        <ele>24</ele>
      </trkpt>
      <trkpt lat="50.93509" lon="4.38102">
        <ele>24</ele>
      </trkpt>
      <trkpt lat="50.9345" lon="4.38004">
        <ele>24</ele>
      </trkpt>
      <trkpt lat="50.93433" lon="4.37958">
        <ele>23</ele>
      </trkpt>
      <trkpt lat="50.93428" lon="4.37929">
        <ele>24</ele>
      </trkpt>
      <trkpt lat="50.93426" lon="4.37901">
        <ele>24</ele>
      </trkpt>
      <trkpt lat="50.93433" lon="4.37715">
        <ele>22</ele>
      </trkpt>
      <trkpt lat="50.93428" lon="4.37587">
        <ele>25</ele>
      </trkpt>
      <trkpt lat="50.93439" lon="4.37544">
        <ele>23</ele>
      </trkpt>
      <trkpt lat="50.9345" lon="4.37526">
        <ele>23</ele>
      </trkpt>
      <trkpt lat="50.93513" lon="4.37495">
        <ele>22</ele>
      </trkpt>
      <trkpt lat="50.93597" lon="4.37458">
        <ele>21</ele>
      </trkpt>
      <trkpt lat="50.93671" lon="4.37445">
        <ele>22</ele>
      </trkpt>
      <trkpt lat="50.93749" lon="4.37393">
        <ele>26</ele>
      </trkpt>
      <trkpt lat="50.93818" lon="4.37356">
        <ele>31</ele>
      </trkpt>
      <trkpt lat="50.93837" lon="4.37349">
        <ele>30</ele>
      </trkpt>
      <trkpt lat="50.94251" lon="4.37364">
        <ele>32</ele>
      </trkpt>
      <trkpt lat="50.94293" lon="4.3736">
        <ele>32</ele>
      </trkpt>
      <trkpt lat="50.94358" lon="4.37298">
        <ele>33</ele>
      </trkpt>
      <trkpt lat="50.94397" lon="4.37256">
        <ele>33</ele>
      </trkpt>
      <trkpt lat="50.94449" lon="4.37186">
        <ele>35</ele>
      </trkpt>
      <trkpt lat="50.94493" lon="4.37111">
        <ele>36</ele>
      </trkpt>
      <trkpt lat="50.94501" lon="4.37101">
        <ele>36</ele>
      </trkpt>
      <trkpt lat="50.94586" lon="4.37019">
        <ele>37</ele>
      </trkpt>
      <trkpt lat="50.94613" lon="4.36987">
        <ele>37</ele>
      </trkpt>
      <trkpt lat="50.94636" lon="4.36946">
        <ele>37</ele>
      </trkpt>
      <trkpt lat="50.94664" lon="4.36882">
        <ele>36</ele>
      </trkpt>
      <trkpt lat="50.94669" lon="4.36875">
        <ele>36</ele>
      </trkpt>
      <trkpt lat="50.94653" lon="4.36725">
        <ele>37</ele>
      </trkpt>
      <trkpt lat="50.94645" lon="4.36561">
        <ele>37</ele>
      </trkpt>
      <trkpt lat="50.94713" lon="4.36587">
        <ele>37</ele>
      </trkpt>
      <trkpt lat="50.9473" lon="4.36579">
        <ele>37</ele>
      </trkpt>
      <trkpt lat="50.94883" lon="4.36495">
        <ele>35</ele>
      </trkpt>
      <trkpt lat="50.95118" lon="4.36365">
        <ele>34</ele>
      </trkpt>
      <trkpt lat="50.95175" lon="4.36337">
        <ele>34</ele>
      </trkpt>
      <trkpt lat="50.95232" lon="4.3632">
        <ele>34</ele>
      </trkpt>
      <trkpt lat="50.95288" lon="4.3629">
        <ele>33</ele>
      </trkpt>
      <trkpt lat="50.95325" lon="4.36261">
        <ele>33</ele>
      </trkpt>
      <trkpt lat="50.95366" lon="4.36204">
        <ele>33</ele>
      </trkpt>
      <trkpt lat="50.9538" lon="4.36192">
        <ele>34</ele>
      </trkpt>
      <trkpt lat="50.95466" lon="4.36132">
        <ele>33</ele>
      </trkpt>
      <trkpt lat="50.95485" lon="4.36124">
        <ele>33</ele>
      </trkpt>
      <trkpt lat="50.95515" lon="4.36118">
        <ele>34</ele>
      </trkpt>
      <trkpt lat="50.95532" lon="4.36112">
        <ele>34</ele>
      </trkpt>
      <trkpt lat="50.95741" lon="4.36058">
        <ele>31</ele>
      </trkpt>
      <trkpt lat="50.95958" lon="4.35993">
        <ele>27</ele>
      </trkpt>
      <trkpt lat="50.95976" lon="4.35994">
        <ele>27</ele>
      </trkpt>
      <trkpt lat="50.95987" lon="4.36002">
        <ele>27</ele>
      </trkpt>
      <trkpt lat="50.95987" lon="4.35993">
        <ele>27</ele>
      </trkpt>
      <trkpt lat="50.95987" lon="4.35974">
        <ele>27</ele>
      </trkpt>
      <trkpt lat="50.95983" lon="4.35949">
        <ele>27</ele>
      </trkpt>
      <trkpt lat="50.95974" lon="4.35932">
        <ele>27</ele>
      </trkpt>
      <trkpt lat="50.95952" lon="4.35903">
        <ele>27</ele>
      </trkpt>
      <trkpt lat="50.95943" lon="4.35887">
        <ele>27</ele>
      </trkpt>
      <trkpt lat="50.95927" lon="4.35817">
        <ele>28</ele>
      </trkpt>
      <trkpt lat="50.95901" lon="4.35776">
        <ele>29</ele>
      </trkpt>
      <trkpt lat="50.95886" lon="4.35742">
        <ele>28</ele>
      </trkpt>
      <trkpt lat="50.95875" lon="4.35705">
        <ele>29</ele>
      </trkpt>
      <trkpt lat="50.95858" lon="4.35631">
        <ele>29</ele>
      </trkpt>
      <trkpt lat="50.9584" lon="4.35403">
        <ele>30</ele>
      </trkpt>
      <trkpt lat="50.95831" lon="4.3532">
        <ele>30</ele>
      </trkpt>
      <trkpt lat="50.95833" lon="4.35305">
        <ele>30</ele>
      </trkpt>
      <trkpt lat="50.95882" lon="4.35215">
        <ele>29</ele>
      </trkpt>
      <trkpt lat="50.95881" lon="4.35146">
        <ele>29</ele>
      </trkpt>
      <trkpt lat="50.95877" lon="4.35071">
        <ele>29</ele>
      </trkpt>
      <trkpt lat="50.95881" lon="4.34999">
        <ele>29</ele>
      </trkpt>
      <trkpt lat="50.9588" lon="4.34976">
        <ele>28</ele>
      </trkpt>
      <trkpt lat="50.95867" lon="4.34902">
        <ele>28</ele>
      </trkpt>
      <trkpt lat="50.95867" lon="4.34891">
        <ele>28</ele>
      </trkpt>
      <trkpt lat="50.95955" lon="4.34788">
        <ele>28</ele>
      </trkpt>
      <trkpt lat="50.95982" lon="4.34719">
        <ele>28</ele>
      </trkpt>
      <trkpt lat="50.96008" lon="4.3467">
        <ele>27</ele>
      </trkpt>
      <trkpt lat="50.96024" lon="4.34642">
        <ele>27</ele>
      </trkpt>
      <trkpt lat="50.96049" lon="4.34584">
        <ele>27</ele>
      </trkpt>
      <trkpt lat="50.96092" lon="4.34595">
        <ele>27</ele>
      </trkpt>
      <trkpt lat="50.96123" lon="4.34593">
        <ele>27</ele>
      </trkpt>
      <trkpt lat="50.9617" lon="4.34583">
        <ele>26</ele>
      </trkpt>
      <trkpt lat="50.96183" lon="4.34589">
        <ele>25</ele>
      </trkpt>
      <trkpt lat="50.96199" lon="4.34623">
        <ele>25</ele>
      </trkpt>
      <trkpt lat="50.96219" lon="4.34677">
        <ele>27</ele>
      </trkpt>
      <trkpt lat="50.96243" lon="4.34764">
        <ele>28</ele>
      </trkpt>
      <trkpt lat="50.96303" lon="4.34937">
        <ele>26</ele>
      </trkpt>
      <trkpt lat="50.96359" lon="4.35042">
        <ele>25</ele>
      </trkpt>
      <trkpt lat="50.96398" lon="4.35096">
        <ele>26</ele>
      </trkpt>
      <trkpt lat="50.96465" lon="4.35184">
        <ele>26</ele>
      </trkpt>
      <trkpt lat="50.96491" lon="4.35195">
        <ele>25</ele>
      </trkpt>
      <trkpt lat="50.96518" lon="4.35202">
        <ele>24</ele>
      </trkpt>
      <trkpt lat="50.96588" lon="4.35201">
        <ele>23</ele>
      </trkpt>
      <trkpt lat="50.96657" lon="4.35204">
        <ele>21</ele>
      </trkpt>
      <trkpt lat="50.96669" lon="4.35208">
        <ele>21</ele>
      </trkpt>
      <trkpt lat="50.96787" lon="4.35273">
        <ele>19</ele>
      </trkpt>
      <trkpt lat="50.96797" lon="4.35281">
        <ele>19</ele>
      </trkpt>
      <trkpt lat="50.96925" lon="4.35424">
        <ele>18</ele>
      </trkpt>
      <trkpt lat="50.96975" lon="4.35487">
        <ele>17</ele>
      </trkpt>
      <trkpt lat="50.97073" lon="4.35642">
        <ele>17</ele>
      </trkpt>
      <trkpt lat="50.97133" lon="4.35734">
        <ele>15</ele>
      </trkpt>
      <trkpt lat="50.9718" lon="4.35759">
        <ele>15</ele>
      </trkpt>
      <trkpt lat="50.97242" lon="4.35832">
        <ele>15</ele>
      </trkpt>
      <trkpt lat="50.9727" lon="4.35864">
        <ele>15</ele>
      </trkpt>
      <trkpt lat="50.97294" lon="4.35901">
        <ele>15</ele>
      </trkpt>
      <trkpt lat="50.97313" lon="4.35925">
        <ele>15</ele>
      </trkpt>
      <trkpt lat="50.9733" lon="4.35929">
        <ele>15</ele>
      </trkpt>
      <trkpt lat="50.97366" lon="4.35948">
        <ele>15</ele>
      </trkpt>
      <trkpt lat="50.97377" lon="4.35959">
        <ele>15</ele>
      </trkpt>
      <trkpt lat="50.9738" lon="4.35959">
        <ele>15</ele>
      </trkpt>
      <trkpt lat="50.97436" lon="4.35909">
        <ele>14</ele>
      </trkpt>
      <trkpt lat="50.97475" lon="4.35853">
        <ele>14</ele>
      </trkpt>
      <trkpt lat="50.977" lon="4.35483">
        <ele>15</ele>
      </trkpt>
      <trkpt lat="50.97804" lon="4.35314">
        <ele>15</ele>
      </trkpt>
      <trkpt lat="50.97858" lon="4.35236">
        <ele>14</ele>
      </trkpt>
      <trkpt lat="50.97847" lon="4.35215">
        <ele>14</ele>
      </trkpt>
      <trkpt lat="50.97858" lon="4.35236">
        <ele>14</ele>
      </trkpt>
      <trkpt lat="50.9792" lon="4.35172">
        <ele>14</ele>
      </trkpt>
      <trkpt lat="50.97971" lon="4.35113">
        <ele>14</ele>
      </trkpt>
      <trkpt lat="50.98003" lon="4.35085">
        <ele>14</ele>
      </trkpt>
      <trkpt lat="50.98062" lon="4.35036">
        <ele>14</ele>
      </trkpt>
      <trkpt lat="50.98248" lon="4.34908">
        <ele>14</ele>
      </trkpt>
      <trkpt lat="50.98259" lon="4.34898">
        <ele>14</ele>
      </trkpt>
      <trkpt lat="50.98318" lon="4.34833">
        <ele>14</ele>
      </trkpt>
      <trkpt lat="50.98379" lon="4.34764">
        <ele>14</ele>
      </trkpt>
      <trkpt lat="50.98406" lon="4.34729">
        <ele>14</ele>
      </trkpt>
      <trkpt lat="50.98486" lon="4.34614">
        <ele>14</ele>
      </trkpt>
      <trkpt lat="50.98519" lon="4.34578">
        <ele>13</ele>
      </trkpt>
      <trkpt lat="50.98545" lon="4.34553">
        <ele>13</ele>
      </trkpt>
      <trkpt lat="50.98576" lon="4.34528">
        <ele>13</ele>
      </trkpt>
      <trkpt lat="50.98603" lon="4.3451">
        <ele>12</ele>
      </trkpt>
      <trkpt lat="50.98656" lon="4.34485">
        <ele>12</ele>
      </trkpt>
      <trkpt lat="50.98686" lon="4.34476">
        <ele>12</ele>
      </trkpt>
      <trkpt lat="50.98749" lon="4.34463">
        <ele>12</ele>
      </trkpt>
      <trkpt lat="50.98779" lon="4.34452">
        <ele>12</ele>
      </trkpt>
      <trkpt lat="50.98808" lon="4.34433">
        <ele>12</ele>
      </trkpt>
      <trkpt lat="50.98891" lon="4.3437">
        <ele>11</ele>
      </trkpt>
      <trkpt lat="50.98925" lon="4.34342">
        <ele>11</ele>
      </trkpt>
      <trkpt lat="50.99084" lon="4.34195">
        <ele>11</ele>
      </trkpt>
      <trkpt lat="50.99099" lon="4.34178">
        <ele>11</ele>
      </trkpt>
      <trkpt lat="50.99119" lon="4.34162">
        <ele>11</ele>
      </trkpt>
      <trkpt lat="50.99262" lon="4.34065">
        <ele>11</ele>
      </trkpt>
      <trkpt lat="50.99357" lon="4.33992">
        <ele>11</ele>
      </trkpt>
      <trkpt lat="50.9941" lon="4.33955">
        <ele>11</ele>
      </trkpt>
      <trkpt lat="50.99442" lon="4.33941">
        <ele>11</ele>
      </trkpt>
      <trkpt lat="50.99484" lon="4.33922">
        <ele>11</ele>
      </trkpt>
      <trkpt lat="50.99501" lon="4.33911">
        <ele>11</ele>
      </trkpt>
      <trkpt lat="50.99519" lon="4.33896">
        <ele>10</ele>
      </trkpt>
      <trkpt lat="50.99547" lon="4.33865">
        <ele>10</ele>
      </trkpt>
      <trkpt lat="50.99683" lon="4.33993">
        <ele>11</ele>
      </trkpt>
      <trkpt lat="50.99877" lon="4.34186">
        <ele>10</ele>
      </trkpt>
      <trkpt lat="51.00154" lon="4.34543">
        <ele>9</ele>
      </trkpt>
      <trkpt lat="51.00192" lon="4.34597">
        <ele>9</ele>
      </trkpt>
      <trkpt lat="51.00192" lon="4.34596">
        <ele>9</ele>
      </trkpt>
      <trkpt lat="51.00246" lon="4.34674">
        <ele>8</ele>
      </trkpt>
      <trkpt lat="51.00447" lon="4.34942">
        <ele>9</ele>
      </trkpt>
      <trkpt lat="51.00561" lon="4.35103">
        <ele>9</ele>
      </trkpt>
      <trkpt lat="51.00592" lon="4.35139">
        <ele>9</ele>
      </trkpt>
      <trkpt lat="51.00667" lon="4.35224">
        <ele>7</ele>
      </trkpt>
      <trkpt lat="51.00809" lon="4.35397">
        <ele>8</ele>
      </trkpt>
      <trkpt lat="51.00839" lon="4.35346">
        <ele>8</ele>
      </trkpt>
      <trkpt lat="51.00871" lon="4.3531">
        <ele>8</ele>
      </trkpt>
      <trkpt lat="51.00879" lon="4.35306">
        <ele>8</ele>
      </trkpt>
      <trkpt lat="51.00887" lon="4.35309">
        <ele>8</ele>
      </trkpt>
      <trkpt lat="51.00947" lon="4.35366">
        <ele>8</ele>
      </trkpt>
      <trkpt lat="51.0098" lon="4.35385">
        <ele>8</ele>
      </trkpt>
      <trkpt lat="51.01052" lon="4.35419">
        <ele>9</ele>
      </trkpt>
      <trkpt lat="51.01087" lon="4.35432">
        <ele>9</ele>
      </trkpt>
      <trkpt lat="51.01105" lon="4.35836">
        <ele>10</ele>
      </trkpt>
      <trkpt lat="51.01111" lon="4.35956">
        <ele>10</ele>
      </trkpt>
      <trkpt lat="51.01115" lon="4.36054">
        <ele>10</ele>
      </trkpt>
      <trkpt lat="51.01112" lon="4.36088">
        <ele>10</ele>
      </trkpt>
      <trkpt lat="51.01111" lon="4.36112">
        <ele>10</ele>
      </trkpt>
      <trkpt lat="51.01116" lon="4.36306">
        <ele>10</ele>
      </trkpt>
      <trkpt lat="51.01133" lon="4.36698">
        <ele>9</ele>
      </trkpt>
      <trkpt lat="51.01141" lon="4.36786">
        <ele>9</ele>
      </trkpt>
      <trkpt lat="51.01146" lon="4.36884">
        <ele>9</ele>
      </trkpt>
      <trkpt lat="51.0118" lon="4.3783">
        <ele>9</ele>
      </trkpt>
      <trkpt lat="51.01194" lon="4.38253">
        <ele>7</ele>
      </trkpt>
      <trkpt lat="51.01195" lon="4.38327">
        <ele>7</ele>
      </trkpt>
      <trkpt lat="51.01196" lon="4.38407">
        <ele>7</ele>
      </trkpt>
      <trkpt lat="51.01213" lon="4.38763">
        <ele>7</ele>
      </trkpt>
      <trkpt lat="51.01227" lon="4.38918">
        <ele>7</ele>
      </trkpt>
      <trkpt lat="51.01225" lon="4.38928">
        <ele>7</ele>
      </trkpt>
      <trkpt lat="51.01218" lon="4.38936">
        <ele>7</ele>
      </trkpt>
      <trkpt lat="51.01198" lon="4.3894">
        <ele>7</ele>
      </trkpt>
      <trkpt lat="51.01186" lon="4.38945">
        <ele>7</ele>
      </trkpt>
      <trkpt lat="51.01181" lon="4.38951">
        <ele>7</ele>
      </trkpt>
      <trkpt lat="51.01178" lon="4.38966">
        <ele>7</ele>
      </trkpt>
      <trkpt lat="51.0118" lon="4.39039">
        <ele>7</ele>
      </trkpt>
      <trkpt lat="51.01178" lon="4.39069">
        <ele>7</ele>
      </trkpt>
      <trkpt lat="51.01166" lon="4.39117">
        <ele>7</ele>
      </trkpt>
      <trkpt lat="51.01088" lon="4.3933">
        <ele>7</ele>
      </trkpt>
      <trkpt lat="51.01059" lon="4.394">
        <ele>7</ele>
      </trkpt>
      <trkpt lat="51.01011" lon="4.39487">
        <ele>7</ele>
      </trkpt>
      <trkpt lat="51.00958" lon="4.39583">
        <ele>7</ele>
      </trkpt>
      <trkpt lat="51.00926" lon="4.3956">
        <ele>8</ele>
      </trkpt>
      <trkpt lat="51.00741" lon="4.39588">
        <ele>7</ele>
      </trkpt>
      <trkpt lat="51.00711" lon="4.39597">
        <ele>7</ele>
      </trkpt>
      <trkpt lat="51.00583" lon="4.39643">
        <ele>7</ele>
      </trkpt>
      <trkpt lat="51.00539" lon="4.39644">
        <ele>6</ele>
      </trkpt>
      <trkpt lat="51.00532" lon="4.39642">
        <ele>6</ele>
      </trkpt>
      <trkpt lat="51.00439" lon="4.39461">
        <ele>7</ele>
      </trkpt>
      <trkpt lat="51.00379" lon="4.39352">
        <ele>7</ele>
      </trkpt>
      <trkpt lat="51.00371" lon="4.39345">
        <ele>7</ele>
      </trkpt>
      <trkpt lat="51.00357" lon="4.3934">
        <ele>7</ele>
      </trkpt>
      <trkpt lat="51.00292" lon="4.39343">
        <ele>7</ele>
      </trkpt>
      <trkpt lat="51.00219" lon="4.39341">
        <ele>8</ele>
      </trkpt>
      <trkpt lat="51.00204" lon="4.39336">
        <ele>8</ele>
      </trkpt>
      <trkpt lat="51.00196" lon="4.39326">
        <ele>8</ele>
      </trkpt>
      <trkpt lat="51.00194" lon="4.39339">
        <ele>8</ele>
      </trkpt>
      <trkpt lat="51.00188" lon="4.39428">
        <ele>8</ele>
      </trkpt>
      <trkpt lat="51.00182" lon="4.39533">
        <ele>9</ele>
      </trkpt>
      <trkpt lat="51.0015" lon="4.39939">
        <ele>9</ele>
      </trkpt>
      <trkpt lat="51.00148" lon="4.39976">
        <ele>9</ele>
      </trkpt>
      <trkpt lat="51.0015" lon="4.39988">
        <ele>9</ele>
      </trkpt>
      <trkpt lat="51.00153" lon="4.39999">
        <ele>9</ele>
      </trkpt>
      <trkpt lat="51.00294" lon="4.40413">
        <ele>7</ele>
      </trkpt>
      <trkpt lat="51.00303" lon="4.40445">
        <ele>7</ele>
      </trkpt>
      <trkpt lat="51.00302" lon="4.40482">
        <ele>7</ele>
      </trkpt>
      <trkpt lat="51.00288" lon="4.4047">
        <ele>7</ele>
      </trkpt>
      <trkpt lat="51.00273" lon="4.40463">
        <ele>7</ele>
      </trkpt>
      <trkpt lat="51.00191" lon="4.40457">
        <ele>7</ele>
      </trkpt>
      <trkpt lat="51.0011" lon="4.40452">
        <ele>8</ele>
      </trkpt>
      <trkpt lat="50.9993" lon="4.40445">
        <ele>8</ele>
      </trkpt>
      <trkpt lat="50.99923" lon="4.40458">
        <ele>8</ele>
      </trkpt>
      <trkpt lat="50.99849" lon="4.40754">
        <ele>8</ele>
      </trkpt>
      <trkpt lat="50.99809" lon="4.40927">
        <ele>8</ele>
      </trkpt>
      <trkpt lat="50.99751" lon="4.41169">
        <ele>8</ele>
      </trkpt>
      <trkpt lat="50.99745" lon="4.41264">
        <ele>8</ele>
      </trkpt>
      <trkpt lat="50.99759" lon="4.41281">
        <ele>8</ele>
      </trkpt>
      <trkpt lat="50.99765" lon="4.4135">
        <ele>7</ele>
      </trkpt>
      <trkpt lat="50.99773" lon="4.41395">
        <ele>7</ele>
      </trkpt>
      <trkpt lat="50.99791" lon="4.41468">
        <ele>7</ele>
      </trkpt>
      <trkpt lat="50.99795" lon="4.41497">
        <ele>8</ele>
      </trkpt>
      <trkpt lat="50.99798" lon="4.41541">
        <ele>7</ele>
      </trkpt>
      <trkpt lat="50.99796" lon="4.41558">
        <ele>8</ele>
      </trkpt>
      <trkpt lat="50.99784" lon="4.41602">
        <ele>8</ele>
      </trkpt>
      <trkpt lat="50.99747" lon="4.41714">
        <ele>9</ele>
      </trkpt>
      <trkpt lat="50.99741" lon="4.41728">
        <ele>9</ele>
      </trkpt>
      <trkpt lat="50.99724" lon="4.41743">
        <ele>9</ele>
      </trkpt>
      <trkpt lat="50.99636" lon="4.41785">
        <ele>8</ele>
      </trkpt>
      <trkpt lat="50.99602" lon="4.41804">
        <ele>8</ele>
      </trkpt>
      <trkpt lat="50.99597" lon="4.41812">
        <ele>8</ele>
      </trkpt>
      <trkpt lat="50.99594" lon="4.41822">
        <ele>8</ele>
      </trkpt>
      <trkpt lat="50.99561" lon="4.41964">
        <ele>8</ele>
      </trkpt>
      <trkpt lat="50.99534" lon="4.42072">
        <ele>8</ele>
      </trkpt>
      <trkpt lat="50.99526" lon="4.42088">
        <ele>8</ele>
      </trkpt>
      <trkpt lat="50.99529" lon="4.42094">
        <ele>8</ele>
      </trkpt>
      <trkpt lat="50.9953" lon="4.42109">
        <ele>9</ele>
      </trkpt>
      <trkpt lat="50.99522" lon="4.42123">
        <ele>9</ele>
      </trkpt>
      <trkpt lat="50.99516" lon="4.42141">
        <ele>9</ele>
      </trkpt>
      <trkpt lat="50.99463" lon="4.42354">
        <ele>7</ele>
      </trkpt>
      <trkpt lat="50.99419" lon="4.42535">
        <ele>7</ele>
      </trkpt>
      <trkpt lat="50.99385" lon="4.42697">
        <ele>8</ele>
      </trkpt>
      <trkpt lat="50.99355" lon="4.42727">
        <ele>8</ele>
      </trkpt>
      <trkpt lat="50.99347" lon="4.42739">
        <ele>8</ele>
      </trkpt>
      <trkpt lat="50.99314" lon="4.42824">
        <ele>8</ele>
      </trkpt>
      <trkpt lat="50.99303" lon="4.42857">
        <ele>7</ele>
      </trkpt>
      <trkpt lat="50.99297" lon="4.42888">
        <ele>8</ele>
      </trkpt>
      <trkpt lat="50.99291" lon="4.42944">
        <ele>7</ele>
      </trkpt>
      <trkpt lat="50.99285" lon="4.42956">
        <ele>7</ele>
      </trkpt>
      <trkpt lat="50.99246" lon="4.43017">
        <ele>8</ele>
      </trkpt>
      <trkpt lat="50.99234" lon="4.4304">
        <ele>8</ele>
      </trkpt>
      <trkpt lat="50.99216" lon="4.43091">
        <ele>7</ele>
      </trkpt>
      <trkpt lat="50.99186" lon="4.43153">
        <ele>7</ele>
      </trkpt>
      <trkpt lat="50.9917" lon="4.43181">
        <ele>8</ele>
      </trkpt>
      <trkpt lat="50.9915" lon="4.43207">
        <ele>8</ele>
      </trkpt>
      <trkpt lat="50.99128" lon="4.43232">
        <ele>8</ele>
      </trkpt>
      <trkpt lat="50.99115" lon="4.43243">
        <ele>8</ele>
      </trkpt>
      <trkpt lat="50.99044" lon="4.43279">
        <ele>8</ele>
      </trkpt>
      <trkpt lat="50.98982" lon="4.43326">
        <ele>9</ele>
      </trkpt>
      <trkpt lat="50.98967" lon="4.43345">
        <ele>9</ele>
      </trkpt>
      <trkpt lat="50.98949" lon="4.43375">
        <ele>9</ele>
      </trkpt>
      <trkpt lat="50.98934" lon="4.43403">
        <ele>9</ele>
      </trkpt>
      <trkpt lat="50.98932" lon="4.43415">
        <ele>9</ele>
      </trkpt>
      <trkpt lat="50.98933" lon="4.43451">
        <ele>9</ele>
      </trkpt>
      <trkpt lat="50.98943" lon="4.43503">
        <ele>8</ele>
      </trkpt>
      <trkpt lat="50.98957" lon="4.43549">
        <ele>8</ele>
      </trkpt>
      <trkpt lat="50.98982" lon="4.43615">
        <ele>8</ele>
      </trkpt>
      <trkpt lat="50.98998" lon="4.43653">
        <ele>8</ele>
      </trkpt>
      <trkpt lat="50.99024" lon="4.43702">
        <ele>8</ele>
      </trkpt>
      <trkpt lat="50.99032" lon="4.43726">
        <ele>8</ele>
      </trkpt>
      <trkpt lat="50.99048" lon="4.43785">
        <ele>7</ele>
      </trkpt>
      <trkpt lat="50.99051" lon="4.43803">
        <ele>8</ele>
      </trkpt>
      <trkpt lat="50.99051" lon="4.43814">
        <ele>8</ele>
      </trkpt>
      <trkpt lat="50.99045" lon="4.43842">
        <ele>8</ele>
      </trkpt>
      <trkpt lat="50.99022" lon="4.4389">
        <ele>8</ele>
      </trkpt>
      <trkpt lat="50.99012" lon="4.43908">
        <ele>8</ele>
      </trkpt>
      <trkpt lat="50.98967" lon="4.43976">
        <ele>8</ele>
      </trkpt>
      <trkpt lat="50.98958" lon="4.43995">
        <ele>8</ele>
      </trkpt>
      <trkpt lat="50.98948" lon="4.44035">
        <ele>8</ele>
      </trkpt>
      <trkpt lat="50.98945" lon="4.44042">
        <ele>8</ele>
      </trkpt>
      <trkpt lat="50.98935" lon="4.44053">
        <ele>9</ele>
      </trkpt>
      <trkpt lat="50.98867" lon="4.44099">
        <ele>11</ele>
      </trkpt>
      <trkpt lat="50.98839" lon="4.44121">
        <ele>11</ele>
      </trkpt>
      <trkpt lat="50.98811" lon="4.44145">
        <ele>11</ele>
      </trkpt>
      <trkpt lat="50.98788" lon="4.44168">
        <ele>12</ele>
      </trkpt>
      <trkpt lat="50.98693" lon="4.44276">
        <ele>13</ele>
      </trkpt>
      <trkpt lat="50.98651" lon="4.44341">
        <ele>14</ele>
      </trkpt>
      <trkpt lat="50.98624" lon="4.44376">
        <ele>14</ele>
      </trkpt>
      <trkpt lat="50.98564" lon="4.44442">
        <ele>13</ele>
      </trkpt>
      <trkpt lat="50.98551" lon="4.44462">
        <ele>13</ele>
      </trkpt>
      <trkpt lat="50.98545" lon="4.44482">
        <ele>13</ele>
      </trkpt>
      <trkpt lat="50.98544" lon="4.44491">
        <ele>11</ele>
      </trkpt>
      <trkpt lat="50.98546" lon="4.44501">
        <ele>11</ele>
      </trkpt>
      <trkpt lat="50.98573" lon="4.44592">
        <ele>10</ele>
      </trkpt>
      <trkpt lat="50.98601" lon="4.44721">
        <ele>9</ele>
      </trkpt>
      <trkpt lat="50.98607" lon="4.4476">
        <ele>9</ele>
      </trkpt>
      <trkpt lat="50.98608" lon="4.44803">
        <ele>9</ele>
      </trkpt>
      <trkpt lat="50.98601" lon="4.44846">
        <ele>8</ele>
      </trkpt>
      <trkpt lat="50.98592" lon="4.44883">
        <ele>8</ele>
      </trkpt>
      <trkpt lat="50.9855" lon="4.44994">
        <ele>8</ele>
      </trkpt>
      <trkpt lat="50.98545" lon="4.45018">
        <ele>7</ele>
      </trkpt>
      <trkpt lat="50.98544" lon="4.45044">
        <ele>7</ele>
      </trkpt>
      <trkpt lat="50.98549" lon="4.45078">
        <ele>7</ele>
      </trkpt>
      <trkpt lat="50.98584" lon="4.45154">
        <ele>7</ele>
      </trkpt>
      <trkpt lat="50.98595" lon="4.45196">
        <ele>7</ele>
      </trkpt>
      <trkpt lat="50.98597" lon="4.45207">
        <ele>7</ele>
      </trkpt>
      <trkpt lat="50.98596" lon="4.45239">
        <ele>7</ele>
      </trkpt>
      <trkpt lat="50.986" lon="4.4526">
        <ele>7</ele>
      </trkpt>
      <trkpt lat="50.98601" lon="4.453">
        <ele>7</ele>
      </trkpt>
      <trkpt lat="50.98608" lon="4.45324">
        <ele>7</ele>
      </trkpt>
      <trkpt lat="50.98622" lon="4.45358">
        <ele>7</ele>
      </trkpt>
      <trkpt lat="50.9863" lon="4.45386">
        <ele>7</ele>
      </trkpt>
      <trkpt lat="50.98641" lon="4.45434">
        <ele>8</ele>
      </trkpt>
      <trkpt lat="50.98647" lon="4.45454">
        <ele>8</ele>
      </trkpt>
      <trkpt lat="50.98657" lon="4.45478">
        <ele>8</ele>
      </trkpt>
      <trkpt lat="50.98705" lon="4.45583">
        <ele>10</ele>
      </trkpt>
      <trkpt lat="50.98722" lon="4.45624">
        <ele>10</ele>
      </trkpt>
      <trkpt lat="50.98794" lon="4.45777">
        <ele>11</ele>
      </trkpt>
      <trkpt lat="50.98778" lon="4.45805">
        <ele>11</ele>
      </trkpt>
      <trkpt lat="50.98732" lon="4.45891">
        <ele>12</ele>
      </trkpt>
      <trkpt lat="50.98718" lon="4.4592">
        <ele>12</ele>
      </trkpt>
      <trkpt lat="50.98674" lon="4.46032">
        <ele>12</ele>
      </trkpt>
      <trkpt lat="50.98582" lon="4.46246">
        <ele>11</ele>
      </trkpt>
      <trkpt lat="50.98574" lon="4.46277">
        <ele>11</ele>
      </trkpt>
      <trkpt lat="50.98569" lon="4.46311">
        <ele>11</ele>
      </trkpt>
      <trkpt lat="50.98564" lon="4.46371">
        <ele>10</ele>
      </trkpt>
      <trkpt lat="50.98555" lon="4.46407">
        <ele>10</ele>
      </trkpt>
      <trkpt lat="50.98549" lon="4.46425">
        <ele>9</ele>
      </trkpt>
      <trkpt lat="50.9854" lon="4.46443">
        <ele>9</ele>
      </trkpt>
      <trkpt lat="50.98519" lon="4.46475">
        <ele>9</ele>
      </trkpt>
      <trkpt lat="50.985" lon="4.46499">
        <ele>10</ele>
      </trkpt>
      <trkpt lat="50.98479" lon="4.46519">
        <ele>10</ele>
      </trkpt>
      <trkpt lat="50.98419" lon="4.46557">
        <ele>11</ele>
      </trkpt>
      <trkpt lat="50.98398" lon="4.46577">
        <ele>11</ele>
      </trkpt>
      <trkpt lat="50.98373" lon="4.46611">
        <ele>11</ele>
      </trkpt>
      <trkpt lat="50.98267" lon="4.46762">
        <ele>9</ele>
      </trkpt>
      <trkpt lat="50.98199" lon="4.46855">
        <ele>8</ele>
      </trkpt>
      <trkpt lat="50.98185" lon="4.46875">
        <ele>8</ele>
      </trkpt>
      <trkpt lat="50.9812" lon="4.46796">
        <ele>9</ele>
      </trkpt>
      <trkpt lat="50.98021" lon="4.46662">
        <ele>9</ele>
      </trkpt>
      <trkpt lat="50.9791" lon="4.46488">
        <ele>8</ele>
      </trkpt>
      <trkpt lat="50.97887" lon="4.46449">
        <ele>8</ele>
      </trkpt>
      <trkpt lat="50.97836" lon="4.46352">
        <ele>7</ele>
      </trkpt>
      <trkpt lat="50.97819" lon="4.46325">
        <ele>7</ele>
      </trkpt>
      <trkpt lat="50.97757" lon="4.46237">
        <ele>8</ele>
      </trkpt>
      <trkpt lat="50.97668" lon="4.46138">
        <ele>7</ele>
      </trkpt>
      <trkpt lat="50.97611" lon="4.4607">
        <ele>7</ele>
      </trkpt>
      <trkpt lat="50.97588" lon="4.46052">
        <ele>7</ele>
      </trkpt>
      <trkpt lat="50.97555" lon="4.46022">
        <ele>7</ele>
      </trkpt>
      <trkpt lat="50.97495" lon="4.45975">
        <ele>8</ele>
      </trkpt>
      <trkpt lat="50.9743" lon="4.45932">
        <ele>9</ele>
      </trkpt>
      <trkpt lat="50.97373" lon="4.45901">
        <ele>10</ele>
      </trkpt>
      <trkpt lat="50.97351" lon="4.45893">
        <ele>9</ele>
      </trkpt>
      <trkpt lat="50.97298" lon="4.45889">
        <ele>10</ele>
      </trkpt>
      <trkpt lat="50.97262" lon="4.45893">
        <ele>10</ele>
      </trkpt>
      <trkpt lat="50.97238" lon="4.45901">
        <ele>10</ele>
      </trkpt>
      <trkpt lat="50.97095" lon="4.45957">
        <ele>9</ele>
      </trkpt>
      <trkpt lat="50.9706" lon="4.45968">
        <ele>8</ele>
      </trkpt>
      <trkpt lat="50.96956" lon="4.46008">
        <ele>8</ele>
      </trkpt>
      <trkpt lat="50.96805" lon="4.46068">
        <ele>8</ele>
      </trkpt>
      <trkpt lat="50.96803" lon="4.46074">
        <ele>8</ele>
      </trkpt>
      <trkpt lat="50.96784" lon="4.46078">
        <ele>7</ele>
      </trkpt>
      <trkpt lat="50.96719" lon="4.46104">
        <ele>7</ele>
      </trkpt>
      <trkpt lat="50.96666" lon="4.46122">
        <ele>8</ele>
      </trkpt>
      <trkpt lat="50.96603" lon="4.46127">
        <ele>8</ele>
      </trkpt>
      <trkpt lat="50.96502" lon="4.46109">
        <ele>9</ele>
      </trkpt>
      <trkpt lat="50.96463" lon="4.46096">
        <ele>9</ele>
      </trkpt>
      <trkpt lat="50.96438" lon="4.46083">
        <ele>9</ele>
      </trkpt>
      <trkpt lat="50.96408" lon="4.46061">
        <ele>9</ele>
      </trkpt>
      <trkpt lat="50.96343" lon="4.46007">
        <ele>9</ele>
      </trkpt>
      <trkpt lat="50.96279" lon="4.4594">
        <ele>10</ele>
      </trkpt>
      <trkpt lat="50.96229" lon="4.45874">
        <ele>9</ele>
      </trkpt>
      <trkpt lat="50.96218" lon="4.45858">
        <ele>9</ele>
      </trkpt>
      <trkpt lat="50.96214" lon="4.45852">
        <ele>9</ele>
      </trkpt>
      <trkpt lat="50.96207" lon="4.45818">
        <ele>9</ele>
      </trkpt>
      <trkpt lat="50.96203" lon="4.45811">
        <ele>9</ele>
      </trkpt>
      <trkpt lat="50.96195" lon="4.45807">
        <ele>9</ele>
      </trkpt>
      <trkpt lat="50.9619" lon="4.45809">
        <ele>9</ele>
      </trkpt>
      <trkpt lat="50.96175" lon="4.45831">
        <ele>8</ele>
      </trkpt>
      <trkpt lat="50.96163" lon="4.4585">
        <ele>7</ele>
      </trkpt>
      <trkpt lat="50.96157" lon="4.45855">
        <ele>7</ele>
      </trkpt>
      <trkpt lat="50.96152" lon="4.45855">
        <ele>7</ele>
      </trkpt>
      <trkpt lat="50.96148" lon="4.45851">
        <ele>7</ele>
      </trkpt>
      <trkpt lat="50.96143" lon="4.45844">
        <ele>7</ele>
      </trkpt>
      <trkpt lat="50.96136" lon="4.45804">
        <ele>8</ele>
      </trkpt>
      <trkpt lat="50.96108" lon="4.45757">
        <ele>8</ele>
      </trkpt>
      <trkpt lat="50.96049" lon="4.45632">
        <ele>8</ele>
      </trkpt>
      <trkpt lat="50.96033" lon="4.45599">
        <ele>8</ele>
      </trkpt>
      <trkpt lat="50.95993" lon="4.45638">
        <ele>8</ele>
      </trkpt>
      <trkpt lat="50.95981" lon="4.45647">
        <ele>8</ele>
      </trkpt>
      <trkpt lat="50.95958" lon="4.45655">
        <ele>8</ele>
      </trkpt>
      <trkpt lat="50.95964" lon="4.45761">
        <ele>8</ele>
      </trkpt>
      <trkpt lat="50.95969" lon="4.45865">
        <ele>9</ele>
      </trkpt>
      <trkpt lat="50.95971" lon="4.45903">
        <ele>8</ele>
      </trkpt>
      <trkpt lat="50.95962" lon="4.45903">
        <ele>8</ele>
      </trkpt>
      <trkpt lat="50.95884" lon="4.45851">
        <ele>9</ele>
      </trkpt>
      <trkpt lat="50.95873" lon="4.45846">
        <ele>8</ele>
      </trkpt>
      <trkpt lat="50.95862" lon="4.45846">
        <ele>8</ele>
      </trkpt>
      <trkpt lat="50.95834" lon="4.45857">
        <ele>8</ele>
      </trkpt>
      <trkpt lat="50.95761" lon="4.45913">
        <ele>7</ele>
      </trkpt>
      <trkpt lat="50.95712" lon="4.4595">
        <ele>7</ele>
      </trkpt>
      <trkpt lat="50.95582" lon="4.46018">
        <ele>6</ele>
      </trkpt>
      <trkpt lat="50.95562" lon="4.46024">
        <ele>5</ele>
      </trkpt>
      <trkpt lat="50.95513" lon="4.46027">
        <ele>6</ele>
      </trkpt>
      <trkpt lat="50.9546" lon="4.46024">
        <ele>6</ele>
      </trkpt>
      <trkpt lat="50.95366" lon="4.46018">
        <ele>6</ele>
      </trkpt>
      <trkpt lat="50.9519" lon="4.46014">
        <ele>8</ele>
      </trkpt>
      <trkpt lat="50.9516" lon="4.46019">
        <ele>8</ele>
      </trkpt>
      <trkpt lat="50.95115" lon="4.46033">
        <ele>8</ele>
      </trkpt>
      <trkpt lat="50.95044" lon="4.46065">
        <ele>8</ele>
      </trkpt>
      <trkpt lat="50.95016" lon="4.46071">
        <ele>8</ele>
      </trkpt>
      <trkpt lat="50.95004" lon="4.4607">
        <ele>8</ele>
      </trkpt>
      <trkpt lat="50.94995" lon="4.46067">
        <ele>8</ele>
      </trkpt>
      <trkpt lat="50.94988" lon="4.46068">
        <ele>8</ele>
      </trkpt>
      <trkpt lat="50.94953" lon="4.46065">
        <ele>8</ele>
      </trkpt>
      <trkpt lat="50.94887" lon="4.46055">
        <ele>9</ele>
      </trkpt>
      <trkpt lat="50.94884" lon="4.46055">
        <ele>9</ele>
      </trkpt>
      <trkpt lat="50.94883" lon="4.46061">
        <ele>9</ele>
      </trkpt>
      <trkpt lat="50.94879" lon="4.46069">
        <ele>9</ele>
      </trkpt>
      <trkpt lat="50.94881" lon="4.46078">
        <ele>10</ele>
      </trkpt>
      <trkpt lat="50.94913" lon="4.46119">
        <ele>9</ele>
      </trkpt>
      <trkpt lat="50.94923" lon="4.46135">
        <ele>9</ele>
      </trkpt>
      <trkpt lat="50.94937" lon="4.46164">
        <ele>9</ele>
      </trkpt>
      <trkpt lat="50.94961" lon="4.46235">
        <ele>9</ele>
      </trkpt>
      <trkpt lat="50.95011" lon="4.46411">
        <ele>9</ele>
      </trkpt>
      <trkpt lat="50.95039" lon="4.46501">
        <ele>9</ele>
      </trkpt>
      <trkpt lat="50.95083" lon="4.46655">
        <ele>9</ele>
      </trkpt>
      <trkpt lat="50.9509" lon="4.46686">
        <ele>9</ele>
      </trkpt>
      <trkpt lat="50.95095" lon="4.46726">
        <ele>9</ele>
      </trkpt>
      <trkpt lat="50.951" lon="4.46767">
        <ele>9</ele>
      </trkpt>
      <trkpt lat="50.95105" lon="4.46846">
        <ele>9</ele>
      </trkpt>
      <trkpt lat="50.95108" lon="4.46927">
        <ele>9</ele>
      </trkpt>
      <trkpt lat="50.9511" lon="4.47002">
        <ele>9</ele>
      </trkpt>
      <trkpt lat="50.95121" lon="4.47272">
        <ele>8</ele>
      </trkpt>
      <trkpt lat="50.95136" lon="4.47463">
        <ele>8</ele>
      </trkpt>
      <trkpt lat="50.95141" lon="4.47568">
        <ele>8</ele>
      </trkpt>
      <trkpt lat="50.95133" lon="4.47656">
        <ele>8</ele>
      </trkpt>
      <trkpt lat="50.95122" lon="4.47725">
        <ele>7</ele>
      </trkpt>
      <trkpt lat="50.95104" lon="4.4782">
        <ele>8</ele>
      </trkpt>
      <trkpt lat="50.95104" lon="4.47869">
        <ele>8</ele>
      </trkpt>
      <trkpt lat="50.95107" lon="4.479">
        <ele>8</ele>
      </trkpt>
      <trkpt lat="50.95128" lon="4.47994">
        <ele>8</ele>
      </trkpt>
      <trkpt lat="50.95085" lon="4.48034">
        <ele>8</ele>
      </trkpt>
      <trkpt lat="50.94904" lon="4.48213">
        <ele>7</ele>
      </trkpt>
      <trkpt lat="50.94817" lon="4.48289">
        <ele>8</ele>
      </trkpt>
      <trkpt lat="50.94807" lon="4.48297">
        <ele>8</ele>
      </trkpt>
      <trkpt lat="50.94801" lon="4.48298">
        <ele>8</ele>
      </trkpt>
      <trkpt lat="50.94551" lon="4.4812">
        <ele>9</ele>
      </trkpt>
      <trkpt lat="50.94488" lon="4.48069">
        <ele>12</ele>
      </trkpt>
      <trkpt lat="50.94294" lon="4.4789">
        <ele>15</ele>
      </trkpt>
      <trkpt lat="50.94266" lon="4.47867">
        <ele>14</ele>
      </trkpt>
      <trkpt lat="50.94203" lon="4.47829">
        <ele>12</ele>
      </trkpt>
      <trkpt lat="50.94085" lon="4.47756">
        <ele>10</ele>
      </trkpt>
      <trkpt lat="50.94034" lon="4.47718">
        <ele>10</ele>
      </trkpt>
      <trkpt lat="50.93988" lon="4.47672">
        <ele>10</ele>
      </trkpt>
      <trkpt lat="50.93845" lon="4.47497">
        <ele>11</ele>
      </trkpt>
      <trkpt lat="50.9382" lon="4.47469">
        <ele>10</ele>
      </trkpt>
      <trkpt lat="50.93765" lon="4.47416">
        <ele>11</ele>
      </trkpt>
      <trkpt lat="50.93704" lon="4.47377">
        <ele>11</ele>
      </trkpt>
      <trkpt lat="50.93491" lon="4.47284">
        <ele>14</ele>
      </trkpt>
      <trkpt lat="50.93466" lon="4.47271">
        <ele>14</ele>
      </trkpt>
      <trkpt lat="50.93441" lon="4.47252">
        <ele>14</ele>
      </trkpt>
      <trkpt lat="50.93406" lon="4.47215">
        <ele>14</ele>
      </trkpt>
      <trkpt lat="50.93373" lon="4.47172">
        <ele>15</ele>
      </trkpt>
      <trkpt lat="50.93271" lon="4.47027">
        <ele>15</ele>
      </trkpt>
      <trkpt lat="50.93195" lon="4.46911">
        <ele>17</ele>
      </trkpt>
      <trkpt lat="50.93124" lon="4.46795">
        <ele>18</ele>
      </trkpt>
      <trkpt lat="50.93113" lon="4.46777">
        <ele>18</ele>
      </trkpt>
      <trkpt lat="50.93082" lon="4.46738">
        <ele>18</ele>
      </trkpt>
      <trkpt lat="50.93053" lon="4.46713">
        <ele>17</ele>
      </trkpt>
      <trkpt lat="50.93064" lon="4.46773">
        <ele>17</ele>
      </trkpt>
      <trkpt lat="50.93065" lon="4.46801">
        <ele>18</ele>
      </trkpt>
      <trkpt lat="50.93063" lon="4.46813">
        <ele>18</ele>
      </trkpt>
      <trkpt lat="50.93051" lon="4.46834">
        <ele>17</ele>
      </trkpt>
      <trkpt lat="50.92994" lon="4.46793">
        <ele>18</ele>
      </trkpt>
      <trkpt lat="50.9263" lon="4.46531">
        <ele>20</ele>
      </trkpt>
      <trkpt lat="50.92563" lon="4.46468">
        <ele>19</ele>
      </trkpt>
      <trkpt lat="50.92521" lon="4.46419">
        <ele>19</ele>
      </trkpt>
      <trkpt lat="50.92472" lon="4.46354">
        <ele>19</ele>
      </trkpt>
      <trkpt lat="50.92458" lon="4.46331">
        <ele>19</ele>
      </trkpt>
      <trkpt lat="50.92436" lon="4.46294">
        <ele>18</ele>
      </trkpt>
      <trkpt lat="50.92396" lon="4.46211">
        <ele>16</ele>
      </trkpt>
      <trkpt lat="50.92377" lon="4.46158">
        <ele>16</ele>
      </trkpt>
      <trkpt lat="50.92356" lon="4.46102">
        <ele>16</ele>
      </trkpt>
      <trkpt lat="50.92331" lon="4.46007">
        <ele>16</ele>
      </trkpt>
      <trkpt lat="50.9222" lon="4.45524">
        <ele>19</ele>
      </trkpt>
      <trkpt lat="50.92197" lon="4.45417">
        <ele>17</ele>
      </trkpt>
      <trkpt lat="50.92189" lon="4.45368">
        <ele>16</ele>
      </trkpt>
      <trkpt lat="50.92178" lon="4.45322">
        <ele>16</ele>
      </trkpt>
      <trkpt lat="50.92168" lon="4.45292">
        <ele>16</ele>
      </trkpt>
      <trkpt lat="50.92161" lon="4.45266">
        <ele>16</ele>
      </trkpt>
      <trkpt lat="50.92148" lon="4.45236">
        <ele>16</ele>
      </trkpt>
      <trkpt lat="50.92106" lon="4.45144">
        <ele>16</ele>
      </trkpt>
      <trkpt lat="50.92086" lon="4.45108">
        <ele>17</ele>
      </trkpt>
      <trkpt lat="50.92074" lon="4.45094">
        <ele>17</ele>
      </trkpt>
      <trkpt lat="50.91985" lon="4.45029">
        <ele>18</ele>
      </trkpt>
      <trkpt lat="50.9197" lon="4.45013">
        <ele>18</ele>
      </trkpt>
      <trkpt lat="50.91959" lon="4.44996">
        <ele>18</ele>
      </trkpt>
      <trkpt lat="50.9187" lon="4.44825">
        <ele>18</ele>
      </trkpt>
      <trkpt lat="50.91839" lon="4.44725">
        <ele>19</ele>
      </trkpt>
      <trkpt lat="50.91809" lon="4.44627">
        <ele>19</ele>
      </trkpt>
      <trkpt lat="50.91801" lon="4.44633">
        <ele>19</ele>
      </trkpt>
      <trkpt lat="50.91779" lon="4.44662">
        <ele>19</ele>
      </trkpt>
      <trkpt lat="50.91661" lon="4.44821">
        <ele>21</ele>
      </trkpt>
      <trkpt lat="50.91654" lon="4.44822">
        <ele>21</ele>
      </trkpt>
      <trkpt lat="50.91641" lon="4.44816">
        <ele>21</ele>
      </trkpt>
      <trkpt lat="50.91501" lon="4.44716">
        <ele>23</ele>
      </trkpt>
      <trkpt lat="50.91416" lon="4.4466">
        <ele>23</ele>
      </trkpt>
      <trkpt lat="50.91256" lon="4.44546">
        <ele>26</ele>
      </trkpt>
      <trkpt lat="50.91222" lon="4.44519">
        <ele>26</ele>
      </trkpt>
      <trkpt lat="50.91203" lon="4.44499">
        <ele>27</ele>
      </trkpt>
      <trkpt lat="50.91192" lon="4.44491">
        <ele>27</ele>
      </trkpt>
      <trkpt lat="50.91162" lon="4.44478">
        <ele>28</ele>
      </trkpt>
      <trkpt lat="50.91105" lon="4.44459">
        <ele>29</ele>
      </trkpt>
      <trkpt lat="50.91072" lon="4.44456">
        <ele>29</ele>
      </trkpt>
      <trkpt lat="50.91055" lon="4.44457">
        <ele>29</ele>
      </trkpt>
      <trkpt lat="50.91051" lon="4.44448">
        <ele>29</ele>
      </trkpt>
      <trkpt lat="50.91052" lon="4.4444">
        <ele>29</ele>
      </trkpt>
      <trkpt lat="50.91057" lon="4.44433">
        <ele>29</ele>
      </trkpt>
      <trkpt lat="50.91056" lon="4.44387">
        <ele>29</ele>
      </trkpt>
      <trkpt lat="50.91057" lon="4.44325">
        <ele>30</ele>
      </trkpt>
      <trkpt lat="50.9106" lon="4.44273">
        <ele>30</ele>
      </trkpt>
      <trkpt lat="50.91067" lon="4.4422">
        <ele>29</ele>
      </trkpt>
      <trkpt lat="50.91081" lon="4.44158">
        <ele>29</ele>
      </trkpt>
      <trkpt lat="50.91117" lon="4.44036">
        <ele>26</ele>
      </trkpt>
      <trkpt lat="50.91093" lon="4.44013">
        <ele>27</ele>
      </trkpt>
      <trkpt lat="50.91044" lon="4.43967">
        <ele>27</ele>
      </trkpt>
      <trkpt lat="50.90991" lon="4.44117">
        <ele>30</ele>
      </trkpt>
      <trkpt lat="50.90984" lon="4.44122">
        <ele>30</ele>
      </trkpt>
      <trkpt lat="50.90979" lon="4.44121">
        <ele>30</ele>
      </trkpt>
      <trkpt lat="50.90962" lon="4.44106">
        <ele>30</ele>
      </trkpt>
      <trkpt lat="50.90811" lon="4.43969">
        <ele>29</ele>
      </trkpt>
      <trkpt lat="50.90776" lon="4.43937">
        <ele>29</ele>
      </trkpt>
      <trkpt lat="50.90754" lon="4.4391">
        <ele>30</ele>
      </trkpt>
      <trkpt lat="50.90736" lon="4.43882">
        <ele>30</ele>
      </trkpt>
      <trkpt lat="50.90646" lon="4.44034">
        <ele>31</ele>
      </trkpt>
      <trkpt lat="50.90575" lon="4.44149">
        <ele>32</ele>
      </trkpt>
      <trkpt lat="50.90574" lon="4.44161">
        <ele>33</ele>
      </trkpt>
      <trkpt lat="50.90572" lon="4.44187">
        <ele>33</ele>
      </trkpt>
      <trkpt lat="50.9057" lon="4.44194">
        <ele>33</ele>
      </trkpt>
      <trkpt lat="50.90565" lon="4.44203">
        <ele>33</ele>
      </trkpt>
      <trkpt lat="50.90558" lon="4.44206">
        <ele>33</ele>
      </trkpt>
      <trkpt lat="50.90538" lon="4.4421">
        <ele>33</ele>
      </trkpt>
      <trkpt lat="50.90467" lon="4.44331">
        <ele>34</ele>
      </trkpt>
      <trkpt lat="50.90452" lon="4.44328">
        <ele>34</ele>
      </trkpt>
      <trkpt lat="50.90434" lon="4.44333">
        <ele>34</ele>
      </trkpt>
      <trkpt lat="50.90377" lon="4.44235">
        <ele>33</ele>
      </trkpt>
      <trkpt lat="50.90353" lon="4.44196">
        <ele>33</ele>
      </trkpt>
      <trkpt lat="50.90332" lon="4.44168">
        <ele>33</ele>
      </trkpt>
      <trkpt lat="50.90278" lon="4.44101">
        <ele>34</ele>
      </trkpt>
      <trkpt lat="50.90245" lon="4.44065">
        <ele>34</ele>
      </trkpt>
      <trkpt lat="50.90226" lon="4.44045">
        <ele>34</ele>
      </trkpt>
      <trkpt lat="50.90175" lon="4.44">
        <ele>35</ele>
      </trkpt>
      <trkpt lat="50.90168" lon="4.44014">
        <ele>35</ele>
      </trkpt>
      <trkpt lat="50.90067" lon="4.43941">
        <ele>33</ele>
      </trkpt>
      <trkpt lat="50.90053" lon="4.43924">
        <ele>33</ele>
      </trkpt>
      <trkpt lat="50.90045" lon="4.43937">
        <ele>33</ele>
      </trkpt>
      <trkpt lat="50.90042" lon="4.43945">
        <ele>33</ele>
      </trkpt>
      <trkpt lat="50.90043" lon="4.43946">
        <ele>33</ele>
      </trkpt>
      <trkpt lat="50.90034" lon="4.43944">
        <ele>33</ele>
      </trkpt>
      <trkpt lat="50.90025" lon="4.43947">
        <ele>33</ele>
      </trkpt>
      <trkpt lat="50.90014" lon="4.43956">
        <ele>32</ele>
      </trkpt>
      <trkpt lat="50.90004" lon="4.43971">
        <ele>31</ele>
      </trkpt>
      <trkpt lat="50.89958" lon="4.44053">
        <ele>33</ele>
      </trkpt>
      <trkpt lat="50.89954" lon="4.44065">
        <ele>33</ele>
      </trkpt>
      <trkpt lat="50.89935" lon="4.441">
        <ele>34</ele>
      </trkpt>
      <trkpt lat="50.89932" lon="4.44103">
        <ele>34</ele>
      </trkpt>
      <trkpt lat="50.89915" lon="4.4415">
        <ele>33</ele>
      </trkpt>
      <trkpt lat="50.8988" lon="4.44237">
        <ele>35</ele>
      </trkpt>
      <trkpt lat="50.8984" lon="4.44318">
        <ele>35</ele>
      </trkpt>
      <trkpt lat="50.89825" lon="4.44356">
        <ele>36</ele>
      </trkpt>
      <trkpt lat="50.89707" lon="4.44603">
        <ele>36</ele>
      </trkpt>
      <trkpt lat="50.89652" lon="4.44741">
        <ele>35</ele>
      </trkpt>
      <trkpt lat="50.89447" lon="4.45293">
        <ele>31</ele>
      </trkpt>
      <trkpt lat="50.89368" lon="4.45601">
        <ele>33</ele>
      </trkpt>
      <trkpt lat="50.89363" lon="4.45623">
        <ele>33</ele>
      </trkpt>
      <trkpt lat="50.89363" lon="4.45638">
        <ele>33</ele>
      </trkpt>
      <trkpt lat="50.89368" lon="4.45648">
        <ele>33</ele>
      </trkpt>
      <trkpt lat="50.89386" lon="4.45665">
        <ele>34</ele>
      </trkpt>
      <trkpt lat="50.89404" lon="4.45689">
        <ele>34</ele>
      </trkpt>
      <trkpt lat="50.89418" lon="4.45713">
        <ele>34</ele>
      </trkpt>
      <trkpt lat="50.89475" lon="4.45829">
        <ele>35</ele>
      </trkpt>
      <trkpt lat="50.89482" lon="4.45855">
        <ele>35</ele>
      </trkpt>
      <trkpt lat="50.89484" lon="4.45873">
        <ele>35</ele>
      </trkpt>
      <trkpt lat="50.89483" lon="4.4591">
        <ele>35</ele>
      </trkpt>
      <trkpt lat="50.8948" lon="4.45927">
        <ele>35</ele>
      </trkpt>
      <trkpt lat="50.8947" lon="4.45955">
        <ele>35</ele>
      </trkpt>
      <trkpt lat="50.89454" lon="4.45977">
        <ele>35</ele>
      </trkpt>
      <trkpt lat="50.89314" lon="4.46094">
        <ele>34</ele>
      </trkpt>
      <trkpt lat="50.8929" lon="4.46119">
        <ele>34</ele>
      </trkpt>
      <trkpt lat="50.89275" lon="4.4614">
        <ele>33</ele>
      </trkpt>
      <trkpt lat="50.89267" lon="4.46156">
        <ele>33</ele>
      </trkpt>
      <trkpt lat="50.89268" lon="4.46162">
        <ele>33</ele>
      </trkpt>
      <trkpt lat="50.89264" lon="4.46173">
        <ele>31</ele>
      </trkpt>
      <trkpt lat="50.89258" lon="4.46178">
        <ele>31</ele>
      </trkpt>
      <trkpt lat="50.89249" lon="4.46174">
        <ele>30</ele>
      </trkpt>
      <trkpt lat="50.89245" lon="4.46184">
        <ele>30</ele>
      </trkpt>
      <trkpt lat="50.89222" lon="4.46284">
        <ele>29</ele>
      </trkpt>
      <trkpt lat="50.89216" lon="4.46319">
        <ele>30</ele>
      </trkpt>
      <trkpt lat="50.89204" lon="4.46426">
        <ele>31</ele>
      </trkpt>
      <trkpt lat="50.8919" lon="4.46553">
        <ele>32</ele>
      </trkpt>
      <trkpt lat="50.89156" lon="4.46678">
        <ele>35</ele>
      </trkpt>
      <trkpt lat="50.89146" lon="4.46703">
        <ele>35</ele>
      </trkpt>
      <trkpt lat="50.89145" lon="4.46715">
        <ele>35</ele>
      </trkpt>
      <trkpt lat="50.89134" lon="4.46755">
        <ele>36</ele>
      </trkpt>
      <trkpt lat="50.8913" lon="4.46756">
        <ele>36</ele>
      </trkpt>
      <trkpt lat="50.89125" lon="4.46764">
        <ele>36</ele>
      </trkpt>
      <trkpt lat="50.891" lon="4.46849">
        <ele>37</ele>
      </trkpt>
      <trkpt lat="50.89101" lon="4.46853">
        <ele>37</ele>
      </trkpt>
      <trkpt lat="50.89101" lon="4.46866">
        <ele>38</ele>
      </trkpt>
      <trkpt lat="50.8908" lon="4.46911">
        <ele>38</ele>
      </trkpt>
      <trkpt lat="50.89049" lon="4.46986">
        <ele>38</ele>
      </trkpt>
      <trkpt lat="50.89017" lon="4.47056">
        <ele>39</ele>
      </trkpt>
      <trkpt lat="50.8901" lon="4.47083">
        <ele>40</ele>
      </trkpt>
      <trkpt lat="50.89016" lon="4.4709">
        <ele>39</ele>
      </trkpt>
      <trkpt lat="50.8902" lon="4.47099">
        <ele>39</ele>
      </trkpt>
      <trkpt lat="50.89021" lon="4.4711">
        <ele>39</ele>
      </trkpt>
      <trkpt lat="50.89019" lon="4.47121">
        <ele>39</ele>
      </trkpt>
      <trkpt lat="50.89015" lon="4.47128">
        <ele>39</ele>
      </trkpt>
      <trkpt lat="50.89009" lon="4.47133">
        <ele>40</ele>
      </trkpt>
      <trkpt lat="50.89001" lon="4.47134">
        <ele>40</ele>
      </trkpt>
      <trkpt lat="50.88994" lon="4.47128">
        <ele>40</ele>
      </trkpt>
      <trkpt lat="50.88932" lon="4.47244">
        <ele>41</ele>
      </trkpt>
      <trkpt lat="50.88914" lon="4.47274">
        <ele>42</ele>
      </trkpt>
      <trkpt lat="50.88882" lon="4.4731">
        <ele>42</ele>
      </trkpt>
      <trkpt lat="50.88777" lon="4.47364">
        <ele>44</ele>
      </trkpt>
      <trkpt lat="50.88726" lon="4.47381">
        <ele>45</ele>
      </trkpt>
      <trkpt lat="50.88667" lon="4.47398">
        <ele>45</ele>
      </trkpt>
      <trkpt lat="50.88535" lon="4.47424">
        <ele>45</ele>
      </trkpt>
      <trkpt lat="50.88516" lon="4.47426">
        <ele>45</ele>
      </trkpt>
      <trkpt lat="50.88244" lon="4.47402">
        <ele>45</ele>
      </trkpt>
      <trkpt lat="50.88235" lon="4.47403">
        <ele>45</ele>
      </trkpt>
      <trkpt lat="50.88153" lon="4.47436">
        <ele>44</ele>
      </trkpt>
      <trkpt lat="50.88141" lon="4.47445">
        <ele>44</ele>
      </trkpt>
      <trkpt lat="50.88121" lon="4.47463">
        <ele>43</ele>
      </trkpt>
      <trkpt lat="50.88102" lon="4.47471">
        <ele>43</ele>
      </trkpt>
      <trkpt lat="50.88085" lon="4.47474">
        <ele>41</ele>
      </trkpt>
      <trkpt lat="50.88073" lon="4.47474">
        <ele>41</ele>
      </trkpt>
      <trkpt lat="50.88059" lon="4.4747">
        <ele>40</ele>
      </trkpt>
      <trkpt lat="50.88037" lon="4.47455">
        <ele>40</ele>
      </trkpt>
      <trkpt lat="50.88029" lon="4.47469">
        <ele>40</ele>
      </trkpt>
      <trkpt lat="50.88028" lon="4.4748">
        <ele>40</ele>
      </trkpt>
      <trkpt lat="50.88034" lon="4.47498">
        <ele>40</ele>
      </trkpt>
      <trkpt lat="50.88052" lon="4.47541">
        <ele>39</ele>
      </trkpt>
      <trkpt lat="50.88067" lon="4.47575">
        <ele>40</ele>
      </trkpt>
      <trkpt lat="50.88091" lon="4.47643">
        <ele>41</ele>
      </trkpt>
      <trkpt lat="50.88106" lon="4.47697">
        <ele>41</ele>
      </trkpt>
      <trkpt lat="50.88106" lon="4.47708">
        <ele>41</ele>
      </trkpt>
      <trkpt lat="50.88111" lon="4.47727">
        <ele>41</ele>
      </trkpt>
      <trkpt lat="50.88149" lon="4.47939">
        <ele>40</ele>
      </trkpt>
      <trkpt lat="50.88153" lon="4.47979">
        <ele>41</ele>
      </trkpt>
      <trkpt lat="50.88155" lon="4.48045">
        <ele>41</ele>
      </trkpt>
      <trkpt lat="50.88152" lon="4.48061">
        <ele>41</ele>
      </trkpt>
      <trkpt lat="50.88113" lon="4.48096">
        <ele>41</ele>
      </trkpt>
      <trkpt lat="50.88113" lon="4.48103">
        <ele>41</ele>
      </trkpt>
      <trkpt lat="50.88112" lon="4.48106">
        <ele>41</ele>
      </trkpt>
      <trkpt lat="50.88057" lon="4.48202">
        <ele>42</ele>
      </trkpt>
      <trkpt lat="50.88045" lon="4.4821">
        <ele>42</ele>
      </trkpt>
      <trkpt lat="50.88043" lon="4.48227">
        <ele>43</ele>
      </trkpt>
      <trkpt lat="50.87985" lon="4.48336">
        <ele>47</ele>
      </trkpt>
      <trkpt lat="50.87975" lon="4.48353">
        <ele>47</ele>
      </trkpt>
      <trkpt lat="50.87951" lon="4.48379">
        <ele>47</ele>
      </trkpt>
      <trkpt lat="50.87938" lon="4.4839">
        <ele>47</ele>
      </trkpt>
      <trkpt lat="50.87915" lon="4.48401">
        <ele>49</ele>
      </trkpt>
      <trkpt lat="50.87897" lon="4.48404">
        <ele>50</ele>
      </trkpt>
      <trkpt lat="50.87837" lon="4.48401">
        <ele>52</ele>
      </trkpt>
      <trkpt lat="50.87757" lon="4.48403">
        <ele>55</ele>
      </trkpt>
      <trkpt lat="50.87702" lon="4.48411">
        <ele>55</ele>
      </trkpt>
      <trkpt lat="50.87668" lon="4.48419">
        <ele>57</ele>
      </trkpt>
      <trkpt lat="50.87631" lon="4.48432">
        <ele>57</ele>
      </trkpt>
      <trkpt lat="50.8762" lon="4.48425">
        <ele>57</ele>
      </trkpt>
      <trkpt lat="50.87573" lon="4.48445">
        <ele>60</ele>
      </trkpt>
      <trkpt lat="50.87484" lon="4.48479">
        <ele>62</ele>
      </trkpt>
      <trkpt lat="50.87436" lon="4.48501">
        <ele>62</ele>
      </trkpt>
      <trkpt lat="50.87427" lon="4.48499">
        <ele>63</ele>
      </trkpt>
      <trkpt lat="50.87405" lon="4.48521">
        <ele>64</ele>
      </trkpt>
      <trkpt lat="50.87364" lon="4.48539">
        <ele>64</ele>
      </trkpt>
      <trkpt lat="50.87361" lon="4.48537">
        <ele>64</ele>
      </trkpt>
      <trkpt lat="50.8734" lon="4.48549">
        <ele>65</ele>
      </trkpt>
      <trkpt lat="50.87337" lon="4.48557">
        <ele>65</ele>
      </trkpt>
      <trkpt lat="50.87331" lon="4.48561">
        <ele>65</ele>
      </trkpt>
      <trkpt lat="50.87277" lon="4.48591">
        <ele>66</ele>
      </trkpt>
      <trkpt lat="50.87223" lon="4.48619">
        <ele>67</ele>
      </trkpt>
      <trkpt lat="50.87177" lon="4.48638">
        <ele>66</ele>
      </trkpt>
      <trkpt lat="50.87183" lon="4.48654">
        <ele>66</ele>
      </trkpt>
      <trkpt lat="50.87182" lon="4.48676">
        <ele>66</ele>
      </trkpt>
      <trkpt lat="50.8715" lon="4.48726">
        <ele>66</ele>
      </trkpt>
      <trkpt lat="50.87145" lon="4.48735">
        <ele>66</ele>
      </trkpt>
      <trkpt lat="50.87059" lon="4.48969">
        <ele>68</ele>
      </trkpt>
      <trkpt lat="50.86994" lon="4.49152">
        <ele>68</ele>
      </trkpt>
      <trkpt lat="50.86985" lon="4.49179">
        <ele>67</ele>
      </trkpt>
      <trkpt lat="50.86977" lon="4.49224">
        <ele>67</ele>
      </trkpt>
      <trkpt lat="50.86976" lon="4.49244">
        <ele>67</ele>
      </trkpt>
      <trkpt lat="50.86973" lon="4.49712">
        <ele>68</ele>
      </trkpt>
      <trkpt lat="50.86971" lon="4.4985">
        <ele>68</ele>
      </trkpt>
      <trkpt lat="50.8697" lon="4.5011">
        <ele>66</ele>
      </trkpt>
      <trkpt lat="50.86974" lon="4.50416">
        <ele>65</ele>
      </trkpt>
      <trkpt lat="50.86987" lon="4.50569">
        <ele>65</ele>
      </trkpt>
      <trkpt lat="50.87018" lon="4.50806">
        <ele>66</ele>
      </trkpt>
      <trkpt lat="50.87025" lon="4.50871">
        <ele>66</ele>
      </trkpt>
      <trkpt lat="50.87035" lon="4.50999">
        <ele>67</ele>
      </trkpt>
      <trkpt lat="50.87041" lon="4.51106">
        <ele>67</ele>
      </trkpt>
      <trkpt lat="50.87042" lon="4.51133">
        <ele>67</ele>
      </trkpt>
      <trkpt lat="50.87064" lon="4.51378">
        <ele>65</ele>
      </trkpt>
      <trkpt lat="50.87077" lon="4.51541">
        <ele>66</ele>
      </trkpt>
      <trkpt lat="50.87083" lon="4.51571">
        <ele>66</ele>
      </trkpt>
      <trkpt lat="50.87114" lon="4.51693">
        <ele>67</ele>
      </trkpt>
      <trkpt lat="50.87118" lon="4.51708">
        <ele>67</ele>
      </trkpt>
      <trkpt lat="50.87169" lon="4.5186">
        <ele>68</ele>
      </trkpt>
      <trkpt lat="50.87217" lon="4.52044">
        <ele>69</ele>
      </trkpt>
      <trkpt lat="50.87259" lon="4.52249">
        <ele>72</ele>
      </trkpt>
      <trkpt lat="50.87307" lon="4.52455">
        <ele>71</ele>
      </trkpt>
      <trkpt lat="50.87306" lon="4.52481">
        <ele>71</ele>
      </trkpt>
      <trkpt lat="50.87312" lon="4.52487">
        <ele>71</ele>
      </trkpt>
      <trkpt lat="50.87318" lon="4.525">
        <ele>71</ele>
      </trkpt>
      <trkpt lat="50.87319" lon="4.52513">
        <ele>71</ele>
      </trkpt>
      <trkpt lat="50.87317" lon="4.52519">
        <ele>71</ele>
      </trkpt>
      <trkpt lat="50.87481" lon="4.5308">
        <ele>61</ele>
      </trkpt>
      <trkpt lat="50.87529" lon="4.53205">
        <ele>57</ele>
      </trkpt>
      <trkpt lat="50.87582" lon="4.53334">
        <ele>55</ele>
      </trkpt>
      <trkpt lat="50.87612" lon="4.5343">
        <ele>53</ele>
      </trkpt>
      <trkpt lat="50.87621" lon="4.53474">
        <ele>53</ele>
      </trkpt>
      <trkpt lat="50.87626" lon="4.53497">
        <ele>53</ele>
      </trkpt>
      <trkpt lat="50.87634" lon="4.53553">
        <ele>53</ele>
      </trkpt>
      <trkpt lat="50.87654" lon="4.53717">
        <ele>55</ele>
      </trkpt>
      <trkpt lat="50.87657" lon="4.53812">
        <ele>55</ele>
      </trkpt>
      <trkpt lat="50.87656" lon="4.53837">
        <ele>56</ele>
      </trkpt>
      <trkpt lat="50.87652" lon="4.53904">
        <ele>56</ele>
      </trkpt>
      <trkpt lat="50.87638" lon="4.54032">
        <ele>55</ele>
      </trkpt>
      <trkpt lat="50.87634" lon="4.54054">
        <ele>57</ele>
      </trkpt>
      <trkpt lat="50.87628" lon="4.54072">
        <ele>57</ele>
      </trkpt>
      <trkpt lat="50.87605" lon="4.54126">
        <ele>59</ele>
      </trkpt>
      <trkpt lat="50.87598" lon="4.54159">
        <ele>60</ele>
      </trkpt>
      <trkpt lat="50.87594" lon="4.54184">
        <ele>62</ele>
      </trkpt>
      <trkpt lat="50.87593" lon="4.5421">
        <ele>62</ele>
      </trkpt>
      <trkpt lat="50.87595" lon="4.54242">
        <ele>62</ele>
      </trkpt>
      <trkpt lat="50.87604" lon="4.54284">
        <ele>63</ele>
      </trkpt>
      <trkpt lat="50.8763" lon="4.54378">
        <ele>62</ele>
      </trkpt>
      <trkpt lat="50.87635" lon="4.54377">
        <ele>62</ele>
      </trkpt>
      <trkpt lat="50.87637" lon="4.54381">
        <ele>62</ele>
      </trkpt>
      <trkpt lat="50.87686" lon="4.54484">
        <ele>63</ele>
      </trkpt>
      <trkpt lat="50.87722" lon="4.54561">
        <ele>60</ele>
      </trkpt>
      <trkpt lat="50.87759" lon="4.54667">
        <ele>59</ele>
      </trkpt>
      <trkpt lat="50.87783" lon="4.54728">
        <ele>65</ele>
      </trkpt>
      <trkpt lat="50.87805" lon="4.54777">
        <ele>61</ele>
      </trkpt>
      <trkpt lat="50.87825" lon="4.5483">
        <ele>60</ele>
      </trkpt>
      <trkpt lat="50.87847" lon="4.54906">
        <ele>60</ele>
      </trkpt>
      <trkpt lat="50.87859" lon="4.54962">
        <ele>62</ele>
      </trkpt>
      <trkpt lat="50.8788" lon="4.5509">
        <ele>55</ele>
      </trkpt>
      <trkpt lat="50.87885" lon="4.55134">
        <ele>54</ele>
      </trkpt>
    </trkseg>
  </trk>
</gpx>