<?xml version="1.0" encoding="UTF-8"?>
<gpx creator="StravaGPX" version="1.1" xmlns="http://www.topografix.com/GPX/1/1" xmlns:xsi="http://www.w3.org/2001/XMLSchema-instance" xsi:schemaLocation="http://www.topografix.com/GPX/1/1 http://www.topografix.com/GPX/1/1/gpx.xsd">
 <metadata>
  <name>OA26-Villers-La-Ville-180Km-1173Hm</name>
  <author>
   <name>Haecky 🐻</name>
   <link href="https://www.strava.com/athletes/1643587"/>
  </author>
  <copyright author="OpenStreetMap contributors">
   <year>2020</year>
   <license>https://www.openstreetmap.org/copyright</license>
  </copyright>
  <link href="https://www.strava.com/routes/3525535553860197338"/>
 </metadata>
 <trk>
  <name>OA26-Villers-La-Ville-180Km-1173Hm</name>
  <link href="https://www.strava.com/routes/3525535553860197338"/>
  <type>cycling</type>
  <trkseg>
   <trkpt lat="50.878910000000005" lon="4.551760000000001">
    <ele>51.010000000000005</ele>
   </trkpt>
   <trkpt lat="50.879020000000004" lon="4.5528">
    <ele>50.980000000000004</ele>
   </trkpt>
   <trkpt lat="50.87917000591496" lon="4.5539749963528235">
    <ele>50.81</ele>
   </trkpt>
   <trkpt lat="50.87932000000001" lon="4.55515">
    <ele>51.510000000000005</ele>
   </trkpt>
   <trkpt lat="50.879585004431604" lon="4.55616499434535">
    <ele>53.050000000000004</ele>
   </trkpt>
   <trkpt lat="50.879850000000005" lon="4.557180000000001">
    <ele>53.42</ele>
   </trkpt>
   <trkpt lat="50.88005334570682" lon="4.558383322845809">
    <ele>53.42</ele>
   </trkpt>
   <trkpt lat="50.880256679042695" lon="4.559586656193951">
    <ele>51.92</ele>
   </trkpt>
   <trkpt lat="50.88046000000001" lon="4.560790000000001">
    <ele>51.92</ele>
   </trkpt>
   <trkpt lat="50.880500000000005" lon="4.5613600000000005">
    <ele>51.050000000000004</ele>
   </trkpt>
   <trkpt lat="50.88047" lon="4.56195">
    <ele>50.53</ele>
   </trkpt>
   <trkpt lat="50.88028000450277" lon="4.562975004099827">
    <ele>49.06</ele>
   </trkpt>
   <trkpt lat="50.88009" lon="4.564">
    <ele>46.6</ele>
   </trkpt>
   <trkpt lat="50.88006000000001" lon="4.56426">
    <ele>46.150000000000006</ele>
   </trkpt>
   <trkpt lat="50.88007500398007" lon="4.565224999825937">
    <ele>45.62</ele>
   </trkpt>
   <trkpt lat="50.88009" lon="4.566190000000001">
    <ele>45.43000000000001</ele>
   </trkpt>
   <trkpt lat="50.880030000000005" lon="4.56625">
    <ele>45.43000000000001</ele>
   </trkpt>
   <trkpt lat="50.88002" lon="4.566350000000001">
    <ele>45.43000000000001</ele>
   </trkpt>
   <trkpt lat="50.880050000000004" lon="4.56644">
    <ele>45.37</ele>
   </trkpt>
   <trkpt lat="50.88011" lon="4.566470000000001">
    <ele>45.37</ele>
   </trkpt>
   <trkpt lat="50.880120000000005" lon="4.566890000000001">
    <ele>45.02</ele>
   </trkpt>
   <trkpt lat="50.880190000000006" lon="4.567760000000001">
    <ele>44.910000000000004</ele>
   </trkpt>
   <trkpt lat="50.88017000000001" lon="4.5680000000000005">
    <ele>45.00000000000001</ele>
   </trkpt>
   <trkpt lat="50.88013" lon="4.56812">
    <ele>45.11000000000001</ele>
   </trkpt>
   <trkpt lat="50.8798" lon="4.5686">
    <ele>45.67</ele>
   </trkpt>
   <trkpt lat="50.879470000000005" lon="4.56916">
    <ele>46.330000000000005</ele>
   </trkpt>
   <trkpt lat="50.8791" lon="4.569850000000001">
    <ele>47.02</ele>
   </trkpt>
   <trkpt lat="50.8791" lon="4.56996">
    <ele>47.02</ele>
   </trkpt>
   <trkpt lat="50.879180000000005" lon="4.57043">
    <ele>47.550000000000004</ele>
   </trkpt>
   <trkpt lat="50.87917" lon="4.57057">
    <ele>47.550000000000004</ele>
   </trkpt>
   <trkpt lat="50.878820000000005" lon="4.5712">
    <ele>47.82</ele>
   </trkpt>
   <trkpt lat="50.87903000000001" lon="4.5715900000000005">
    <ele>47.300000000000004</ele>
   </trkpt>
   <trkpt lat="50.878540001136564" lon="4.572130005798504">
    <ele>48.2</ele>
   </trkpt>
   <trkpt lat="50.87805" lon="4.5726700000000005">
    <ele>48.42</ele>
   </trkpt>
   <trkpt lat="50.87800000000001" lon="4.5727">
    <ele>48.42</ele>
   </trkpt>
   <trkpt lat="50.87747" lon="4.57321">
    <ele>48.89</ele>
   </trkpt>
   <trkpt lat="50.87686" lon="4.5738900000000005">
    <ele>48.57</ele>
   </trkpt>
   <trkpt lat="50.87625333655762" lon="4.574506682747162">
    <ele>48.32</ele>
   </trkpt>
   <trkpt lat="50.87564666986617" lon="4.5751233494387336">
    <ele>47.61000000000001</ele>
   </trkpt>
   <trkpt lat="50.875040000000006" lon="4.575740000000001">
    <ele>47.68000000000001</ele>
   </trkpt>
   <trkpt lat="50.875530000000005" lon="4.5765">
    <ele>47.05</ele>
   </trkpt>
   <trkpt lat="50.87556000000001" lon="4.57676">
    <ele>47.09</ele>
   </trkpt>
   <trkpt lat="50.87545" lon="4.57741">
    <ele>47.5</ele>
   </trkpt>
   <trkpt lat="50.875400000000006" lon="4.57741">
    <ele>47.5</ele>
   </trkpt>
   <trkpt lat="50.87536000000001" lon="4.5774300000000006">
    <ele>47.5</ele>
   </trkpt>
   <trkpt lat="50.875280000000004" lon="4.577520000000001">
    <ele>47.74</ele>
   </trkpt>
   <trkpt lat="50.874880000000005" lon="4.57784">
    <ele>48.510000000000005</ele>
   </trkpt>
   <trkpt lat="50.87467" lon="4.57796">
    <ele>49.28</ele>
   </trkpt>
   <trkpt lat="50.873990000000006" lon="4.5782300000000005">
    <ele>52.4</ele>
   </trkpt>
   <trkpt lat="50.873160000000006" lon="4.57847">
    <ele>57.900000000000006</ele>
   </trkpt>
   <trkpt lat="50.872310000000006" lon="4.5789">
    <ele>61.980000000000004</ele>
   </trkpt>
   <trkpt lat="50.8721" lon="4.5789800000000005">
    <ele>61.980000000000004</ele>
   </trkpt>
   <trkpt lat="50.871860000000005" lon="4.5790500000000005">
    <ele>63.43</ele>
   </trkpt>
   <trkpt lat="50.87134000016131" lon="4.579160001204">
    <ele>66.75</ele>
   </trkpt>
   <trkpt lat="50.87082" lon="4.57927">
    <ele>68.96000000000001</ele>
   </trkpt>
   <trkpt lat="50.87026499983804" lon="4.57936500116546">
    <ele>71.44</ele>
   </trkpt>
   <trkpt lat="50.869710000000005" lon="4.57946">
    <ele>74.37</ele>
   </trkpt>
   <trkpt lat="50.86941" lon="4.57953">
    <ele>77.26</ele>
   </trkpt>
   <trkpt lat="50.86869" lon="4.579770000000001">
    <ele>82.13000000000001</ele>
   </trkpt>
   <trkpt lat="50.86824000000001" lon="4.57995">
    <ele>83.63000000000001</ele>
   </trkpt>
   <trkpt lat="50.86797000000001" lon="4.580150000000001">
    <ele>85.31</ele>
   </trkpt>
   <trkpt lat="50.86766" lon="4.580520000000001">
    <ele>87.47</ele>
   </trkpt>
   <trkpt lat="50.86722" lon="4.58122">
    <ele>89.78000000000002</ele>
   </trkpt>
   <trkpt lat="50.86697" lon="4.5814900000000005">
    <ele>90.11000000000001</ele>
   </trkpt>
   <trkpt lat="50.86675" lon="4.581600000000001">
    <ele>90.01</ele>
   </trkpt>
   <trkpt lat="50.86654000000001" lon="4.581650000000001">
    <ele>89.43</ele>
   </trkpt>
   <trkpt lat="50.866330000000005" lon="4.5816300000000005">
    <ele>89.60000000000001</ele>
   </trkpt>
   <trkpt lat="50.86621" lon="4.58159">
    <ele>89.13</ele>
   </trkpt>
   <trkpt lat="50.86298000000001" lon="4.58028">
    <ele>83.02000000000001</ele>
   </trkpt>
   <trkpt lat="50.86318000000001" lon="4.5803400000000005">
    <ele>82.65</ele>
   </trkpt>
   <trkpt lat="50.86402500058188" lon="4.580689993680777">
    <ele>80.66000000000001</ele>
   </trkpt>
   <trkpt lat="50.86487" lon="4.581040000000001">
    <ele>83.39</ele>
   </trkpt>
   <trkpt lat="50.862770000000005" lon="4.5802700000000005">
    <ele>83.23</ele>
   </trkpt>
   <trkpt lat="50.86267" lon="4.5802700000000005">
    <ele>83.26</ele>
   </trkpt>
   <trkpt lat="50.86243" lon="4.58032">
    <ele>83.07000000000001</ele>
   </trkpt>
   <trkpt lat="50.86216" lon="4.58044">
    <ele>81.80000000000001</ele>
   </trkpt>
   <trkpt lat="50.861520000000006" lon="4.580900000000001">
    <ele>76.87</ele>
   </trkpt>
   <trkpt lat="50.861025000797824" lon="4.581295004088593">
    <ele>73.06</ele>
   </trkpt>
   <trkpt lat="50.860530000000004" lon="4.58169">
    <ele>68.29</ele>
   </trkpt>
   <trkpt lat="50.859858005593864" lon="4.5822620329709975">
    <ele>66.46000000000001</ele>
   </trkpt>
   <trkpt lat="50.859186008391774" lon="4.582834049454728">
    <ele>61.2</ele>
   </trkpt>
   <trkpt lat="50.858514008393904" lon="4.583406049451993">
    <ele>57.35</ele>
   </trkpt>
   <trkpt lat="50.85784200560038" lon="4.5839780329635955">
    <ele>53.86000000000001</ele>
   </trkpt>
   <trkpt lat="50.85717" lon="4.58455">
    <ele>53.45</ele>
   </trkpt>
   <trkpt lat="50.85699" lon="4.58469">
    <ele>53.660000000000004</ele>
   </trkpt>
   <trkpt lat="50.85633000000001" lon="4.58516">
    <ele>54.080000000000005</ele>
   </trkpt>
   <trkpt lat="50.856030000000004" lon="4.585430000000001">
    <ele>54.86000000000001</ele>
   </trkpt>
   <trkpt lat="50.85542000365602" lon="4.586083350414893">
    <ele>60.04</ele>
   </trkpt>
   <trkpt lat="50.85481000366457" lon="4.586736683738781">
    <ele>64.82000000000001</ele>
   </trkpt>
   <trkpt lat="50.854200000000006" lon="4.58739">
    <ele>69.3</ele>
   </trkpt>
   <trkpt lat="50.8541" lon="4.587540000000001">
    <ele>69.63000000000001</ele>
   </trkpt>
   <trkpt lat="50.853415002773744" lon="4.588335011590874">
    <ele>68.58</ele>
   </trkpt>
   <trkpt lat="50.85273" lon="4.58913">
    <ele>67.3</ele>
   </trkpt>
   <trkpt lat="50.852050000000006" lon="4.590000000000001">
    <ele>63.06</ele>
   </trkpt>
   <trkpt lat="50.851470004214754" lon="4.591000012534484">
    <ele>56.910000000000004</ele>
   </trkpt>
   <trkpt lat="50.85089000000001" lon="4.5920000000000005">
    <ele>50.36</ele>
   </trkpt>
   <trkpt lat="50.85031000000001" lon="4.5929400000000005">
    <ele>48.31</ele>
   </trkpt>
   <trkpt lat="50.850190000000005" lon="4.59313">
    <ele>48.080000000000005</ele>
   </trkpt>
   <trkpt lat="50.85004000000001" lon="4.593260000000001">
    <ele>48.11000000000001</ele>
   </trkpt>
   <trkpt lat="50.84942000028197" lon="4.593530003601508">
    <ele>48.89</ele>
   </trkpt>
   <trkpt lat="50.848800000000004" lon="4.593800000000001">
    <ele>51.45</ele>
   </trkpt>
   <trkpt lat="50.84868" lon="4.5939000000000005">
    <ele>52.230000000000004</ele>
   </trkpt>
   <trkpt lat="50.84823" lon="4.5926800000000005">
    <ele>52.0</ele>
   </trkpt>
   <trkpt lat="50.84796000155248" lon="4.592069996384906">
    <ele>52.050000000000004</ele>
   </trkpt>
   <trkpt lat="50.84769000000001" lon="4.5914600000000005">
    <ele>53.75000000000001</ele>
   </trkpt>
   <trkpt lat="50.847390000000004" lon="4.591740000000001">
    <ele>54.970000000000006</ele>
   </trkpt>
   <trkpt lat="50.846945000865354" lon="4.592170004028944">
    <ele>57.260000000000005</ele>
   </trkpt>
   <trkpt lat="50.846500000000006" lon="4.5926">
    <ele>59.34</ele>
   </trkpt>
   <trkpt lat="50.846140000000005" lon="4.5929">
    <ele>60.46000000000001</ele>
   </trkpt>
   <trkpt lat="50.84541500155957" lon="4.593505009405366">
    <ele>63.46</ele>
   </trkpt>
   <trkpt lat="50.84469000000001" lon="4.594110000000001">
    <ele>67.44</ele>
   </trkpt>
   <trkpt lat="50.84433000000001" lon="4.594270000000001">
    <ele>68.88000000000001</ele>
   </trkpt>
   <trkpt lat="50.84405" lon="4.59429">
    <ele>70.35000000000001</ele>
   </trkpt>
   <trkpt lat="50.84378" lon="4.594270000000001">
    <ele>72.10000000000001</ele>
   </trkpt>
   <trkpt lat="50.843090000000004" lon="4.59414">
    <ele>74.99</ele>
   </trkpt>
   <trkpt lat="50.84257" lon="4.59402">
    <ele>78.14</ele>
   </trkpt>
   <trkpt lat="50.84192" lon="4.59363">
    <ele>82.11</ele>
   </trkpt>
   <trkpt lat="50.841750000000005" lon="4.59358">
    <ele>82.97</ele>
   </trkpt>
   <trkpt lat="50.84138" lon="4.59358">
    <ele>83.9</ele>
   </trkpt>
   <trkpt lat="50.84113000000001" lon="4.593730000000001">
    <ele>84.04</ele>
   </trkpt>
   <trkpt lat="50.84091" lon="4.593940000000001">
    <ele>84.61</ele>
   </trkpt>
   <trkpt lat="50.840920000000004" lon="4.593940000000001">
    <ele>84.61</ele>
   </trkpt>
   <trkpt lat="50.84030834438124" lon="4.594658380386355">
    <ele>84.61</ele>
   </trkpt>
   <trkpt lat="50.8396966843523" lon="4.595376741939605">
    <ele>84.61</ele>
   </trkpt>
   <trkpt lat="50.839085019913384" lon="4.596095084660516">
    <ele>99.17</ele>
   </trkpt>
   <trkpt lat="50.83847335106469" lon="4.59681340854986">
    <ele>99.17</ele>
   </trkpt>
   <trkpt lat="50.83786167780647" lon="4.597531713608402">
    <ele>99.17</ele>
   </trkpt>
   <trkpt lat="50.837250000000004" lon="4.59825">
    <ele>99.17</ele>
   </trkpt>
   <trkpt lat="50.83724" lon="4.59825">
    <ele>91.88</ele>
   </trkpt>
   <trkpt lat="50.83695" lon="4.59858">
    <ele>92.21000000000001</ele>
   </trkpt>
   <trkpt lat="50.83673" lon="4.59877">
    <ele>92.21000000000001</ele>
   </trkpt>
   <trkpt lat="50.83595666963898" lon="4.599363353024733">
    <ele>92.62</ele>
   </trkpt>
   <trkpt lat="50.835183336269225" lon="4.599956686385589">
    <ele>92.99</ele>
   </trkpt>
   <trkpt lat="50.834410000000005" lon="4.60055">
    <ele>93.58000000000001</ele>
   </trkpt>
   <trkpt lat="50.834210000000006" lon="4.60078">
    <ele>94.09</ele>
   </trkpt>
   <trkpt lat="50.833830000000006" lon="4.601380000000001">
    <ele>94.1</ele>
   </trkpt>
   <trkpt lat="50.83355" lon="4.6017">
    <ele>93.71</ele>
   </trkpt>
   <trkpt lat="50.83280250497196" lon="4.602322529904485">
    <ele>91.44000000000001</ele>
   </trkpt>
   <trkpt lat="50.832055006631904" lon="4.602945039869621">
    <ele>87.17000000000002</ele>
   </trkpt>
   <trkpt lat="50.83130750498007" lon="4.603567529896489">
    <ele>85.10000000000001</ele>
   </trkpt>
   <trkpt lat="50.830560000000006" lon="4.60419">
    <ele>85.70000000000002</ele>
   </trkpt>
   <trkpt lat="50.82999" lon="4.604690000000001">
    <ele>87.88000000000001</ele>
   </trkpt>
   <trkpt lat="50.82972" lon="4.6049500000000005">
    <ele>88.72</ele>
   </trkpt>
   <trkpt lat="50.829480000000004" lon="4.605230000000001">
    <ele>88.07000000000001</ele>
   </trkpt>
   <trkpt lat="50.828810010637774" lon="4.606140039153311">
    <ele>88.07000000000001</ele>
   </trkpt>
   <trkpt lat="50.828140014197686" lon="4.6070500521843645">
    <ele>86.23</ele>
   </trkpt>
   <trkpt lat="50.82747001068008" lon="4.607960039094258">
    <ele>86.23</ele>
   </trkpt>
   <trkpt lat="50.826800000000006" lon="4.6088700000000005">
    <ele>86.23</ele>
   </trkpt>
   <trkpt lat="50.823600000000006" lon="4.612620000000001">
    <ele>85.82000000000001</ele>
   </trkpt>
   <trkpt lat="50.822995002263184" lon="4.613330009072045">
    <ele>85.53</ele>
   </trkpt>
   <trkpt lat="50.822390000000006" lon="4.61404">
    <ele>85.15</ele>
   </trkpt>
   <trkpt lat="50.82201500102128" lon="4.614500003550853">
    <ele>85.06</ele>
   </trkpt>
   <trkpt lat="50.82164" lon="4.61496">
    <ele>85.06</ele>
   </trkpt>
   <trkpt lat="50.82155" lon="4.6151">
    <ele>84.51</ele>
   </trkpt>
   <trkpt lat="50.821037507129624" lon="4.615845024510449">
    <ele>84.27000000000001</ele>
   </trkpt>
   <trkpt lat="50.82052500951518" lon="4.6165900326669735">
    <ele>83.23</ele>
   </trkpt>
   <trkpt lat="50.820012507156854" lon="4.617335024470081">
    <ele>78.09</ele>
   </trkpt>
   <trkpt lat="50.819500000000005" lon="4.61808">
    <ele>74.51</ele>
   </trkpt>
   <trkpt lat="50.81926000000001" lon="4.61847">
    <ele>73.26</ele>
   </trkpt>
   <trkpt lat="50.81879000000001" lon="4.6195200000000005">
    <ele>67.73</ele>
   </trkpt>
   <trkpt lat="50.81857" lon="4.62007">
    <ele>63.32</ele>
   </trkpt>
   <trkpt lat="50.81844" lon="4.6203">
    <ele>63.32</ele>
   </trkpt>
   <trkpt lat="50.81791500236884" lon="4.621020007883963">
    <ele>57.620000000000005</ele>
   </trkpt>
   <trkpt lat="50.81739" lon="4.62174">
    <ele>54.61000000000001</ele>
   </trkpt>
   <trkpt lat="50.81720000000001" lon="4.6219600000000005">
    <ele>53.56</ele>
   </trkpt>
   <trkpt lat="50.817220000000006" lon="4.622610000000001">
    <ele>53.040000000000006</ele>
   </trkpt>
   <trkpt lat="50.81727" lon="4.62298">
    <ele>53.290000000000006</ele>
   </trkpt>
   <trkpt lat="50.817310000000006" lon="4.623150000000001">
    <ele>53.300000000000004</ele>
   </trkpt>
   <trkpt lat="50.81743" lon="4.62347">
    <ele>53.17</ele>
   </trkpt>
   <trkpt lat="50.8175" lon="4.6237200000000005">
    <ele>52.480000000000004</ele>
   </trkpt>
   <trkpt lat="50.817510000000006" lon="4.62394">
    <ele>52.18</ele>
   </trkpt>
   <trkpt lat="50.81749000000001" lon="4.624160000000001">
    <ele>51.95</ele>
   </trkpt>
   <trkpt lat="50.817330000000005" lon="4.6248000000000005">
    <ele>51.71000000000001</ele>
   </trkpt>
   <trkpt lat="50.817530000000005" lon="4.625380000000001">
    <ele>51.18</ele>
   </trkpt>
   <trkpt lat="50.81748" lon="4.625450000000001">
    <ele>51.18</ele>
   </trkpt>
   <trkpt lat="50.817460000000004" lon="4.62594">
    <ele>47.42</ele>
   </trkpt>
   <trkpt lat="50.81739" lon="4.62614">
    <ele>45.28</ele>
   </trkpt>
   <trkpt lat="50.817260000000005" lon="4.62628">
    <ele>43.67</ele>
   </trkpt>
   <trkpt lat="50.81721" lon="4.62628">
    <ele>43.67</ele>
   </trkpt>
   <trkpt lat="50.817170000000004" lon="4.626250000000001">
    <ele>43.67</ele>
   </trkpt>
   <trkpt lat="50.816930000000006" lon="4.625870000000001">
    <ele>39.82</ele>
   </trkpt>
   <trkpt lat="50.81676" lon="4.62567">
    <ele>38.06</ele>
   </trkpt>
   <trkpt lat="50.816500000000005" lon="4.62546">
    <ele>36.53</ele>
   </trkpt>
   <trkpt lat="50.81636" lon="4.62532">
    <ele>35.83</ele>
   </trkpt>
   <trkpt lat="50.816230000000004" lon="4.62513">
    <ele>35.21000000000001</ele>
   </trkpt>
   <trkpt lat="50.81593" lon="4.62445">
    <ele>33.85</ele>
   </trkpt>
   <trkpt lat="50.81579000000001" lon="4.6241900000000005">
    <ele>33.620000000000005</ele>
   </trkpt>
   <trkpt lat="50.81568000000001" lon="4.62403">
    <ele>33.510000000000005</ele>
   </trkpt>
   <trkpt lat="50.815580000000004" lon="4.624040000000001">
    <ele>33.510000000000005</ele>
   </trkpt>
   <trkpt lat="50.81495000159162" lon="4.624665008507876">
    <ele>32.53</ele>
   </trkpt>
   <trkpt lat="50.81432" lon="4.625290000000001">
    <ele>32.54</ele>
   </trkpt>
   <trkpt lat="50.81360000338139" lon="4.625916685965736">
    <ele>32.29</ele>
   </trkpt>
   <trkpt lat="50.81288000340595" lon="4.626543352610633">
    <ele>33.71</ele>
   </trkpt>
   <trkpt lat="50.812160000000006" lon="4.6271700000000004">
    <ele>38.56</ele>
   </trkpt>
   <trkpt lat="50.81195" lon="4.62729">
    <ele>40.53</ele>
   </trkpt>
   <trkpt lat="50.81183000000001" lon="4.6273100000000005">
    <ele>41.56</ele>
   </trkpt>
   <trkpt lat="50.81168" lon="4.6273">
    <ele>42.620000000000005</ele>
   </trkpt>
   <trkpt lat="50.81136000000001" lon="4.62725">
    <ele>43.99</ele>
   </trkpt>
   <trkpt lat="50.81112" lon="4.62727">
    <ele>47.41</ele>
   </trkpt>
   <trkpt lat="50.81098" lon="4.627330000000001">
    <ele>47.99</ele>
   </trkpt>
   <trkpt lat="50.81078" lon="4.62748">
    <ele>49.92</ele>
   </trkpt>
   <trkpt lat="50.81012500299074" lon="4.628325011927178">
    <ele>46.3</ele>
   </trkpt>
   <trkpt lat="50.809470000000005" lon="4.62917">
    <ele>46.3</ele>
   </trkpt>
   <trkpt lat="50.80935" lon="4.6292800000000005">
    <ele>46.3</ele>
   </trkpt>
   <trkpt lat="50.80923000000001" lon="4.62934">
    <ele>45.480000000000004</ele>
   </trkpt>
   <trkpt lat="50.80901" lon="4.62938">
    <ele>45.17</ele>
   </trkpt>
   <trkpt lat="50.808910000000004" lon="4.6293500000000005">
    <ele>45.17</ele>
   </trkpt>
   <trkpt lat="50.808110000000006" lon="4.62898">
    <ele>43.07</ele>
   </trkpt>
   <trkpt lat="50.807480000251324" lon="4.628826662543378">
    <ele>41.800000000000004</ele>
   </trkpt>
   <trkpt lat="50.80685000030166" lon="4.628673329222364">
    <ele>40.690000000000005</ele>
   </trkpt>
   <trkpt lat="50.80622" lon="4.62852">
    <ele>38.970000000000006</ele>
   </trkpt>
   <trkpt lat="50.80604" lon="4.62851">
    <ele>38.970000000000006</ele>
   </trkpt>
   <trkpt lat="50.80586" lon="4.62856">
    <ele>38.52</ele>
   </trkpt>
   <trkpt lat="50.805350000000004" lon="4.62877">
    <ele>37.06</ele>
   </trkpt>
   <trkpt lat="50.80525" lon="4.62879">
    <ele>36.71</ele>
   </trkpt>
   <trkpt lat="50.805020000000006" lon="4.628780000000001">
    <ele>36.21000000000001</ele>
   </trkpt>
   <trkpt lat="50.804545000056535" lon="4.628634998515672">
    <ele>35.39</ele>
   </trkpt>
   <trkpt lat="50.80407" lon="4.62849">
    <ele>34.4</ele>
   </trkpt>
   <trkpt lat="50.80384" lon="4.628480000000001">
    <ele>34.120000000000005</ele>
   </trkpt>
   <trkpt lat="50.803290000000004" lon="4.62863">
    <ele>33.260000000000005</ele>
   </trkpt>
   <trkpt lat="50.80308" lon="4.62873">
    <ele>33.260000000000005</ele>
   </trkpt>
   <trkpt lat="50.8024850007635" lon="4.629190005966608">
    <ele>32.080000000000005</ele>
   </trkpt>
   <trkpt lat="50.80189000000001" lon="4.629650000000001">
    <ele>31.830000000000002</ele>
   </trkpt>
   <trkpt lat="50.80172" lon="4.62973">
    <ele>31.91</ele>
   </trkpt>
   <trkpt lat="50.801570000000005" lon="4.629770000000001">
    <ele>33.36</ele>
   </trkpt>
   <trkpt lat="50.80144000000001" lon="4.629770000000001">
    <ele>33.32</ele>
   </trkpt>
   <trkpt lat="50.80145" lon="4.62978">
    <ele>33.32</ele>
   </trkpt>
   <trkpt lat="50.80144000000001" lon="4.629770000000001">
    <ele>32.269999999999996</ele>
   </trkpt>
   <trkpt lat="50.80129" lon="4.62976">
    <ele>32.78</ele>
   </trkpt>
   <trkpt lat="50.80102" lon="4.62967">
    <ele>33.07</ele>
   </trkpt>
   <trkpt lat="50.80037500028524" lon="4.629354995584215">
    <ele>33.760000000000005</ele>
   </trkpt>
   <trkpt lat="50.799730000000004" lon="4.629040000000001">
    <ele>34.79</ele>
   </trkpt>
   <trkpt lat="50.799269999977255" lon="4.628799997497207">
    <ele>35.300000000000004</ele>
   </trkpt>
   <trkpt lat="50.79881" lon="4.62856">
    <ele>36.160000000000004</ele>
   </trkpt>
   <trkpt lat="50.79806667007511" lon="4.627929979971497">
    <ele>37.27</ele>
   </trkpt>
   <trkpt lat="50.79732333675721" lon="4.627299979984986">
    <ele>37.64</ele>
   </trkpt>
   <trkpt lat="50.796580000000006" lon="4.626670000000001">
    <ele>36.910000000000004</ele>
   </trkpt>
   <trkpt lat="50.796220000000005" lon="4.6264400000000006">
    <ele>36.75000000000001</ele>
   </trkpt>
   <trkpt lat="50.795970000000004" lon="4.62631">
    <ele>36.730000000000004</ele>
   </trkpt>
   <trkpt lat="50.79567" lon="4.626200000000001">
    <ele>36.96</ele>
   </trkpt>
   <trkpt lat="50.795280000000005" lon="4.6260900000000005">
    <ele>36.96</ele>
   </trkpt>
   <trkpt lat="50.79439000012091" lon="4.626014992859407">
    <ele>37.55</ele>
   </trkpt>
   <trkpt lat="50.79350000019373" lon="4.62593998857534">
    <ele>37.6</ele>
   </trkpt>
   <trkpt lat="50.79261000021846" lon="4.625864987147599">
    <ele>37.160000000000004</ele>
   </trkpt>
   <trkpt lat="50.7917200001951" lon="4.625789988575987">
    <ele>36.50000000000001</ele>
   </trkpt>
   <trkpt lat="50.790830000123655" lon="4.625714992860304">
    <ele>36.0</ele>
   </trkpt>
   <trkpt lat="50.78994" lon="4.625640000000001">
    <ele>35.32</ele>
   </trkpt>
   <trkpt lat="50.789660000000005" lon="4.6254800000000005">
    <ele>35.01</ele>
   </trkpt>
   <trkpt lat="50.78914" lon="4.625050000000001">
    <ele>34.410000000000004</ele>
   </trkpt>
   <trkpt lat="50.78896" lon="4.62493">
    <ele>34.410000000000004</ele>
   </trkpt>
   <trkpt lat="50.78864" lon="4.62483">
    <ele>34.57</ele>
   </trkpt>
   <trkpt lat="50.788320000000006" lon="4.62478">
    <ele>34.95</ele>
   </trkpt>
   <trkpt lat="50.788140000000006" lon="4.62471">
    <ele>35.07</ele>
   </trkpt>
   <trkpt lat="50.78772000000001" lon="4.62424">
    <ele>35.53000000000001</ele>
   </trkpt>
   <trkpt lat="50.787670000000006" lon="4.6241200000000005">
    <ele>35.63</ele>
   </trkpt>
   <trkpt lat="50.787650000000006" lon="4.62401">
    <ele>35.63</ele>
   </trkpt>
   <trkpt lat="50.78752" lon="4.624040000000001">
    <ele>35.31</ele>
   </trkpt>
   <trkpt lat="50.787220000000005" lon="4.623880000000001">
    <ele>33.85</ele>
   </trkpt>
   <trkpt lat="50.78658" lon="4.62335">
    <ele>33.480000000000004</ele>
   </trkpt>
   <trkpt lat="50.786410000000004" lon="4.62323">
    <ele>33.61</ele>
   </trkpt>
   <trkpt lat="50.78585" lon="4.6229000000000005">
    <ele>33.74</ele>
   </trkpt>
   <trkpt lat="50.78557000000001" lon="4.622750000000001">
    <ele>33.79</ele>
   </trkpt>
   <trkpt lat="50.784940000000006" lon="4.62253">
    <ele>34.47</ele>
   </trkpt>
   <trkpt lat="50.78464" lon="4.62239">
    <ele>34.63</ele>
   </trkpt>
   <trkpt lat="50.7842350003359" lon="4.622044996864299">
    <ele>34.68</ele>
   </trkpt>
   <trkpt lat="50.78383" lon="4.621700000000001">
    <ele>34.730000000000004</ele>
   </trkpt>
   <trkpt lat="50.78336" lon="4.621230000000001">
    <ele>34.92</ele>
   </trkpt>
   <trkpt lat="50.783100000000005" lon="4.62103">
    <ele>35.0</ele>
   </trkpt>
   <trkpt lat="50.78275000000001" lon="4.6208100000000005">
    <ele>35.06</ele>
   </trkpt>
   <trkpt lat="50.7826" lon="4.620690000000001">
    <ele>35.2</ele>
   </trkpt>
   <trkpt lat="50.78202" lon="4.62005">
    <ele>35.64000000000001</ele>
   </trkpt>
   <trkpt lat="50.78163000000001" lon="4.61958">
    <ele>35.81</ele>
   </trkpt>
   <trkpt lat="50.78134000000001" lon="4.61918">
    <ele>35.72</ele>
   </trkpt>
   <trkpt lat="50.780830001311" lon="4.618659994486758">
    <ele>34.95</ele>
   </trkpt>
   <trkpt lat="50.78032" lon="4.61814">
    <ele>34.85000000000001</ele>
   </trkpt>
   <trkpt lat="50.77992500125283" lon="4.6175899952981">
    <ele>35.46000000000001</ele>
   </trkpt>
   <trkpt lat="50.77953" lon="4.61704">
    <ele>36.21000000000001</ele>
   </trkpt>
   <trkpt lat="50.77901500333279" lon="4.616169990583104">
    <ele>36.910000000000004</ele>
   </trkpt>
   <trkpt lat="50.7785" lon="4.6153">
    <ele>37.81</ele>
   </trkpt>
   <trkpt lat="50.778130000000004" lon="4.61496">
    <ele>38.00000000000001</ele>
   </trkpt>
   <trkpt lat="50.77774" lon="4.6150400000000005">
    <ele>37.71</ele>
   </trkpt>
   <trkpt lat="50.777590000000004" lon="4.6150400000000005">
    <ele>37.43000000000001</ele>
   </trkpt>
   <trkpt lat="50.77738" lon="4.61491">
    <ele>37.34</ele>
   </trkpt>
   <trkpt lat="50.77698" lon="4.61437">
    <ele>37.52</ele>
   </trkpt>
   <trkpt lat="50.776700000000005" lon="4.61404">
    <ele>37.89</ele>
   </trkpt>
   <trkpt lat="50.77628000000001" lon="4.613770000000001">
    <ele>37.910000000000004</ele>
   </trkpt>
   <trkpt lat="50.77593" lon="4.61348">
    <ele>37.53</ele>
   </trkpt>
   <trkpt lat="50.77534000000001" lon="4.6128800000000005">
    <ele>38.13</ele>
   </trkpt>
   <trkpt lat="50.77499" lon="4.61239">
    <ele>40.400000000000006</ele>
   </trkpt>
   <trkpt lat="50.77468500201592" lon="4.611679995046251">
    <ele>39.88</ele>
   </trkpt>
   <trkpt lat="50.77438" lon="4.61097">
    <ele>38.78</ele>
   </trkpt>
   <trkpt lat="50.774170000000005" lon="4.610720000000001">
    <ele>38.44</ele>
   </trkpt>
   <trkpt lat="50.77396" lon="4.610600000000001">
    <ele>38.400000000000006</ele>
   </trkpt>
   <trkpt lat="50.773630000000004" lon="4.6105">
    <ele>38.28</ele>
   </trkpt>
   <trkpt lat="50.77351" lon="4.6104">
    <ele>38.3</ele>
   </trkpt>
   <trkpt lat="50.773090000982485" lon="4.60994999608444">
    <ele>38.28</ele>
   </trkpt>
   <trkpt lat="50.772670000000005" lon="4.609500000000001">
    <ele>37.98</ele>
   </trkpt>
   <trkpt lat="50.77248" lon="4.609190000000001">
    <ele>37.98</ele>
   </trkpt>
   <trkpt lat="50.77201" lon="4.608230000000001">
    <ele>38.080000000000005</ele>
   </trkpt>
   <trkpt lat="50.771480000000004" lon="4.607340000000001">
    <ele>38.150000000000006</ele>
   </trkpt>
   <trkpt lat="50.771370000000005" lon="4.607130000000001">
    <ele>38.220000000000006</ele>
   </trkpt>
   <trkpt lat="50.771280000000004" lon="4.60691">
    <ele>38.25000000000001</ele>
   </trkpt>
   <trkpt lat="50.771010000000004" lon="4.60604">
    <ele>38.45</ele>
   </trkpt>
   <trkpt lat="50.77091" lon="4.605770000000001">
    <ele>38.57</ele>
   </trkpt>
   <trkpt lat="50.770540000000004" lon="4.604920000000001">
    <ele>38.940000000000005</ele>
   </trkpt>
   <trkpt lat="50.770270000000004" lon="4.604410000000001">
    <ele>39.31</ele>
   </trkpt>
   <trkpt lat="50.77004" lon="4.604080000000001">
    <ele>39.620000000000005</ele>
   </trkpt>
   <trkpt lat="50.769670000000005" lon="4.603700000000001">
    <ele>39.17</ele>
   </trkpt>
   <trkpt lat="50.76955" lon="4.60355">
    <ele>39.05</ele>
   </trkpt>
   <trkpt lat="50.76932000000001" lon="4.60317">
    <ele>39.75</ele>
   </trkpt>
   <trkpt lat="50.769180000000006" lon="4.60297">
    <ele>40.03</ele>
   </trkpt>
   <trkpt lat="50.76901" lon="4.60283">
    <ele>40.14</ele>
   </trkpt>
   <trkpt lat="50.76877" lon="4.60257">
    <ele>40.38</ele>
   </trkpt>
   <trkpt lat="50.768550000000005" lon="4.60226">
    <ele>40.52</ele>
   </trkpt>
   <trkpt lat="50.768440000000005" lon="4.60208">
    <ele>40.540000000000006</ele>
   </trkpt>
   <trkpt lat="50.76836" lon="4.6018300000000005">
    <ele>40.49</ele>
   </trkpt>
   <trkpt lat="50.767920000000004" lon="4.600840000000001">
    <ele>39.75</ele>
   </trkpt>
   <trkpt lat="50.76771" lon="4.60052">
    <ele>39.790000000000006</ele>
   </trkpt>
   <trkpt lat="50.76704" lon="4.59971">
    <ele>40.330000000000005</ele>
   </trkpt>
   <trkpt lat="50.7668" lon="4.59933">
    <ele>40.59</ele>
   </trkpt>
   <trkpt lat="50.766311689202574" lon="4.598303279762061">
    <ele>40.540000000000006</ele>
   </trkpt>
   <trkpt lat="50.76582336939184" lon="4.597276580956354">
    <ele>40.290000000000006</ele>
   </trkpt>
   <trkpt lat="50.7653350405681" lon="4.596249903582453">
    <ele>40.11</ele>
   </trkpt>
   <trkpt lat="50.764846702731745" lon="4.595223247639932">
    <ele>40.080000000000005</ele>
   </trkpt>
   <trkpt lat="50.764358355883104" lon="4.5941966131283705">
    <ele>40.61</ele>
   </trkpt>
   <trkpt lat="50.763870000000004" lon="4.593170000000001">
    <ele>41.96</ele>
   </trkpt>
   <trkpt lat="50.76379000000001" lon="4.5929400000000005">
    <ele>42.2</ele>
   </trkpt>
   <trkpt lat="50.763720000000006" lon="4.59267">
    <ele>46.81</ele>
   </trkpt>
   <trkpt lat="50.76351002372905" lon="4.59149197883935">
    <ele>46.81</ele>
   </trkpt>
   <trkpt lat="50.7633000355922" lon="4.590313968251981">
    <ele>46.81</ele>
   </trkpt>
   <trkpt lat="50.76309003558965" lon="4.589135968238315">
    <ele>49.88</ele>
   </trkpt>
   <trkpt lat="50.76288002372159" lon="4.5879579787987765">
    <ele>49.88</ele>
   </trkpt>
   <trkpt lat="50.76267000000001" lon="4.58678">
    <ele>49.92</ele>
   </trkpt>
   <trkpt lat="50.76261" lon="4.5865100000000005">
    <ele>49.730000000000004</ele>
   </trkpt>
   <trkpt lat="50.762510000000006" lon="4.58628">
    <ele>49.080000000000005</ele>
   </trkpt>
   <trkpt lat="50.762420000000006" lon="4.58612">
    <ele>47.78</ele>
   </trkpt>
   <trkpt lat="50.76231000000001" lon="4.5859700000000005">
    <ele>47.78</ele>
   </trkpt>
   <trkpt lat="50.761810000000004" lon="4.58547">
    <ele>45.37</ele>
   </trkpt>
   <trkpt lat="50.761630000000004" lon="4.58523">
    <ele>44.74</ele>
   </trkpt>
   <trkpt lat="50.761250000000004" lon="4.584510000000001">
    <ele>43.92</ele>
   </trkpt>
   <trkpt lat="50.76078500193682" lon="4.5838399933675475">
    <ele>42.9</ele>
   </trkpt>
   <trkpt lat="50.76032000000001" lon="4.58317">
    <ele>42.63</ele>
   </trkpt>
   <trkpt lat="50.760160000000006" lon="4.58284">
    <ele>42.620000000000005</ele>
   </trkpt>
   <trkpt lat="50.75992500270706" lon="4.582059996434407">
    <ele>42.35</ele>
   </trkpt>
   <trkpt lat="50.759690000000006" lon="4.5812800000000005">
    <ele>42.730000000000004</ele>
   </trkpt>
   <trkpt lat="50.75961" lon="4.58094">
    <ele>42.730000000000004</ele>
   </trkpt>
   <trkpt lat="50.75946334293485" lon="4.579879993310473">
    <ele>44.32000000000001</ele>
   </trkpt>
   <trkpt lat="50.75931667626189" lon="4.578819993265074">
    <ele>46.89</ele>
   </trkpt>
   <trkpt lat="50.759170000000005" lon="4.5777600000000005">
    <ele>51.35000000000001</ele>
   </trkpt>
   <trkpt lat="50.75911000000001" lon="4.57749">
    <ele>51.35000000000001</ele>
   </trkpt>
   <trkpt lat="50.758970000000005" lon="4.5771500000000005">
    <ele>53.56</ele>
   </trkpt>
   <trkpt lat="50.75848000230197" lon="4.576404992091559">
    <ele>56.230000000000004</ele>
   </trkpt>
   <trkpt lat="50.75799000000001" lon="4.57566">
    <ele>59.260000000000005</ele>
   </trkpt>
   <trkpt lat="50.757760000000005" lon="4.57519">
    <ele>59.89000000000001</ele>
   </trkpt>
   <trkpt lat="50.75736500589279" lon="4.574014990052886">
    <ele>61.550000000000004</ele>
   </trkpt>
   <trkpt lat="50.75697" lon="4.57284">
    <ele>64.86</ele>
   </trkpt>
   <trkpt lat="50.756930000000004" lon="4.57263">
    <ele>64.86</ele>
   </trkpt>
   <trkpt lat="50.75692" lon="4.572430000000001">
    <ele>65.82000000000001</ele>
   </trkpt>
   <trkpt lat="50.75694000000001" lon="4.57183">
    <ele>66.94</ele>
   </trkpt>
   <trkpt lat="50.75692" lon="4.57155">
    <ele>67.39</ele>
   </trkpt>
   <trkpt lat="50.75688" lon="4.57132">
    <ele>67.5</ele>
   </trkpt>
   <trkpt lat="50.75667500299986" lon="4.570479996251184">
    <ele>65.9</ele>
   </trkpt>
   <trkpt lat="50.75647000000001" lon="4.569640000000001">
    <ele>64.83</ele>
   </trkpt>
   <trkpt lat="50.75611000000001" lon="4.569850000000001">
    <ele>62.53</ele>
   </trkpt>
   <trkpt lat="50.75527200284658" lon="4.570258029220025">
    <ele>57.84</ele>
   </trkpt>
   <trkpt lat="50.754434004269555" lon="4.570666043829214">
    <ele>54.49</ele>
   </trkpt>
   <trkpt lat="50.75359600426899" lon="4.571074043828502">
    <ele>52.28000000000001</ele>
   </trkpt>
   <trkpt lat="50.75275800284504" lon="4.571482029218824">
    <ele>51.02</ele>
   </trkpt>
   <trkpt lat="50.751920000000005" lon="4.571890000000001">
    <ele>52.64000000000001</ele>
   </trkpt>
   <trkpt lat="50.75168000000001" lon="4.57198">
    <ele>53.76</ele>
   </trkpt>
   <trkpt lat="50.751180000000005" lon="4.57209">
    <ele>54.88</ele>
   </trkpt>
   <trkpt lat="50.751200000000004" lon="4.57181">
    <ele>53.27</ele>
   </trkpt>
   <trkpt lat="50.75142" lon="4.57157">
    <ele>51.980000000000004</ele>
   </trkpt>
   <trkpt lat="50.751940004874484" lon="4.5708133501761194">
    <ele>47.77</ele>
   </trkpt>
   <trkpt lat="50.75246000485306" lon="4.570056683540904">
    <ele>45.290000000000006</ele>
   </trkpt>
   <trkpt lat="50.75298" lon="4.5693">
    <ele>44.43000000000001</ele>
   </trkpt>
   <trkpt lat="50.7535" lon="4.56827">
    <ele>44.43000000000001</ele>
   </trkpt>
   <trkpt lat="50.753350000000005" lon="4.56817">
    <ele>42.96</ele>
   </trkpt>
   <trkpt lat="50.75262000000001" lon="4.567900000000001">
    <ele>42.31</ele>
   </trkpt>
   <trkpt lat="50.752130000378216" lon="4.567604996915616">
    <ele>42.660000000000004</ele>
   </trkpt>
   <trkpt lat="50.75164" lon="4.56731">
    <ele>43.06</ele>
   </trkpt>
   <trkpt lat="50.75126" lon="4.567060000000001">
    <ele>43.14</ele>
   </trkpt>
   <trkpt lat="50.75104" lon="4.5668500000000005">
    <ele>43.72</ele>
   </trkpt>
   <trkpt lat="50.75041" lon="4.56615">
    <ele>44.050000000000004</ele>
   </trkpt>
   <trkpt lat="50.75025" lon="4.5659">
    <ele>43.72</ele>
   </trkpt>
   <trkpt lat="50.75018000000001" lon="4.56575">
    <ele>43.72</ele>
   </trkpt>
   <trkpt lat="50.750130000000006" lon="4.56559">
    <ele>43.27</ele>
   </trkpt>
   <trkpt lat="50.75005" lon="4.5650200000000005">
    <ele>42.84</ele>
   </trkpt>
   <trkpt lat="50.75000000000001" lon="4.56482">
    <ele>42.84</ele>
   </trkpt>
   <trkpt lat="50.74971000000001" lon="4.564">
    <ele>42.7</ele>
   </trkpt>
   <trkpt lat="50.74953000000001" lon="4.56365">
    <ele>42.63</ele>
   </trkpt>
   <trkpt lat="50.749070001466286" lon="4.563099994802321">
    <ele>43.300000000000004</ele>
   </trkpt>
   <trkpt lat="50.748610000000006" lon="4.562550000000001">
    <ele>46.14</ele>
   </trkpt>
   <trkpt lat="50.748520000000006" lon="4.562410000000001">
    <ele>46.14</ele>
   </trkpt>
   <trkpt lat="50.74846" lon="4.56224">
    <ele>46.62</ele>
   </trkpt>
   <trkpt lat="50.748310000000004" lon="4.56163">
    <ele>49.57</ele>
   </trkpt>
   <trkpt lat="50.748160000000006" lon="4.5613600000000005">
    <ele>51.120000000000005</ele>
   </trkpt>
   <trkpt lat="50.747455002499095" lon="4.560594988476622">
    <ele>52.71000000000001</ele>
   </trkpt>
   <trkpt lat="50.746750000000006" lon="4.559830000000001">
    <ele>54.96</ele>
   </trkpt>
   <trkpt lat="50.74604" lon="4.55931">
    <ele>53.910000000000004</ele>
   </trkpt>
   <trkpt lat="50.7458" lon="4.5591800000000005">
    <ele>52.410000000000004</ele>
   </trkpt>
   <trkpt lat="50.74562" lon="4.559150000000001">
    <ele>51.79</ele>
   </trkpt>
   <trkpt lat="50.745250000000006" lon="4.55912">
    <ele>50.830000000000005</ele>
   </trkpt>
   <trkpt lat="50.744930000000004" lon="4.559200000000001">
    <ele>49.830000000000005</ele>
   </trkpt>
   <trkpt lat="50.744710000000005" lon="4.55912">
    <ele>49.830000000000005</ele>
   </trkpt>
   <trkpt lat="50.74421500085557" lon="4.558684995442061">
    <ele>49.34</ele>
   </trkpt>
   <trkpt lat="50.74372" lon="4.55825">
    <ele>49.400000000000006</ele>
   </trkpt>
   <trkpt lat="50.743590000000005" lon="4.558190000000001">
    <ele>49.63000000000001</ele>
   </trkpt>
   <trkpt lat="50.74306000000001" lon="4.558000000000001">
    <ele>50.32</ele>
   </trkpt>
   <trkpt lat="50.74253" lon="4.55768">
    <ele>52.33</ele>
   </trkpt>
   <trkpt lat="50.742090000000005" lon="4.55747">
    <ele>54.77</ele>
   </trkpt>
   <trkpt lat="50.7413" lon="4.55694">
    <ele>52.13</ele>
   </trkpt>
   <trkpt lat="50.741220000000006" lon="4.55694">
    <ele>52.13</ele>
   </trkpt>
   <trkpt lat="50.74114" lon="4.556970000000001">
    <ele>51.88</ele>
   </trkpt>
   <trkpt lat="50.7409" lon="4.55714">
    <ele>50.61</ele>
   </trkpt>
   <trkpt lat="50.74080000000001" lon="4.5571600000000005">
    <ele>50.28</ele>
   </trkpt>
   <trkpt lat="50.740700000000004" lon="4.557110000000001">
    <ele>49.82</ele>
   </trkpt>
   <trkpt lat="50.740550000000006" lon="4.55698">
    <ele>49.67</ele>
   </trkpt>
   <trkpt lat="50.74042000000001" lon="4.55684">
    <ele>49.78</ele>
   </trkpt>
   <trkpt lat="50.740280000000006" lon="4.556640000000001">
    <ele>49.92</ele>
   </trkpt>
   <trkpt lat="50.740030000000004" lon="4.556220000000001">
    <ele>50.010000000000005</ele>
   </trkpt>
   <trkpt lat="50.73977000000001" lon="4.5555900000000005">
    <ele>50.190000000000005</ele>
   </trkpt>
   <trkpt lat="50.739650000000005" lon="4.555350000000001">
    <ele>50.27</ele>
   </trkpt>
   <trkpt lat="50.73907667142185" lon="4.5546033150344245">
    <ele>51.190000000000005</ele>
   </trkpt>
   <trkpt lat="50.738503338075674" lon="4.553856648351347">
    <ele>53.64000000000001</ele>
   </trkpt>
   <trkpt lat="50.737930000000006" lon="4.55311">
    <ele>57.42</ele>
   </trkpt>
   <trkpt lat="50.737860000000005" lon="4.55304">
    <ele>57.660000000000004</ele>
   </trkpt>
   <trkpt lat="50.737260000000006" lon="4.552720000000001">
    <ele>58.17</ele>
   </trkpt>
   <trkpt lat="50.736720000000005" lon="4.55253">
    <ele>57.28</ele>
   </trkpt>
   <trkpt lat="50.73671" lon="4.55253">
    <ele>57.260000000000005</ele>
   </trkpt>
   <trkpt lat="50.73624000147261" lon="4.5531250060231265">
    <ele>54.21</ele>
   </trkpt>
   <trkpt lat="50.73577" lon="4.55372">
    <ele>51.07</ele>
   </trkpt>
   <trkpt lat="50.73539000103077" lon="4.554210003970247">
    <ele>48.42</ele>
   </trkpt>
   <trkpt lat="50.73501" lon="4.5547">
    <ele>47.370000000000005</ele>
   </trkpt>
   <trkpt lat="50.73472" lon="4.555020000000001">
    <ele>48.2</ele>
   </trkpt>
   <trkpt lat="50.734320000000004" lon="4.55416">
    <ele>48.24</ele>
   </trkpt>
   <trkpt lat="50.734190000000005" lon="4.55393">
    <ele>48.21</ele>
   </trkpt>
   <trkpt lat="50.73391" lon="4.554270000000001">
    <ele>47.81</ele>
   </trkpt>
   <trkpt lat="50.73330000000001" lon="4.555140000000001">
    <ele>46.940000000000005</ele>
   </trkpt>
   <trkpt lat="50.7328200028245" lon="4.5557066781880335">
    <ele>47.370000000000005</ele>
   </trkpt>
   <trkpt lat="50.73234000290264" lon="4.556273344762293">
    <ele>48.970000000000006</ele>
   </trkpt>
   <trkpt lat="50.731860000000005" lon="4.55684">
    <ele>51.89000000000001</ele>
   </trkpt>
   <trkpt lat="50.731700000000004" lon="4.5568">
    <ele>52.0</ele>
   </trkpt>
   <trkpt lat="50.73127" lon="4.55701">
    <ele>54.86000000000001</ele>
   </trkpt>
   <trkpt lat="50.73104000000001" lon="4.5569500000000005">
    <ele>57.39</ele>
   </trkpt>
   <trkpt lat="50.73031" lon="4.55647">
    <ele>66.80000000000001</ele>
   </trkpt>
   <trkpt lat="50.73010000000001" lon="4.55639">
    <ele>71.05</ele>
   </trkpt>
   <trkpt lat="50.7299" lon="4.55642">
    <ele>72.08</ele>
   </trkpt>
   <trkpt lat="50.729165000492955" lon="4.556760005334992">
    <ele>80.45</ele>
   </trkpt>
   <trkpt lat="50.72843" lon="4.5571">
    <ele>84.03</ele>
   </trkpt>
   <trkpt lat="50.72796500042985" lon="4.55742000318168">
    <ele>85.88000000000001</ele>
   </trkpt>
   <trkpt lat="50.727500000000006" lon="4.557740000000001">
    <ele>86.82000000000001</ele>
   </trkpt>
   <trkpt lat="50.72673000105217" lon="4.558245008324845">
    <ele>89.26</ele>
   </trkpt>
   <trkpt lat="50.72596" lon="4.558750000000001">
    <ele>91.12</ele>
   </trkpt>
   <trkpt lat="50.725303335052914" lon="4.559193345734113">
    <ele>91.83000000000001</ele>
   </trkpt>
   <trkpt lat="50.72464666842475" lon="4.559636679041239">
    <ele>92.74</ele>
   </trkpt>
   <trkpt lat="50.72399000000001" lon="4.56008">
    <ele>94.19000000000001</ele>
   </trkpt>
   <trkpt lat="50.72342500040467" lon="4.560415004084054">
    <ele>95.82000000000001</ele>
   </trkpt>
   <trkpt lat="50.722860000000004" lon="4.5607500000000005">
    <ele>97.27000000000001</ele>
   </trkpt>
   <trkpt lat="50.722770000000004" lon="4.5608900000000006">
    <ele>97.47</ele>
   </trkpt>
   <trkpt lat="50.72232000343568" lon="4.561800008952859">
    <ele>97.54</ele>
   </trkpt>
   <trkpt lat="50.72187" lon="4.56271">
    <ele>98.92</ele>
   </trkpt>
   <trkpt lat="50.721740000000004" lon="4.56303">
    <ele>100.19</ele>
   </trkpt>
   <trkpt lat="50.72124" lon="4.56395">
    <ele>101.07000000000001</ele>
   </trkpt>
   <trkpt lat="50.721050000000005" lon="4.5642700000000005">
    <ele>100.5</ele>
   </trkpt>
   <trkpt lat="50.72093" lon="4.56458">
    <ele>100.11</ele>
   </trkpt>
   <trkpt lat="50.72079500340342" lon="4.565475002725901">
    <ele>98.31</ele>
   </trkpt>
   <trkpt lat="50.72066" lon="4.56637">
    <ele>98.53</ele>
   </trkpt>
   <trkpt lat="50.720670000000005" lon="4.56658">
    <ele>98.53</ele>
   </trkpt>
   <trkpt lat="50.720710000000004" lon="4.566820000000001">
    <ele>98.69000000000001</ele>
   </trkpt>
   <trkpt lat="50.72092000000001" lon="4.56752">
    <ele>99.92</ele>
   </trkpt>
   <trkpt lat="50.72095" lon="4.56771">
    <ele>99.92</ele>
   </trkpt>
   <trkpt lat="50.72095" lon="4.5682">
    <ele>100.76</ele>
   </trkpt>
   <trkpt lat="50.720890000000004" lon="4.568700000000001">
    <ele>101.27000000000001</ele>
   </trkpt>
   <trkpt lat="50.72058500468045" lon="4.56974500676618">
    <ele>102.55</ele>
   </trkpt>
   <trkpt lat="50.72028" lon="4.570790000000001">
    <ele>103.8</ele>
   </trkpt>
   <trkpt lat="50.71988500367882" lon="4.571715007750764">
    <ele>104.70000000000002</ele>
   </trkpt>
   <trkpt lat="50.71949000000001" lon="4.572640000000001">
    <ele>107.02</ele>
   </trkpt>
   <trkpt lat="50.71890667295848" lon="4.573496687971349">
    <ele>111.97000000000001</ele>
   </trkpt>
   <trkpt lat="50.71832333963968" lon="4.5743533546162825">
    <ele>111.46000000000001</ele>
   </trkpt>
   <trkpt lat="50.717740000000006" lon="4.57521">
    <ele>111.29</ele>
   </trkpt>
   <trkpt lat="50.717650000000006" lon="4.575360000000001">
    <ele>111.94000000000001</ele>
   </trkpt>
   <trkpt lat="50.717470000000006" lon="4.575880000000001">
    <ele>113.18</ele>
   </trkpt>
   <trkpt lat="50.71732" lon="4.576020000000001">
    <ele>113.27000000000001</ele>
   </trkpt>
   <trkpt lat="50.71734000000001" lon="4.57619">
    <ele>113.27000000000001</ele>
   </trkpt>
   <trkpt lat="50.71734000000001" lon="4.5765400000000005">
    <ele>112.29</ele>
   </trkpt>
   <trkpt lat="50.71719500220933" lon="4.577260002265911">
    <ele>111.00000000000001</ele>
   </trkpt>
   <trkpt lat="50.71705000000001" lon="4.57798">
    <ele>110.75000000000001</ele>
   </trkpt>
   <trkpt lat="50.71699" lon="4.57857">
    <ele>110.48</ele>
   </trkpt>
   <trkpt lat="50.71697" lon="4.57864">
    <ele>110.24000000000001</ele>
   </trkpt>
   <trkpt lat="50.71697" lon="4.578740000000001">
    <ele>110.24000000000001</ele>
   </trkpt>
   <trkpt lat="50.716910000000006" lon="4.578880000000001">
    <ele>109.41000000000001</ele>
   </trkpt>
   <trkpt lat="50.716860000000004" lon="4.578950000000001">
    <ele>109.41000000000001</ele>
   </trkpt>
   <trkpt lat="50.716640000000005" lon="4.5790500000000005">
    <ele>108.16000000000001</ele>
   </trkpt>
   <trkpt lat="50.71612500037783" lon="4.579360003426255">
    <ele>104.98</ele>
   </trkpt>
   <trkpt lat="50.715610000000005" lon="4.57967">
    <ele>103.62</ele>
   </trkpt>
   <trkpt lat="50.71528000000001" lon="4.57986">
    <ele>102.56000000000002</ele>
   </trkpt>
   <trkpt lat="50.715160000000004" lon="4.579910000000001">
    <ele>102.43</ele>
   </trkpt>
   <trkpt lat="50.71435000096605" lon="4.580405008604162">
    <ele>103.31000000000002</ele>
   </trkpt>
   <trkpt lat="50.71354" lon="4.580900000000001">
    <ele>103.02000000000001</ele>
   </trkpt>
   <trkpt lat="50.712970001263265" lon="4.581290009510742">
    <ele>103.24000000000001</ele>
   </trkpt>
   <trkpt lat="50.71240000122546" lon="4.581680009536453">
    <ele>103.86</ele>
   </trkpt>
   <trkpt lat="50.711830000000006" lon="4.582070000000001">
    <ele>103.29</ele>
   </trkpt>
   <trkpt lat="50.711760000000005" lon="4.58216">
    <ele>102.89</ele>
   </trkpt>
   <trkpt lat="50.71170000000001" lon="4.5823100000000005">
    <ele>102.89</ele>
   </trkpt>
   <trkpt lat="50.711690000000004" lon="4.5824300000000004">
    <ele>102.75</ele>
   </trkpt>
   <trkpt lat="50.711780000000005" lon="4.5831100000000005">
    <ele>102.56000000000002</ele>
   </trkpt>
   <trkpt lat="50.711780000000005" lon="4.583220000000001">
    <ele>102.56000000000002</ele>
   </trkpt>
   <trkpt lat="50.71172000000001" lon="4.583500000000001">
    <ele>102.4</ele>
   </trkpt>
   <trkpt lat="50.71166" lon="4.58391">
    <ele>101.75</ele>
   </trkpt>
   <trkpt lat="50.71166" lon="4.5840700000000005">
    <ele>101.75</ele>
   </trkpt>
   <trkpt lat="50.71152000000001" lon="4.58509">
    <ele>101.13000000000001</ele>
   </trkpt>
   <trkpt lat="50.71135000550999" lon="4.586225004113477">
    <ele>99.84</ele>
   </trkpt>
   <trkpt lat="50.711180000000006" lon="4.58736">
    <ele>98.7</ele>
   </trkpt>
   <trkpt lat="50.711110000000005" lon="4.58795">
    <ele>98.12</ele>
   </trkpt>
   <trkpt lat="50.71105000000001" lon="4.587960000000001">
    <ele>98.12</ele>
   </trkpt>
   <trkpt lat="50.71083" lon="4.588080000000001">
    <ele>97.35000000000001</ele>
   </trkpt>
   <trkpt lat="50.71065" lon="4.58814">
    <ele>96.49000000000001</ele>
   </trkpt>
   <trkpt lat="50.71027" lon="4.5882000000000005">
    <ele>94.63000000000001</ele>
   </trkpt>
   <trkpt lat="50.71011000000001" lon="4.58825">
    <ele>93.93</ele>
   </trkpt>
   <trkpt lat="50.709970000000006" lon="4.5883400000000005">
    <ele>91.29</ele>
   </trkpt>
   <trkpt lat="50.70984000000001" lon="4.588450000000001">
    <ele>91.29</ele>
   </trkpt>
   <trkpt lat="50.70973000000001" lon="4.58861">
    <ele>91.29</ele>
   </trkpt>
   <trkpt lat="50.709540000000004" lon="4.588990000000001">
    <ele>87.68</ele>
   </trkpt>
   <trkpt lat="50.70951" lon="4.58913">
    <ele>86.19</ele>
   </trkpt>
   <trkpt lat="50.709500000000006" lon="4.5895">
    <ele>83.54</ele>
   </trkpt>
   <trkpt lat="50.709610000000005" lon="4.589980000000001">
    <ele>81.60000000000001</ele>
   </trkpt>
   <trkpt lat="50.70966000000001" lon="4.59056">
    <ele>77.54</ele>
   </trkpt>
   <trkpt lat="50.709480000000006" lon="4.591220000000001">
    <ele>72.83</ele>
   </trkpt>
   <trkpt lat="50.709450000000004" lon="4.5914">
    <ele>70.10000000000001</ele>
   </trkpt>
   <trkpt lat="50.70946000000001" lon="4.59273">
    <ele>62.02</ele>
   </trkpt>
   <trkpt lat="50.709430000000005" lon="4.59285">
    <ele>61.24</ele>
   </trkpt>
   <trkpt lat="50.70935000000001" lon="4.592980000000001">
    <ele>61.24</ele>
   </trkpt>
   <trkpt lat="50.7092" lon="4.59306">
    <ele>59.77</ele>
   </trkpt>
   <trkpt lat="50.7085500000709" lon="4.593170001521873">
    <ele>51.83</ele>
   </trkpt>
   <trkpt lat="50.7079" lon="4.59328">
    <ele>51.83</ele>
   </trkpt>
   <trkpt lat="50.70760000136532" lon="4.592684995897465">
    <ele>52.15</ele>
   </trkpt>
   <trkpt lat="50.707300000000004" lon="4.592090000000001">
    <ele>52.54</ele>
   </trkpt>
   <trkpt lat="50.707300000000004" lon="4.5921">
    <ele>51.230000000000004</ele>
   </trkpt>
   <trkpt lat="50.7067766895045" lon="4.5910666090017145">
    <ele>51.230000000000004</ele>
   </trkpt>
   <trkpt lat="50.70625336987434" lon="4.590033241072047">
    <ele>51.230000000000004</ele>
   </trkpt>
   <trkpt lat="50.70573004110989" lon="4.588999896210455">
    <ele>51.230000000000004</ele>
   </trkpt>
   <trkpt lat="50.70520670321151" lon="4.587966574416395">
    <ele>54.98</ele>
   </trkpt>
   <trkpt lat="50.70468335617961" lon="4.5869332756893275">
    <ele>54.98</ele>
   </trkpt>
   <trkpt lat="50.70416" lon="4.5859000000000005">
    <ele>54.98</ele>
   </trkpt>
   <trkpt lat="50.704170000000005" lon="4.5859000000000005">
    <ele>54.98</ele>
   </trkpt>
   <trkpt lat="50.70393000000001" lon="4.58556">
    <ele>54.39000000000001</ele>
   </trkpt>
   <trkpt lat="50.703287509939805" lon="4.584679963830775">
    <ele>55.150000000000006</ele>
   </trkpt>
   <trkpt lat="50.70264501325481" lon="4.583799951777688">
    <ele>55.400000000000006</ele>
   </trkpt>
   <trkpt lat="50.702002509945345" lon="4.5829199638397755">
    <ele>55.440000000000005</ele>
   </trkpt>
   <trkpt lat="50.70136" lon="4.58204">
    <ele>55.040000000000006</ele>
   </trkpt>
   <trkpt lat="50.700810004646726" lon="4.58130331605942">
    <ele>55.040000000000006</ele>
   </trkpt>
   <trkpt lat="50.70026000465104" lon="4.5805666493988175">
    <ele>58.25</ele>
   </trkpt>
   <trkpt lat="50.69971" lon="4.57983">
    <ele>58.25</ele>
   </trkpt>
   <trkpt lat="50.699132010722536" lon="4.579037960942429">
    <ele>58.25</ele>
   </trkpt>
   <trkpt lat="50.698554016078724" lon="4.578245941407713">
    <ele>58.25</ele>
   </trkpt>
   <trkpt lat="50.697976016068786" lon="4.57745394139515">
    <ele>55.23</ele>
   </trkpt>
   <trkpt lat="50.697398010693014" lon="4.576661960904039">
    <ele>55.23</ele>
   </trkpt>
   <trkpt lat="50.69682" lon="4.57587">
    <ele>55.23</ele>
   </trkpt>
   <trkpt lat="50.69657" lon="4.575550000000001">
    <ele>55.150000000000006</ele>
   </trkpt>
   <trkpt lat="50.696490000000004" lon="4.57549">
    <ele>55.150000000000006</ele>
   </trkpt>
   <trkpt lat="50.696380000000005" lon="4.57544">
    <ele>55.25000000000001</ele>
   </trkpt>
   <trkpt lat="50.695910000000005" lon="4.57542">
    <ele>55.6</ele>
   </trkpt>
   <trkpt lat="50.69516" lon="4.57547">
    <ele>56.63</ele>
   </trkpt>
   <trkpt lat="50.694770000000005" lon="4.57544">
    <ele>56.940000000000005</ele>
   </trkpt>
   <trkpt lat="50.69464000000001" lon="4.5753900000000005">
    <ele>57.03</ele>
   </trkpt>
   <trkpt lat="50.69449" lon="4.5753">
    <ele>57.02</ele>
   </trkpt>
   <trkpt lat="50.694410000000005" lon="4.57524">
    <ele>57.02</ele>
   </trkpt>
   <trkpt lat="50.69418" lon="4.574990000000001">
    <ele>56.900000000000006</ele>
   </trkpt>
   <trkpt lat="50.69397000000001" lon="4.5747">
    <ele>56.74</ele>
   </trkpt>
   <trkpt lat="50.69384" lon="4.57449">
    <ele>56.74</ele>
   </trkpt>
   <trkpt lat="50.69368000000001" lon="4.5741000000000005">
    <ele>56.71</ele>
   </trkpt>
   <trkpt lat="50.69351" lon="4.57362">
    <ele>56.71</ele>
   </trkpt>
   <trkpt lat="50.69324" lon="4.57338">
    <ele>56.45</ele>
   </trkpt>
   <trkpt lat="50.692890000000006" lon="4.573300000000001">
    <ele>55.370000000000005</ele>
   </trkpt>
   <trkpt lat="50.692780000000006" lon="4.57329">
    <ele>55.1</ele>
   </trkpt>
   <trkpt lat="50.69268" lon="4.573320000000001">
    <ele>55.1</ele>
   </trkpt>
   <trkpt lat="50.6923" lon="4.57361">
    <ele>53.39000000000001</ele>
   </trkpt>
   <trkpt lat="50.69151500199716" lon="4.574280011146139">
    <ele>51.29</ele>
   </trkpt>
   <trkpt lat="50.69073" lon="4.57495">
    <ele>52.120000000000005</ele>
   </trkpt>
   <trkpt lat="50.69064" lon="4.575">
    <ele>52.17</ele>
   </trkpt>
   <trkpt lat="50.69059000000001" lon="4.574990000000001">
    <ele>52.13</ele>
   </trkpt>
   <trkpt lat="50.68978000286246" lon="4.574409979960463">
    <ele>51.96000000000001</ele>
   </trkpt>
   <trkpt lat="50.688970002846865" lon="4.573829979949746">
    <ele>51.68</ele>
   </trkpt>
   <trkpt lat="50.68816" lon="4.573250000000001">
    <ele>51.92</ele>
   </trkpt>
   <trkpt lat="50.687542502465924" lon="4.572814982850727">
    <ele>52.24</ele>
   </trkpt>
   <trkpt lat="50.6869250033129" lon="4.572379977152298">
    <ele>52.410000000000004</ele>
   </trkpt>
   <trkpt lat="50.686307502541" lon="4.571944982904191">
    <ele>52.29</ele>
   </trkpt>
   <trkpt lat="50.68569" lon="4.57151">
    <ele>52.480000000000004</ele>
   </trkpt>
   <trkpt lat="50.68551" lon="4.57139">
    <ele>52.550000000000004</ele>
   </trkpt>
   <trkpt lat="50.68531" lon="4.57131">
    <ele>52.81</ele>
   </trkpt>
   <trkpt lat="50.68493" lon="4.571280000000001">
    <ele>53.34</ele>
   </trkpt>
   <trkpt lat="50.68435999998684" lon="4.5714200017245155">
    <ele>54.59</ele>
   </trkpt>
   <trkpt lat="50.68379" lon="4.571560000000001">
    <ele>55.800000000000004</ele>
   </trkpt>
   <trkpt lat="50.68309000000001" lon="4.57185">
    <ele>56.510000000000005</ele>
   </trkpt>
   <trkpt lat="50.6824" lon="4.572030000000001">
    <ele>56.96</ele>
   </trkpt>
   <trkpt lat="50.68206000000001" lon="4.572170000000001">
    <ele>57.38000000000001</ele>
   </trkpt>
   <trkpt lat="50.6815950002125" lon="4.572405002340624">
    <ele>58.29</ele>
   </trkpt>
   <trkpt lat="50.68113" lon="4.572640000000001">
    <ele>59.760000000000005</ele>
   </trkpt>
   <trkpt lat="50.680870000000006" lon="4.572760000000001">
    <ele>60.50000000000001</ele>
   </trkpt>
   <trkpt lat="50.68052" lon="4.57284">
    <ele>61.01</ele>
   </trkpt>
   <trkpt lat="50.679750000000006" lon="4.57293">
    <ele>59.910000000000004</ele>
   </trkpt>
   <trkpt lat="50.679280000000006" lon="4.572900000000001">
    <ele>59.09</ele>
   </trkpt>
   <trkpt lat="50.6786" lon="4.57279">
    <ele>58.71</ele>
   </trkpt>
   <trkpt lat="50.678090000000005" lon="4.5726700000000005">
    <ele>59.10000000000001</ele>
   </trkpt>
   <trkpt lat="50.67762499985532" lon="4.572584999125753">
    <ele>60.15</ele>
   </trkpt>
   <trkpt lat="50.67716" lon="4.572500000000001">
    <ele>61.24</ele>
   </trkpt>
   <trkpt lat="50.676840000000006" lon="4.5724100000000005">
    <ele>62.18000000000001</ele>
   </trkpt>
   <trkpt lat="50.67653000000001" lon="4.572290000000001">
    <ele>63.59</ele>
   </trkpt>
   <trkpt lat="50.67575" lon="4.5719">
    <ele>66.42</ele>
   </trkpt>
   <trkpt lat="50.67523500046785" lon="4.571609996878955">
    <ele>68.68</ele>
   </trkpt>
   <trkpt lat="50.67472" lon="4.57132">
    <ele>70.09</ele>
   </trkpt>
   <trkpt lat="50.67388000107593" lon="4.570959987101316">
    <ele>70.09</ele>
   </trkpt>
   <trkpt lat="50.67304000104296" lon="4.570599987087473">
    <ele>64.13000000000001</ele>
   </trkpt>
   <trkpt lat="50.672200000000004" lon="4.57024">
    <ele>64.13000000000001</ele>
   </trkpt>
   <trkpt lat="50.672050000000006" lon="4.570200000000001">
    <ele>62.93</ele>
   </trkpt>
   <trkpt lat="50.671980000000005" lon="4.57017">
    <ele>62.93</ele>
   </trkpt>
   <trkpt lat="50.671890000000005" lon="4.5701600000000004">
    <ele>62.93</ele>
   </trkpt>
   <trkpt lat="50.67165000000001" lon="4.570180000000001">
    <ele>61.78000000000001</ele>
   </trkpt>
   <trkpt lat="50.67159" lon="4.57014">
    <ele>61.78000000000001</ele>
   </trkpt>
   <trkpt lat="50.671440000000004" lon="4.56998">
    <ele>60.24</ele>
   </trkpt>
   <trkpt lat="50.67137" lon="4.56995">
    <ele>59.84</ele>
   </trkpt>
   <trkpt lat="50.671220000000005" lon="4.56986">
    <ele>59.410000000000004</ele>
   </trkpt>
   <trkpt lat="50.67072" lon="4.569660000000001">
    <ele>57.300000000000004</ele>
   </trkpt>
   <trkpt lat="50.670730000000006" lon="4.569660000000001">
    <ele>65.30000000000001</ele>
   </trkpt>
   <trkpt lat="50.66989750148806" lon="4.569317481772264">
    <ele>65.30000000000001</ele>
   </trkpt>
   <trkpt lat="50.66906500197232" lon="4.568974975692056">
    <ele>71.37</ele>
   </trkpt>
   <trkpt lat="50.66823250145288" lon="4.568632481758601">
    <ele>71.37</ele>
   </trkpt>
   <trkpt lat="50.6674" lon="4.56829">
    <ele>71.37</ele>
   </trkpt>
   <trkpt lat="50.66651" lon="4.5679300000000005">
    <ele>62.81</ele>
   </trkpt>
   <trkpt lat="50.66635" lon="4.56785">
    <ele>63.40000000000001</ele>
   </trkpt>
   <trkpt lat="50.66624" lon="4.56773">
    <ele>64.26</ele>
   </trkpt>
   <trkpt lat="50.666140000000006" lon="4.56756">
    <ele>65.25</ele>
   </trkpt>
   <trkpt lat="50.66592000000001" lon="4.5671">
    <ele>66.26</ele>
   </trkpt>
   <trkpt lat="50.66583000000001" lon="4.56702">
    <ele>66.95</ele>
   </trkpt>
   <trkpt lat="50.66519" lon="4.5667100000000005">
    <ele>67.17</ele>
   </trkpt>
   <trkpt lat="50.66485" lon="4.56653">
    <ele>67.15</ele>
   </trkpt>
   <trkpt lat="50.66452" lon="4.566280000000001">
    <ele>67.19</ele>
   </trkpt>
   <trkpt lat="50.66402" lon="4.56573">
    <ele>67.45</ele>
   </trkpt>
   <trkpt lat="50.663700000000006" lon="4.5654">
    <ele>67.79</ele>
   </trkpt>
   <trkpt lat="50.66339000000001" lon="4.56512">
    <ele>68.16000000000001</ele>
   </trkpt>
   <trkpt lat="50.662855000325216" lon="4.564839996804576">
    <ele>68.74000000000001</ele>
   </trkpt>
   <trkpt lat="50.66232" lon="4.56456">
    <ele>69.26</ele>
   </trkpt>
   <trkpt lat="50.66203" lon="4.564380000000001">
    <ele>69.88000000000001</ele>
   </trkpt>
   <trkpt lat="50.66179" lon="4.56418">
    <ele>69.82000000000001</ele>
   </trkpt>
   <trkpt lat="50.66127" lon="4.56369">
    <ele>68.76</ele>
   </trkpt>
   <trkpt lat="50.661170000000006" lon="4.56404">
    <ele>67.97</ele>
   </trkpt>
   <trkpt lat="50.66114" lon="4.5642700000000005">
    <ele>67.10000000000001</ele>
   </trkpt>
   <trkpt lat="50.66114" lon="4.56487">
    <ele>63.57</ele>
   </trkpt>
   <trkpt lat="50.661120000000004" lon="4.56514">
    <ele>61.67</ele>
   </trkpt>
   <trkpt lat="50.66102" lon="4.56557">
    <ele>59.620000000000005</ele>
   </trkpt>
   <trkpt lat="50.66064" lon="4.5667800000000005">
    <ele>58.870000000000005</ele>
   </trkpt>
   <trkpt lat="50.660360000000004" lon="4.5677900000000005">
    <ele>58.410000000000004</ele>
   </trkpt>
   <trkpt lat="50.66004500442988" lon="4.568810006910888">
    <ele>58.79</ele>
   </trkpt>
   <trkpt lat="50.65973" lon="4.5698300000000005">
    <ele>59.410000000000004</ele>
   </trkpt>
   <trkpt lat="50.65937251315374" lon="4.570842523135113">
    <ele>59.410000000000004</ele>
   </trkpt>
   <trkpt lat="50.659015017535054" lon="4.571855030855615">
    <ele>64.26</ele>
   </trkpt>
   <trkpt lat="50.65865751314414" lon="4.572867523161561">
    <ele>64.26</ele>
   </trkpt>
   <trkpt lat="50.658300000000004" lon="4.57388">
    <ele>64.26</ele>
   </trkpt>
   <trkpt lat="50.658170000000005" lon="4.57422">
    <ele>63.65000000000001</ele>
   </trkpt>
   <trkpt lat="50.658100000000005" lon="4.57434">
    <ele>63.65000000000001</ele>
   </trkpt>
   <trkpt lat="50.658" lon="4.57442">
    <ele>63.5</ele>
   </trkpt>
   <trkpt lat="50.657900000000005" lon="4.57446">
    <ele>63.47</ele>
   </trkpt>
   <trkpt lat="50.65724" lon="4.57463">
    <ele>64.85000000000001</ele>
   </trkpt>
   <trkpt lat="50.65706" lon="4.57479">
    <ele>65.66000000000001</ele>
   </trkpt>
   <trkpt lat="50.656980000000004" lon="4.575">
    <ele>65.87</ele>
   </trkpt>
   <trkpt lat="50.657070007456774" lon="4.576319997497713">
    <ele>68.61</ele>
   </trkpt>
   <trkpt lat="50.657160000000005" lon="4.577640000000001">
    <ele>70.93</ele>
   </trkpt>
   <trkpt lat="50.65719000000001" lon="4.577730000000001">
    <ele>71.01</ele>
   </trkpt>
   <trkpt lat="50.65690000000001" lon="4.57822">
    <ele>70.99000000000001</ele>
   </trkpt>
   <trkpt lat="50.65686" lon="4.57845">
    <ele>70.98</ele>
   </trkpt>
   <trkpt lat="50.65688" lon="4.5785800000000005">
    <ele>70.98</ele>
   </trkpt>
   <trkpt lat="50.656980000000004" lon="4.578810000000001">
    <ele>71.03000000000002</ele>
   </trkpt>
   <trkpt lat="50.65726" lon="4.57927">
    <ele>70.97</ele>
   </trkpt>
   <trkpt lat="50.65729" lon="4.57946">
    <ele>70.97</ele>
   </trkpt>
   <trkpt lat="50.65735500236168" lon="4.580204998819878">
    <ele>71.12</ele>
   </trkpt>
   <trkpt lat="50.65742" lon="4.5809500000000005">
    <ele>71.31000000000002</ele>
   </trkpt>
   <trkpt lat="50.65739000000001" lon="4.58098">
    <ele>71.31000000000002</ele>
   </trkpt>
   <trkpt lat="50.657500000000006" lon="4.581300000000001">
    <ele>71.38</ele>
   </trkpt>
   <trkpt lat="50.657520000000005" lon="4.581530000000001">
    <ele>71.71000000000001</ele>
   </trkpt>
   <trkpt lat="50.65753" lon="4.58237">
    <ele>73.48</ele>
   </trkpt>
   <trkpt lat="50.65748000000001" lon="4.5831">
    <ele>74.99</ele>
   </trkpt>
   <trkpt lat="50.65739000000001" lon="4.583360000000001">
    <ele>76.71</ele>
   </trkpt>
   <trkpt lat="50.65695000264111" lon="4.584150007453072">
    <ele>82.25</ele>
   </trkpt>
   <trkpt lat="50.656510000000004" lon="4.5849400000000005">
    <ele>84.98000000000002</ele>
   </trkpt>
   <trkpt lat="50.65599" lon="4.5857600000000005">
    <ele>83.14</ele>
   </trkpt>
   <trkpt lat="50.655390000000004" lon="4.58661">
    <ele>82.2</ele>
   </trkpt>
   <trkpt lat="50.654960001717775" lon="4.587250005910588">
    <ele>81.94000000000001</ele>
   </trkpt>
   <trkpt lat="50.65453" lon="4.587890000000001">
    <ele>81.89</ele>
   </trkpt>
   <trkpt lat="50.654360000000004" lon="4.58819">
    <ele>82.10000000000001</ele>
   </trkpt>
   <trkpt lat="50.65411" lon="4.588690000000001">
    <ele>83.0</ele>
   </trkpt>
   <trkpt lat="50.65401000000001" lon="4.58893">
    <ele>84.17</ele>
   </trkpt>
   <trkpt lat="50.65387000211459" lon="4.589625001833635">
    <ele>85.29</ele>
   </trkpt>
   <trkpt lat="50.65373" lon="4.59032">
    <ele>86.33</ele>
   </trkpt>
   <trkpt lat="50.653540002659234" lon="4.591115003403836">
    <ele>88.10000000000001</ele>
   </trkpt>
   <trkpt lat="50.65335" lon="4.59191">
    <ele>90.89000000000001</ele>
   </trkpt>
   <trkpt lat="50.653270000000006" lon="4.59208">
    <ele>90.89000000000001</ele>
   </trkpt>
   <trkpt lat="50.652930000000005" lon="4.59262">
    <ele>93.88000000000001</ele>
   </trkpt>
   <trkpt lat="50.6527" lon="4.5930100000000005">
    <ele>97.25</ele>
   </trkpt>
   <trkpt lat="50.65261" lon="4.59313">
    <ele>97.25</ele>
   </trkpt>
   <trkpt lat="50.65261" lon="4.593120000000001">
    <ele>97.25</ele>
   </trkpt>
   <trkpt lat="50.65260000000001" lon="4.593120000000001">
    <ele>96.17</ele>
   </trkpt>
   <trkpt lat="50.652355004374584" lon="4.592109994773242">
    <ele>100.14</ele>
   </trkpt>
   <trkpt lat="50.65211000000001" lon="4.5911">
    <ele>103.13000000000001</ele>
   </trkpt>
   <trkpt lat="50.65195000000001" lon="4.590680000000001">
    <ele>107.73</ele>
   </trkpt>
   <trkpt lat="50.651740000000004" lon="4.59029">
    <ele>110.85000000000001</ele>
   </trkpt>
   <trkpt lat="50.65134500129312" lon="4.589744995448126">
    <ele>114.82000000000001</ele>
   </trkpt>
   <trkpt lat="50.65095" lon="4.5892">
    <ele>114.7</ele>
   </trkpt>
   <trkpt lat="50.650330000000004" lon="4.58839">
    <ele>112.58000000000001</ele>
   </trkpt>
   <trkpt lat="50.65000500111911" lon="4.587874996412364">
    <ele>111.39</ele>
   </trkpt>
   <trkpt lat="50.649680000000004" lon="4.58736">
    <ele>111.46000000000001</ele>
   </trkpt>
   <trkpt lat="50.649440000000006" lon="4.587020000000001">
    <ele>112.57000000000001</ele>
   </trkpt>
   <trkpt lat="50.64912" lon="4.586480000000001">
    <ele>113.68</ele>
   </trkpt>
   <trkpt lat="50.648690002897744" lon="4.585659992534434">
    <ele>115.54</ele>
   </trkpt>
   <trkpt lat="50.64826000000001" lon="4.584840000000001">
    <ele>117.55000000000001</ele>
   </trkpt>
   <trkpt lat="50.648130002217066" lon="4.584124998184582">
    <ele>118.27000000000001</ele>
   </trkpt>
   <trkpt lat="50.648" lon="4.583410000000001">
    <ele>118.64</ele>
   </trkpt>
   <trkpt lat="50.647880002794324" lon="4.582599997843322">
    <ele>119.28000000000002</ele>
   </trkpt>
   <trkpt lat="50.647760000000005" lon="4.581790000000001">
    <ele>119.39</ele>
   </trkpt>
   <trkpt lat="50.647800000000004" lon="4.58154">
    <ele>118.89</ele>
   </trkpt>
   <trkpt lat="50.64778502136127" lon="4.580249998780112">
    <ele>118.01</ele>
   </trkpt>
   <trkpt lat="50.64777002848179" lon="4.57895999838314">
    <ele>116.10000000000001</ele>
   </trkpt>
   <trkpt lat="50.64775502136161" lon="4.577669998809863">
    <ele>114.0</ele>
   </trkpt>
   <trkpt lat="50.647740000000006" lon="4.57638">
    <ele>111.63000000000001</ele>
   </trkpt>
   <trkpt lat="50.647760000000005" lon="4.57613">
    <ele>110.75000000000001</ele>
   </trkpt>
   <trkpt lat="50.647830000000006" lon="4.5757200000000005">
    <ele>110.75000000000001</ele>
   </trkpt>
   <trkpt lat="50.64810500514348" lon="4.57462500635712">
    <ele>101.05000000000001</ele>
   </trkpt>
   <trkpt lat="50.64838" lon="4.573530000000001">
    <ele>92.01</ele>
   </trkpt>
   <trkpt lat="50.6484" lon="4.57331">
    <ele>92.01</ele>
   </trkpt>
   <trkpt lat="50.64838" lon="4.573040000000001">
    <ele>92.01</ele>
   </trkpt>
   <trkpt lat="50.648340000000005" lon="4.5728800000000005">
    <ele>90.98</ele>
   </trkpt>
   <trkpt lat="50.648270000000004" lon="4.5727400000000005">
    <ele>90.38</ele>
   </trkpt>
   <trkpt lat="50.64817000000001" lon="4.57263">
    <ele>89.49000000000001</ele>
   </trkpt>
   <trkpt lat="50.64808000000001" lon="4.57256">
    <ele>89.12</ele>
   </trkpt>
   <trkpt lat="50.647960000000005" lon="4.572520000000001">
    <ele>88.79</ele>
   </trkpt>
   <trkpt lat="50.647420000000004" lon="4.57247">
    <ele>87.23</ele>
   </trkpt>
   <trkpt lat="50.647180000000006" lon="4.572430000000001">
    <ele>86.24000000000001</ele>
   </trkpt>
   <trkpt lat="50.64707000000001" lon="4.572380000000001">
    <ele>85.9</ele>
   </trkpt>
   <trkpt lat="50.646570000000004" lon="4.57197">
    <ele>81.94000000000001</ele>
   </trkpt>
   <trkpt lat="50.64614" lon="4.57158">
    <ele>77.14</ele>
   </trkpt>
   <trkpt lat="50.646010000000004" lon="4.571350000000001">
    <ele>75.15</ele>
   </trkpt>
   <trkpt lat="50.64591" lon="4.57092">
    <ele>71.35000000000001</ele>
   </trkpt>
   <trkpt lat="50.645900000000005" lon="4.57076">
    <ele>70.5</ele>
   </trkpt>
   <trkpt lat="50.6458" lon="4.5707">
    <ele>68.72</ele>
   </trkpt>
   <trkpt lat="50.64565" lon="4.570550000000001">
    <ele>67.10000000000001</ele>
   </trkpt>
   <trkpt lat="50.645570000000006" lon="4.5705100000000005">
    <ele>66.37</ele>
   </trkpt>
   <trkpt lat="50.64538" lon="4.5705">
    <ele>65.88000000000001</ele>
   </trkpt>
   <trkpt lat="50.64487500067251" lon="4.570094995623782">
    <ele>64.23</ele>
   </trkpt>
   <trkpt lat="50.64437" lon="4.5696900000000005">
    <ele>64.19000000000001</ele>
   </trkpt>
   <trkpt lat="50.64424" lon="4.56953">
    <ele>64.2</ele>
   </trkpt>
   <trkpt lat="50.64395000230082" lon="4.5688049956549195">
    <ele>64.75</ele>
   </trkpt>
   <trkpt lat="50.643660000000004" lon="4.56808">
    <ele>66.12</ele>
   </trkpt>
   <trkpt lat="50.64358000000001" lon="4.56796">
    <ele>66.55000000000001</ele>
   </trkpt>
   <trkpt lat="50.64354" lon="4.56775">
    <ele>66.55000000000001</ele>
   </trkpt>
   <trkpt lat="50.64334" lon="4.567570000000001">
    <ele>68.25</ele>
   </trkpt>
   <trkpt lat="50.64318" lon="4.56749">
    <ele>71.52</ele>
   </trkpt>
   <trkpt lat="50.64320000000001" lon="4.567500000000001">
    <ele>71.52</ele>
   </trkpt>
   <trkpt lat="50.64312" lon="4.56747">
    <ele>69.36</ele>
   </trkpt>
   <trkpt lat="50.643060000000006" lon="4.56752">
    <ele>69.36</ele>
   </trkpt>
   <trkpt lat="50.64287" lon="4.567760000000001">
    <ele>70.82000000000001</ele>
   </trkpt>
   <trkpt lat="50.642360000000004" lon="4.568300000000001">
    <ele>74.87</ele>
   </trkpt>
   <trkpt lat="50.64231" lon="4.568300000000001">
    <ele>74.88</ele>
   </trkpt>
   <trkpt lat="50.642010000000006" lon="4.5686800000000005">
    <ele>73.47000000000001</ele>
   </trkpt>
   <trkpt lat="50.64175" lon="4.56909">
    <ele>71.41</ele>
   </trkpt>
   <trkpt lat="50.64170000000001" lon="4.5692200000000005">
    <ele>70.5</ele>
   </trkpt>
   <trkpt lat="50.64152000000001" lon="4.56981">
    <ele>67.47</ele>
   </trkpt>
   <trkpt lat="50.64152000000001" lon="4.5699000000000005">
    <ele>67.47</ele>
   </trkpt>
   <trkpt lat="50.64155" lon="4.57012">
    <ele>66.38000000000001</ele>
   </trkpt>
   <trkpt lat="50.641580000000005" lon="4.570180000000001">
    <ele>65.88000000000001</ele>
   </trkpt>
   <trkpt lat="50.641830000000006" lon="4.5704400000000005">
    <ele>64.57000000000001</ele>
   </trkpt>
   <trkpt lat="50.64224" lon="4.5708">
    <ele>63.87000000000001</ele>
   </trkpt>
   <trkpt lat="50.64228000000001" lon="4.57087">
    <ele>64.03999999999999</ele>
   </trkpt>
   <trkpt lat="50.64231" lon="4.5709800000000005">
    <ele>64.08000000000001</ele>
   </trkpt>
   <trkpt lat="50.642300000000006" lon="4.57104">
    <ele>64.09</ele>
   </trkpt>
   <trkpt lat="50.642250000000004" lon="4.571140000000001">
    <ele>64.03</ele>
   </trkpt>
   <trkpt lat="50.64188000000001" lon="4.57172">
    <ele>63.79</ele>
   </trkpt>
   <trkpt lat="50.641760000000005" lon="4.57185">
    <ele>64.03</ele>
   </trkpt>
   <trkpt lat="50.641020000000005" lon="4.5719">
    <ele>66.29</ele>
   </trkpt>
   <trkpt lat="50.640890000000006" lon="4.57186">
    <ele>66.98</ele>
   </trkpt>
   <trkpt lat="50.64072" lon="4.57174">
    <ele>67.97</ele>
   </trkpt>
   <trkpt lat="50.6405" lon="4.57155">
    <ele>69.20000000000002</ele>
   </trkpt>
   <trkpt lat="50.64012" lon="4.571020000000001">
    <ele>72.76</ele>
   </trkpt>
   <trkpt lat="50.639950000000006" lon="4.5707">
    <ele>73.34</ele>
   </trkpt>
   <trkpt lat="50.63967500237379" lon="4.569949995520939">
    <ele>75.65</ele>
   </trkpt>
   <trkpt lat="50.6394" lon="4.5692">
    <ele>78.12</ele>
   </trkpt>
   <trkpt lat="50.63929" lon="4.56904">
    <ele>78.75</ele>
   </trkpt>
   <trkpt lat="50.639160000000004" lon="4.56897">
    <ele>78.75</ele>
   </trkpt>
   <trkpt lat="50.639" lon="4.569">
    <ele>79.86</ele>
   </trkpt>
   <trkpt lat="50.63888000000001" lon="4.569100000000001">
    <ele>81.27000000000001</ele>
   </trkpt>
   <trkpt lat="50.638830000000006" lon="4.56918">
    <ele>81.27000000000001</ele>
   </trkpt>
   <trkpt lat="50.638740000000006" lon="4.56942">
    <ele>82.13000000000001</ele>
   </trkpt>
   <trkpt lat="50.63852000000001" lon="4.57031">
    <ele>84.67</ele>
   </trkpt>
   <trkpt lat="50.63823000000001" lon="4.5712600000000005">
    <ele>88.33</ele>
   </trkpt>
   <trkpt lat="50.638090000000005" lon="4.57129">
    <ele>87.92000000000002</ele>
   </trkpt>
   <trkpt lat="50.6375" lon="4.57153">
    <ele>84.66000000000001</ele>
   </trkpt>
   <trkpt lat="50.63729000000001" lon="4.57155">
    <ele>82.76</ele>
   </trkpt>
   <trkpt lat="50.63716" lon="4.571540000000001">
    <ele>81.71000000000001</ele>
   </trkpt>
   <trkpt lat="50.637010000000004" lon="4.57148">
    <ele>81.71000000000001</ele>
   </trkpt>
   <trkpt lat="50.636555000095335" lon="4.5711999971416954">
    <ele>77.30000000000001</ele>
   </trkpt>
   <trkpt lat="50.636100000000006" lon="4.57092">
    <ele>74.46000000000001</ele>
   </trkpt>
   <trkpt lat="50.63582" lon="4.570720000000001">
    <ele>73.98</ele>
   </trkpt>
   <trkpt lat="50.635630000000006" lon="4.5705100000000005">
    <ele>74.58000000000001</ele>
   </trkpt>
   <trkpt lat="50.635030005012204" lon="4.569743313737541">
    <ele>79.01</ele>
   </trkpt>
   <trkpt lat="50.63443000499386" lon="4.568976647047782">
    <ele>85.33</ele>
   </trkpt>
   <trkpt lat="50.63383" lon="4.5682100000000005">
    <ele>87.3</ele>
   </trkpt>
   <trkpt lat="50.63317715559075" lon="4.5675056555962374">
    <ele>85.37</ele>
   </trkpt>
   <trkpt lat="50.63252430693574" lon="4.566801330756161">
    <ele>83.83</ele>
   </trkpt>
   <trkpt lat="50.63187145403521" lon="4.566097025478899">
    <ele>82.62</ele>
   </trkpt>
   <trkpt lat="50.63121859688934" lon="4.565392739763583">
    <ele>84.17</ele>
   </trkpt>
   <trkpt lat="50.63056573549838" lon="4.564688473609341">
    <ele>86.16</ele>
   </trkpt>
   <trkpt lat="50.62991286986253" lon="4.563984227015303">
    <ele>88.17000000000002</ele>
   </trkpt>
   <trkpt lat="50.62926" lon="4.563280000000001">
    <ele>90.88</ele>
   </trkpt>
   <trkpt lat="50.629090000000005" lon="4.563140000000001">
    <ele>90.88</ele>
   </trkpt>
   <trkpt lat="50.628490000000006" lon="4.56289">
    <ele>92.27</ele>
   </trkpt>
   <trkpt lat="50.627950000000006" lon="4.5628400000000005">
    <ele>89.89000000000001</ele>
   </trkpt>
   <trkpt lat="50.627520000000004" lon="4.56289">
    <ele>86.54</ele>
   </trkpt>
   <trkpt lat="50.6270850003459" lon="4.5630950018183585">
    <ele>84.44</ele>
   </trkpt>
   <trkpt lat="50.626650000000005" lon="4.563300000000001">
    <ele>82.12</ele>
   </trkpt>
   <trkpt lat="50.626310000000004" lon="4.56343">
    <ele>81.49000000000001</ele>
   </trkpt>
   <trkpt lat="50.62585000000001" lon="4.56348">
    <ele>81.7</ele>
   </trkpt>
   <trkpt lat="50.62536000000001" lon="4.563490000000001">
    <ele>81.65</ele>
   </trkpt>
   <trkpt lat="50.62500000000001" lon="4.56344">
    <ele>81.94000000000001</ele>
   </trkpt>
   <trkpt lat="50.62462000000001" lon="4.56322">
    <ele>82.10000000000001</ele>
   </trkpt>
   <trkpt lat="50.62436" lon="4.562950000000001">
    <ele>82.46000000000001</ele>
   </trkpt>
   <trkpt lat="50.62377000000001" lon="4.56224">
    <ele>84.23000000000002</ele>
   </trkpt>
   <trkpt lat="50.62323000204512" lon="4.561544991990718">
    <ele>87.97</ele>
   </trkpt>
   <trkpt lat="50.622690000000006" lon="4.56085">
    <ele>92.32000000000001</ele>
   </trkpt>
   <trkpt lat="50.622220000000006" lon="4.56032">
    <ele>95.88000000000001</ele>
   </trkpt>
   <trkpt lat="50.62172999989138" lon="4.56018999859745">
    <ele>97.74000000000001</ele>
   </trkpt>
   <trkpt lat="50.62124000000001" lon="4.56006">
    <ele>98.86</ele>
   </trkpt>
   <trkpt lat="50.621010000000005" lon="4.5599300000000005">
    <ele>99.69000000000001</ele>
   </trkpt>
   <trkpt lat="50.62093" lon="4.55982">
    <ele>99.59</ele>
   </trkpt>
   <trkpt lat="50.6208" lon="4.559880000000001">
    <ele>99.85000000000001</ele>
   </trkpt>
   <trkpt lat="50.620830000000005" lon="4.560090000000001">
    <ele>99.69000000000001</ele>
   </trkpt>
   <trkpt lat="50.621060002586255" lon="4.560864996263027">
    <ele>99.29</ele>
   </trkpt>
   <trkpt lat="50.62129" lon="4.561640000000001">
    <ele>99.06</ele>
   </trkpt>
   <trkpt lat="50.621300000000005" lon="4.56193">
    <ele>99.24000000000001</ele>
   </trkpt>
   <trkpt lat="50.62115000000001" lon="4.56294">
    <ele>101.96000000000001</ele>
   </trkpt>
   <trkpt lat="50.62107" lon="4.56344">
    <ele>104.85000000000001</ele>
   </trkpt>
   <trkpt lat="50.62097000000001" lon="4.56371">
    <ele>106.08000000000001</ele>
   </trkpt>
   <trkpt lat="50.620900000000006" lon="4.563820000000001">
    <ele>107.51</ele>
   </trkpt>
   <trkpt lat="50.62048000000001" lon="4.564240000000001">
    <ele>113.45</ele>
   </trkpt>
   <trkpt lat="50.620430000000006" lon="4.56432">
    <ele>115.08000000000001</ele>
   </trkpt>
   <trkpt lat="50.62039000000001" lon="4.564430000000001">
    <ele>115.08000000000001</ele>
   </trkpt>
   <trkpt lat="50.62062" lon="4.56461">
    <ele>116.23000000000002</ele>
   </trkpt>
   <trkpt lat="50.62069" lon="4.564690000000001">
    <ele>116.64</ele>
   </trkpt>
   <trkpt lat="50.62069" lon="4.56489">
    <ele>117.62000000000002</ele>
   </trkpt>
   <trkpt lat="50.620650000000005" lon="4.564990000000001">
    <ele>117.62000000000002</ele>
   </trkpt>
   <trkpt lat="50.62026334023024" lon="4.565886681375976">
    <ele>123.04</ele>
   </trkpt>
   <trkpt lat="50.61987667357863" lon="4.566783348007509">
    <ele>127.41000000000003</ele>
   </trkpt>
   <trkpt lat="50.619490000000006" lon="4.56768">
    <ele>130.75</ele>
   </trkpt>
   <trkpt lat="50.61934" lon="4.567740000000001">
    <ele>131.18</ele>
   </trkpt>
   <trkpt lat="50.618930000000006" lon="4.56773">
    <ele>131.41</ele>
   </trkpt>
   <trkpt lat="50.618700000000004" lon="4.567830000000001">
    <ele>132.11</ele>
   </trkpt>
   <trkpt lat="50.61844000000001" lon="4.568020000000001">
    <ele>132.85000000000002</ele>
   </trkpt>
   <trkpt lat="50.61827" lon="4.56822">
    <ele>132.85000000000002</ele>
   </trkpt>
   <trkpt lat="50.618100000000005" lon="4.56845">
    <ele>132.98999999999998</ele>
   </trkpt>
   <trkpt lat="50.61755500383277" lon="4.569400011059762">
    <ele>133.5</ele>
   </trkpt>
   <trkpt lat="50.61701000000001" lon="4.57035">
    <ele>134.85</ele>
   </trkpt>
   <trkpt lat="50.61651334032315" lon="4.571256685899131">
    <ele>137.26000000000002</ele>
   </trkpt>
   <trkpt lat="50.61601667360989" lon="4.572163352650534">
    <ele>140.04</ele>
   </trkpt>
   <trkpt lat="50.615520000000004" lon="4.57307">
    <ele>142.42000000000002</ele>
   </trkpt>
   <trkpt lat="50.61502000654111" lon="4.573943351877781">
    <ele>143.65</ele>
   </trkpt>
   <trkpt lat="50.61452000655359" lon="4.57481668518899">
    <ele>144.51</ele>
   </trkpt>
   <trkpt lat="50.614020000000004" lon="4.575690000000001">
    <ele>146.07</ele>
   </trkpt>
   <trkpt lat="50.61346750816883" lon="4.576487528096118">
    <ele>147.71</ele>
   </trkpt>
   <trkpt lat="50.61291501089342" lon="4.5772850374584815">
    <ele>149.11</ele>
   </trkpt>
   <trkpt lat="50.61236250817398" lon="4.578082528087716">
    <ele>150.36</ele>
   </trkpt>
   <trkpt lat="50.611810000000006" lon="4.578880000000001">
    <ele>150.93</ele>
   </trkpt>
   <trkpt lat="50.611740000000005" lon="4.57911">
    <ele>151.53000000000003</ele>
   </trkpt>
   <trkpt lat="50.61152001639954" lon="4.5802400158300545">
    <ele>152.19000000000003</ele>
   </trkpt>
   <trkpt lat="50.611300021868885" lon="4.581370021091704">
    <ele>153.47000000000003</ele>
   </trkpt>
   <trkpt lat="50.61108001640825" lon="4.582500015784607">
    <ele>155.34</ele>
   </trkpt>
   <trkpt lat="50.61086" lon="4.58363">
    <ele>157.72</ele>
   </trkpt>
   <trkpt lat="50.6109" lon="4.583690000000001">
    <ele>157.72</ele>
   </trkpt>
   <trkpt lat="50.61088" lon="4.583810000000001">
    <ele>157.77</ele>
   </trkpt>
   <trkpt lat="50.61077" lon="4.5837">
    <ele>157.70000000000002</ele>
   </trkpt>
   <trkpt lat="50.61007667210997" lon="4.582899976380081">
    <ele>156.75</ele>
   </trkpt>
   <trkpt lat="50.60938333874146" lon="4.582099976339972">
    <ele>156.53</ele>
   </trkpt>
   <trkpt lat="50.60869" lon="4.581300000000001">
    <ele>156.3</ele>
   </trkpt>
   <trkpt lat="50.60825000437356" lon="4.580579986428721">
    <ele>156.67</ele>
   </trkpt>
   <trkpt lat="50.607810004309556" lon="4.5798599863241805">
    <ele>157.24</ele>
   </trkpt>
   <trkpt lat="50.60737" lon="4.579140000000001">
    <ele>157.32000000000002</ele>
   </trkpt>
   <trkpt lat="50.606753337305236" lon="4.57845998219091">
    <ele>157.08</ele>
   </trkpt>
   <trkpt lat="50.606136670652205" lon="4.577779982206258">
    <ele>157.62</ele>
   </trkpt>
   <trkpt lat="50.605520000000006" lon="4.577100000000001">
    <ele>157.89</ele>
   </trkpt>
   <trkpt lat="50.60491000538844" lon="4.5764524748238085">
    <ele>158.70000000000002</ele>
   </trkpt>
   <trkpt lat="50.60430000718778" lon="4.575804966435731">
    <ele>158.76000000000002</ele>
   </trkpt>
   <trkpt lat="50.603690005398214" lon="4.57515747483507">
    <ele>158.08</ele>
   </trkpt>
   <trkpt lat="50.603080000000006" lon="4.57451">
    <ele>157.67</ele>
   </trkpt>
   <trkpt lat="50.60264" lon="4.5743">
    <ele>157.44000000000003</ele>
   </trkpt>
   <trkpt lat="50.60177600119889" lon="4.574035980614408">
    <ele>157.43</ele>
   </trkpt>
   <trkpt lat="50.60091200180108" lon="4.573771970923112">
    <ele>157.62</ele>
   </trkpt>
   <trkpt lat="50.60004800180663" lon="4.573507970925467">
    <ele>157.72</ele>
   </trkpt>
   <trkpt lat="50.599184001215576" lon="4.573243980620826">
    <ele>157.78</ele>
   </trkpt>
   <trkpt lat="50.59832" lon="4.57298">
    <ele>157.64</ele>
   </trkpt>
   <trkpt lat="50.59792" lon="4.57279">
    <ele>157.8</ele>
   </trkpt>
   <trkpt lat="50.59719333510378" lon="4.572329985770535">
    <ele>158.10000000000002</ele>
   </trkpt>
   <trkpt lat="50.59646666839609" lon="4.571869985744842">
    <ele>157.23000000000002</ele>
   </trkpt>
   <trkpt lat="50.595740000000006" lon="4.57141">
    <ele>157.44000000000003</ele>
   </trkpt>
   <trkpt lat="50.59575" lon="4.57141">
    <ele>155.73000000000002</ele>
   </trkpt>
   <trkpt lat="50.59495200522129" lon="4.570857962571428">
    <ele>155.73000000000002</ele>
   </trkpt>
   <trkpt lat="50.594154007833794" lon="4.570305943859661">
    <ele>155.73000000000002</ele>
   </trkpt>
   <trkpt lat="50.59335600783772" lon="4.5697539438635895">
    <ele>156.60999999999999</ele>
   </trkpt>
   <trkpt lat="50.5925580052332" lon="4.569201962582115">
    <ele>156.60999999999999</ele>
   </trkpt>
   <trkpt lat="50.59176" lon="4.568650000000001">
    <ele>156.60999999999999</ele>
   </trkpt>
   <trkpt lat="50.591750000000005" lon="4.56864">
    <ele>157.41000000000003</ele>
   </trkpt>
   <trkpt lat="50.59131000000001" lon="4.5685">
    <ele>155.77</ele>
   </trkpt>
   <trkpt lat="50.590609999919444" lon="4.56843499902438">
    <ele>153.59</ele>
   </trkpt>
   <trkpt lat="50.58991" lon="4.568370000000001">
    <ele>149.82</ele>
   </trkpt>
   <trkpt lat="50.58916250010521" lon="4.568465004526201">
    <ele>147.36</ele>
   </trkpt>
   <trkpt lat="50.588415000133125" lon="4.568560006035725">
    <ele>145.32</ele>
   </trkpt>
   <trkpt lat="50.58766750008378" lon="4.568655004528747">
    <ele>143.74</ele>
   </trkpt>
   <trkpt lat="50.586920000000006" lon="4.5687500000000005">
    <ele>143.19</ele>
   </trkpt>
   <trkpt lat="50.58641" lon="4.56874">
    <ele>142.79</ele>
   </trkpt>
   <trkpt lat="50.58559" lon="4.56866">
    <ele>142.3</ele>
   </trkpt>
   <trkpt lat="50.58525" lon="4.5688">
    <ele>142.19</ele>
   </trkpt>
   <trkpt lat="50.58509" lon="4.568910000000001">
    <ele>142.02</ele>
   </trkpt>
   <trkpt lat="50.58503" lon="4.5689400000000004">
    <ele>141.84000000000003</ele>
   </trkpt>
   <trkpt lat="50.58437000000001" lon="4.568840000000001">
    <ele>141.28</ele>
   </trkpt>
   <trkpt lat="50.584210000000006" lon="4.56887">
    <ele>141.3</ele>
   </trkpt>
   <trkpt lat="50.58359" lon="4.56904">
    <ele>142.69</ele>
   </trkpt>
   <trkpt lat="50.58332000000001" lon="4.5691500000000005">
    <ele>142.96</ele>
   </trkpt>
   <trkpt lat="50.58283" lon="4.56949">
    <ele>141.33</ele>
   </trkpt>
   <trkpt lat="50.582750000000004" lon="4.56951">
    <ele>140.95000000000002</ele>
   </trkpt>
   <trkpt lat="50.58265" lon="4.5694300000000005">
    <ele>140.40000000000003</ele>
   </trkpt>
   <trkpt lat="50.58220000000001" lon="4.56878">
    <ele>135.97</ele>
   </trkpt>
   <trkpt lat="50.582080000000005" lon="4.5687500000000005">
    <ele>135.6</ele>
   </trkpt>
   <trkpt lat="50.581720000000004" lon="4.56878">
    <ele>135.38</ele>
   </trkpt>
   <trkpt lat="50.581570000000006" lon="4.5687500000000005">
    <ele>135.26000000000002</ele>
   </trkpt>
   <trkpt lat="50.581450000000004" lon="4.56876">
    <ele>135.25</ele>
   </trkpt>
   <trkpt lat="50.581340000000004" lon="4.568790000000001">
    <ele>135.31</ele>
   </trkpt>
   <trkpt lat="50.58091" lon="4.5690800000000005">
    <ele>135.6</ele>
   </trkpt>
   <trkpt lat="50.58068" lon="4.569170000000001">
    <ele>135.59</ele>
   </trkpt>
   <trkpt lat="50.580560000000006" lon="4.56913">
    <ele>135.54000000000002</ele>
   </trkpt>
   <trkpt lat="50.57999" lon="4.568700000000001">
    <ele>134.48000000000002</ele>
   </trkpt>
   <trkpt lat="50.57949500106662" lon="4.568169994284187">
    <ele>134.14000000000001</ele>
   </trkpt>
   <trkpt lat="50.579" lon="4.567640000000001">
    <ele>135.33</ele>
   </trkpt>
   <trkpt lat="50.578500000000005" lon="4.567010000000001">
    <ele>135.11</ele>
   </trkpt>
   <trkpt lat="50.57789500468138" lon="4.565964986588367">
    <ele>133.59</ele>
   </trkpt>
   <trkpt lat="50.577290000000005" lon="4.564920000000001">
    <ele>131.91</ele>
   </trkpt>
   <trkpt lat="50.577090000000005" lon="4.5647400000000005">
    <ele>132.08</ele>
   </trkpt>
   <trkpt lat="50.576710000000006" lon="4.56451">
    <ele>132.56</ele>
   </trkpt>
   <trkpt lat="50.576350000000005" lon="4.56419">
    <ele>132.07000000000002</ele>
   </trkpt>
   <trkpt lat="50.576190000000004" lon="4.563910000000001">
    <ele>131.01999999999998</ele>
   </trkpt>
   <trkpt lat="50.57582500336518" lon="4.563024993171931">
    <ele>127.10000000000002</ele>
   </trkpt>
   <trkpt lat="50.57546000000001" lon="4.56214">
    <ele>126.06</ele>
   </trkpt>
   <trkpt lat="50.574720000000006" lon="4.561660000000001">
    <ele>128.18</ele>
   </trkpt>
   <trkpt lat="50.57455" lon="4.561570000000001">
    <ele>129.28</ele>
   </trkpt>
   <trkpt lat="50.57434000000001" lon="4.5615000000000006">
    <ele>129.28</ele>
   </trkpt>
   <trkpt lat="50.5735500001723" lon="4.561382494087833">
    <ele>135.27</ele>
   </trkpt>
   <trkpt lat="50.572760000226396" lon="4.561264992116773">
    <ele>139.3</ele>
   </trkpt>
   <trkpt lat="50.57197000016226" lon="4.5611474940865815">
    <ele>141.68</ele>
   </trkpt>
   <trkpt lat="50.571180000000005" lon="4.561030000000001">
    <ele>141.26000000000002</ele>
   </trkpt>
   <trkpt lat="50.57081" lon="4.56106">
    <ele>140.48000000000002</ele>
   </trkpt>
   <trkpt lat="50.570550000000004" lon="4.561100000000001">
    <ele>139.97</ele>
   </trkpt>
   <trkpt lat="50.57020000000001" lon="4.5612">
    <ele>139.43</ele>
   </trkpt>
   <trkpt lat="50.56998" lon="4.5612900000000005">
    <ele>139.02</ele>
   </trkpt>
   <trkpt lat="50.56954" lon="4.56156">
    <ele>138.66</ele>
   </trkpt>
   <trkpt lat="50.5690450006111" lon="4.561970004397452">
    <ele>139.08</ele>
   </trkpt>
   <trkpt lat="50.56855" lon="4.56238">
    <ele>139.52</ele>
   </trkpt>
   <trkpt lat="50.568020000000004" lon="4.56278">
    <ele>139.6</ele>
   </trkpt>
   <trkpt lat="50.567710000000005" lon="4.56297">
    <ele>139.18</ele>
   </trkpt>
   <trkpt lat="50.567530000000005" lon="4.563020000000001">
    <ele>138.34</ele>
   </trkpt>
   <trkpt lat="50.567240000000005" lon="4.563020000000001">
    <ele>137.21</ele>
   </trkpt>
   <trkpt lat="50.56703" lon="4.5629800000000005">
    <ele>136.3</ele>
   </trkpt>
   <trkpt lat="50.5668" lon="4.56287">
    <ele>134.54000000000002</ele>
   </trkpt>
   <trkpt lat="50.56656" lon="4.56273">
    <ele>133.48000000000002</ele>
   </trkpt>
   <trkpt lat="50.5659950008634" lon="4.562289994751039">
    <ele>133.08</ele>
   </trkpt>
   <trkpt lat="50.565430000000006" lon="4.561850000000001">
    <ele>134.18</ele>
   </trkpt>
   <trkpt lat="50.564760001346656" lon="4.561304992312032">
    <ele>130.9</ele>
   </trkpt>
   <trkpt lat="50.56409000000001" lon="4.56076">
    <ele>129.48000000000002</ele>
   </trkpt>
   <trkpt lat="50.563930000000006" lon="4.5606100000000005">
    <ele>129.63000000000002</ele>
   </trkpt>
   <trkpt lat="50.563770000000005" lon="4.56041">
    <ele>130.38000000000002</ele>
   </trkpt>
   <trkpt lat="50.56321000635402" lon="4.559549979593106">
    <ele>133.92000000000002</ele>
   </trkpt>
   <trkpt lat="50.562650006374966" lon="4.558689979625626">
    <ele>138.17000000000002</ele>
   </trkpt>
   <trkpt lat="50.562090000000005" lon="4.55783">
    <ele>140.02</ele>
   </trkpt>
   <trkpt lat="50.56177" lon="4.55728">
    <ele>139.95000000000002</ele>
   </trkpt>
   <trkpt lat="50.56166" lon="4.557060000000001">
    <ele>139.62000000000003</ele>
   </trkpt>
   <trkpt lat="50.56125" lon="4.55595">
    <ele>136.92000000000002</ele>
   </trkpt>
   <trkpt lat="50.56118000000001" lon="4.5558000000000005">
    <ele>136.18</ele>
   </trkpt>
   <trkpt lat="50.56054" lon="4.554880000000001">
    <ele>132.22</ele>
   </trkpt>
   <trkpt lat="50.560460000000006" lon="4.55463">
    <ele>131.42000000000002</ele>
   </trkpt>
   <trkpt lat="50.56045" lon="4.5543700000000005">
    <ele>130.79000000000002</ele>
   </trkpt>
   <trkpt lat="50.560500000000005" lon="4.554130000000001">
    <ele>130.36</ele>
   </trkpt>
   <trkpt lat="50.56016" lon="4.55384">
    <ele>129.34</ele>
   </trkpt>
   <trkpt lat="50.560050000000004" lon="4.55372">
    <ele>127.88000000000002</ele>
   </trkpt>
   <trkpt lat="50.55982" lon="4.5533600000000005">
    <ele>127.16000000000003</ele>
   </trkpt>
   <trkpt lat="50.55949500151782" lon="4.5527699959813885">
    <ele>125.95</ele>
   </trkpt>
   <trkpt lat="50.55917" lon="4.552180000000001">
    <ele>126.01</ele>
   </trkpt>
   <trkpt lat="50.55867751123221" lon="4.551244970696161">
    <ele>128.24</ele>
   </trkpt>
   <trkpt lat="50.55818501497819" lon="4.550309960932548">
    <ele>132.56</ele>
   </trkpt>
   <trkpt lat="50.55769251123829" lon="4.5493749707087074">
    <ele>137.01000000000002</ele>
   </trkpt>
   <trkpt lat="50.5572" lon="4.54844">
    <ele>139.8</ele>
   </trkpt>
   <trkpt lat="50.557100000000005" lon="4.548310000000001">
    <ele>137.68000000000004</ele>
   </trkpt>
   <trkpt lat="50.55709" lon="4.548310000000001">
    <ele>140.06</ele>
   </trkpt>
   <trkpt lat="50.55744000000001" lon="4.548500000000001">
    <ele>139.20000000000002</ele>
   </trkpt>
   <trkpt lat="50.55791000000001" lon="4.548660000000001">
    <ele>138.24</ele>
   </trkpt>
   <trkpt lat="50.5587850003553" lon="4.548909995383875">
    <ele>134.01000000000002</ele>
   </trkpt>
   <trkpt lat="50.55966" lon="4.5491600000000005">
    <ele>127.91000000000003</ele>
   </trkpt>
   <trkpt lat="50.55989" lon="4.54917">
    <ele>127.29</ele>
   </trkpt>
   <trkpt lat="50.560030000000005" lon="4.5490900000000005">
    <ele>127.32000000000001</ele>
   </trkpt>
   <trkpt lat="50.5604" lon="4.54886">
    <ele>128.82000000000002</ele>
   </trkpt>
   <trkpt lat="50.56064000000001" lon="4.548900000000001">
    <ele>129.4</ele>
   </trkpt>
   <trkpt lat="50.560810000000004" lon="4.549060000000001">
    <ele>130.08</ele>
   </trkpt>
   <trkpt lat="50.561020000000006" lon="4.549200000000001">
    <ele>130.82000000000002</ele>
   </trkpt>
   <trkpt lat="50.56121" lon="4.54928">
    <ele>131.61</ele>
   </trkpt>
   <trkpt lat="50.561370000000004" lon="4.54922">
    <ele>132.28</ele>
   </trkpt>
   <trkpt lat="50.561350000000004" lon="4.54907">
    <ele>132.86</ele>
   </trkpt>
   <trkpt lat="50.561370000000004" lon="4.54886">
    <ele>132.86</ele>
   </trkpt>
   <trkpt lat="50.561490000000006" lon="4.54865">
    <ele>133.95000000000002</ele>
   </trkpt>
   <trkpt lat="50.561730000000004" lon="4.54837">
    <ele>135.08</ele>
   </trkpt>
   <trkpt lat="50.56206" lon="4.54779">
    <ele>136.79000000000002</ele>
   </trkpt>
   <trkpt lat="50.562360000000005" lon="4.546880000000001">
    <ele>138.14000000000001</ele>
   </trkpt>
   <trkpt lat="50.56279001216598" lon="4.545686688520463">
    <ele>140.8</ele>
   </trkpt>
   <trkpt lat="50.56322001213858" lon="4.544493355263568">
    <ele>143.46</ele>
   </trkpt>
   <trkpt lat="50.56365" lon="4.5433">
    <ele>147.42000000000002</ele>
   </trkpt>
   <trkpt lat="50.56392000256381" lon="4.54251500471413">
    <ele>150.49</ele>
   </trkpt>
   <trkpt lat="50.56419" lon="4.54173">
    <ele>152.26</ele>
   </trkpt>
   <trkpt lat="50.56441" lon="4.54121">
    <ele>153.58</ele>
   </trkpt>
   <trkpt lat="50.564710000000005" lon="4.54063">
    <ele>155.27</ele>
   </trkpt>
   <trkpt lat="50.56526" lon="4.539750000000001">
    <ele>157.48000000000002</ele>
   </trkpt>
   <trkpt lat="50.565380000000005" lon="4.53953">
    <ele>157.68</ele>
   </trkpt>
   <trkpt lat="50.56544" lon="4.539350000000001">
    <ele>157.68</ele>
   </trkpt>
   <trkpt lat="50.56557" lon="4.53934">
    <ele>157.41000000000003</ele>
   </trkpt>
   <trkpt lat="50.566380000876315" lon="4.53888000792434">
    <ele>156.34</ele>
   </trkpt>
   <trkpt lat="50.567190000000004" lon="4.53842">
    <ele>155.16000000000003</ele>
   </trkpt>
   <trkpt lat="50.56777500025488" lon="4.538220002454573">
    <ele>155.62</ele>
   </trkpt>
   <trkpt lat="50.568360000000006" lon="4.53802">
    <ele>156.27</ele>
   </trkpt>
   <trkpt lat="50.56875" lon="4.537450000000001">
    <ele>156.77</ele>
   </trkpt>
   <trkpt lat="50.56922" lon="4.53688">
    <ele>155.17</ele>
   </trkpt>
   <trkpt lat="50.569370000000006" lon="4.53666">
    <ele>153.97000000000003</ele>
   </trkpt>
   <trkpt lat="50.569810000000004" lon="4.5367500000000005">
    <ele>153.02</ele>
   </trkpt>
   <trkpt lat="50.570329999951916" lon="4.536814999274304">
    <ele>152.21</ele>
   </trkpt>
   <trkpt lat="50.57085000000001" lon="4.53688">
    <ele>150.22000000000003</ele>
   </trkpt>
   <trkpt lat="50.571399999896165" lon="4.53688">
    <ele>147.76</ele>
   </trkpt>
   <trkpt lat="50.57195" lon="4.53688">
    <ele>146.89000000000001</ele>
   </trkpt>
   <trkpt lat="50.57217000000001" lon="4.536790000000001">
    <ele>145.78000000000003</ele>
   </trkpt>
   <trkpt lat="50.572540000000004" lon="4.5365400000000005">
    <ele>145.17000000000002</ele>
   </trkpt>
   <trkpt lat="50.57265" lon="4.5364">
    <ele>144.21</ele>
   </trkpt>
   <trkpt lat="50.57273000000001" lon="4.536250000000001">
    <ele>143.08</ele>
   </trkpt>
   <trkpt lat="50.572790000000005" lon="4.536090000000001">
    <ele>143.08</ele>
   </trkpt>
   <trkpt lat="50.57282000000001" lon="4.535900000000001">
    <ele>141.86</ele>
   </trkpt>
   <trkpt lat="50.57283" lon="4.53573">
    <ele>141.86</ele>
   </trkpt>
   <trkpt lat="50.57282000284538" lon="4.534914999975848">
    <ele>138.41</ele>
   </trkpt>
   <trkpt lat="50.572810000000004" lon="4.5341000000000005">
    <ele>135.9</ele>
   </trkpt>
   <trkpt lat="50.57284000000001" lon="4.53371">
    <ele>134.20000000000002</ele>
   </trkpt>
   <trkpt lat="50.57303" lon="4.533">
    <ele>130.86</ele>
   </trkpt>
   <trkpt lat="50.57343500231216" lon="4.532250006625594">
    <ele>126.12</ele>
   </trkpt>
   <trkpt lat="50.573840000000004" lon="4.5315">
    <ele>123.35000000000001</ele>
   </trkpt>
   <trkpt lat="50.573980000000006" lon="4.53132">
    <ele>123.42000000000002</ele>
   </trkpt>
   <trkpt lat="50.574110000000005" lon="4.531210000000001">
    <ele>120.14000000000001</ele>
   </trkpt>
   <trkpt lat="50.574680000254666" lon="4.530980002771723">
    <ele>113.49000000000001</ele>
   </trkpt>
   <trkpt lat="50.575250000000004" lon="4.53075">
    <ele>110.32000000000001</ele>
   </trkpt>
   <trkpt lat="50.57537000000001" lon="4.53073">
    <ele>110.32000000000001</ele>
   </trkpt>
   <trkpt lat="50.57567" lon="4.530740000000001">
    <ele>106.60000000000001</ele>
   </trkpt>
   <trkpt lat="50.57582000000001" lon="4.53077">
    <ele>104.50000000000001</ele>
   </trkpt>
   <trkpt lat="50.576170000000005" lon="4.53089">
    <ele>102.10000000000001</ele>
   </trkpt>
   <trkpt lat="50.576530000000005" lon="4.531070000000001">
    <ele>100.9</ele>
   </trkpt>
   <trkpt lat="50.577090000000005" lon="4.5315">
    <ele>100.34</ele>
   </trkpt>
   <trkpt lat="50.57725000000001" lon="4.53157">
    <ele>100.73000000000002</ele>
   </trkpt>
   <trkpt lat="50.57741000000001" lon="4.53158">
    <ele>100.9</ele>
   </trkpt>
   <trkpt lat="50.577540000000006" lon="4.531560000000001">
    <ele>100.67</ele>
   </trkpt>
   <trkpt lat="50.577650000000006" lon="4.53151">
    <ele>100.67</ele>
   </trkpt>
   <trkpt lat="50.57781000000001" lon="4.5314000000000005">
    <ele>100.28</ele>
   </trkpt>
   <trkpt lat="50.57790000000001" lon="4.53131">
    <ele>100.28</ele>
   </trkpt>
   <trkpt lat="50.57842" lon="4.53068">
    <ele>99.58</ele>
   </trkpt>
   <trkpt lat="50.57895500101293" lon="4.530230004988762">
    <ele>99.45</ele>
   </trkpt>
   <trkpt lat="50.57949000000001" lon="4.529780000000001">
    <ele>99.25</ele>
   </trkpt>
   <trkpt lat="50.57972" lon="4.529660000000001">
    <ele>99.07000000000001</ele>
   </trkpt>
   <trkpt lat="50.580400000000004" lon="4.52939">
    <ele>98.96000000000001</ele>
   </trkpt>
   <trkpt lat="50.580760000000005" lon="4.52923">
    <ele>98.95</ele>
   </trkpt>
   <trkpt lat="50.58118" lon="4.52904">
    <ele>98.77000000000001</ele>
   </trkpt>
   <trkpt lat="50.581610000000005" lon="4.528860000000001">
    <ele>98.75</ele>
   </trkpt>
   <trkpt lat="50.58175000000001" lon="4.528770000000001">
    <ele>98.94000000000001</ele>
   </trkpt>
   <trkpt lat="50.58185" lon="4.52866">
    <ele>98.94000000000001</ele>
   </trkpt>
   <trkpt lat="50.582150000000006" lon="4.52822">
    <ele>98.98</ele>
   </trkpt>
   <trkpt lat="50.582370000000004" lon="4.528090000000001">
    <ele>98.98</ele>
   </trkpt>
   <trkpt lat="50.58287000000001" lon="4.52798">
    <ele>98.47</ele>
   </trkpt>
   <trkpt lat="50.58308" lon="4.527970000000001">
    <ele>98.12</ele>
   </trkpt>
   <trkpt lat="50.58334000000001" lon="4.52805">
    <ele>98.09</ele>
   </trkpt>
   <trkpt lat="50.58359" lon="4.528230000000001">
    <ele>98.25</ele>
   </trkpt>
   <trkpt lat="50.58406" lon="4.52867">
    <ele>99.80000000000001</ele>
   </trkpt>
   <trkpt lat="50.584320000000005" lon="4.52885">
    <ele>100.24000000000001</ele>
   </trkpt>
   <trkpt lat="50.584970000000006" lon="4.52918">
    <ele>102.04</ele>
   </trkpt>
   <trkpt lat="50.58545" lon="4.529380000000001">
    <ele>100.56</ele>
   </trkpt>
   <trkpt lat="50.58556" lon="4.529400000000001">
    <ele>100.56</ele>
   </trkpt>
   <trkpt lat="50.58614000000001" lon="4.52942">
    <ele>97.68</ele>
   </trkpt>
   <trkpt lat="50.58681000000001" lon="4.52949">
    <ele>96.24000000000001</ele>
   </trkpt>
   <trkpt lat="50.587680000000006" lon="4.52963">
    <ele>95.91000000000001</ele>
   </trkpt>
   <trkpt lat="50.58787" lon="4.52967">
    <ele>95.75</ele>
   </trkpt>
   <trkpt lat="50.58853500051838" lon="4.530029994895611">
    <ele>94.85000000000001</ele>
   </trkpt>
   <trkpt lat="50.589200000000005" lon="4.530390000000001">
    <ele>95.5</ele>
   </trkpt>
   <trkpt lat="50.589290000000005" lon="4.530390000000001">
    <ele>95.5</ele>
   </trkpt>
   <trkpt lat="50.58935" lon="4.530340000000001">
    <ele>95.25</ele>
   </trkpt>
   <trkpt lat="50.58964" lon="4.529590000000001">
    <ele>95.0</ele>
   </trkpt>
   <trkpt lat="50.590120000000006" lon="4.5292900000000005">
    <ele>94.95</ele>
   </trkpt>
   <trkpt lat="50.590160000000004" lon="4.529240000000001">
    <ele>94.95</ele>
   </trkpt>
   <trkpt lat="50.59031" lon="4.52876">
    <ele>95.15</ele>
   </trkpt>
   <trkpt lat="50.59049000219641" lon="4.52804500270146">
    <ele>95.64</ele>
   </trkpt>
   <trkpt lat="50.59067" lon="4.52733">
    <ele>96.67</ele>
   </trkpt>
   <trkpt lat="50.59078" lon="4.52704">
    <ele>97.59</ele>
   </trkpt>
   <trkpt lat="50.590700000000005" lon="4.526940000000001">
    <ele>98.14</ele>
   </trkpt>
   <trkpt lat="50.590590000000006" lon="4.526590000000001">
    <ele>99.07000000000001</ele>
   </trkpt>
   <trkpt lat="50.590450000000004" lon="4.52589">
    <ele>101.07000000000001</ele>
   </trkpt>
   <trkpt lat="50.590360000000004" lon="4.52531">
    <ele>102.72</ele>
   </trkpt>
   <trkpt lat="50.590340000000005" lon="4.52486">
    <ele>104.0</ele>
   </trkpt>
   <trkpt lat="50.59038" lon="4.52444">
    <ele>104.99000000000001</ele>
   </trkpt>
   <trkpt lat="50.59051" lon="4.523910000000001">
    <ele>107.36000000000001</ele>
   </trkpt>
   <trkpt lat="50.59076000295" lon="4.523075004549227">
    <ele>110.48</ele>
   </trkpt>
   <trkpt lat="50.591010000000004" lon="4.52224">
    <ele>113.81</ele>
   </trkpt>
   <trkpt lat="50.59122000000001" lon="4.521240000000001">
    <ele>117.63000000000001</ele>
   </trkpt>
   <trkpt lat="50.59132500412672" lon="4.520260002038754">
    <ele>121.18</ele>
   </trkpt>
   <trkpt lat="50.59143" lon="4.51928">
    <ele>123.55000000000001</ele>
   </trkpt>
   <trkpt lat="50.59153251518558" lon="4.518192507117994">
    <ele>128.12</ele>
   </trkpt>
   <trkpt lat="50.591635020246585" lon="4.517105009499995">
    <ele>132.19</ele>
   </trkpt>
   <trkpt lat="50.59173751518294" lon="4.516017507146433">
    <ele>137.03</ele>
   </trkpt>
   <trkpt lat="50.591840000000005" lon="4.5149300000000006">
    <ele>140.40000000000003</ele>
   </trkpt>
   <trkpt lat="50.591950000000004" lon="4.513590000000001">
    <ele>145.62</ele>
   </trkpt>
   <trkpt lat="50.591910030054436" lon="4.512404994986531">
    <ele>146.94000000000003</ele>
   </trkpt>
   <trkpt lat="50.59187004808729" lon="4.511219991985585">
    <ele>147.65</ele>
   </trkpt>
   <trkpt lat="50.591830054098644" lon="4.510034990997765">
    <ele>147.06000000000003</ele>
   </trkpt>
   <trkpt lat="50.59179004808854" lon="4.508849992023667">
    <ele>144.88</ele>
   </trkpt>
   <trkpt lat="50.591750030056986" lon="4.507664995063894">
    <ele>141.91</ele>
   </trkpt>
   <trkpt lat="50.591710000000006" lon="4.506480000000001">
    <ele>137.34</ele>
   </trkpt>
   <trkpt lat="50.59169000000001" lon="4.50595">
    <ele>135.76000000000002</ele>
   </trkpt>
   <trkpt lat="50.59165" lon="4.50558">
    <ele>133.44</ele>
   </trkpt>
   <trkpt lat="50.591590000000004" lon="4.5052900000000005">
    <ele>133.44</ele>
   </trkpt>
   <trkpt lat="50.59149000000001" lon="4.50499">
    <ele>131.92000000000002</ele>
   </trkpt>
   <trkpt lat="50.59113000172265" lon="4.504339994874505">
    <ele>127.07000000000001</ele>
   </trkpt>
   <trkpt lat="50.590770000000006" lon="4.503690000000001">
    <ele>125.07000000000001</ele>
   </trkpt>
   <trkpt lat="50.59038" lon="4.50291">
    <ele>121.95000000000002</ele>
   </trkpt>
   <trkpt lat="50.59019000000001" lon="4.50251">
    <ele>119.85000000000001</ele>
   </trkpt>
   <trkpt lat="50.59015" lon="4.50239">
    <ele>119.85000000000001</ele>
   </trkpt>
   <trkpt lat="50.59011" lon="4.502120000000001">
    <ele>118.95000000000002</ele>
   </trkpt>
   <trkpt lat="50.590120000000006" lon="4.50194">
    <ele>118.36</ele>
   </trkpt>
   <trkpt lat="50.59015" lon="4.50173">
    <ele>116.53</ele>
   </trkpt>
   <trkpt lat="50.590360000000004" lon="4.50117">
    <ele>114.33000000000001</ele>
   </trkpt>
   <trkpt lat="50.5908000039013" lon="4.500220008796387">
    <ele>109.73</ele>
   </trkpt>
   <trkpt lat="50.591240000000006" lon="4.49927">
    <ele>106.35000000000001</ele>
   </trkpt>
   <trkpt lat="50.591330000000006" lon="4.49896">
    <ele>105.92000000000002</ele>
   </trkpt>
   <trkpt lat="50.59142000000001" lon="4.498480000000001">
    <ele>105.36000000000001</ele>
   </trkpt>
   <trkpt lat="50.59141" lon="4.49795">
    <ele>105.41</ele>
   </trkpt>
   <trkpt lat="50.59131000000001" lon="4.496770000000001">
    <ele>106.38</ele>
   </trkpt>
   <trkpt lat="50.591120000000004" lon="4.49617">
    <ele>110.30000000000001</ele>
   </trkpt>
   <trkpt lat="50.590790000000005" lon="4.49547">
    <ele>112.52000000000001</ele>
   </trkpt>
   <trkpt lat="50.59064000000001" lon="4.495080000000001">
    <ele>114.5</ele>
   </trkpt>
   <trkpt lat="50.590540000000004" lon="4.494700000000001">
    <ele>116.30000000000001</ele>
   </trkpt>
   <trkpt lat="50.59048000000001" lon="4.49404">
    <ele>117.77000000000001</ele>
   </trkpt>
   <trkpt lat="50.59051" lon="4.49361">
    <ele>120.06000000000002</ele>
   </trkpt>
   <trkpt lat="50.59058" lon="4.4931600000000005">
    <ele>121.51</ele>
   </trkpt>
   <trkpt lat="50.59067" lon="4.492850000000001">
    <ele>122.34</ele>
   </trkpt>
   <trkpt lat="50.5908" lon="4.49253">
    <ele>123.26</ele>
   </trkpt>
   <trkpt lat="50.59132000439911" lon="4.4915100113729745">
    <ele>125.4</ele>
   </trkpt>
   <trkpt lat="50.591840000000005" lon="4.49049">
    <ele>129.47</ele>
   </trkpt>
   <trkpt lat="50.592020000000005" lon="4.49009">
    <ele>132.19</ele>
   </trkpt>
   <trkpt lat="50.592270000000006" lon="4.48923">
    <ele>134.05</ele>
   </trkpt>
   <trkpt lat="50.592400000000005" lon="4.4882100000000005">
    <ele>137.76000000000002</ele>
   </trkpt>
   <trkpt lat="50.592560000000006" lon="4.48761">
    <ele>137.31</ele>
   </trkpt>
   <trkpt lat="50.592600000000004" lon="4.48738">
    <ele>136.6</ele>
   </trkpt>
   <trkpt lat="50.592710000000004" lon="4.4862400000000004">
    <ele>133.71</ele>
   </trkpt>
   <trkpt lat="50.59276500254835" lon="4.48547000075311">
    <ele>129.9</ele>
   </trkpt>
   <trkpt lat="50.59282" lon="4.4847">
    <ele>128.35000000000002</ele>
   </trkpt>
   <trkpt lat="50.59293" lon="4.48362">
    <ele>125.18</ele>
   </trkpt>
   <trkpt lat="50.592980000000004" lon="4.48331">
    <ele>125.18</ele>
   </trkpt>
   <trkpt lat="50.59319000000001" lon="4.482530000000001">
    <ele>124.51</ele>
   </trkpt>
   <trkpt lat="50.59344" lon="4.481940000000001">
    <ele>122.95</ele>
   </trkpt>
   <trkpt lat="50.59378" lon="4.48139">
    <ele>121.73</ele>
   </trkpt>
   <trkpt lat="50.59405" lon="4.48078">
    <ele>120.78000000000002</ele>
   </trkpt>
   <trkpt lat="50.59445" lon="4.47968">
    <ele>117.58</ele>
   </trkpt>
   <trkpt lat="50.59489000000001" lon="4.47862">
    <ele>114.78</ele>
   </trkpt>
   <trkpt lat="50.59532" lon="4.477860000000001">
    <ele>114.05000000000001</ele>
   </trkpt>
   <trkpt lat="50.59528" lon="4.477790000000001">
    <ele>114.05000000000001</ele>
   </trkpt>
   <trkpt lat="50.595270000000006" lon="4.47766">
    <ele>113.88000000000001</ele>
   </trkpt>
   <trkpt lat="50.59532" lon="4.477550000000001">
    <ele>113.88000000000001</ele>
   </trkpt>
   <trkpt lat="50.59539" lon="4.4775">
    <ele>113.88000000000001</ele>
   </trkpt>
   <trkpt lat="50.59543000000001" lon="4.4775">
    <ele>113.88000000000001</ele>
   </trkpt>
   <trkpt lat="50.59552000000001" lon="4.477600000000001">
    <ele>113.86</ele>
   </trkpt>
   <trkpt lat="50.595600000000005" lon="4.47747">
    <ele>114.06</ele>
   </trkpt>
   <trkpt lat="50.59592000000001" lon="4.477110000000001">
    <ele>115.49000000000001</ele>
   </trkpt>
   <trkpt lat="50.596405001028515" lon="4.476630004904002">
    <ele>117.87000000000002</ele>
   </trkpt>
   <trkpt lat="50.59689" lon="4.4761500000000005">
    <ele>121.37</ele>
   </trkpt>
   <trkpt lat="50.59704000000001" lon="4.47595">
    <ele>122.04</ele>
   </trkpt>
   <trkpt lat="50.597100000000005" lon="4.475820000000001">
    <ele>122.24000000000001</ele>
   </trkpt>
   <trkpt lat="50.597060000000006" lon="4.475700000000001">
    <ele>122.60000000000001</ele>
   </trkpt>
   <trkpt lat="50.597100000000005" lon="4.47559">
    <ele>122.60000000000001</ele>
   </trkpt>
   <trkpt lat="50.597150000000006" lon="4.475560000000001">
    <ele>122.75000000000001</ele>
   </trkpt>
   <trkpt lat="50.59718" lon="4.47557">
    <ele>122.75000000000001</ele>
   </trkpt>
   <trkpt lat="50.597240000000006" lon="4.475650000000001">
    <ele>122.75000000000001</ele>
   </trkpt>
   <trkpt lat="50.59732" lon="4.47555">
    <ele>122.87</ele>
   </trkpt>
   <trkpt lat="50.59742000000001" lon="4.47534">
    <ele>123.2</ele>
   </trkpt>
   <trkpt lat="50.59751000000001" lon="4.47508">
    <ele>123.65</ele>
   </trkpt>
   <trkpt lat="50.59756" lon="4.47484">
    <ele>123.94000000000001</ele>
   </trkpt>
   <trkpt lat="50.5976700024179" lon="4.474090001683049">
    <ele>125.61</ele>
   </trkpt>
   <trkpt lat="50.59778000000001" lon="4.47334">
    <ele>126.48</ele>
   </trkpt>
   <trkpt lat="50.59788" lon="4.472790000000001">
    <ele>126.93</ele>
   </trkpt>
   <trkpt lat="50.598200000000006" lon="4.4717400000000005">
    <ele>128.54000000000002</ele>
   </trkpt>
   <trkpt lat="50.59844000179162" lon="4.471100003161025">
    <ele>129.76000000000002</ele>
   </trkpt>
   <trkpt lat="50.59868" lon="4.47046">
    <ele>130.59</ele>
   </trkpt>
   <trkpt lat="50.59911" lon="4.4693000000000005">
    <ele>130.41</ele>
   </trkpt>
   <trkpt lat="50.599520000000005" lon="4.4680800000000005">
    <ele>129.81</ele>
   </trkpt>
   <trkpt lat="50.599885006921035" lon="4.46680501001756">
    <ele>129.07999999999998</ele>
   </trkpt>
   <trkpt lat="50.60025" lon="4.46553">
    <ele>128.27</ele>
   </trkpt>
   <trkpt lat="50.60058" lon="4.4648">
    <ele>128.45000000000002</ele>
   </trkpt>
   <trkpt lat="50.60096" lon="4.464180000000001">
    <ele>128.82000000000002</ele>
   </trkpt>
   <trkpt lat="50.601440002342066" lon="4.463445007451052">
    <ele>130.10000000000002</ele>
   </trkpt>
   <trkpt lat="50.60192000000001" lon="4.46271">
    <ele>131.51000000000002</ele>
   </trkpt>
   <trkpt lat="50.60224500141328" lon="4.462140003896762">
    <ele>131.9</ele>
   </trkpt>
   <trkpt lat="50.60257000000001" lon="4.46157">
    <ele>131.44</ele>
   </trkpt>
   <trkpt lat="50.60293333911186" lon="4.4607500126113075">
    <ele>130.65</ele>
   </trkpt>
   <trkpt lat="50.603296672467856" lon="4.459930012560323">
    <ele>130.11</ele>
   </trkpt>
   <trkpt lat="50.603660000000005" lon="4.459110000000001">
    <ele>130.01000000000002</ele>
   </trkpt>
   <trkpt lat="50.60380000000001" lon="4.45873">
    <ele>129.51000000000002</ele>
   </trkpt>
   <trkpt lat="50.603820000000006" lon="4.45861">
    <ele>129.36</ele>
   </trkpt>
   <trkpt lat="50.60380000000001" lon="4.45849">
    <ele>129.36</ele>
   </trkpt>
   <trkpt lat="50.603840000000005" lon="4.45835">
    <ele>128.54999999999998</ele>
   </trkpt>
   <trkpt lat="50.603880000000004" lon="4.45831">
    <ele>128.54999999999998</ele>
   </trkpt>
   <trkpt lat="50.603930000000005" lon="4.45828">
    <ele>128.54999999999998</ele>
   </trkpt>
   <trkpt lat="50.60409000000001" lon="4.45807">
    <ele>127.73</ele>
   </trkpt>
   <trkpt lat="50.604240000000004" lon="4.45791">
    <ele>127.59</ele>
   </trkpt>
   <trkpt lat="50.604780000000005" lon="4.45688">
    <ele>124.42000000000002</ele>
   </trkpt>
   <trkpt lat="50.60503500178257" lon="4.45623500349046">
    <ele>122.05</ele>
   </trkpt>
   <trkpt lat="50.605290000000004" lon="4.45559">
    <ele>121.32000000000001</ele>
   </trkpt>
   <trkpt lat="50.605830000000005" lon="4.454610000000001">
    <ele>117.12000000000002</ele>
   </trkpt>
   <trkpt lat="50.606296672176" lon="4.453810015815758">
    <ele>113.98</ele>
   </trkpt>
   <trkpt lat="50.60676333887366" lon="4.4530100157628585">
    <ele>111.44000000000001</ele>
   </trkpt>
   <trkpt lat="50.60723" lon="4.45221">
    <ele>109.55000000000001</ele>
   </trkpt>
   <trkpt lat="50.607490000000006" lon="4.45164">
    <ele>107.55000000000001</ele>
   </trkpt>
   <trkpt lat="50.607600000000005" lon="4.45105">
    <ele>106.02</ele>
   </trkpt>
   <trkpt lat="50.60757" lon="4.45089">
    <ele>106.02</ele>
   </trkpt>
   <trkpt lat="50.60824" lon="4.45054">
    <ele>104.87</ele>
   </trkpt>
   <trkpt lat="50.608990000000006" lon="4.450220000000001">
    <ele>105.66</ele>
   </trkpt>
   <trkpt lat="50.60906000000001" lon="4.450220000000001">
    <ele>105.91</ele>
   </trkpt>
   <trkpt lat="50.60936" lon="4.450290000000001">
    <ele>106.55</ele>
   </trkpt>
   <trkpt lat="50.609410000000004" lon="4.449870000000001">
    <ele>106.63</ele>
   </trkpt>
   <trkpt lat="50.609480000000005" lon="4.44979">
    <ele>106.63</ele>
   </trkpt>
   <trkpt lat="50.610029999922446" lon="4.449670001433233">
    <ele>106.04</ele>
   </trkpt>
   <trkpt lat="50.610580000000006" lon="4.44955">
    <ele>106.91</ele>
   </trkpt>
   <trkpt lat="50.610670000000006" lon="4.45051">
    <ele>109.30000000000001</ele>
   </trkpt>
   <trkpt lat="50.61084" lon="4.45056">
    <ele>109.83000000000001</ele>
   </trkpt>
   <trkpt lat="50.610960000000006" lon="4.45063">
    <ele>109.97000000000001</ele>
   </trkpt>
   <trkpt lat="50.61124" lon="4.4507200000000005">
    <ele>110.4</ele>
   </trkpt>
   <trkpt lat="50.61141000000001" lon="4.4508600000000005">
    <ele>110.69000000000001</ele>
   </trkpt>
   <trkpt lat="50.611580000000004" lon="4.45103">
    <ele>111.02000000000001</ele>
   </trkpt>
   <trkpt lat="50.611760000000004" lon="4.45112">
    <ele>111.24000000000001</ele>
   </trkpt>
   <trkpt lat="50.61243" lon="4.45108">
    <ele>112.31</ele>
   </trkpt>
   <trkpt lat="50.612820000000006" lon="4.45094">
    <ele>112.41000000000001</ele>
   </trkpt>
   <trkpt lat="50.613110000000006" lon="4.4508">
    <ele>112.81</ele>
   </trkpt>
   <trkpt lat="50.61341" lon="4.45064">
    <ele>113.36</ele>
   </trkpt>
   <trkpt lat="50.61380000057295" lon="4.450285002912649">
    <ele>114.07000000000001</ele>
   </trkpt>
   <trkpt lat="50.61419" lon="4.44993">
    <ele>115.08000000000001</ele>
   </trkpt>
   <trkpt lat="50.61426" lon="4.44997">
    <ele>115.49000000000001</ele>
   </trkpt>
   <trkpt lat="50.61482" lon="4.4501">
    <ele>116.41000000000001</ele>
   </trkpt>
   <trkpt lat="50.615210000000005" lon="4.45007">
    <ele>118.09000000000002</ele>
   </trkpt>
   <trkpt lat="50.61543" lon="4.45004">
    <ele>119.09000000000002</ele>
   </trkpt>
   <trkpt lat="50.615640000000006" lon="4.44997">
    <ele>119.8</ele>
   </trkpt>
   <trkpt lat="50.61580000000001" lon="4.44995">
    <ele>119.8</ele>
   </trkpt>
   <trkpt lat="50.615860000000005" lon="4.44962">
    <ele>120.24000000000001</ele>
   </trkpt>
   <trkpt lat="50.61603" lon="4.44967">
    <ele>120.36</ele>
   </trkpt>
   <trkpt lat="50.616150000000005" lon="4.44969">
    <ele>120.36</ele>
   </trkpt>
   <trkpt lat="50.61636000000001" lon="4.449610000000001">
    <ele>120.54</ele>
   </trkpt>
   <trkpt lat="50.617020000000004" lon="4.44944">
    <ele>122.23</ele>
   </trkpt>
   <trkpt lat="50.61769" lon="4.44929">
    <ele>124.37</ele>
   </trkpt>
   <trkpt lat="50.618120000000005" lon="4.44916">
    <ele>125.41000000000003</ele>
   </trkpt>
   <trkpt lat="50.61881" lon="4.44881">
    <ele>123.80000000000001</ele>
   </trkpt>
   <trkpt lat="50.6191" lon="4.44876">
    <ele>123.73</ele>
   </trkpt>
   <trkpt lat="50.619240000000005" lon="4.44876">
    <ele>123.73</ele>
   </trkpt>
   <trkpt lat="50.61923" lon="4.44876">
    <ele>123.32000000000001</ele>
   </trkpt>
   <trkpt lat="50.61937" lon="4.448790000000001">
    <ele>123.24000000000001</ele>
   </trkpt>
   <trkpt lat="50.619530000000005" lon="4.4488900000000005">
    <ele>123.07000000000001</ele>
   </trkpt>
   <trkpt lat="50.61968" lon="4.44911">
    <ele>123.06000000000002</ele>
   </trkpt>
   <trkpt lat="50.61997500272981" lon="4.449919994704857">
    <ele>123.50000000000001</ele>
   </trkpt>
   <trkpt lat="50.620270000000005" lon="4.45073">
    <ele>125.2</ele>
   </trkpt>
   <trkpt lat="50.62048000000001" lon="4.4512100000000006">
    <ele>126.66000000000003</ele>
   </trkpt>
   <trkpt lat="50.620810000000006" lon="4.45187">
    <ele>128.86</ele>
   </trkpt>
   <trkpt lat="50.62107" lon="4.452310000000001">
    <ele>130.18</ele>
   </trkpt>
   <trkpt lat="50.621170000000006" lon="4.45244">
    <ele>130.47</ele>
   </trkpt>
   <trkpt lat="50.62142000000001" lon="4.45286">
    <ele>132.41</ele>
   </trkpt>
   <trkpt lat="50.62189000421407" lon="4.45355665283005">
    <ele>135.18</ele>
   </trkpt>
   <trkpt lat="50.622360004274086" lon="4.454253319585467">
    <ele>135.32000000000002</ele>
   </trkpt>
   <trkpt lat="50.62283000000001" lon="4.45495">
    <ele>132.20000000000002</ele>
   </trkpt>
   <trkpt lat="50.623305001935854" lon="4.45562499316179">
    <ele>128.31</ele>
   </trkpt>
   <trkpt lat="50.623780000000004" lon="4.456300000000001">
    <ele>126.0</ele>
   </trkpt>
   <trkpt lat="50.624390000000005" lon="4.457330000000001">
    <ele>119.5</ele>
   </trkpt>
   <trkpt lat="50.62472" lon="4.45779">
    <ele>117.13000000000001</ele>
   </trkpt>
   <trkpt lat="50.62514000083679" lon="4.458214996268399">
    <ele>115.41000000000001</ele>
   </trkpt>
   <trkpt lat="50.62556000000001" lon="4.45864">
    <ele>112.51</ele>
   </trkpt>
   <trkpt lat="50.62566" lon="4.4587200000000005">
    <ele>112.51</ele>
   </trkpt>
   <trkpt lat="50.62576000000001" lon="4.458760000000001">
    <ele>111.95</ele>
   </trkpt>
   <trkpt lat="50.62585000000001" lon="4.45889">
    <ele>110.95</ele>
   </trkpt>
   <trkpt lat="50.62599" lon="4.45901">
    <ele>109.75000000000001</ele>
   </trkpt>
   <trkpt lat="50.62617" lon="4.45913">
    <ele>109.17</ele>
   </trkpt>
   <trkpt lat="50.626725000079155" lon="4.45931499779385">
    <ele>106.33000000000001</ele>
   </trkpt>
   <trkpt lat="50.627280000000006" lon="4.4595">
    <ele>106.09</ele>
   </trkpt>
   <trkpt lat="50.62736" lon="4.459440000000001">
    <ele>106.19</ele>
   </trkpt>
   <trkpt lat="50.627745001693874" lon="4.458805005251999">
    <ele>108.62</ele>
   </trkpt>
   <trkpt lat="50.628130000000006" lon="4.45817">
    <ele>114.35000000000001</ele>
   </trkpt>
   <trkpt lat="50.6285" lon="4.45779">
    <ele>118.56000000000002</ele>
   </trkpt>
   <trkpt lat="50.628690000000006" lon="4.45756">
    <ele>118.56000000000002</ele>
   </trkpt>
   <trkpt lat="50.6289" lon="4.4572">
    <ele>122.31000000000002</ele>
   </trkpt>
   <trkpt lat="50.628840000000004" lon="4.45709">
    <ele>121.41</ele>
   </trkpt>
   <trkpt lat="50.62879" lon="4.457050000000001">
    <ele>121.41</ele>
   </trkpt>
   <trkpt lat="50.628910000000005" lon="4.45692">
    <ele>122.9</ele>
   </trkpt>
   <trkpt lat="50.62901" lon="4.45676">
    <ele>122.9</ele>
   </trkpt>
   <trkpt lat="50.62917" lon="4.456320000000001">
    <ele>124.28000000000002</ele>
   </trkpt>
   <trkpt lat="50.62952000000001" lon="4.455220000000001">
    <ele>127.66000000000003</ele>
   </trkpt>
   <trkpt lat="50.629670000000004" lon="4.454330000000001">
    <ele>130.02</ele>
   </trkpt>
   <trkpt lat="50.62971" lon="4.45422">
    <ele>131.06</ele>
   </trkpt>
   <trkpt lat="50.630010000000006" lon="4.453620000000001">
    <ele>133.54000000000002</ele>
   </trkpt>
   <trkpt lat="50.630160000000004" lon="4.453410000000001">
    <ele>134.54000000000002</ele>
   </trkpt>
   <trkpt lat="50.630300000000005" lon="4.45333">
    <ele>135.33</ele>
   </trkpt>
   <trkpt lat="50.630810000000004" lon="4.4531600000000005">
    <ele>137.33</ele>
   </trkpt>
   <trkpt lat="50.63120000096107" lon="4.4526800040126675">
    <ele>137.99</ele>
   </trkpt>
   <trkpt lat="50.63159" lon="4.4522">
    <ele>138.31</ele>
   </trkpt>
   <trkpt lat="50.631710000000005" lon="4.45214">
    <ele>138.31</ele>
   </trkpt>
   <trkpt lat="50.63226" lon="4.452170000000001">
    <ele>138.52</ele>
   </trkpt>
   <trkpt lat="50.63251" lon="4.4520800000000005">
    <ele>138.67000000000002</ele>
   </trkpt>
   <trkpt lat="50.63315000000001" lon="4.451790000000001">
    <ele>139.16</ele>
   </trkpt>
   <trkpt lat="50.63326000000001" lon="4.45178">
    <ele>139.16</ele>
   </trkpt>
   <trkpt lat="50.63335000000001" lon="4.4518">
    <ele>139.42000000000002</ele>
   </trkpt>
   <trkpt lat="50.63411000000001" lon="4.4524300000000006">
    <ele>139.99</ele>
   </trkpt>
   <trkpt lat="50.63425" lon="4.45253">
    <ele>140.01000000000002</ele>
   </trkpt>
   <trkpt lat="50.63454" lon="4.4527">
    <ele>139.97</ele>
   </trkpt>
   <trkpt lat="50.63499" lon="4.452870000000001">
    <ele>139.46</ele>
   </trkpt>
   <trkpt lat="50.63545000001962" lon="4.452889999805051">
    <ele>138.28</ele>
   </trkpt>
   <trkpt lat="50.63591" lon="4.45291">
    <ele>137.82</ele>
   </trkpt>
   <trkpt lat="50.63606000000001" lon="4.45295">
    <ele>137.81</ele>
   </trkpt>
   <trkpt lat="50.63631" lon="4.453">
    <ele>137.95000000000002</ele>
   </trkpt>
   <trkpt lat="50.63707" lon="4.45295">
    <ele>139.02</ele>
   </trkpt>
   <trkpt lat="50.63714" lon="4.45296">
    <ele>139.02</ele>
   </trkpt>
   <trkpt lat="50.637240000000006" lon="4.453">
    <ele>139.19</ele>
   </trkpt>
   <trkpt lat="50.63734" lon="4.45308">
    <ele>139.32</ele>
   </trkpt>
   <trkpt lat="50.63782500082271" lon="4.453539995174701">
    <ele>140.8</ele>
   </trkpt>
   <trkpt lat="50.638310000000004" lon="4.454000000000001">
    <ele>141.94</ele>
   </trkpt>
   <trkpt lat="50.63868" lon="4.4541200000000005">
    <ele>142.64000000000001</ele>
   </trkpt>
   <trkpt lat="50.6393149999712" lon="4.4541249999322154">
    <ele>145.58</ele>
   </trkpt>
   <trkpt lat="50.639950000000006" lon="4.45413">
    <ele>147.78000000000003</ele>
   </trkpt>
   <trkpt lat="50.64034" lon="4.45424">
    <ele>148.99</ele>
   </trkpt>
   <trkpt lat="50.64059" lon="4.454350000000001">
    <ele>149.66000000000003</ele>
   </trkpt>
   <trkpt lat="50.641290000000005" lon="4.4547300000000005">
    <ele>151.24</ele>
   </trkpt>
   <trkpt lat="50.641420000000004" lon="4.454820000000001">
    <ele>150.67000000000002</ele>
   </trkpt>
   <trkpt lat="50.64188500068547" lon="4.455209996169985">
    <ele>147.72000000000003</ele>
   </trkpt>
   <trkpt lat="50.64235000000001" lon="4.4556000000000004">
    <ele>145.71</ele>
   </trkpt>
   <trkpt lat="50.64242" lon="4.45565">
    <ele>145.71</ele>
   </trkpt>
   <trkpt lat="50.6427260270056" lon="4.456905967305235">
    <ele>141.99</ele>
   </trkpt>
   <trkpt lat="50.64303204051132" lon="4.45816195096882">
    <ele>140.93</ele>
   </trkpt>
   <trkpt lat="50.643338040516824" lon="4.459417950990424">
    <ele>139.07</ele>
   </trkpt>
   <trkpt lat="50.6436440270218" lon="4.460673967369717">
    <ele>138.63</ele>
   </trkpt>
   <trkpt lat="50.643950000000004" lon="4.461930000000001">
    <ele>139.86</ele>
   </trkpt>
   <trkpt lat="50.64425402838918" lon="4.463217966649728">
    <ele>140.96</ele>
   </trkpt>
   <trkpt lat="50.64455804258197" lon="4.464505949965909">
    <ele>141.52</ele>
   </trkpt>
   <trkpt lat="50.644862042578026" lon="4.465793949948162">
    <ele>141.95000000000002</ele>
   </trkpt>
   <trkpt lat="50.645166028377034" lon="4.467081966596103">
    <ele>142.61</ele>
   </trkpt>
   <trkpt lat="50.64547" lon="4.46837">
    <ele>143.52</ele>
   </trkpt>
   <trkpt lat="50.645590000000006" lon="4.46874">
    <ele>143.52</ele>
   </trkpt>
   <trkpt lat="50.64614801931586" lon="4.469801949574969">
    <ele>144.04</ele>
   </trkpt>
   <trkpt lat="50.64670602898062" lon="4.470863924374032">
    <ele>144.85</ele>
   </trkpt>
   <trkpt lat="50.64726402899391" lon="4.471925924397855">
    <ele>145.65</ele>
   </trkpt>
   <trkpt lat="50.64782201935529" lon="4.4729879496470994">
    <ele>145.57</ele>
   </trkpt>
   <trkpt lat="50.64838" lon="4.47405">
    <ele>144.47</ele>
   </trkpt>
   <trkpt lat="50.64893001135043" lon="4.474863961897607">
    <ele>143.43</ele>
   </trkpt>
   <trkpt lat="50.64948001703106" lon="4.475677942853449">
    <ele>142.3</ele>
   </trkpt>
   <trkpt lat="50.65003001704166" lon="4.476491942868146">
    <ele>141.76000000000002</ele>
   </trkpt>
   <trkpt lat="50.65058001138197" lon="4.477305961942322">
    <ele>141.15</ele>
   </trkpt>
   <trkpt lat="50.65113" lon="4.4781200000000005">
    <ele>141.14000000000001</ele>
   </trkpt>
   <trkpt lat="50.65142" lon="4.47857">
    <ele>141.15</ele>
   </trkpt>
   <trkpt lat="50.651650000000004" lon="4.479010000000001">
    <ele>141.05</ele>
   </trkpt>
   <trkpt lat="50.65195000206216" lon="4.4796999956512">
    <ele>141.25</ele>
   </trkpt>
   <trkpt lat="50.65225" lon="4.480390000000001">
    <ele>141.58</ele>
   </trkpt>
   <trkpt lat="50.652370000000005" lon="4.48076">
    <ele>141.77</ele>
   </trkpt>
   <trkpt lat="50.65245" lon="4.481070000000001">
    <ele>141.97</ele>
   </trkpt>
   <trkpt lat="50.652585005022964" lon="4.482154996769533">
    <ele>142.96</ele>
   </trkpt>
   <trkpt lat="50.65272" lon="4.48324">
    <ele>143.49</ele>
   </trkpt>
   <trkpt lat="50.65281" lon="4.48362">
    <ele>143.85</ele>
   </trkpt>
   <trkpt lat="50.65306" lon="4.48433">
    <ele>144.21</ele>
   </trkpt>
   <trkpt lat="50.653220000000005" lon="4.4849000000000006">
    <ele>143.66</ele>
   </trkpt>
   <trkpt lat="50.65351402716867" lon="4.486159968446216">
    <ele>143.66</ele>
   </trkpt>
   <trkpt lat="50.653808040752324" lon="4.487419952665449">
    <ele>143.66</ele>
   </trkpt>
   <trkpt lat="50.654102040750644" lon="4.488679952657331">
    <ele>142.42000000000002</ele>
   </trkpt>
   <trkpt lat="50.654396027163344" lon="4.4899399684214965">
    <ele>142.42000000000002</ele>
   </trkpt>
   <trkpt lat="50.65469" lon="4.4912">
    <ele>142.46</ele>
   </trkpt>
   <trkpt lat="50.654680000000006" lon="4.4912">
    <ele>142.81000000000003</ele>
   </trkpt>
   <trkpt lat="50.654900000000005" lon="4.49214">
    <ele>142.49</ele>
   </trkpt>
   <trkpt lat="50.65523" lon="4.4931600000000005">
    <ele>141.8</ele>
   </trkpt>
   <trkpt lat="50.65561370051911" lon="4.494384445435996">
    <ele>140.67000000000002</ele>
   </trkpt>
   <trkpt lat="50.6559973882086" lon="4.495608910876851">
    <ele>139.82</ele>
   </trkpt>
   <trkpt lat="50.656381063068025" lon="4.496833396322497">
    <ele>138.69</ele>
   </trkpt>
   <trkpt lat="50.656764725097055" lon="4.498057901772865">
    <ele>136.41</ele>
   </trkpt>
   <trkpt lat="50.65714837429529" lon="4.499282427227883">
    <ele>134.56</ele>
   </trkpt>
   <trkpt lat="50.657532010662315" lon="4.500506972687487">
    <ele>130.71</ele>
   </trkpt>
   <trkpt lat="50.657915634197785" lon="4.5017315381516045">
    <ele>127.15</ele>
   </trkpt>
   <trkpt lat="50.65829924490129" lon="4.502956123620168">
    <ele>123.48</ele>
   </trkpt>
   <trkpt lat="50.658682842772464" lon="4.504180729093107">
    <ele>121.73</ele>
   </trkpt>
   <trkpt lat="50.659066427810906" lon="4.505405354570353">
    <ele>125.34</ele>
   </trkpt>
   <trkpt lat="50.65945000000001" lon="4.50663">
    <ele>129.86</ele>
   </trkpt>
   <trkpt lat="50.65954000000001" lon="4.5067900000000005">
    <ele>129.14000000000001</ele>
   </trkpt>
   <trkpt lat="50.663410000000006" lon="4.49594">
    <ele>134.55</ele>
   </trkpt>
   <trkpt lat="50.663560000000004" lon="4.49563">
    <ele>134.41</ele>
   </trkpt>
   <trkpt lat="50.663790000000006" lon="4.495240000000001">
    <ele>134.18</ele>
   </trkpt>
   <trkpt lat="50.66395000000001" lon="4.495030000000001">
    <ele>134.08</ele>
   </trkpt>
   <trkpt lat="50.664390000000004" lon="4.49465">
    <ele>133.3</ele>
   </trkpt>
   <trkpt lat="50.66461" lon="4.4945200000000005">
    <ele>133.01000000000002</ele>
   </trkpt>
   <trkpt lat="50.66512000026384" lon="4.494295002423022">
    <ele>132.4</ele>
   </trkpt>
   <trkpt lat="50.66563000000001" lon="4.494070000000001">
    <ele>131.59</ele>
   </trkpt>
   <trkpt lat="50.665760000000006" lon="4.494090000000001">
    <ele>131.59</ele>
   </trkpt>
   <trkpt lat="50.665850000000006" lon="4.49413">
    <ele>131.59</ele>
   </trkpt>
   <trkpt lat="50.66632000042587" lon="4.494429997023011">
    <ele>130.14000000000001</ele>
   </trkpt>
   <trkpt lat="50.666790000000006" lon="4.494730000000001">
    <ele>129.04999999999998</ele>
   </trkpt>
   <trkpt lat="50.666970000000006" lon="4.494870000000001">
    <ele>128.78</ele>
   </trkpt>
   <trkpt lat="50.66718" lon="4.49507">
    <ele>128.78</ele>
   </trkpt>
   <trkpt lat="50.66772" lon="4.495780000000001">
    <ele>126.93</ele>
   </trkpt>
   <trkpt lat="50.667860000000005" lon="4.495920000000001">
    <ele>126.17</ele>
   </trkpt>
   <trkpt lat="50.66852" lon="4.49622">
    <ele>121.44</ele>
   </trkpt>
   <trkpt lat="50.668870000000005" lon="4.49622">
    <ele>120.74000000000001</ele>
   </trkpt>
   <trkpt lat="50.66904" lon="4.49626">
    <ele>121.01</ele>
   </trkpt>
   <trkpt lat="50.66937" lon="4.496390000000001">
    <ele>122.35000000000001</ele>
   </trkpt>
   <trkpt lat="50.67013000000001" lon="4.497070000000001">
    <ele>124.64000000000001</ele>
   </trkpt>
   <trkpt lat="50.6702" lon="4.49709">
    <ele>124.64000000000001</ele>
   </trkpt>
   <trkpt lat="50.67027" lon="4.49709">
    <ele>124.64000000000001</ele>
   </trkpt>
   <trkpt lat="50.67049" lon="4.4969600000000005">
    <ele>124.88</ele>
   </trkpt>
   <trkpt lat="50.671285001389116" lon="4.496415009148437">
    <ele>126.4</ele>
   </trkpt>
   <trkpt lat="50.67208" lon="4.49587">
    <ele>127.8</ele>
   </trkpt>
   <trkpt lat="50.672200000000004" lon="4.495690000000001">
    <ele>127.98</ele>
   </trkpt>
   <trkpt lat="50.67271500383683" lon="4.49475501008212">
    <ele>128.35000000000002</ele>
   </trkpt>
   <trkpt lat="50.673230000000004" lon="4.49382">
    <ele>125.47</ele>
   </trkpt>
   <trkpt lat="50.67345" lon="4.49361">
    <ele>124.01</ele>
   </trkpt>
   <trkpt lat="50.673590000000004" lon="4.493530000000001">
    <ele>122.73</ele>
   </trkpt>
   <trkpt lat="50.67378" lon="4.493480000000001">
    <ele>120.38000000000001</ele>
   </trkpt>
   <trkpt lat="50.67401" lon="4.49352">
    <ele>120.38000000000001</ele>
   </trkpt>
   <trkpt lat="50.674200000000006" lon="4.49362">
    <ele>120.38000000000001</ele>
   </trkpt>
   <trkpt lat="50.674960000000006" lon="4.4942">
    <ele>113.14</ele>
   </trkpt>
   <trkpt lat="50.675160000000005" lon="4.49432">
    <ele>113.14</ele>
   </trkpt>
   <trkpt lat="50.675270000000005" lon="4.49437">
    <ele>110.68</ele>
   </trkpt>
   <trkpt lat="50.67544" lon="4.49441">
    <ele>110.68</ele>
   </trkpt>
   <trkpt lat="50.67573" lon="4.49443">
    <ele>108.06</ele>
   </trkpt>
   <trkpt lat="50.675990000000006" lon="4.49436">
    <ele>106.72000000000001</ele>
   </trkpt>
   <trkpt lat="50.67627" lon="4.494210000000001">
    <ele>105.41</ele>
   </trkpt>
   <trkpt lat="50.67645" lon="4.4940500000000005">
    <ele>104.96000000000001</ele>
   </trkpt>
   <trkpt lat="50.67662000000001" lon="4.493860000000001">
    <ele>104.99000000000001</ele>
   </trkpt>
   <trkpt lat="50.67689000000001" lon="4.4934400000000005">
    <ele>106.13</ele>
   </trkpt>
   <trkpt lat="50.677240000000005" lon="4.493040000000001">
    <ele>108.46000000000001</ele>
   </trkpt>
   <trkpt lat="50.67748" lon="4.49286">
    <ele>110.61000000000001</ele>
   </trkpt>
   <trkpt lat="50.67766" lon="4.49279">
    <ele>111.12</ele>
   </trkpt>
   <trkpt lat="50.677870000000006" lon="4.492730000000001">
    <ele>111.12</ele>
   </trkpt>
   <trkpt lat="50.678110000000004" lon="4.49272">
    <ele>113.55000000000001</ele>
   </trkpt>
   <trkpt lat="50.67831" lon="4.49275">
    <ele>114.44000000000001</ele>
   </trkpt>
   <trkpt lat="50.678360000000005" lon="4.49275">
    <ele>114.76000000000002</ele>
   </trkpt>
   <trkpt lat="50.67891500039446" lon="4.493019996847218">
    <ele>115.17</ele>
   </trkpt>
   <trkpt lat="50.67947" lon="4.49329">
    <ele>113.15</ele>
   </trkpt>
   <trkpt lat="50.67958" lon="4.493320000000001">
    <ele>113.15</ele>
   </trkpt>
   <trkpt lat="50.67978" lon="4.493340000000001">
    <ele>112.38000000000001</ele>
   </trkpt>
   <trkpt lat="50.68032000000962" lon="4.49318500181029">
    <ele>112.44000000000001</ele>
   </trkpt>
   <trkpt lat="50.68086" lon="4.49303">
    <ele>112.96000000000001</ele>
   </trkpt>
   <trkpt lat="50.680980000000005" lon="4.49298">
    <ele>112.92</ele>
   </trkpt>
   <trkpt lat="50.681340000000006" lon="4.49274">
    <ele>112.73</ele>
   </trkpt>
   <trkpt lat="50.681450000000005" lon="4.492710000000001">
    <ele>112.60000000000001</ele>
   </trkpt>
   <trkpt lat="50.68159000000001" lon="4.49275">
    <ele>112.46000000000001</ele>
   </trkpt>
   <trkpt lat="50.68188000000001" lon="4.49288">
    <ele>111.83000000000001</ele>
   </trkpt>
   <trkpt lat="50.682120000000005" lon="4.49293">
    <ele>111.17</ele>
   </trkpt>
   <trkpt lat="50.68236" lon="4.49289">
    <ele>110.76</ele>
   </trkpt>
   <trkpt lat="50.682570000000005" lon="4.49282">
    <ele>110.28</ele>
   </trkpt>
   <trkpt lat="50.68283" lon="4.492640000000001">
    <ele>109.47000000000001</ele>
   </trkpt>
   <trkpt lat="50.68300000000001" lon="4.49246">
    <ele>108.65</ele>
   </trkpt>
   <trkpt lat="50.68323" lon="4.49209">
    <ele>106.58000000000001</ele>
   </trkpt>
   <trkpt lat="50.683400000000006" lon="4.4916">
    <ele>104.57000000000001</ele>
   </trkpt>
   <trkpt lat="50.683490000000006" lon="4.491070000000001">
    <ele>101.39</ele>
   </trkpt>
   <trkpt lat="50.6835" lon="4.49066">
    <ele>100.37000000000002</ele>
   </trkpt>
   <trkpt lat="50.68347000000001" lon="4.4903200000000005">
    <ele>97.73</ele>
   </trkpt>
   <trkpt lat="50.68339" lon="4.489940000000001">
    <ele>96.66000000000001</ele>
   </trkpt>
   <trkpt lat="50.68312" lon="4.48915">
    <ele>92.88</ele>
   </trkpt>
   <trkpt lat="50.68301" lon="4.488700000000001">
    <ele>91.7</ele>
   </trkpt>
   <trkpt lat="50.682990000000004" lon="4.488320000000001">
    <ele>90.84</ele>
   </trkpt>
   <trkpt lat="50.682990000000004" lon="4.487970000000001">
    <ele>89.96000000000001</ele>
   </trkpt>
   <trkpt lat="50.683080003048254" lon="4.487130001332205">
    <ele>83.80000000000001</ele>
   </trkpt>
   <trkpt lat="50.683170000000004" lon="4.48629">
    <ele>79.22000000000001</ele>
   </trkpt>
   <trkpt lat="50.68325" lon="4.4858">
    <ele>76.30000000000001</ele>
   </trkpt>
   <trkpt lat="50.68357" lon="4.48465">
    <ele>69.03</ele>
   </trkpt>
   <trkpt lat="50.683730000000004" lon="4.4842200000000005">
    <ele>68.44</ele>
   </trkpt>
   <trkpt lat="50.68385000000001" lon="4.484">
    <ele>68.18</ele>
   </trkpt>
   <trkpt lat="50.68419500088493" lon="4.4835250036029315">
    <ele>67.91000000000001</ele>
   </trkpt>
   <trkpt lat="50.684540000000005" lon="4.48305">
    <ele>68.89</ele>
   </trkpt>
   <trkpt lat="50.68469" lon="4.48299">
    <ele>69.26</ele>
   </trkpt>
   <trkpt lat="50.68473" lon="4.4830000000000005">
    <ele>69.26</ele>
   </trkpt>
   <trkpt lat="50.68497000000001" lon="4.48317">
    <ele>69.29</ele>
   </trkpt>
   <trkpt lat="50.685500001020756" lon="4.483609995189755">
    <ele>69.88000000000001</ele>
   </trkpt>
   <trkpt lat="50.68603" lon="4.484050000000001">
    <ele>71.43</ele>
   </trkpt>
   <trkpt lat="50.686150000000005" lon="4.48414">
    <ele>71.61</ele>
   </trkpt>
   <trkpt lat="50.686240000000005" lon="4.48418">
    <ele>71.87</ele>
   </trkpt>
   <trkpt lat="50.6863" lon="4.48418">
    <ele>71.87</ele>
   </trkpt>
   <trkpt lat="50.686420000000005" lon="4.484430000000001">
    <ele>71.75</ele>
   </trkpt>
   <trkpt lat="50.68648" lon="4.484450000000001">
    <ele>71.75</ele>
   </trkpt>
   <trkpt lat="50.687193336351626" lon="4.485049981703319">
    <ele>71.25</ele>
   </trkpt>
   <trkpt lat="50.68790666962342" lon="4.485649981651208">
    <ele>71.38</ele>
   </trkpt>
   <trkpt lat="50.68862000000001" lon="4.48625">
    <ele>71.88</ele>
   </trkpt>
   <trkpt lat="50.68889" lon="4.4865200000000005">
    <ele>72.58</ele>
   </trkpt>
   <trkpt lat="50.68948" lon="4.48726">
    <ele>73.09</ele>
   </trkpt>
   <trkpt lat="50.689690000000006" lon="4.48749">
    <ele>76.51</ele>
   </trkpt>
   <trkpt lat="50.690473336092616" lon="4.488063314147607">
    <ele>76.51</ele>
   </trkpt>
   <trkpt lat="50.691256669373175" lon="4.4886366474419015">
    <ele>72.14000000000001</ele>
   </trkpt>
   <trkpt lat="50.692040000000006" lon="4.489210000000001">
    <ele>72.11</ele>
   </trkpt>
   <trkpt lat="50.692763337235974" lon="4.489886645784397">
    <ele>71.5</ele>
   </trkpt>
   <trkpt lat="50.69348667055495" lon="4.490563312437212">
    <ele>70.62</ele>
   </trkpt>
   <trkpt lat="50.694210000000005" lon="4.49124">
    <ele>69.98</ele>
   </trkpt>
   <trkpt lat="50.69445" lon="4.49153">
    <ele>67.98</ele>
   </trkpt>
   <trkpt lat="50.695127525272014" lon="4.492448657101872">
    <ele>67.98</ele>
   </trkpt>
   <trkpt lat="50.69580504332418" lon="4.493367340743764">
    <ele>67.98</ele>
   </trkpt>
   <trkpt lat="50.69648255415609" lon="4.494286050926801">
    <ele>67.98</ele>
   </trkpt>
   <trkpt lat="50.69716005776742" lon="4.495204787652108">
    <ele>64.23</ele>
   </trkpt>
   <trkpt lat="50.697837554157736" lon="4.496123550920808">
    <ele>64.23</ele>
   </trkpt>
   <trkpt lat="50.69851504332668" lon="4.497042340734025">
    <ele>64.23</ele>
   </trkpt>
   <trkpt lat="50.69919252527388" lon="4.497961157092885">
    <ele>64.23</ele>
   </trkpt>
   <trkpt lat="50.699870000000004" lon="4.498880000000001">
    <ele>64.23</ele>
   </trkpt>
   <trkpt lat="50.69993" lon="4.498830000000001">
    <ele>63.050000000000004</ele>
   </trkpt>
   <trkpt lat="50.69999000000001" lon="4.49887">
    <ele>63.33000000000001</ele>
   </trkpt>
   <trkpt lat="50.700010000000006" lon="4.49896">
    <ele>63.33000000000001</ele>
   </trkpt>
   <trkpt lat="50.7" lon="4.49903">
    <ele>63.33000000000001</ele>
   </trkpt>
   <trkpt lat="50.700100000000006" lon="4.49913">
    <ele>63.61</ele>
   </trkpt>
   <trkpt lat="50.70054500047993" lon="4.499444997050189">
    <ele>64.35000000000001</ele>
   </trkpt>
   <trkpt lat="50.700990000000004" lon="4.49976">
    <ele>65.16000000000001</ele>
   </trkpt>
   <trkpt lat="50.701260000000005" lon="4.5000100000000005">
    <ele>67.59</ele>
   </trkpt>
   <trkpt lat="50.701650001014265" lon="4.50046499636612">
    <ele>68.13000000000001</ele>
   </trkpt>
   <trkpt lat="50.702040000000004" lon="4.500920000000001">
    <ele>68.89</ele>
   </trkpt>
   <trkpt lat="50.702130000000004" lon="4.50075">
    <ele>68.49000000000001</ele>
   </trkpt>
   <trkpt lat="50.70219" lon="4.5005500000000005">
    <ele>67.41000000000001</ele>
   </trkpt>
   <trkpt lat="50.70223500293115" lon="4.499720001080173">
    <ele>64.17</ele>
   </trkpt>
   <trkpt lat="50.70228" lon="4.49889">
    <ele>61.09</ele>
   </trkpt>
   <trkpt lat="50.702540000000006" lon="4.49781">
    <ele>61.18000000000001</ele>
   </trkpt>
   <trkpt lat="50.70255" lon="4.497660000000001">
    <ele>61.52</ele>
   </trkpt>
   <trkpt lat="50.70268" lon="4.49765">
    <ele>61.27</ele>
   </trkpt>
   <trkpt lat="50.703" lon="4.497170000000001">
    <ele>61.33</ele>
   </trkpt>
   <trkpt lat="50.70309" lon="4.49706">
    <ele>61.45</ele>
   </trkpt>
   <trkpt lat="50.70322" lon="4.49694">
    <ele>61.730000000000004</ele>
   </trkpt>
   <trkpt lat="50.70346000000001" lon="4.4968200000000005">
    <ele>62.68</ele>
   </trkpt>
   <trkpt lat="50.70356" lon="4.4968200000000005">
    <ele>62.68</ele>
   </trkpt>
   <trkpt lat="50.704129999851865" lon="4.496904998940013">
    <ele>64.38000000000001</ele>
   </trkpt>
   <trkpt lat="50.7047" lon="4.49699">
    <ele>65.49000000000001</ele>
   </trkpt>
   <trkpt lat="50.70545999989451" lon="4.497079998524577">
    <ele>65.43</ele>
   </trkpt>
   <trkpt lat="50.70622" lon="4.497170000000001">
    <ele>65.05000000000001</ele>
   </trkpt>
   <trkpt lat="50.7064" lon="4.497140000000001">
    <ele>65.02000000000001</ele>
   </trkpt>
   <trkpt lat="50.707040000000006" lon="4.49697">
    <ele>65.17</ele>
   </trkpt>
   <trkpt lat="50.707280000000004" lon="4.49697">
    <ele>65.71000000000001</ele>
   </trkpt>
   <trkpt lat="50.70743" lon="4.49702">
    <ele>65.71000000000001</ele>
   </trkpt>
   <trkpt lat="50.707950000000004" lon="4.4972900000000005">
    <ele>65.75</ele>
   </trkpt>
   <trkpt lat="50.70850666791799" lon="4.4976699909868785">
    <ele>66.02000000000001</ele>
   </trkpt>
   <trkpt lat="50.70906333460079" lon="4.498049990997765">
    <ele>66.22</ele>
   </trkpt>
   <trkpt lat="50.70962" lon="4.49843">
    <ele>65.84</ele>
   </trkpt>
   <trkpt lat="50.71032" lon="4.49896">
    <ele>64.67</ele>
   </trkpt>
   <trkpt lat="50.71116000000001" lon="4.49941">
    <ele>62.00000000000001</ele>
   </trkpt>
   <trkpt lat="50.71146" lon="4.49964">
    <ele>61.93000000000001</ele>
   </trkpt>
   <trkpt lat="50.711670000000005" lon="4.499770000000001">
    <ele>62.09</ele>
   </trkpt>
   <trkpt lat="50.711760000000005" lon="4.499820000000001">
    <ele>62.080000000000005</ele>
   </trkpt>
   <trkpt lat="50.71177" lon="4.49978">
    <ele>62.080000000000005</ele>
   </trkpt>
   <trkpt lat="50.71181000000001" lon="4.49971">
    <ele>62.080000000000005</ele>
   </trkpt>
   <trkpt lat="50.711870000000005" lon="4.49969">
    <ele>62.11000000000001</ele>
   </trkpt>
   <trkpt lat="50.71190000000001" lon="4.49971">
    <ele>62.11000000000001</ele>
   </trkpt>
   <trkpt lat="50.711960000000005" lon="4.49979">
    <ele>61.89000000000001</ele>
   </trkpt>
   <trkpt lat="50.711960000000005" lon="4.49992">
    <ele>61.89000000000001</ele>
   </trkpt>
   <trkpt lat="50.71209" lon="4.49995">
    <ele>61.64000000000001</ele>
   </trkpt>
   <trkpt lat="50.712430000000005" lon="4.50016">
    <ele>61.46000000000001</ele>
   </trkpt>
   <trkpt lat="50.71262" lon="4.500310000000001">
    <ele>61.50000000000001</ele>
   </trkpt>
   <trkpt lat="50.71304000101838" lon="4.500789995736832">
    <ele>62.02</ele>
   </trkpt>
   <trkpt lat="50.713460000000005" lon="4.501270000000001">
    <ele>62.230000000000004</ele>
   </trkpt>
   <trkpt lat="50.7137" lon="4.501670000000001">
    <ele>62.470000000000006</ele>
   </trkpt>
   <trkpt lat="50.713730000000005" lon="4.50166">
    <ele>62.470000000000006</ele>
   </trkpt>
   <trkpt lat="50.713950000000004" lon="4.5018">
    <ele>62.59</ele>
   </trkpt>
   <trkpt lat="50.714360000000006" lon="4.50218">
    <ele>65.95</ele>
   </trkpt>
   <trkpt lat="50.714470000000006" lon="4.50225">
    <ele>67.5</ele>
   </trkpt>
   <trkpt lat="50.71491" lon="4.502120000000001">
    <ele>72.02</ele>
   </trkpt>
   <trkpt lat="50.71526" lon="4.50199">
    <ele>76.01</ele>
   </trkpt>
   <trkpt lat="50.71538" lon="4.50192">
    <ele>77.43</ele>
   </trkpt>
   <trkpt lat="50.71555000000001" lon="4.501740000000001">
    <ele>80.67</ele>
   </trkpt>
   <trkpt lat="50.715790000000005" lon="4.50142">
    <ele>84.0</ele>
   </trkpt>
   <trkpt lat="50.716210000000004" lon="4.50075">
    <ele>87.83</ele>
   </trkpt>
   <trkpt lat="50.71629" lon="4.50058">
    <ele>92.52</ele>
   </trkpt>
   <trkpt lat="50.716330000000006" lon="4.50035">
    <ele>93.51</ele>
   </trkpt>
   <trkpt lat="50.71634" lon="4.49966">
    <ele>95.76</ele>
   </trkpt>
   <trkpt lat="50.71638" lon="4.499490000000001">
    <ele>95.7</ele>
   </trkpt>
   <trkpt lat="50.716390000000004" lon="4.4993300000000005">
    <ele>95.7</ele>
   </trkpt>
   <trkpt lat="50.71652" lon="4.4987200000000005">
    <ele>94.51</ele>
   </trkpt>
   <trkpt lat="50.716550000000005" lon="4.49866">
    <ele>94.28</ele>
   </trkpt>
   <trkpt lat="50.71679" lon="4.49824">
    <ele>94.03</ele>
   </trkpt>
   <trkpt lat="50.71701" lon="4.49779">
    <ele>94.65</ele>
   </trkpt>
   <trkpt lat="50.7171" lon="4.497400000000001">
    <ele>96.91000000000001</ele>
   </trkpt>
   <trkpt lat="50.71714000000001" lon="4.4969600000000005">
    <ele>96.91000000000001</ele>
   </trkpt>
   <trkpt lat="50.717000000000006" lon="4.4963500000000005">
    <ele>98.64</ele>
   </trkpt>
   <trkpt lat="50.7167" lon="4.495340000000001">
    <ele>100.97</ele>
   </trkpt>
   <trkpt lat="50.71658000000001" lon="4.49448">
    <ele>101.94</ele>
   </trkpt>
   <trkpt lat="50.716590000000004" lon="4.494280000000001">
    <ele>102.55</ele>
   </trkpt>
   <trkpt lat="50.71663" lon="4.49416">
    <ele>103.23</ele>
   </trkpt>
   <trkpt lat="50.71692000129915" lon="4.493605003468956">
    <ele>104.85000000000001</ele>
   </trkpt>
   <trkpt lat="50.71721" lon="4.49305">
    <ele>106.8</ele>
   </trkpt>
   <trkpt lat="50.717360000000006" lon="4.49293">
    <ele>107.28000000000002</ele>
   </trkpt>
   <trkpt lat="50.717510000000004" lon="4.4927">
    <ele>108.32000000000001</ele>
   </trkpt>
   <trkpt lat="50.71766" lon="4.4927600000000005">
    <ele>108.64000000000001</ele>
   </trkpt>
   <trkpt lat="50.71839000000001" lon="4.49315">
    <ele>108.72000000000001</ele>
   </trkpt>
   <trkpt lat="50.71866000000001" lon="4.49331">
    <ele>108.63</ele>
   </trkpt>
   <trkpt lat="50.719170000000005" lon="4.493580000000001">
    <ele>108.06</ele>
   </trkpt>
   <trkpt lat="50.71938" lon="4.49371">
    <ele>107.76</ele>
   </trkpt>
   <trkpt lat="50.719570000000004" lon="4.493790000000001">
    <ele>107.49</ele>
   </trkpt>
   <trkpt lat="50.72004999995862" lon="4.493864999221572">
    <ele>106.07000000000001</ele>
   </trkpt>
   <trkpt lat="50.720530000000004" lon="4.49394">
    <ele>104.31000000000002</ele>
   </trkpt>
   <trkpt lat="50.720760000000006" lon="4.49396">
    <ele>103.42000000000002</ele>
   </trkpt>
   <trkpt lat="50.72093" lon="4.49394">
    <ele>102.46000000000001</ele>
   </trkpt>
   <trkpt lat="50.721210000000006" lon="4.49383">
    <ele>101.64</ele>
   </trkpt>
   <trkpt lat="50.72138" lon="4.4937000000000005">
    <ele>101.5</ele>
   </trkpt>
   <trkpt lat="50.721790000000006" lon="4.4932300000000005">
    <ele>100.81</ele>
   </trkpt>
   <trkpt lat="50.72247" lon="4.49268">
    <ele>100.12000000000002</ele>
   </trkpt>
   <trkpt lat="50.722550000000005" lon="4.492590000000001">
    <ele>99.82000000000001</ele>
   </trkpt>
   <trkpt lat="50.72267" lon="4.492380000000001">
    <ele>99.82000000000001</ele>
   </trkpt>
   <trkpt lat="50.72288" lon="4.49192">
    <ele>99.57000000000001</ele>
   </trkpt>
   <trkpt lat="50.7233" lon="4.491210000000001">
    <ele>98.65</ele>
   </trkpt>
   <trkpt lat="50.72359" lon="4.490760000000001">
    <ele>97.53</ele>
   </trkpt>
   <trkpt lat="50.723910000000004" lon="4.4901100000000005">
    <ele>93.23</ele>
   </trkpt>
   <trkpt lat="50.72397" lon="4.48993">
    <ele>91.42</ele>
   </trkpt>
   <trkpt lat="50.724070000000005" lon="4.489470000000001">
    <ele>89.53000000000002</ele>
   </trkpt>
   <trkpt lat="50.72415" lon="4.48925">
    <ele>87.56000000000002</ele>
   </trkpt>
   <trkpt lat="50.72439000000001" lon="4.48876">
    <ele>83.54</ele>
   </trkpt>
   <trkpt lat="50.724680000000006" lon="4.48838">
    <ele>80.22</ele>
   </trkpt>
   <trkpt lat="50.72507" lon="4.48794">
    <ele>77.25000000000001</ele>
   </trkpt>
   <trkpt lat="50.72525" lon="4.48777">
    <ele>75.41</ele>
   </trkpt>
   <trkpt lat="50.725390000000004" lon="4.48766">
    <ele>74.95</ele>
   </trkpt>
   <trkpt lat="50.72556" lon="4.487550000000001">
    <ele>74.44</ele>
   </trkpt>
   <trkpt lat="50.726290000000006" lon="4.48721">
    <ele>69.06</ele>
   </trkpt>
   <trkpt lat="50.726470000000006" lon="4.4870600000000005">
    <ele>68.03</ele>
   </trkpt>
   <trkpt lat="50.727000000000004" lon="4.48636">
    <ele>66.29</ele>
   </trkpt>
   <trkpt lat="50.727520000000005" lon="4.4858">
    <ele>66.16000000000001</ele>
   </trkpt>
   <trkpt lat="50.72742" lon="4.4854">
    <ele>66.28</ele>
   </trkpt>
   <trkpt lat="50.727230000000006" lon="4.4847600000000005">
    <ele>67.14</ele>
   </trkpt>
   <trkpt lat="50.72722" lon="4.48453">
    <ele>67.31</ele>
   </trkpt>
   <trkpt lat="50.72724" lon="4.48432">
    <ele>68.76</ele>
   </trkpt>
   <trkpt lat="50.72729" lon="4.48411">
    <ele>68.76</ele>
   </trkpt>
   <trkpt lat="50.727360000000004" lon="4.4839400000000005">
    <ele>71.61</ele>
   </trkpt>
   <trkpt lat="50.72751" lon="4.48372">
    <ele>71.61</ele>
   </trkpt>
   <trkpt lat="50.72787" lon="4.48339">
    <ele>74.32000000000001</ele>
   </trkpt>
   <trkpt lat="50.72809" lon="4.4832600000000005">
    <ele>75.38</ele>
   </trkpt>
   <trkpt lat="50.728750000000005" lon="4.4831">
    <ele>81.28</ele>
   </trkpt>
   <trkpt lat="50.729220000000005" lon="4.48259">
    <ele>85.44</ele>
   </trkpt>
   <trkpt lat="50.72946" lon="4.48231">
    <ele>87.95</ele>
   </trkpt>
   <trkpt lat="50.72961" lon="4.48221">
    <ele>89.34</ele>
   </trkpt>
   <trkpt lat="50.72977" lon="4.48214">
    <ele>90.23</ele>
   </trkpt>
   <trkpt lat="50.72993" lon="4.4821">
    <ele>91.25000000000001</ele>
   </trkpt>
   <trkpt lat="50.730360000000005" lon="4.48209">
    <ele>91.66</ele>
   </trkpt>
   <trkpt lat="50.73035" lon="4.48209">
    <ele>90.95</ele>
   </trkpt>
   <trkpt lat="50.730430000000005" lon="4.4825">
    <ele>89.51</ele>
   </trkpt>
   <trkpt lat="50.73055334331404" lon="4.483579994356306">
    <ele>86.51</ele>
   </trkpt>
   <trkpt lat="50.730676676652344" lon="4.484659994399661">
    <ele>84.81</ele>
   </trkpt>
   <trkpt lat="50.7308" lon="4.485740000000001">
    <ele>83.61</ele>
   </trkpt>
   <trkpt lat="50.730880000000006" lon="4.4868500000000004">
    <ele>82.39</ele>
   </trkpt>
   <trkpt lat="50.73093" lon="4.48726">
    <ele>81.83</ele>
   </trkpt>
   <trkpt lat="50.73124000000001" lon="4.48836">
    <ele>79.87</ele>
   </trkpt>
   <trkpt lat="50.731485002508656" lon="4.489114996270162">
    <ele>78.17</ele>
   </trkpt>
   <trkpt lat="50.731730000000006" lon="4.489870000000001">
    <ele>75.26</ele>
   </trkpt>
   <trkpt lat="50.731910000000006" lon="4.49038">
    <ele>73.53000000000002</ele>
   </trkpt>
   <trkpt lat="50.73234500379341" lon="4.491324991169065">
    <ele>67.22</ele>
   </trkpt>
   <trkpt lat="50.732780000000005" lon="4.49227">
    <ele>61.59</ele>
   </trkpt>
   <trkpt lat="50.7329" lon="4.49242">
    <ele>60.29</ele>
   </trkpt>
   <trkpt lat="50.73297" lon="4.49267">
    <ele>59.940000000000005</ele>
   </trkpt>
   <trkpt lat="50.73304" lon="4.49282">
    <ele>59.57</ele>
   </trkpt>
   <trkpt lat="50.73324" lon="4.493130000000001">
    <ele>59.18</ele>
   </trkpt>
   <trkpt lat="50.73353" lon="4.49289">
    <ele>58.660000000000004</ele>
   </trkpt>
   <trkpt lat="50.733610000000006" lon="4.492730000000001">
    <ele>58.61</ele>
   </trkpt>
   <trkpt lat="50.73358" lon="4.4927">
    <ele>58.61</ele>
   </trkpt>
   <trkpt lat="50.733560000000004" lon="4.49261">
    <ele>58.25</ele>
   </trkpt>
   <trkpt lat="50.73359000000001" lon="4.492520000000001">
    <ele>57.99000000000001</ele>
   </trkpt>
   <trkpt lat="50.733630000000005" lon="4.4924800000000005">
    <ele>57.99000000000001</ele>
   </trkpt>
   <trkpt lat="50.73368000000001" lon="4.4924800000000005">
    <ele>57.900000000000006</ele>
   </trkpt>
   <trkpt lat="50.73371" lon="4.492520000000001">
    <ele>57.900000000000006</ele>
   </trkpt>
   <trkpt lat="50.73373" lon="4.49263">
    <ele>57.88000000000001</ele>
   </trkpt>
   <trkpt lat="50.73393" lon="4.49268">
    <ele>57.510000000000005</ele>
   </trkpt>
   <trkpt lat="50.734080000000006" lon="4.49277">
    <ele>57.46</ele>
   </trkpt>
   <trkpt lat="50.73416" lon="4.49286">
    <ele>57.400000000000006</ele>
   </trkpt>
   <trkpt lat="50.734770000000005" lon="4.49387">
    <ele>58.480000000000004</ele>
   </trkpt>
   <trkpt lat="50.734840000000005" lon="4.493950000000001">
    <ele>58.77</ele>
   </trkpt>
   <trkpt lat="50.734930000000006" lon="4.49401">
    <ele>59.4</ele>
   </trkpt>
   <trkpt lat="50.73516000000001" lon="4.4941">
    <ele>60.08</ele>
   </trkpt>
   <trkpt lat="50.73592000000001" lon="4.4943">
    <ele>62.45</ele>
   </trkpt>
   <trkpt lat="50.73613" lon="4.494400000000001">
    <ele>64.96000000000001</ele>
   </trkpt>
   <trkpt lat="50.73683500132816" lon="4.494964991465506">
    <ele>69.56</ele>
   </trkpt>
   <trkpt lat="50.73754" lon="4.4955300000000005">
    <ele>75.61000000000001</ele>
   </trkpt>
   <trkpt lat="50.73765" lon="4.49572">
    <ele>75.61000000000001</ele>
   </trkpt>
   <trkpt lat="50.737860000000005" lon="4.49657">
    <ele>77.99000000000001</ele>
   </trkpt>
   <trkpt lat="50.73792" lon="4.49655">
    <ele>77.99000000000001</ele>
   </trkpt>
   <trkpt lat="50.737950000000005" lon="4.49657">
    <ele>78.72000000000001</ele>
   </trkpt>
   <trkpt lat="50.73798000000001" lon="4.49664">
    <ele>78.72000000000001</ele>
   </trkpt>
   <trkpt lat="50.73798000000001" lon="4.49673">
    <ele>79.23</ele>
   </trkpt>
   <trkpt lat="50.73794" lon="4.4968">
    <ele>79.23</ele>
   </trkpt>
   <trkpt lat="50.737880000000004" lon="4.49681">
    <ele>79.23</ele>
   </trkpt>
   <trkpt lat="50.73780000000001" lon="4.49692">
    <ele>79.69000000000001</ele>
   </trkpt>
   <trkpt lat="50.737770000000005" lon="4.49688">
    <ele>78.82</ele>
   </trkpt>
   <trkpt lat="50.73776" lon="4.49694">
    <ele>79.16000000000001</ele>
   </trkpt>
   <trkpt lat="50.737660000000005" lon="4.497070000000001">
    <ele>79.24000000000001</ele>
   </trkpt>
   <trkpt lat="50.73717000142674" lon="4.497615005527857">
    <ele>82.64</ele>
   </trkpt>
   <trkpt lat="50.73668000000001" lon="4.49816">
    <ele>86.54</ele>
   </trkpt>
   <trkpt lat="50.736630000000005" lon="4.49826">
    <ele>87.22</ele>
   </trkpt>
   <trkpt lat="50.7366" lon="4.49845">
    <ele>87.84</ele>
   </trkpt>
   <trkpt lat="50.73662" lon="4.49861">
    <ele>88.27</ele>
   </trkpt>
   <trkpt lat="50.736760000000004" lon="4.49922">
    <ele>89.9</ele>
   </trkpt>
   <trkpt lat="50.7368" lon="4.50039">
    <ele>92.14000000000001</ele>
   </trkpt>
   <trkpt lat="50.736880000000006" lon="4.501670000000001">
    <ele>93.95</ele>
   </trkpt>
   <trkpt lat="50.736920000000005" lon="4.5018">
    <ele>93.95</ele>
   </trkpt>
   <trkpt lat="50.737120000000004" lon="4.50227">
    <ele>94.66000000000001</ele>
   </trkpt>
   <trkpt lat="50.73749000388086" lon="4.503229992259996">
    <ele>96.07000000000001</ele>
   </trkpt>
   <trkpt lat="50.737860000000005" lon="4.50419">
    <ele>97.5</ele>
   </trkpt>
   <trkpt lat="50.73800000000001" lon="4.50445">
    <ele>99.35000000000001</ele>
   </trkpt>
   <trkpt lat="50.73862252637423" lon="4.505388662646958">
    <ele>99.35000000000001</ele>
   </trkpt>
   <trkpt lat="50.73924504521306" lon="4.506327350249142">
    <ele>99.35000000000001</ele>
   </trkpt>
   <trkpt lat="50.73986755651614" lon="4.507266062807468">
    <ele>99.35000000000001</ele>
   </trkpt>
   <trkpt lat="50.740490060283086" lon="4.508204800322851">
    <ele>100.05000000000001</ele>
   </trkpt>
   <trkpt lat="50.74111255651353" lon="4.509143562796204">
    <ele>100.05000000000001</ele>
   </trkpt>
   <trkpt lat="50.74173504520712" lon="4.510082350228443">
    <ele>100.05000000000001</ele>
   </trkpt>
   <trkpt lat="50.74235752636349" lon="4.511021162620484">
    <ele>100.05000000000001</ele>
   </trkpt>
   <trkpt lat="50.74298" lon="4.51196">
    <ele>100.04</ele>
   </trkpt>
   <trkpt lat="50.74297000000001" lon="4.51196">
    <ele>101.18</ele>
   </trkpt>
   <trkpt lat="50.74306000000001" lon="4.51206">
    <ele>101.18</ele>
   </trkpt>
   <trkpt lat="50.743640000000006" lon="4.512560000000001">
    <ele>101.85000000000001</ele>
   </trkpt>
   <trkpt lat="50.744090001603624" lon="4.5131849939006905">
    <ele>102.41000000000001</ele>
   </trkpt>
   <trkpt lat="50.74454" lon="4.51381">
    <ele>102.76</ele>
   </trkpt>
   <trkpt lat="50.74511000491189" lon="4.514569981458578">
    <ele>104.07000000000001</ele>
   </trkpt>
   <trkpt lat="50.74568000488442" lon="4.515329981421618">
    <ele>104.34</ele>
   </trkpt>
   <trkpt lat="50.74625" lon="4.51609">
    <ele>105.01</ele>
   </trkpt>
   <trkpt lat="50.746520000000004" lon="4.51644">
    <ele>105.05</ele>
   </trkpt>
   <trkpt lat="50.746880000000004" lon="4.516850000000001">
    <ele>105.62</ele>
   </trkpt>
   <trkpt lat="50.747110000000006" lon="4.51708">
    <ele>105.69</ele>
   </trkpt>
   <trkpt lat="50.747330000000005" lon="4.517340000000001">
    <ele>105.87</ele>
   </trkpt>
   <trkpt lat="50.747795002016" lon="4.518004993573859">
    <ele>105.68</ele>
   </trkpt>
   <trkpt lat="50.74826" lon="4.51867">
    <ele>105.22</ele>
   </trkpt>
   <trkpt lat="50.748490000000004" lon="4.51905">
    <ele>105.31000000000002</ele>
   </trkpt>
   <trkpt lat="50.748670000000004" lon="4.51942">
    <ele>105.56000000000002</ele>
   </trkpt>
   <trkpt lat="50.74812667192803" lon="4.520206684970933">
    <ele>106.06000000000002</ele>
   </trkpt>
   <trkpt lat="50.74758333856382" lon="4.520993351681975">
    <ele>105.3</ele>
   </trkpt>
   <trkpt lat="50.747040000000005" lon="4.521780000000001">
    <ele>103.87</ele>
   </trkpt>
   <trkpt lat="50.74662000000001" lon="4.52264">
    <ele>100.51</ele>
   </trkpt>
   <trkpt lat="50.74624000000001" lon="4.523750000000001">
    <ele>99.59</ele>
   </trkpt>
   <trkpt lat="50.746120000000005" lon="4.523980000000001">
    <ele>99.74000000000001</ele>
   </trkpt>
   <trkpt lat="50.745940000000004" lon="4.524220000000001">
    <ele>100.57000000000001</ele>
   </trkpt>
   <trkpt lat="50.74593" lon="4.524310000000001">
    <ele>100.57000000000001</ele>
   </trkpt>
   <trkpt lat="50.74638000020149" lon="4.524324999862512">
    <ele>100.80000000000001</ele>
   </trkpt>
   <trkpt lat="50.74683" lon="4.5243400000000005">
    <ele>101.25</ele>
   </trkpt>
   <trkpt lat="50.746990000000004" lon="4.52432">
    <ele>101.56</ele>
   </trkpt>
   <trkpt lat="50.74783000000001" lon="4.52407">
    <ele>102.34000000000002</ele>
   </trkpt>
   <trkpt lat="50.74829000023911" lon="4.523830002361938">
    <ele>102.98</ele>
   </trkpt>
   <trkpt lat="50.74875" lon="4.52359">
    <ele>103.87</ele>
   </trkpt>
   <trkpt lat="50.74864" lon="4.52365">
    <ele>103.67000000000002</ele>
   </trkpt>
   <trkpt lat="50.7488425221007" lon="4.524962482992559">
    <ele>102.81000000000002</ele>
   </trkpt>
   <trkpt lat="50.74904502947035" lon="4.526274977340491">
    <ele>103.61</ele>
   </trkpt>
   <trkpt lat="50.74924752210865" lon="4.527587483043147">
    <ele>104.02000000000001</ele>
   </trkpt>
   <trkpt lat="50.74945" lon="4.5289">
    <ele>104.78000000000002</ele>
   </trkpt>
   <trkpt lat="50.749642022385046" lon="4.530043981243272">
    <ele>104.43</ele>
   </trkpt>
   <trkpt lat="50.74983403357873" lon="4.531187971871266">
    <ele>102.95000000000002</ele>
   </trkpt>
   <trkpt lat="50.75002603358088" lon="4.532331971883576">
    <ele>102.49000000000001</ele>
   </trkpt>
   <trkpt lat="50.75021802239138" lon="4.533475981279798">
    <ele>101.23000000000002</ele>
   </trkpt>
   <trkpt lat="50.75041" lon="4.53462">
    <ele>100.75</ele>
   </trkpt>
   <trkpt lat="50.7506500154176" lon="4.535963319481816">
    <ele>100.45</ele>
   </trkpt>
   <trkpt lat="50.75089001540395" lon="4.537306652738386">
    <ele>99.79</ele>
   </trkpt>
   <trkpt lat="50.75113" lon="4.5386500000000005">
    <ele>99.7</ele>
   </trkpt>
   <trkpt lat="50.751200000000004" lon="4.539230000000001">
    <ele>99.71000000000001</ele>
   </trkpt>
   <trkpt lat="50.75122" lon="4.5398700000000005">
    <ele>99.58</ele>
   </trkpt>
   <trkpt lat="50.75115" lon="4.5410900000000005">
    <ele>99.41000000000001</ele>
   </trkpt>
   <trkpt lat="50.75148" lon="4.5408">
    <ele>99.05000000000001</ele>
   </trkpt>
   <trkpt lat="50.751560000000005" lon="4.540760000000001">
    <ele>99.05000000000001</ele>
   </trkpt>
   <trkpt lat="50.752240000126115" lon="4.540620002025092">
    <ele>98.80000000000001</ele>
   </trkpt>
   <trkpt lat="50.75292" lon="4.5404800000000005">
    <ele>96.82000000000001</ele>
   </trkpt>
   <trkpt lat="50.753524999958884" lon="4.540410000911966">
    <ele>96.11</ele>
   </trkpt>
   <trkpt lat="50.75413" lon="4.5403400000000005">
    <ele>95.21000000000001</ele>
   </trkpt>
   <trkpt lat="50.75439" lon="4.54028">
    <ele>94.12</ele>
   </trkpt>
   <trkpt lat="50.754630000000006" lon="4.54014">
    <ele>93.54</ele>
   </trkpt>
   <trkpt lat="50.7554" lon="4.539680000000001">
    <ele>89.58</ele>
   </trkpt>
   <trkpt lat="50.755520000000004" lon="4.53958">
    <ele>88.68</ele>
   </trkpt>
   <trkpt lat="50.75564000000001" lon="4.53945">
    <ele>86.64</ele>
   </trkpt>
   <trkpt lat="50.75605000147112" lon="4.538895004653264">
    <ele>80.64</ele>
   </trkpt>
   <trkpt lat="50.756460000000004" lon="4.538340000000001">
    <ele>78.60000000000001</ele>
   </trkpt>
   <trkpt lat="50.75657" lon="4.538270000000001">
    <ele>78.57</ele>
   </trkpt>
   <trkpt lat="50.75692" lon="4.538320000000001">
    <ele>78.92999999999999</ele>
   </trkpt>
   <trkpt lat="50.75704" lon="4.53826">
    <ele>78.91000000000001</ele>
   </trkpt>
   <trkpt lat="50.75715" lon="4.538150000000001">
    <ele>79.19000000000001</ele>
   </trkpt>
   <trkpt lat="50.75746500120761" lon="4.537620003556165">
    <ele>81.29</ele>
   </trkpt>
   <trkpt lat="50.757780000000004" lon="4.53709">
    <ele>85.19</ele>
   </trkpt>
   <trkpt lat="50.75793" lon="4.53694">
    <ele>86.03</ele>
   </trkpt>
   <trkpt lat="50.758070000000004" lon="4.53683">
    <ele>86.03</ele>
   </trkpt>
   <trkpt lat="50.758520000270785" lon="4.536565002565515">
    <ele>89.56</ele>
   </trkpt>
   <trkpt lat="50.758970000000005" lon="4.536300000000001">
    <ele>91.57000000000001</ele>
   </trkpt>
   <trkpt lat="50.759620000000005" lon="4.535950000000001">
    <ele>93.80000000000001</ele>
   </trkpt>
   <trkpt lat="50.75999" lon="4.535830000000001">
    <ele>94.48</ele>
   </trkpt>
   <trkpt lat="50.76017" lon="4.53584">
    <ele>95.34</ele>
   </trkpt>
   <trkpt lat="50.76003000000001" lon="4.53629">
    <ele>95.4</ele>
   </trkpt>
   <trkpt lat="50.75997" lon="4.5365400000000005">
    <ele>95.4</ele>
   </trkpt>
   <trkpt lat="50.759910000000005" lon="4.5369600000000005">
    <ele>95.66000000000001</ele>
   </trkpt>
   <trkpt lat="50.75988" lon="4.53762">
    <ele>95.74000000000001</ele>
   </trkpt>
   <trkpt lat="50.75992000733878" lon="4.538929998936761">
    <ele>95.94000000000001</ele>
   </trkpt>
   <trkpt lat="50.75996000000001" lon="4.540240000000001">
    <ele>95.5</ele>
   </trkpt>
   <trkpt lat="50.75999" lon="4.5407">
    <ele>95.42</ele>
   </trkpt>
   <trkpt lat="50.76005000000001" lon="4.541180000000001">
    <ele>95.42999999999999</ele>
   </trkpt>
   <trkpt lat="50.760220000000004" lon="4.54196">
    <ele>95.54</ele>
   </trkpt>
   <trkpt lat="50.76033" lon="4.542350000000001">
    <ele>95.78</ele>
   </trkpt>
   <trkpt lat="50.760560000000005" lon="4.543">
    <ele>95.78</ele>
   </trkpt>
   <trkpt lat="50.76096201603665" lon="4.543967966765763">
    <ele>96.17</ele>
   </trkpt>
   <trkpt lat="50.7613640240614" lon="4.54493595016335">
    <ele>96.65</ele>
   </trkpt>
   <trkpt lat="50.76176602407403" lon="4.5459039501929555">
    <ele>97.17</ele>
   </trkpt>
   <trkpt lat="50.76216801607428" lon="4.546871966854771">
    <ele>97.45</ele>
   </trkpt>
   <trkpt lat="50.762570000000004" lon="4.547840000000001">
    <ele>97.36</ele>
   </trkpt>
   <trkpt lat="50.76292" lon="4.54863">
    <ele>97.27000000000001</ele>
   </trkpt>
   <trkpt lat="50.763310000000004" lon="4.54938">
    <ele>96.53</ele>
   </trkpt>
   <trkpt lat="50.76371" lon="4.550070000000001">
    <ele>96.11</ele>
   </trkpt>
   <trkpt lat="50.764190000000006" lon="4.550800000000001">
    <ele>95.28</ele>
   </trkpt>
   <trkpt lat="50.764625002203914" lon="4.5515149933825425">
    <ele>93.51</ele>
   </trkpt>
   <trkpt lat="50.765060000000005" lon="4.552230000000001">
    <ele>92.64000000000001</ele>
   </trkpt>
   <trkpt lat="50.76561667474962" lon="4.5512566898589">
    <ele>93.7</ele>
   </trkpt>
   <trkpt lat="50.76617334139885" lon="4.550283356556471">
    <ele>94.77000000000001</ele>
   </trkpt>
   <trkpt lat="50.76673" lon="4.54931">
    <ele>94.62</ele>
   </trkpt>
   <trkpt lat="50.76734500311557" lon="4.548455011252992">
    <ele>90.35000000000001</ele>
   </trkpt>
   <trkpt lat="50.76796" lon="4.5476">
    <ele>84.08</ele>
   </trkpt>
   <trkpt lat="50.768335001077865" lon="4.547105003927834">
    <ele>81.05000000000001</ele>
   </trkpt>
   <trkpt lat="50.768710000000006" lon="4.54661">
    <ele>78.32</ele>
   </trkpt>
   <trkpt lat="50.769310000000004" lon="4.54582">
    <ele>72.98</ele>
   </trkpt>
   <trkpt lat="50.769922505353094" lon="4.545175025317416">
    <ele>69.03</ele>
   </trkpt>
   <trkpt lat="50.770535007149235" lon="4.54453003374473">
    <ele>64.34</ele>
   </trkpt>
   <trkpt lat="50.7711475053883" lon="4.543885025281227">
    <ele>61.040000000000006</ele>
   </trkpt>
   <trkpt lat="50.77176000000001" lon="4.54324">
    <ele>58.220000000000006</ele>
   </trkpt>
   <trkpt lat="50.77188" lon="4.5430600000000005">
    <ele>57.06</ele>
   </trkpt>
   <trkpt lat="50.77197" lon="4.54284">
    <ele>56.580000000000005</ele>
   </trkpt>
   <trkpt lat="50.77206" lon="4.54248">
    <ele>56.370000000000005</ele>
   </trkpt>
   <trkpt lat="50.77217" lon="4.54169">
    <ele>55.63</ele>
   </trkpt>
   <trkpt lat="50.772490000000005" lon="4.54222">
    <ele>55.470000000000006</ele>
   </trkpt>
   <trkpt lat="50.77286" lon="4.54293">
    <ele>55.150000000000006</ele>
   </trkpt>
   <trkpt lat="50.77286" lon="4.542940000000001">
    <ele>54.830000000000005</ele>
   </trkpt>
   <trkpt lat="50.77338863145137" lon="4.543979133027766">
    <ele>54.830000000000005</ele>
   </trkpt>
   <trkpt lat="50.77391725367022" lon="4.545018289543972">
    <ele>54.830000000000005</ele>
   </trkpt>
   <trkpt lat="50.774445866656194" lon="4.546057469549183">
    <ele>54.830000000000005</ele>
   </trkpt>
   <trkpt lat="50.77497447040888" lon="4.5470966730439635">
    <ele>54.830000000000005</ele>
   </trkpt>
   <trkpt lat="50.77550306492791" lon="4.548135900028874">
    <ele>54.830000000000005</ele>
   </trkpt>
   <trkpt lat="50.77603165021289" lon="4.549175150504479">
    <ele>54.830000000000005</ele>
   </trkpt>
   <trkpt lat="50.77656022626345" lon="4.550214424471341">
    <ele>52.480000000000004</ele>
   </trkpt>
   <trkpt lat="50.7770887930792" lon="4.551253721930024">
    <ele>52.480000000000004</ele>
   </trkpt>
   <trkpt lat="50.77761735065975" lon="4.55229304288109">
    <ele>52.480000000000004</ele>
   </trkpt>
   <trkpt lat="50.77814589900474" lon="4.553332387325103">
    <ele>52.480000000000004</ele>
   </trkpt>
   <trkpt lat="50.778674438113775" lon="4.554371755262625">
    <ele>52.480000000000004</ele>
   </trkpt>
   <trkpt lat="50.77920296798647" lon="4.555411146694217">
    <ele>52.480000000000004</ele>
   </trkpt>
   <trkpt lat="50.77973148862244" lon="4.556450561620446">
    <ele>52.480000000000004</ele>
   </trkpt>
   <trkpt lat="50.780260000000006" lon="4.5574900000000005">
    <ele>52.480000000000004</ele>
   </trkpt>
   <trkpt lat="50.78072" lon="4.5585">
    <ele>51.410000000000004</ele>
   </trkpt>
   <trkpt lat="50.781211462748686" lon="4.559654212938248">
    <ele>51.410000000000004</ele>
   </trkpt>
   <trkpt lat="50.78170291410735" lon="4.560808450138463">
    <ele>51.410000000000004</ele>
   </trkpt>
   <trkpt lat="50.782194354075564" lon="4.561962711601022">
    <ele>51.410000000000004</ele>
   </trkpt>
   <trkpt lat="50.782685782652855" lon="4.563116997326297">
    <ele>52.25000000000001</ele>
   </trkpt>
   <trkpt lat="50.783177199838825" lon="4.564271307314659">
    <ele>52.25000000000001</ele>
   </trkpt>
   <trkpt lat="50.783668605633004" lon="4.565425641566483">
    <ele>52.25000000000001</ele>
   </trkpt>
   <trkpt lat="50.78416000000001" lon="4.56658">
    <ele>52.28000000000001</ele>
   </trkpt>
   <trkpt lat="50.78434000000001" lon="4.56697">
    <ele>51.14</ele>
   </trkpt>
   <trkpt lat="50.78445000000001" lon="4.56717">
    <ele>51.29</ele>
   </trkpt>
   <trkpt lat="50.7847" lon="4.56754">
    <ele>51.54</ele>
   </trkpt>
   <trkpt lat="50.785000000000004" lon="4.567880000000001">
    <ele>52.06</ele>
   </trkpt>
   <trkpt lat="50.785680000000006" lon="4.5685">
    <ele>54.43000000000001</ele>
   </trkpt>
   <trkpt lat="50.78569" lon="4.5685">
    <ele>54.43000000000001</ele>
   </trkpt>
   <trkpt lat="50.78573" lon="4.5683300000000004">
    <ele>54.77</ele>
   </trkpt>
   <trkpt lat="50.78573" lon="4.56824">
    <ele>55.07000000000001</ele>
   </trkpt>
   <trkpt lat="50.785560000000004" lon="4.567640000000001">
    <ele>55.88</ele>
   </trkpt>
   <trkpt lat="50.78546000000001" lon="4.567010000000001">
    <ele>56.900000000000006</ele>
   </trkpt>
   <trkpt lat="50.785450000000004" lon="4.566730000000001">
    <ele>57.39</ele>
   </trkpt>
   <trkpt lat="50.78546000000001" lon="4.56641">
    <ele>57.53</ele>
   </trkpt>
   <trkpt lat="50.78549" lon="4.56611">
    <ele>57.510000000000005</ele>
   </trkpt>
   <trkpt lat="50.78567000280065" lon="4.565305002962521">
    <ele>56.220000000000006</ele>
   </trkpt>
   <trkpt lat="50.78585" lon="4.564500000000001">
    <ele>53.910000000000004</ele>
   </trkpt>
   <trkpt lat="50.785920000000004" lon="4.56397">
    <ele>53.56</ele>
   </trkpt>
   <trkpt lat="50.786010000000005" lon="4.5630500000000005">
    <ele>53.68000000000001</ele>
   </trkpt>
   <trkpt lat="50.78614" lon="4.562550000000001">
    <ele>54.24</ele>
   </trkpt>
   <trkpt lat="50.78622000000001" lon="4.5623700000000005">
    <ele>54.24</ele>
   </trkpt>
   <trkpt lat="50.78652500137262" lon="4.561805003671066">
    <ele>55.02</ele>
   </trkpt>
   <trkpt lat="50.78683" lon="4.561240000000001">
    <ele>56.89</ele>
   </trkpt>
   <trkpt lat="50.78719000158065" lon="4.560650004391388">
    <ele>60.58</ele>
   </trkpt>
   <trkpt lat="50.78755" lon="4.56006">
    <ele>61.980000000000004</ele>
   </trkpt>
   <trkpt lat="50.78774000000001" lon="4.55982">
    <ele>62.93</ele>
   </trkpt>
   <trkpt lat="50.787960000000005" lon="4.559640000000001">
    <ele>63.29</ele>
   </trkpt>
   <trkpt lat="50.78817" lon="4.559500000000001">
    <ele>63.55000000000001</ele>
   </trkpt>
   <trkpt lat="50.7884" lon="4.5594">
    <ele>63.77</ele>
   </trkpt>
   <trkpt lat="50.789030000000004" lon="4.55919">
    <ele>64.48</ele>
   </trkpt>
   <trkpt lat="50.789370000000005" lon="4.55905">
    <ele>64.61</ele>
   </trkpt>
   <trkpt lat="50.78960000000001" lon="4.5589">
    <ele>64.61</ele>
   </trkpt>
   <trkpt lat="50.78981" lon="4.55874">
    <ele>64.97</ele>
   </trkpt>
   <trkpt lat="50.790000000000006" lon="4.55855">
    <ele>65.04</ele>
   </trkpt>
   <trkpt lat="50.79061" lon="4.55783">
    <ele>65.25</ele>
   </trkpt>
   <trkpt lat="50.79084" lon="4.5576300000000005">
    <ele>65.31</ele>
   </trkpt>
   <trkpt lat="50.79113" lon="4.5574200000000005">
    <ele>65.61</ele>
   </trkpt>
   <trkpt lat="50.791600000418065" lon="4.5571250029372825">
    <ele>66.64</ele>
   </trkpt>
   <trkpt lat="50.79207" lon="4.556830000000001">
    <ele>70.62</ele>
   </trkpt>
   <trkpt lat="50.79236" lon="4.55663">
    <ele>72.38</ele>
   </trkpt>
   <trkpt lat="50.792730000000006" lon="4.556430000000001">
    <ele>70.98</ele>
   </trkpt>
   <trkpt lat="50.79343500024028" lon="4.556205003386135">
    <ele>63.36</ele>
   </trkpt>
   <trkpt lat="50.794140000000006" lon="4.555980000000001">
    <ele>59.2</ele>
   </trkpt>
   <trkpt lat="50.79448000000001" lon="4.55585">
    <ele>59.120000000000005</ele>
   </trkpt>
   <trkpt lat="50.795170000000006" lon="4.55546">
    <ele>60.32000000000001</ele>
   </trkpt>
   <trkpt lat="50.79527" lon="4.555370000000001">
    <ele>60.83</ele>
   </trkpt>
   <trkpt lat="50.79545" lon="4.55504">
    <ele>61.7</ele>
   </trkpt>
   <trkpt lat="50.79554" lon="4.55482">
    <ele>61.7</ele>
   </trkpt>
   <trkpt lat="50.795590000000004" lon="4.5545800000000005">
    <ele>61.99</ele>
   </trkpt>
   <trkpt lat="50.79560000000001" lon="4.55433">
    <ele>62.57</ele>
   </trkpt>
   <trkpt lat="50.79554" lon="4.55372">
    <ele>63.17</ele>
   </trkpt>
   <trkpt lat="50.795500000000004" lon="4.55351">
    <ele>63.35</ele>
   </trkpt>
   <trkpt lat="50.795230000000004" lon="4.55253">
    <ele>63.56</ele>
   </trkpt>
   <trkpt lat="50.79464000347783" lon="4.551629988662638">
    <ele>63.15000000000001</ele>
   </trkpt>
   <trkpt lat="50.794050000000006" lon="4.550730000000001">
    <ele>65.37</ele>
   </trkpt>
   <trkpt lat="50.794160000000005" lon="4.550520000000001">
    <ele>65.52000000000001</ele>
   </trkpt>
   <trkpt lat="50.794616670763794" lon="4.549823347026496">
    <ele>65.64</ele>
   </trkpt>
   <trkpt lat="50.79507333737857" lon="4.549126680439191">
    <ele>65.95</ele>
   </trkpt>
   <trkpt lat="50.79553000000001" lon="4.548430000000001">
    <ele>66.89</ele>
   </trkpt>
   <trkpt lat="50.79608" lon="4.547960000000001">
    <ele>70.10000000000001</ele>
   </trkpt>
   <trkpt lat="50.79639" lon="4.5473300000000005">
    <ele>72.62</ele>
   </trkpt>
   <trkpt lat="50.79674000000001" lon="4.54736">
    <ele>69.73</ele>
   </trkpt>
   <trkpt lat="50.796870000000006" lon="4.547440000000001">
    <ele>69.73</ele>
   </trkpt>
   <trkpt lat="50.797240001147244" lon="4.5479349962147095">
    <ele>67.19</ele>
   </trkpt>
   <trkpt lat="50.797610000000006" lon="4.548430000000001">
    <ele>66.43</ele>
   </trkpt>
   <trkpt lat="50.7978" lon="4.5486200000000006">
    <ele>66.15</ele>
   </trkpt>
   <trkpt lat="50.798030000000004" lon="4.54879">
    <ele>66.05000000000001</ele>
   </trkpt>
   <trkpt lat="50.79836" lon="4.54907">
    <ele>66.30000000000001</ele>
   </trkpt>
   <trkpt lat="50.798900000984055" lon="4.549534994678247">
    <ele>67.0</ele>
   </trkpt>
   <trkpt lat="50.799440000000004" lon="4.550000000000001">
    <ele>68.46000000000001</ele>
   </trkpt>
   <trkpt lat="50.799640000000004" lon="4.550190000000001">
    <ele>68.82000000000001</ele>
   </trkpt>
   <trkpt lat="50.800430000000006" lon="4.550520000000001">
    <ele>70.0</ele>
   </trkpt>
   <trkpt lat="50.800850000000004" lon="4.5509200000000005">
    <ele>70.09</ele>
   </trkpt>
   <trkpt lat="50.801210000000005" lon="4.55133">
    <ele>70.45000000000002</ele>
   </trkpt>
   <trkpt lat="50.80158" lon="4.5517">
    <ele>70.71000000000001</ele>
   </trkpt>
   <trkpt lat="50.8021" lon="4.5522800000000005">
    <ele>71.2</ele>
   </trkpt>
   <trkpt lat="50.80245000000001" lon="4.55253">
    <ele>72.26</ele>
   </trkpt>
   <trkpt lat="50.8027" lon="4.552630000000001">
    <ele>73.89000000000001</ele>
   </trkpt>
   <trkpt lat="50.803020000000004" lon="4.5526800000000005">
    <ele>75.53</ele>
   </trkpt>
   <trkpt lat="50.80337" lon="4.552650000000001">
    <ele>77.69000000000001</ele>
   </trkpt>
   <trkpt lat="50.80415000000001" lon="4.552490000000001">
    <ele>80.10000000000001</ele>
   </trkpt>
   <trkpt lat="50.804610000000004" lon="4.55238">
    <ele>81.49000000000001</ele>
   </trkpt>
   <trkpt lat="50.804930000000006" lon="4.55227">
    <ele>82.67</ele>
   </trkpt>
   <trkpt lat="50.80536000000001" lon="4.5520700000000005">
    <ele>83.42</ele>
   </trkpt>
   <trkpt lat="50.805690000000006" lon="4.55187">
    <ele>84.11</ele>
   </trkpt>
   <trkpt lat="50.80643500169547" lon="4.551250009843141">
    <ele>85.57000000000001</ele>
   </trkpt>
   <trkpt lat="50.80718" lon="4.55063">
    <ele>86.81000000000002</ele>
   </trkpt>
   <trkpt lat="50.807460000000006" lon="4.550490000000001">
    <ele>87.29</ele>
   </trkpt>
   <trkpt lat="50.80772" lon="4.55043">
    <ele>87.93</ele>
   </trkpt>
   <trkpt lat="50.807970000000005" lon="4.550400000000001">
    <ele>88.51</ele>
   </trkpt>
   <trkpt lat="50.80847000000001" lon="4.55048">
    <ele>89.79</ele>
   </trkpt>
   <trkpt lat="50.809332500704926" lon="4.5507174868396">
    <ele>94.61000000000001</ele>
   </trkpt>
   <trkpt lat="50.810195000927706" lon="4.550954982449049">
    <ele>97.93</ele>
   </trkpt>
   <trkpt lat="50.811057500668355" lon="4.551192486828934">
    <ele>99.07000000000001</ele>
   </trkpt>
   <trkpt lat="50.81192" lon="4.551430000000001">
    <ele>96.51</ele>
   </trkpt>
   <trkpt lat="50.812780000761514" lon="4.5518249927706504">
    <ele>95.29</ele>
   </trkpt>
   <trkpt lat="50.81364000000001" lon="4.55222">
    <ele>95.01</ele>
   </trkpt>
   <trkpt lat="50.81391000000001" lon="4.5522">
    <ele>94.52000000000001</ele>
   </trkpt>
   <trkpt lat="50.814630000014816" lon="4.552090003405054">
    <ele>94.52000000000001</ele>
   </trkpt>
   <trkpt lat="50.8153499999262" lon="4.551980003418656">
    <ele>96.71000000000001</ele>
   </trkpt>
   <trkpt lat="50.81607" lon="4.55187">
    <ele>96.71000000000001</ele>
   </trkpt>
   <trkpt lat="50.81613" lon="4.55191">
    <ele>96.71000000000001</ele>
   </trkpt>
   <trkpt lat="50.816480000000006" lon="4.552630000000001">
    <ele>97.93</ele>
   </trkpt>
   <trkpt lat="50.816950000000006" lon="4.55325">
    <ele>100.18</ele>
   </trkpt>
   <trkpt lat="50.817080000000004" lon="4.55348">
    <ele>100.18</ele>
   </trkpt>
   <trkpt lat="50.817170000000004" lon="4.5537">
    <ele>100.43</ele>
   </trkpt>
   <trkpt lat="50.81759000598525" lon="4.554884989297655">
    <ele>102.18</ele>
   </trkpt>
   <trkpt lat="50.81801" lon="4.55607">
    <ele>102.36</ele>
   </trkpt>
   <trkpt lat="50.818090000000005" lon="4.55616">
    <ele>102.06000000000002</ele>
   </trkpt>
   <trkpt lat="50.818290000000005" lon="4.55673">
    <ele>101.77000000000001</ele>
   </trkpt>
   <trkpt lat="50.81860000426854" lon="4.557729993345221">
    <ele>101.24000000000001</ele>
   </trkpt>
   <trkpt lat="50.81891" lon="4.558730000000001">
    <ele>101.5</ele>
   </trkpt>
   <trkpt lat="50.81897000000001" lon="4.55883">
    <ele>101.46000000000001</ele>
   </trkpt>
   <trkpt lat="50.819315002660026" lon="4.559639993677848">
    <ele>102.06000000000002</ele>
   </trkpt>
   <trkpt lat="50.819660000000006" lon="4.56045">
    <ele>102.34000000000002</ele>
   </trkpt>
   <trkpt lat="50.8198" lon="4.560770000000001">
    <ele>102.76</ele>
   </trkpt>
   <trkpt lat="50.819840000000006" lon="4.560930000000001">
    <ele>102.76</ele>
   </trkpt>
   <trkpt lat="50.82001" lon="4.561330000000001">
    <ele>103.02000000000001</ele>
   </trkpt>
   <trkpt lat="50.820150000000005" lon="4.5616">
    <ele>103.28000000000002</ele>
   </trkpt>
   <trkpt lat="50.820330000000006" lon="4.56188">
    <ele>103.34000000000002</ele>
   </trkpt>
   <trkpt lat="50.82054" lon="4.56214">
    <ele>103.5</ele>
   </trkpt>
   <trkpt lat="50.8207" lon="4.56229">
    <ele>103.56000000000002</ele>
   </trkpt>
   <trkpt lat="50.821490000000004" lon="4.562740000000001">
    <ele>102.20000000000002</ele>
   </trkpt>
   <trkpt lat="50.82206000114433" lon="4.563106657711398">
    <ele>101.02000000000001</ele>
   </trkpt>
   <trkpt lat="50.82263000113957" lon="4.563473324374868">
    <ele>99.28</ele>
   </trkpt>
   <trkpt lat="50.82320000000001" lon="4.563840000000001">
    <ele>97.74000000000001</ele>
   </trkpt>
   <trkpt lat="50.823660000000004" lon="4.56411">
    <ele>96.37</ele>
   </trkpt>
   <trkpt lat="50.824165000209376" lon="4.564374997086088">
    <ele>93.57000000000001</ele>
   </trkpt>
   <trkpt lat="50.824670000000005" lon="4.564640000000001">
    <ele>90.8</ele>
   </trkpt>
   <trkpt lat="50.82547" lon="4.56496">
    <ele>86.79</ele>
   </trkpt>
   <trkpt lat="50.8258" lon="4.56505">
    <ele>85.34000000000002</ele>
   </trkpt>
   <trkpt lat="50.8265900003922" lon="4.565227490986386">
    <ele>81.25</ele>
   </trkpt>
   <trkpt lat="50.82738000051514" lon="4.565404987979849">
    <ele>76.68</ele>
   </trkpt>
   <trkpt lat="50.82817000036883" lon="4.565582490980758">
    <ele>71.71000000000001</ele>
   </trkpt>
   <trkpt lat="50.82896" lon="4.56576">
    <ele>69.65</ele>
   </trkpt>
   <trkpt lat="50.828950000000006" lon="4.565810000000001">
    <ele>69.65</ele>
   </trkpt>
   <trkpt lat="50.82954666670649" lon="4.5659033309419295">
    <ele>67.41000000000001</ele>
   </trkpt>
   <trkpt lat="50.830143333338505" lon="4.5659966642698055">
    <ele>63.93</ele>
   </trkpt>
   <trkpt lat="50.830740000000006" lon="4.56609">
    <ele>62.03</ele>
   </trkpt>
   <trkpt lat="50.830920000000006" lon="4.56615">
    <ele>61.65</ele>
   </trkpt>
   <trkpt lat="50.83108000000001" lon="4.56623">
    <ele>61.53000000000001</ele>
   </trkpt>
   <trkpt lat="50.831570000000006" lon="4.566590000000001">
    <ele>60.65</ele>
   </trkpt>
   <trkpt lat="50.831680000000006" lon="4.56656">
    <ele>60.65</ele>
   </trkpt>
   <trkpt lat="50.83238000000001" lon="4.56578">
    <ele>61.56</ele>
   </trkpt>
   <trkpt lat="50.832010000000004" lon="4.566190000000001">
    <ele>61.36000000000001</ele>
   </trkpt>
   <trkpt lat="50.83272" lon="4.5654200000000005">
    <ele>62.02</ele>
   </trkpt>
   <trkpt lat="50.833225001154595" lon="4.564895005704484">
    <ele>62.84</ele>
   </trkpt>
   <trkpt lat="50.83373" lon="4.56437">
    <ele>62.27</ele>
   </trkpt>
   <trkpt lat="50.83363000000001" lon="4.563770000000001">
    <ele>61.58</ele>
   </trkpt>
   <trkpt lat="50.83346" lon="4.56332">
    <ele>60.11</ele>
   </trkpt>
   <trkpt lat="50.832980000000006" lon="4.562130000000001">
    <ele>57.32</ele>
   </trkpt>
   <trkpt lat="50.832860000000004" lon="4.561660000000001">
    <ele>57.67</ele>
   </trkpt>
   <trkpt lat="50.832705006091956" lon="4.5604699963604975">
    <ele>59.31</ele>
   </trkpt>
   <trkpt lat="50.832550000000005" lon="4.55928">
    <ele>60.160000000000004</ele>
   </trkpt>
   <trkpt lat="50.832390000000004" lon="4.55872">
    <ele>59.870000000000005</ele>
   </trkpt>
   <trkpt lat="50.832440000000005" lon="4.5586400000000005">
    <ele>59.45</ele>
   </trkpt>
   <trkpt lat="50.832420000000006" lon="4.55853">
    <ele>59.45</ele>
   </trkpt>
   <trkpt lat="50.83279" lon="4.5581000000000005">
    <ele>57.480000000000004</ele>
   </trkpt>
   <trkpt lat="50.833040000000004" lon="4.55792">
    <ele>56.77000000000001</ele>
   </trkpt>
   <trkpt lat="50.83314000000001" lon="4.557860000000001">
    <ele>56.75</ele>
   </trkpt>
   <trkpt lat="50.83380500043118" lon="4.5575950037234945">
    <ele>56.910000000000004</ele>
   </trkpt>
   <trkpt lat="50.83447" lon="4.55733">
    <ele>59.72</ele>
   </trkpt>
   <trkpt lat="50.83457000000001" lon="4.55726">
    <ele>59.95</ele>
   </trkpt>
   <trkpt lat="50.834720000000004" lon="4.55705">
    <ele>60.13</ele>
   </trkpt>
   <trkpt lat="50.835300000000004" lon="4.556170000000001">
    <ele>63.35</ele>
   </trkpt>
   <trkpt lat="50.835420000000006" lon="4.55586">
    <ele>64.26</ele>
   </trkpt>
   <trkpt lat="50.835583341647485" lon="4.5548733402738275">
    <ele>66.86</ele>
   </trkpt>
   <trkpt lat="50.835746674975184" lon="4.553886673641342">
    <ele>70.38000000000001</ele>
   </trkpt>
   <trkpt lat="50.835910000000005" lon="4.5529">
    <ele>72.34</ele>
   </trkpt>
   <trkpt lat="50.83614500583479" lon="4.551730005964419">
    <ele>73.60000000000001</ele>
   </trkpt>
   <trkpt lat="50.836380000000005" lon="4.55056">
    <ele>75.03</ele>
   </trkpt>
   <trkpt lat="50.836560000000006" lon="4.549650000000001">
    <ele>76.00000000000001</ele>
   </trkpt>
   <trkpt lat="50.83659500536095" lon="4.548530000814408">
    <ele>76.99</ele>
   </trkpt>
   <trkpt lat="50.83663000000001" lon="4.54741">
    <ele>77.00000000000001</ele>
   </trkpt>
   <trkpt lat="50.836650000000006" lon="4.54699">
    <ele>77.36000000000001</ele>
   </trkpt>
   <trkpt lat="50.836740000000006" lon="4.54619">
    <ele>78.74000000000001</ele>
   </trkpt>
   <trkpt lat="50.83681000000001" lon="4.545870000000001">
    <ele>79.25</ele>
   </trkpt>
   <trkpt lat="50.83698000196975" lon="4.5452000022374675">
    <ele>81.04</ele>
   </trkpt>
   <trkpt lat="50.83715" lon="4.54453">
    <ele>81.92</ele>
   </trkpt>
   <trkpt lat="50.83749" lon="4.54335">
    <ele>82.66000000000001</ele>
   </trkpt>
   <trkpt lat="50.837790000000005" lon="4.5426">
    <ele>82.77000000000001</ele>
   </trkpt>
   <trkpt lat="50.83809" lon="4.54196">
    <ele>82.59</ele>
   </trkpt>
   <trkpt lat="50.83781000260155" lon="4.541174995201391">
    <ele>80.26</ele>
   </trkpt>
   <trkpt lat="50.83753" lon="4.54039">
    <ele>77.94000000000001</ele>
   </trkpt>
   <trkpt lat="50.83738" lon="4.540030000000001">
    <ele>76.4</ele>
   </trkpt>
   <trkpt lat="50.83782000023812" lon="4.539860001558587">
    <ele>75.29</ele>
   </trkpt>
   <trkpt lat="50.838260000000005" lon="4.53969">
    <ele>73.95</ele>
   </trkpt>
   <trkpt lat="50.83840000000001" lon="4.53962">
    <ele>73.95</ele>
   </trkpt>
   <trkpt lat="50.83906" lon="4.5391900000000005">
    <ele>73.56</ele>
   </trkpt>
   <trkpt lat="50.83980000759301" lon="4.538524042236388">
    <ele>74.31</ele>
   </trkpt>
   <trkpt lat="50.840540011395774" lon="4.5378580633502725">
    <ele>75.34</ele>
   </trkpt>
   <trkpt lat="50.84128001140805" lon="4.537192063340533">
    <ele>76.67</ele>
   </trkpt>
   <trkpt lat="50.842020007629635" lon="4.5365260422060505">
    <ele>78.7</ele>
   </trkpt>
   <trkpt lat="50.842760000000006" lon="4.5358600000000004">
    <ele>81.24000000000001</ele>
   </trkpt>
   <trkpt lat="50.842980000000004" lon="4.53575">
    <ele>84.15</ele>
   </trkpt>
   <trkpt lat="50.84297" lon="4.5357400000000005">
    <ele>81.89</ele>
   </trkpt>
   <trkpt lat="50.843140000000005" lon="4.53572">
    <ele>82.12</ele>
   </trkpt>
   <trkpt lat="50.84329" lon="4.53573">
    <ele>82.91000000000001</ele>
   </trkpt>
   <trkpt lat="50.84347" lon="4.53579">
    <ele>83.4</ele>
   </trkpt>
   <trkpt lat="50.8442" lon="4.5362100000000005">
    <ele>85.07000000000001</ele>
   </trkpt>
   <trkpt lat="50.844440000000006" lon="4.53638">
    <ele>85.41000000000001</ele>
   </trkpt>
   <trkpt lat="50.84501500107335" lon="4.53686499408012">
    <ele>86.54</ele>
   </trkpt>
   <trkpt lat="50.84559" lon="4.53735">
    <ele>89.06000000000002</ele>
   </trkpt>
   <trkpt lat="50.84591" lon="4.5376">
    <ele>89.91</ele>
   </trkpt>
   <trkpt lat="50.84644" lon="4.53789">
    <ele>90.7</ele>
   </trkpt>
   <trkpt lat="50.8468" lon="4.53802">
    <ele>90.99</ele>
   </trkpt>
   <trkpt lat="50.84707" lon="4.538080000000001">
    <ele>91.14000000000001</ele>
   </trkpt>
   <trkpt lat="50.84767" lon="4.53814">
    <ele>92.24</ele>
   </trkpt>
   <trkpt lat="50.84789000000001" lon="4.53821">
    <ele>92.37</ele>
   </trkpt>
   <trkpt lat="50.848090000000006" lon="4.53831">
    <ele>92.64000000000001</ele>
   </trkpt>
   <trkpt lat="50.848220000000005" lon="4.5384">
    <ele>93.02000000000001</ele>
   </trkpt>
   <trkpt lat="50.84893500178657" lon="4.539034990323559">
    <ele>93.42</ele>
   </trkpt>
   <trkpt lat="50.849650000000004" lon="4.53967">
    <ele>94.03</ele>
   </trkpt>
   <trkpt lat="50.84982" lon="4.53976">
    <ele>94.61000000000001</ele>
   </trkpt>
   <trkpt lat="50.849990000000005" lon="4.5398000000000005">
    <ele>94.92</ele>
   </trkpt>
   <trkpt lat="50.85077000009757" lon="4.539854999086251">
    <ele>95.71000000000001</ele>
   </trkpt>
   <trkpt lat="50.85155" lon="4.539910000000001">
    <ele>96.09</ele>
   </trkpt>
   <trkpt lat="50.85173" lon="4.53992">
    <ele>96.01</ele>
   </trkpt>
   <trkpt lat="50.85206" lon="4.539890000000001">
    <ele>95.65</ele>
   </trkpt>
   <trkpt lat="50.85242000325483" lon="4.540749993588722">
    <ele>96.34</ele>
   </trkpt>
   <trkpt lat="50.85278" lon="4.54161">
    <ele>97.61</ele>
   </trkpt>
   <trkpt lat="50.85278" lon="4.54162">
    <ele>99.39</ele>
   </trkpt>
   <trkpt lat="50.853180015695386" lon="4.542577967161567">
    <ele>99.39</ele>
   </trkpt>
   <trkpt lat="50.853580023548744" lon="4.543535950755157">
    <ele>99.39</ele>
   </trkpt>
   <trkpt lat="50.853980023559835" lon="4.544493950780963">
    <ele>98.51</ele>
   </trkpt>
   <trkpt lat="50.854380015728424" lon="4.545451967239181">
    <ele>98.51</ele>
   </trkpt>
   <trkpt lat="50.854780000000005" lon="4.546410000000001">
    <ele>98.47</ele>
   </trkpt>
   <trkpt lat="50.855850000000004" lon="4.54912">
    <ele>100.27000000000001</ele>
   </trkpt>
   <trkpt lat="50.85613000000001" lon="4.54982">
    <ele>100.04</ele>
   </trkpt>
   <trkpt lat="50.85615000000001" lon="4.549980000000001">
    <ele>100.0</ele>
   </trkpt>
   <trkpt lat="50.85613000000001" lon="4.550190000000001">
    <ele>99.84</ele>
   </trkpt>
   <trkpt lat="50.855900000000005" lon="4.550750000000001">
    <ele>99.15</ele>
   </trkpt>
   <trkpt lat="50.8558" lon="4.55098">
    <ele>99.15</ele>
   </trkpt>
   <trkpt lat="50.85578" lon="4.551100000000001">
    <ele>99.01000000000002</ele>
   </trkpt>
   <trkpt lat="50.855790000000006" lon="4.55126">
    <ele>99.01000000000002</ele>
   </trkpt>
   <trkpt lat="50.85589" lon="4.55184">
    <ele>97.55000000000001</ele>
   </trkpt>
   <trkpt lat="50.855880000000006" lon="4.5522100000000005">
    <ele>97.10000000000001</ele>
   </trkpt>
   <trkpt lat="50.85615000000001" lon="4.55222">
    <ele>97.44000000000001</ele>
   </trkpt>
   <trkpt lat="50.856739999957455" lon="4.552215000063619">
    <ele>99.09</ele>
   </trkpt>
   <trkpt lat="50.857330000000005" lon="4.5522100000000005">
    <ele>101.20000000000002</ele>
   </trkpt>
   <trkpt lat="50.85765000000001" lon="4.55226">
    <ele>101.44</ele>
   </trkpt>
   <trkpt lat="50.85779" lon="4.55233">
    <ele>101.54</ele>
   </trkpt>
   <trkpt lat="50.85810000000001" lon="4.55255">
    <ele>101.54</ele>
   </trkpt>
   <trkpt lat="50.85831" lon="4.552790000000001">
    <ele>101.43</ele>
   </trkpt>
   <trkpt lat="50.85855" lon="4.553100000000001">
    <ele>101.43</ele>
   </trkpt>
   <trkpt lat="50.85889000093627" lon="4.5535749964979875">
    <ele>101.10000000000001</ele>
   </trkpt>
   <trkpt lat="50.859230000000004" lon="4.55405">
    <ele>100.86</ele>
   </trkpt>
   <trkpt lat="50.85951000000001" lon="4.5545100000000005">
    <ele>100.66000000000001</ele>
   </trkpt>
   <trkpt lat="50.859970003386344" lon="4.55539999122442">
    <ele>100.22</ele>
   </trkpt>
   <trkpt lat="50.86043" lon="4.556290000000001">
    <ele>99.54</ele>
   </trkpt>
   <trkpt lat="50.86065000000001" lon="4.55665">
    <ele>99.35000000000001</ele>
   </trkpt>
   <trkpt lat="50.86075" lon="4.556760000000001">
    <ele>99.28</ele>
   </trkpt>
   <trkpt lat="50.86086" lon="4.55684">
    <ele>98.99000000000001</ele>
   </trkpt>
   <trkpt lat="50.86104" lon="4.556900000000001">
    <ele>98.99000000000001</ele>
   </trkpt>
   <trkpt lat="50.86176666673325" lon="4.556983330736684">
    <ele>98.17</ele>
   </trkpt>
   <trkpt lat="50.86249333340718" lon="4.557066664070798">
    <ele>97.41000000000001</ele>
   </trkpt>
   <trkpt lat="50.863220000000005" lon="4.55715">
    <ele>95.18</ele>
   </trkpt>
   <trkpt lat="50.863400000000006" lon="4.55722">
    <ele>95.18</ele>
   </trkpt>
   <trkpt lat="50.86368" lon="4.55743">
    <ele>92.11000000000001</ele>
   </trkpt>
   <trkpt lat="50.86426333599025" lon="4.557986652745528">
    <ele>88.03000000000002</ele>
   </trkpt>
   <trkpt lat="50.86484666933285" lon="4.5585433194207985">
    <ele>83.79</ele>
   </trkpt>
   <trkpt lat="50.86543" lon="4.5591">
    <ele>81.03</ele>
   </trkpt>
   <trkpt lat="50.86569" lon="4.55938">
    <ele>78.99000000000001</ele>
   </trkpt>
   <trkpt lat="50.866310000000006" lon="4.56017">
    <ele>73.78000000000002</ele>
   </trkpt>
   <trkpt lat="50.86652" lon="4.5604000000000005">
    <ele>71.85000000000001</ele>
   </trkpt>
   <trkpt lat="50.867130003151296" lon="4.560897480453287">
    <ele>68.38000000000001</ele>
   </trkpt>
   <trkpt lat="50.86774000418794" lon="4.56139497392603">
    <ele>66.11</ele>
   </trkpt>
   <trkpt lat="50.86835000310983" lon="4.561892480418812">
    <ele>65.75</ele>
   </trkpt>
   <trkpt lat="50.86896" lon="4.562390000000001">
    <ele>66.02000000000001</ele>
   </trkpt>
   <trkpt lat="50.86932" lon="4.56278">
    <ele>65.91000000000001</ele>
   </trkpt>
   <trkpt lat="50.869925002344914" lon="4.563509990607644">
    <ele>66.02000000000001</ele>
   </trkpt>
   <trkpt lat="50.87053" lon="4.564240000000001">
    <ele>66.15</ele>
   </trkpt>
   <trkpt lat="50.870670000000004" lon="4.56437">
    <ele>66.15</ele>
   </trkpt>
   <trkpt lat="50.870990000000006" lon="4.56461">
    <ele>66.78</ele>
   </trkpt>
   <trkpt lat="50.871170000000006" lon="4.564710000000001">
    <ele>66.78</ele>
   </trkpt>
   <trkpt lat="50.87190500053187" lon="4.565039994826062">
    <ele>65.73</ele>
   </trkpt>
   <trkpt lat="50.872640000000004" lon="4.565370000000001">
    <ele>64.08000000000001</ele>
   </trkpt>
   <trkpt lat="50.872780000000006" lon="4.56547">
    <ele>64.08000000000001</ele>
   </trkpt>
   <trkpt lat="50.87288" lon="4.5656300000000005">
    <ele>63.72</ele>
   </trkpt>
   <trkpt lat="50.872980000000005" lon="4.5659600000000005">
    <ele>63.40000000000001</ele>
   </trkpt>
   <trkpt lat="50.873160000000006" lon="4.56717">
    <ele>62.080000000000005</ele>
   </trkpt>
   <trkpt lat="50.87326" lon="4.567620000000001">
    <ele>61.82000000000001</ele>
   </trkpt>
   <trkpt lat="50.873360000000005" lon="4.56784">
    <ele>61.06</ele>
   </trkpt>
   <trkpt lat="50.87351" lon="4.5681">
    <ele>60.56</ele>
   </trkpt>
   <trkpt lat="50.87368000000001" lon="4.56826">
    <ele>60.35000000000001</ele>
   </trkpt>
   <trkpt lat="50.873870000000004" lon="4.56838">
    <ele>60.18</ele>
   </trkpt>
   <trkpt lat="50.8746" lon="4.56871">
    <ele>60.46000000000001</ele>
   </trkpt>
   <trkpt lat="50.874790000000004" lon="4.56874">
    <ele>60.370000000000005</ele>
   </trkpt>
   <trkpt lat="50.874990000000004" lon="4.568700000000001">
    <ele>60.17000000000001</ele>
   </trkpt>
   <trkpt lat="50.875150000000005" lon="4.56864">
    <ele>59.9</ele>
   </trkpt>
   <trkpt lat="50.87559" lon="4.56857">
    <ele>59.690000000000005</ele>
   </trkpt>
   <trkpt lat="50.87597" lon="4.568490000000001">
    <ele>59.260000000000005</ele>
   </trkpt>
   <trkpt lat="50.87662" lon="4.56822">
    <ele>57.580000000000005</ele>
   </trkpt>
   <trkpt lat="50.87706000000001" lon="4.5681400000000005">
    <ele>56.580000000000005</ele>
   </trkpt>
   <trkpt lat="50.877190000000006" lon="4.56815">
    <ele>56.050000000000004</ele>
   </trkpt>
   <trkpt lat="50.8772" lon="4.5681">
    <ele>55.64</ele>
   </trkpt>
   <trkpt lat="50.87724000000001" lon="4.568020000000001">
    <ele>55.64</ele>
   </trkpt>
   <trkpt lat="50.877080005513655" lon="4.566884996178082">
    <ele>52.18</ele>
   </trkpt>
   <trkpt lat="50.876920000000005" lon="4.56575">
    <ele>50.440000000000005</ele>
   </trkpt>
   <trkpt lat="50.87676000778359" lon="4.564399995349469">
    <ele>49.6</ele>
   </trkpt>
   <trkpt lat="50.8766" lon="4.5630500000000005">
    <ele>49.54</ele>
   </trkpt>
   <trkpt lat="50.876540000000006" lon="4.562460000000001">
    <ele>49.59</ele>
   </trkpt>
   <trkpt lat="50.8764866815526" lon="4.5611399969636475">
    <ele>49.720000000000006</ele>
   </trkpt>
   <trkpt lat="50.876433348218626" lon="4.5598199969482005">
    <ele>50.07</ele>
   </trkpt>
   <trkpt lat="50.876380000000005" lon="4.5585">
    <ele>50.510000000000005</ele>
   </trkpt>
   <trkpt lat="50.87635" lon="4.55816">
    <ele>50.730000000000004</ele>
   </trkpt>
   <trkpt lat="50.87630000000001" lon="4.55789">
    <ele>50.830000000000005</ele>
   </trkpt>
   <trkpt lat="50.87603000000001" lon="4.55694">
    <ele>50.940000000000005</ele>
   </trkpt>
   <trkpt lat="50.876020000000004" lon="4.55666">
    <ele>50.85000000000001</ele>
   </trkpt>
   <trkpt lat="50.876050000000006" lon="4.55633">
    <ele>50.85000000000001</ele>
   </trkpt>
   <trkpt lat="50.87599" lon="4.5551200000000005">
    <ele>50.980000000000004</ele>
   </trkpt>
   <trkpt lat="50.876020000000004" lon="4.5548">
    <ele>51.10000000000001</ele>
   </trkpt>
   <trkpt lat="50.87612000000001" lon="4.55447">
    <ele>51.14</ele>
   </trkpt>
   <trkpt lat="50.87628" lon="4.55405">
    <ele>51.14</ele>
   </trkpt>
   <trkpt lat="50.87641000000001" lon="4.55416">
    <ele>50.71</ele>
   </trkpt>
   <trkpt lat="50.877030000000005" lon="4.5544">
    <ele>50.24000000000001</ele>
   </trkpt>
   <trkpt lat="50.87762000000001" lon="4.55445">
    <ele>50.14</ele>
   </trkpt>
   <trkpt lat="50.878350000000005" lon="4.55445">
    <ele>50.010000000000005</ele>
   </trkpt>
   <trkpt lat="50.87924" lon="4.55463">
    <ele>51.050000000000004</ele>
   </trkpt>
   <trkpt lat="50.87913000356672" lon="4.5537149977593385">
    <ele>50.82</ele>
   </trkpt>
   <trkpt lat="50.879020000000004" lon="4.5528">
    <ele>50.980000000000004</ele>
   </trkpt>
   <trkpt lat="50.87893000268055" lon="4.552004998293741">
    <ele>51.010000000000005</ele>
   </trkpt>
   <trkpt lat="50.878840000000004" lon="4.55121">
    <ele>51.29</ele>
   </trkpt>
  </trkseg>
 </trk>
</gpx>
