<?xml version='1.0' encoding='UTF-8'?>
<gpx xmlns="http://www.topografix.com/GPX/1/1" xmlns:xsi="http://www.w3.org/2001/XMLSchema-instance" creator="RouteYou" version="1.1" xsi:schemaLocation="http://www.topografix.com/GPX/1/1 http://www.topografix.com/GPX/1/1/gpx.xsd">
  <wpt lat="51.11645" lon="4.31145">
    <name>Veer Schelle-Wintam</name>
    <desc>Veer Schelle - Wintam&lt;br/&gt;&lt;br/&gt;&lt;a href="https://www.routeyou.com/location/view/46073548.nl?toptext=2583556"&gt;Meer informatie&lt;/a&gt;</desc>
    <type>Veer</type>
  </wpt>
  <trk>
    <name>Veer Schelle-Wintam 2025</name>
    <desc />
    <trkseg>
      <trkpt lat="50.87882" lon="4.55106">
        <ele>48</ele>
      </trkpt>
      <trkpt lat="50.8788" lon="4.55086">
        <ele>48</ele>
      </trkpt>
      <trkpt lat="50.87912" lon="4.55072">
        <ele>49</ele>
      </trkpt>
      <trkpt lat="50.88054" lon="4.54987">
        <ele>62</ele>
      </trkpt>
      <trkpt lat="50.88101" lon="4.54966">
        <ele>58</ele>
      </trkpt>
      <trkpt lat="50.88254" lon="4.54885">
        <ele>41</ele>
      </trkpt>
      <trkpt lat="50.88248" lon="4.54831">
        <ele>42</ele>
      </trkpt>
      <trkpt lat="50.88245" lon="4.54763">
        <ele>42</ele>
      </trkpt>
      <trkpt lat="50.88243" lon="4.54688">
        <ele>42</ele>
      </trkpt>
      <trkpt lat="50.88231" lon="4.54604">
        <ele>42</ele>
      </trkpt>
      <trkpt lat="50.8835" lon="4.54597">
        <ele>41</ele>
      </trkpt>
      <trkpt lat="50.88423" lon="4.54603">
        <ele>40</ele>
      </trkpt>
      <trkpt lat="50.88428" lon="4.54596">
        <ele>40</ele>
      </trkpt>
      <trkpt lat="50.88431" lon="4.54587">
        <ele>40</ele>
      </trkpt>
      <trkpt lat="50.88432" lon="4.54511">
        <ele>41</ele>
      </trkpt>
      <trkpt lat="50.88494" lon="4.54523">
        <ele>41</ele>
      </trkpt>
      <trkpt lat="50.88538" lon="4.54537">
        <ele>41</ele>
      </trkpt>
      <trkpt lat="50.88558" lon="4.54531">
        <ele>41</ele>
      </trkpt>
      <trkpt lat="50.88596" lon="4.54514">
        <ele>41</ele>
      </trkpt>
      <trkpt lat="50.88596" lon="4.54515">
        <ele>41</ele>
      </trkpt>
      <trkpt lat="50.88762" lon="4.54434">
        <ele>43</ele>
      </trkpt>
      <trkpt lat="50.89028" lon="4.54313">
        <ele>43</ele>
      </trkpt>
      <trkpt lat="50.89247" lon="4.54211">
        <ele>43</ele>
      </trkpt>
      <trkpt lat="50.89246" lon="4.54205">
        <ele>43</ele>
      </trkpt>
      <trkpt lat="50.8925" lon="4.54201">
        <ele>43</ele>
      </trkpt>
      <trkpt lat="50.89254" lon="4.54194">
        <ele>43</ele>
      </trkpt>
      <trkpt lat="50.89257" lon="4.54175">
        <ele>42</ele>
      </trkpt>
      <trkpt lat="50.89247" lon="4.54061">
        <ele>42</ele>
      </trkpt>
      <trkpt lat="50.8923" lon="4.53965">
        <ele>47</ele>
      </trkpt>
      <trkpt lat="50.89228" lon="4.53937">
        <ele>41</ele>
      </trkpt>
      <trkpt lat="50.89229" lon="4.53916">
        <ele>41</ele>
      </trkpt>
      <trkpt lat="50.89235" lon="4.5389">
        <ele>42</ele>
      </trkpt>
      <trkpt lat="50.89244" lon="4.53867">
        <ele>43</ele>
      </trkpt>
      <trkpt lat="50.89256" lon="4.53852">
        <ele>42</ele>
      </trkpt>
      <trkpt lat="50.89268" lon="4.53842">
        <ele>42</ele>
      </trkpt>
      <trkpt lat="50.89283" lon="4.53835">
        <ele>42</ele>
      </trkpt>
      <trkpt lat="50.893" lon="4.53834">
        <ele>45</ele>
      </trkpt>
      <trkpt lat="50.8933" lon="4.53842">
        <ele>46</ele>
      </trkpt>
      <trkpt lat="50.89339" lon="4.53838">
        <ele>45</ele>
      </trkpt>
      <trkpt lat="50.89348" lon="4.53828">
        <ele>45</ele>
      </trkpt>
      <trkpt lat="50.8936" lon="4.53827">
        <ele>45</ele>
      </trkpt>
      <trkpt lat="50.89364" lon="4.53824">
        <ele>45</ele>
      </trkpt>
      <trkpt lat="50.89374" lon="4.53809">
        <ele>44</ele>
      </trkpt>
      <trkpt lat="50.8952" lon="4.53449">
        <ele>52</ele>
      </trkpt>
      <trkpt lat="50.89596" lon="4.5327">
        <ele>52</ele>
      </trkpt>
      <trkpt lat="50.89607" lon="4.53253">
        <ele>52</ele>
      </trkpt>
      <trkpt lat="50.89628" lon="4.53223">
        <ele>52</ele>
      </trkpt>
      <trkpt lat="50.8985" lon="4.52973">
        <ele>46</ele>
      </trkpt>
      <trkpt lat="50.89873" lon="4.52941">
        <ele>45</ele>
      </trkpt>
      <trkpt lat="50.89893" lon="4.52903">
        <ele>45</ele>
      </trkpt>
      <trkpt lat="50.90048" lon="4.52526">
        <ele>39</ele>
      </trkpt>
      <trkpt lat="50.90072" lon="4.52481">
        <ele>38</ele>
      </trkpt>
      <trkpt lat="50.90203" lon="4.5229">
        <ele>36</ele>
      </trkpt>
      <trkpt lat="50.90211" lon="4.52285">
        <ele>36</ele>
      </trkpt>
      <trkpt lat="50.90283" lon="4.52182">
        <ele>35</ele>
      </trkpt>
      <trkpt lat="50.90286" lon="4.52185">
        <ele>35</ele>
      </trkpt>
      <trkpt lat="50.90293" lon="4.52174">
        <ele>35</ele>
      </trkpt>
      <trkpt lat="50.9042" lon="4.52269">
        <ele>33</ele>
      </trkpt>
      <trkpt lat="50.90457" lon="4.52292">
        <ele>33</ele>
      </trkpt>
      <trkpt lat="50.9057" lon="4.52331">
        <ele>32</ele>
      </trkpt>
      <trkpt lat="50.90627" lon="4.52361">
        <ele>31</ele>
      </trkpt>
      <trkpt lat="50.90672" lon="4.52377">
        <ele>31</ele>
      </trkpt>
      <trkpt lat="50.90736" lon="4.52392">
        <ele>30</ele>
      </trkpt>
      <trkpt lat="50.90784" lon="4.52396">
        <ele>30</ele>
      </trkpt>
      <trkpt lat="50.9081" lon="4.52374">
        <ele>30</ele>
      </trkpt>
      <trkpt lat="50.90842" lon="4.52333">
        <ele>29</ele>
      </trkpt>
      <trkpt lat="50.90891" lon="4.5226">
        <ele>29</ele>
      </trkpt>
      <trkpt lat="50.90898" lon="4.52246">
        <ele>28</ele>
      </trkpt>
      <trkpt lat="50.90924" lon="4.52234">
        <ele>28</ele>
      </trkpt>
      <trkpt lat="50.90932" lon="4.52249">
        <ele>28</ele>
      </trkpt>
      <trkpt lat="50.90941" lon="4.52258">
        <ele>28</ele>
      </trkpt>
      <trkpt lat="50.91165" lon="4.52375">
        <ele>28</ele>
      </trkpt>
      <trkpt lat="50.91218" lon="4.52411">
        <ele>27</ele>
      </trkpt>
      <trkpt lat="50.91273" lon="4.52458">
        <ele>27</ele>
      </trkpt>
      <trkpt lat="50.91326" lon="4.52516">
        <ele>26</ele>
      </trkpt>
      <trkpt lat="50.91355" lon="4.52551">
        <ele>26</ele>
      </trkpt>
      <trkpt lat="50.91426" lon="4.52637">
        <ele>25</ele>
      </trkpt>
      <trkpt lat="50.91556" lon="4.52773">
        <ele>25</ele>
      </trkpt>
      <trkpt lat="50.91588" lon="4.52799">
        <ele>26</ele>
      </trkpt>
      <trkpt lat="50.91733" lon="4.52885">
        <ele>25</ele>
      </trkpt>
      <trkpt lat="50.91887" lon="4.52925">
        <ele>22</ele>
      </trkpt>
      <trkpt lat="50.91923" lon="4.52936">
        <ele>22</ele>
      </trkpt>
      <trkpt lat="50.91938" lon="4.52944">
        <ele>22</ele>
      </trkpt>
      <trkpt lat="50.91984" lon="4.5298">
        <ele>21</ele>
      </trkpt>
      <trkpt lat="50.92012" lon="4.53">
        <ele>21</ele>
      </trkpt>
      <trkpt lat="50.92024" lon="4.53007">
        <ele>21</ele>
      </trkpt>
      <trkpt lat="50.92066" lon="4.53034">
        <ele>21</ele>
      </trkpt>
      <trkpt lat="50.92082" lon="4.53053">
        <ele>21</ele>
      </trkpt>
      <trkpt lat="50.92088" lon="4.53066">
        <ele>21</ele>
      </trkpt>
      <trkpt lat="50.92092" lon="4.53082">
        <ele>21</ele>
      </trkpt>
      <trkpt lat="50.92095" lon="4.53179">
        <ele>21</ele>
      </trkpt>
      <trkpt lat="50.92097" lon="4.53208">
        <ele>21</ele>
      </trkpt>
      <trkpt lat="50.92109" lon="4.53294">
        <ele>22</ele>
      </trkpt>
      <trkpt lat="50.92119" lon="4.53343">
        <ele>22</ele>
      </trkpt>
      <trkpt lat="50.92127" lon="4.53368">
        <ele>22</ele>
      </trkpt>
      <trkpt lat="50.9213" lon="4.53367">
        <ele>22</ele>
      </trkpt>
      <trkpt lat="50.92134" lon="4.53369">
        <ele>21</ele>
      </trkpt>
      <trkpt lat="50.92137" lon="4.53377">
        <ele>21</ele>
      </trkpt>
      <trkpt lat="50.92136" lon="4.53381">
        <ele>21</ele>
      </trkpt>
      <trkpt lat="50.92133" lon="4.53387">
        <ele>22</ele>
      </trkpt>
      <trkpt lat="50.92126" lon="4.53387">
        <ele>22</ele>
      </trkpt>
      <trkpt lat="50.92122" lon="4.53397">
        <ele>22</ele>
      </trkpt>
      <trkpt lat="50.92124" lon="4.53425">
        <ele>22</ele>
      </trkpt>
      <trkpt lat="50.92127" lon="4.53438">
        <ele>22</ele>
      </trkpt>
      <trkpt lat="50.92171" lon="4.53519">
        <ele>22</ele>
      </trkpt>
      <trkpt lat="50.92183" lon="4.53549">
        <ele>22</ele>
      </trkpt>
      <trkpt lat="50.92193" lon="4.5358">
        <ele>22</ele>
      </trkpt>
      <trkpt lat="50.92201" lon="4.53628">
        <ele>22</ele>
      </trkpt>
      <trkpt lat="50.92224" lon="4.53781">
        <ele>23</ele>
      </trkpt>
      <trkpt lat="50.92228" lon="4.53812">
        <ele>22</ele>
      </trkpt>
      <trkpt lat="50.92229" lon="4.53842">
        <ele>23</ele>
      </trkpt>
      <trkpt lat="50.92229" lon="4.53891">
        <ele>23</ele>
      </trkpt>
      <trkpt lat="50.92227" lon="4.53906">
        <ele>23</ele>
      </trkpt>
      <trkpt lat="50.92209" lon="4.53984">
        <ele>22</ele>
      </trkpt>
      <trkpt lat="50.92206" lon="4.5401">
        <ele>22</ele>
      </trkpt>
      <trkpt lat="50.92206" lon="4.54025">
        <ele>22</ele>
      </trkpt>
      <trkpt lat="50.92212" lon="4.5409">
        <ele>22</ele>
      </trkpt>
      <trkpt lat="50.92218" lon="4.54318">
        <ele>23</ele>
      </trkpt>
      <trkpt lat="50.9222" lon="4.54434">
        <ele>22</ele>
      </trkpt>
      <trkpt lat="50.92234" lon="4.54573">
        <ele>22</ele>
      </trkpt>
      <trkpt lat="50.92236" lon="4.54603">
        <ele>22</ele>
      </trkpt>
      <trkpt lat="50.92239" lon="4.54744">
        <ele>22</ele>
      </trkpt>
      <trkpt lat="50.92234" lon="4.54809">
        <ele>22</ele>
      </trkpt>
      <trkpt lat="50.92286" lon="4.54816">
        <ele>20</ele>
      </trkpt>
      <trkpt lat="50.92404" lon="4.54807">
        <ele>16</ele>
      </trkpt>
      <trkpt lat="50.92422" lon="4.54814">
        <ele>16</ele>
      </trkpt>
      <trkpt lat="50.92441" lon="4.54831">
        <ele>16</ele>
      </trkpt>
      <trkpt lat="50.92454" lon="4.5485">
        <ele>15</ele>
      </trkpt>
      <trkpt lat="50.92461" lon="4.54867">
        <ele>15</ele>
      </trkpt>
      <trkpt lat="50.92478" lon="4.54915">
        <ele>15</ele>
      </trkpt>
      <trkpt lat="50.92486" lon="4.54932">
        <ele>15</ele>
      </trkpt>
      <trkpt lat="50.9253" lon="4.5499">
        <ele>15</ele>
      </trkpt>
      <trkpt lat="50.92556" lon="4.55004">
        <ele>15</ele>
      </trkpt>
      <trkpt lat="50.92582" lon="4.55009">
        <ele>15</ele>
      </trkpt>
      <trkpt lat="50.92755" lon="4.55031">
        <ele>14</ele>
      </trkpt>
      <trkpt lat="50.92778" lon="4.55027">
        <ele>14</ele>
      </trkpt>
      <trkpt lat="50.92803" lon="4.55017">
        <ele>13</ele>
      </trkpt>
      <trkpt lat="50.92825" lon="4.55">
        <ele>13</ele>
      </trkpt>
      <trkpt lat="50.92832" lon="4.54992">
        <ele>13</ele>
      </trkpt>
      <trkpt lat="50.92848" lon="4.54975">
        <ele>13</ele>
      </trkpt>
      <trkpt lat="50.92872" lon="4.54944">
        <ele>13</ele>
      </trkpt>
      <trkpt lat="50.92934" lon="4.54861">
        <ele>13</ele>
      </trkpt>
      <trkpt lat="50.92972" lon="4.54818">
        <ele>14</ele>
      </trkpt>
      <trkpt lat="50.9298" lon="4.54801">
        <ele>14</ele>
      </trkpt>
      <trkpt lat="50.92985" lon="4.54786">
        <ele>14</ele>
      </trkpt>
      <trkpt lat="50.93035" lon="4.54559">
        <ele>17</ele>
      </trkpt>
      <trkpt lat="50.93037" lon="4.54533">
        <ele>17</ele>
      </trkpt>
      <trkpt lat="50.93036" lon="4.54503">
        <ele>17</ele>
      </trkpt>
      <trkpt lat="50.93031" lon="4.5445">
        <ele>18</ele>
      </trkpt>
      <trkpt lat="50.9303" lon="4.54427">
        <ele>18</ele>
      </trkpt>
      <trkpt lat="50.93033" lon="4.54374">
        <ele>18</ele>
      </trkpt>
      <trkpt lat="50.93038" lon="4.54337">
        <ele>19</ele>
      </trkpt>
      <trkpt lat="50.93053" lon="4.54274">
        <ele>19</ele>
      </trkpt>
      <trkpt lat="50.93077" lon="4.54187">
        <ele>20</ele>
      </trkpt>
      <trkpt lat="50.93083" lon="4.54157">
        <ele>20</ele>
      </trkpt>
      <trkpt lat="50.93087" lon="4.54129">
        <ele>20</ele>
      </trkpt>
      <trkpt lat="50.93086" lon="4.54081">
        <ele>20</ele>
      </trkpt>
      <trkpt lat="50.93081" lon="4.54013">
        <ele>19</ele>
      </trkpt>
      <trkpt lat="50.9309" lon="4.53967">
        <ele>18</ele>
      </trkpt>
      <trkpt lat="50.93096" lon="4.53942">
        <ele>18</ele>
      </trkpt>
      <trkpt lat="50.93126" lon="4.53852">
        <ele>16</ele>
      </trkpt>
      <trkpt lat="50.93157" lon="4.53777">
        <ele>16</ele>
      </trkpt>
      <trkpt lat="50.93181" lon="4.53739">
        <ele>15</ele>
      </trkpt>
      <trkpt lat="50.93215" lon="4.53698">
        <ele>15</ele>
      </trkpt>
      <trkpt lat="50.93225" lon="4.53726">
        <ele>15</ele>
      </trkpt>
      <trkpt lat="50.93286" lon="4.5391">
        <ele>16</ele>
      </trkpt>
      <trkpt lat="50.93457" lon="4.53846">
        <ele>15</ele>
      </trkpt>
      <trkpt lat="50.93491" lon="4.53843">
        <ele>15</ele>
      </trkpt>
      <trkpt lat="50.93519" lon="4.53846">
        <ele>15</ele>
      </trkpt>
      <trkpt lat="50.93519" lon="4.53845">
        <ele>15</ele>
      </trkpt>
      <trkpt lat="50.93519" lon="4.53846">
        <ele>15</ele>
      </trkpt>
      <trkpt lat="50.93583" lon="4.53845">
        <ele>14</ele>
      </trkpt>
      <trkpt lat="50.93625" lon="4.53835">
        <ele>14</ele>
      </trkpt>
      <trkpt lat="50.93756" lon="4.53777">
        <ele>14</ele>
      </trkpt>
      <trkpt lat="50.9382" lon="4.53741">
        <ele>14</ele>
      </trkpt>
      <trkpt lat="50.93862" lon="4.53714">
        <ele>14</ele>
      </trkpt>
      <trkpt lat="50.93915" lon="4.53672">
        <ele>14</ele>
      </trkpt>
      <trkpt lat="50.93939" lon="4.53652">
        <ele>14</ele>
      </trkpt>
      <trkpt lat="50.93973" lon="4.53622">
        <ele>14</ele>
      </trkpt>
      <trkpt lat="50.94018" lon="4.53574">
        <ele>13</ele>
      </trkpt>
      <trkpt lat="50.9417" lon="4.53395">
        <ele>12</ele>
      </trkpt>
      <trkpt lat="50.9421" lon="4.53358">
        <ele>12</ele>
      </trkpt>
      <trkpt lat="50.94221" lon="4.53376">
        <ele>12</ele>
      </trkpt>
      <trkpt lat="50.94227" lon="4.53371">
        <ele>12</ele>
      </trkpt>
      <trkpt lat="50.94211" lon="4.53258">
        <ele>12</ele>
      </trkpt>
      <trkpt lat="50.94209" lon="4.53119">
        <ele>12</ele>
      </trkpt>
      <trkpt lat="50.94211" lon="4.53046">
        <ele>12</ele>
      </trkpt>
      <trkpt lat="50.94218" lon="4.52956">
        <ele>12</ele>
      </trkpt>
      <trkpt lat="50.94225" lon="4.52908">
        <ele>12</ele>
      </trkpt>
      <trkpt lat="50.94242" lon="4.52825">
        <ele>11</ele>
      </trkpt>
      <trkpt lat="50.94264" lon="4.5275">
        <ele>11</ele>
      </trkpt>
      <trkpt lat="50.94269" lon="4.52733">
        <ele>11</ele>
      </trkpt>
      <trkpt lat="50.94333" lon="4.52566">
        <ele>11</ele>
      </trkpt>
      <trkpt lat="50.9434" lon="4.52541">
        <ele>11</ele>
      </trkpt>
      <trkpt lat="50.94347" lon="4.52501">
        <ele>11</ele>
      </trkpt>
      <trkpt lat="50.9435" lon="4.52477">
        <ele>11</ele>
      </trkpt>
      <trkpt lat="50.9435" lon="4.52422">
        <ele>10</ele>
      </trkpt>
      <trkpt lat="50.94333" lon="4.52237">
        <ele>10</ele>
      </trkpt>
      <trkpt lat="50.94333" lon="4.5217">
        <ele>10</ele>
      </trkpt>
      <trkpt lat="50.9434" lon="4.52107">
        <ele>10</ele>
      </trkpt>
      <trkpt lat="50.9437" lon="4.51886">
        <ele>10</ele>
      </trkpt>
      <trkpt lat="50.94388" lon="4.51588">
        <ele>10</ele>
      </trkpt>
      <trkpt lat="50.94386" lon="4.51538">
        <ele>10</ele>
      </trkpt>
      <trkpt lat="50.94382" lon="4.51496">
        <ele>10</ele>
      </trkpt>
      <trkpt lat="50.94347" lon="4.51356">
        <ele>10</ele>
      </trkpt>
      <trkpt lat="50.94352" lon="4.51346">
        <ele>10</ele>
      </trkpt>
      <trkpt lat="50.94526" lon="4.51159">
        <ele>10</ele>
      </trkpt>
      <trkpt lat="50.94566" lon="4.51117">
        <ele>10</ele>
      </trkpt>
      <trkpt lat="50.94611" lon="4.51074">
        <ele>10</ele>
      </trkpt>
      <trkpt lat="50.94778" lon="4.50939">
        <ele>9</ele>
      </trkpt>
      <trkpt lat="50.9479" lon="4.50932">
        <ele>9</ele>
      </trkpt>
      <trkpt lat="50.94806" lon="4.50956">
        <ele>9</ele>
      </trkpt>
      <trkpt lat="50.94811" lon="4.50956">
        <ele>9</ele>
      </trkpt>
      <trkpt lat="50.94954" lon="4.50929">
        <ele>9</ele>
      </trkpt>
      <trkpt lat="50.94994" lon="4.50923">
        <ele>9</ele>
      </trkpt>
      <trkpt lat="50.95021" lon="4.50923">
        <ele>9</ele>
      </trkpt>
      <trkpt lat="50.95117" lon="4.50908">
        <ele>9</ele>
      </trkpt>
      <trkpt lat="50.95163" lon="4.50895">
        <ele>9</ele>
      </trkpt>
      <trkpt lat="50.95408" lon="4.50719">
        <ele>8</ele>
      </trkpt>
      <trkpt lat="50.95417" lon="4.50714">
        <ele>8</ele>
      </trkpt>
      <trkpt lat="50.95485" lon="4.50696">
        <ele>8</ele>
      </trkpt>
      <trkpt lat="50.95514" lon="4.50685">
        <ele>8</ele>
      </trkpt>
      <trkpt lat="50.95522" lon="4.50739">
        <ele>8</ele>
      </trkpt>
      <trkpt lat="50.9554" lon="4.50858">
        <ele>8</ele>
      </trkpt>
      <trkpt lat="50.95682" lon="4.50818">
        <ele>8</ele>
      </trkpt>
      <trkpt lat="50.95697" lon="4.50819">
        <ele>8</ele>
      </trkpt>
      <trkpt lat="50.95764" lon="4.50863">
        <ele>7</ele>
      </trkpt>
      <trkpt lat="50.95841" lon="4.50906">
        <ele>6</ele>
      </trkpt>
      <trkpt lat="50.96074" lon="4.51028">
        <ele>7</ele>
      </trkpt>
      <trkpt lat="50.96104" lon="4.51045">
        <ele>7</ele>
      </trkpt>
      <trkpt lat="50.96133" lon="4.5109">
        <ele>7</ele>
      </trkpt>
      <trkpt lat="50.96148" lon="4.51101">
        <ele>7</ele>
      </trkpt>
      <trkpt lat="50.96167" lon="4.51108">
        <ele>8</ele>
      </trkpt>
      <trkpt lat="50.96188" lon="4.511">
        <ele>8</ele>
      </trkpt>
      <trkpt lat="50.96201" lon="4.51088">
        <ele>8</ele>
      </trkpt>
      <trkpt lat="50.96264" lon="4.51">
        <ele>8</ele>
      </trkpt>
      <trkpt lat="50.96281" lon="4.50985">
        <ele>8</ele>
      </trkpt>
      <trkpt lat="50.96354" lon="4.50933">
        <ele>7</ele>
      </trkpt>
      <trkpt lat="50.96353" lon="4.5091">
        <ele>7</ele>
      </trkpt>
      <trkpt lat="50.96517" lon="4.50813">
        <ele>7</ele>
      </trkpt>
      <trkpt lat="50.96537" lon="4.50801">
        <ele>7</ele>
      </trkpt>
      <trkpt lat="50.96713" lon="4.51289">
        <ele>8</ele>
      </trkpt>
      <trkpt lat="50.96739" lon="4.51362">
        <ele>8</ele>
      </trkpt>
      <trkpt lat="50.96744" lon="4.51368">
        <ele>8</ele>
      </trkpt>
      <trkpt lat="50.96748" lon="4.51377">
        <ele>8</ele>
      </trkpt>
      <trkpt lat="50.96749" lon="4.51385">
        <ele>8</ele>
      </trkpt>
      <trkpt lat="50.96843" lon="4.51618">
        <ele>8</ele>
      </trkpt>
      <trkpt lat="50.96898" lon="4.51564">
        <ele>8</ele>
      </trkpt>
      <trkpt lat="50.96915" lon="4.51537">
        <ele>8</ele>
      </trkpt>
      <trkpt lat="50.96922" lon="4.51525">
        <ele>7</ele>
      </trkpt>
      <trkpt lat="50.97114" lon="4.51308">
        <ele>8</ele>
      </trkpt>
      <trkpt lat="50.97218" lon="4.51129">
        <ele>9</ele>
      </trkpt>
      <trkpt lat="50.97257" lon="4.51051">
        <ele>8</ele>
      </trkpt>
      <trkpt lat="50.97278" lon="4.50997">
        <ele>8</ele>
      </trkpt>
      <trkpt lat="50.97298" lon="4.50951">
        <ele>7</ele>
      </trkpt>
      <trkpt lat="50.97319" lon="4.50908">
        <ele>7</ele>
      </trkpt>
      <trkpt lat="50.97402" lon="4.50791">
        <ele>7</ele>
      </trkpt>
      <trkpt lat="50.97417" lon="4.50781">
        <ele>7</ele>
      </trkpt>
      <trkpt lat="50.97531" lon="4.50773">
        <ele>7</ele>
      </trkpt>
      <trkpt lat="50.97686" lon="4.50771">
        <ele>7</ele>
      </trkpt>
      <trkpt lat="50.97727" lon="4.50732">
        <ele>6</ele>
      </trkpt>
      <trkpt lat="50.97747" lon="4.50704">
        <ele>7</ele>
      </trkpt>
      <trkpt lat="50.97775" lon="4.50678">
        <ele>7</ele>
      </trkpt>
      <trkpt lat="50.97806" lon="4.50659">
        <ele>6</ele>
      </trkpt>
      <trkpt lat="50.97837" lon="4.50654">
        <ele>7</ele>
      </trkpt>
      <trkpt lat="50.9784" lon="4.506">
        <ele>7</ele>
      </trkpt>
      <trkpt lat="50.97864" lon="4.50604">
        <ele>7</ele>
      </trkpt>
      <trkpt lat="50.97911" lon="4.50604">
        <ele>6</ele>
      </trkpt>
      <trkpt lat="50.97942" lon="4.50597">
        <ele>6</ele>
      </trkpt>
      <trkpt lat="50.9805" lon="4.50532">
        <ele>5</ele>
      </trkpt>
      <trkpt lat="50.98063" lon="4.50522">
        <ele>5</ele>
      </trkpt>
      <trkpt lat="50.98313" lon="4.50388">
        <ele>6</ele>
      </trkpt>
      <trkpt lat="50.98324" lon="4.50376">
        <ele>6</ele>
      </trkpt>
      <trkpt lat="50.98691" lon="4.49824">
        <ele>8</ele>
      </trkpt>
      <trkpt lat="50.98774" lon="4.49696">
        <ele>8</ele>
      </trkpt>
      <trkpt lat="50.98801" lon="4.49655">
        <ele>7</ele>
      </trkpt>
      <trkpt lat="50.98814" lon="4.4964">
        <ele>7</ele>
      </trkpt>
      <trkpt lat="50.9886" lon="4.49565">
        <ele>7</ele>
      </trkpt>
      <trkpt lat="50.98929" lon="4.49463">
        <ele>7</ele>
      </trkpt>
      <trkpt lat="50.98937" lon="4.49453">
        <ele>7</ele>
      </trkpt>
      <trkpt lat="50.99008" lon="4.49391">
        <ele>7</ele>
      </trkpt>
      <trkpt lat="50.99023" lon="4.49372">
        <ele>7</ele>
      </trkpt>
      <trkpt lat="50.99038" lon="4.49358">
        <ele>6</ele>
      </trkpt>
      <trkpt lat="50.99061" lon="4.4934">
        <ele>6</ele>
      </trkpt>
      <trkpt lat="50.99124" lon="4.49278">
        <ele>6</ele>
      </trkpt>
      <trkpt lat="50.99139" lon="4.49266">
        <ele>6</ele>
      </trkpt>
      <trkpt lat="50.99147" lon="4.49264">
        <ele>6</ele>
      </trkpt>
      <trkpt lat="50.99185" lon="4.49241">
        <ele>6</ele>
      </trkpt>
      <trkpt lat="50.99156" lon="4.49097">
        <ele>6</ele>
      </trkpt>
      <trkpt lat="50.99151" lon="4.49062">
        <ele>6</ele>
      </trkpt>
      <trkpt lat="50.99151" lon="4.4904">
        <ele>6</ele>
      </trkpt>
      <trkpt lat="50.99136" lon="4.48921">
        <ele>6</ele>
      </trkpt>
      <trkpt lat="50.99125" lon="4.48879">
        <ele>6</ele>
      </trkpt>
      <trkpt lat="50.99086" lon="4.48757">
        <ele>5</ele>
      </trkpt>
      <trkpt lat="50.99062" lon="4.48673">
        <ele>6</ele>
      </trkpt>
      <trkpt lat="50.9906" lon="4.48659">
        <ele>6</ele>
      </trkpt>
      <trkpt lat="50.9906" lon="4.48501">
        <ele>6</ele>
      </trkpt>
      <trkpt lat="50.99111" lon="4.47502">
        <ele>4</ele>
      </trkpt>
      <trkpt lat="50.99115" lon="4.47437">
        <ele>8</ele>
      </trkpt>
      <trkpt lat="50.99118" lon="4.47413">
        <ele>5</ele>
      </trkpt>
      <trkpt lat="50.99124" lon="4.47396">
        <ele>5</ele>
      </trkpt>
      <trkpt lat="50.99134" lon="4.47384">
        <ele>5</ele>
      </trkpt>
      <trkpt lat="50.99146" lon="4.47381">
        <ele>5</ele>
      </trkpt>
      <trkpt lat="50.99299" lon="4.47374">
        <ele>5</ele>
      </trkpt>
      <trkpt lat="50.99324" lon="4.47369">
        <ele>5</ele>
      </trkpt>
      <trkpt lat="50.99352" lon="4.47358">
        <ele>5</ele>
      </trkpt>
      <trkpt lat="50.99375" lon="4.47345">
        <ele>5</ele>
      </trkpt>
      <trkpt lat="50.99396" lon="4.4733">
        <ele>5</ele>
      </trkpt>
      <trkpt lat="50.99541" lon="4.47206">
        <ele>5</ele>
      </trkpt>
      <trkpt lat="50.9969" lon="4.47097">
        <ele>5</ele>
      </trkpt>
      <trkpt lat="50.99719" lon="4.47081">
        <ele>5</ele>
      </trkpt>
      <trkpt lat="50.99735" lon="4.47077">
        <ele>5</ele>
      </trkpt>
      <trkpt lat="50.99773" lon="4.47081">
        <ele>5</ele>
      </trkpt>
      <trkpt lat="50.9984" lon="4.47091">
        <ele>5</ele>
      </trkpt>
      <trkpt lat="50.99897" lon="4.47103">
        <ele>5</ele>
      </trkpt>
      <trkpt lat="50.9994" lon="4.47117">
        <ele>5</ele>
      </trkpt>
      <trkpt lat="50.9997" lon="4.47134">
        <ele>5</ele>
      </trkpt>
      <trkpt lat="51.0001" lon="4.47164">
        <ele>6</ele>
      </trkpt>
      <trkpt lat="51.0005" lon="4.4719">
        <ele>7</ele>
      </trkpt>
      <trkpt lat="51.0008" lon="4.47204">
        <ele>7</ele>
      </trkpt>
      <trkpt lat="51.00132" lon="4.47218">
        <ele>8</ele>
      </trkpt>
      <trkpt lat="51.00198" lon="4.47223">
        <ele>8</ele>
      </trkpt>
      <trkpt lat="51.00264" lon="4.47222">
        <ele>8</ele>
      </trkpt>
      <trkpt lat="51.00309" lon="4.47228">
        <ele>8</ele>
      </trkpt>
      <trkpt lat="51.00399" lon="4.47247">
        <ele>7</ele>
      </trkpt>
      <trkpt lat="51.00421" lon="4.47249">
        <ele>7</ele>
      </trkpt>
      <trkpt lat="51.00486" lon="4.47239">
        <ele>7</ele>
      </trkpt>
      <trkpt lat="51.00526" lon="4.47222">
        <ele>5</ele>
      </trkpt>
      <trkpt lat="51.00579" lon="4.47177">
        <ele>6</ele>
      </trkpt>
      <trkpt lat="51.00594" lon="4.47159">
        <ele>6</ele>
      </trkpt>
      <trkpt lat="51.00608" lon="4.47148">
        <ele>6</ele>
      </trkpt>
      <trkpt lat="51.00609" lon="4.47109">
        <ele>6</ele>
      </trkpt>
      <trkpt lat="51.00621" lon="4.46921">
        <ele>6</ele>
      </trkpt>
      <trkpt lat="51.00642" lon="4.46897">
        <ele>6</ele>
      </trkpt>
      <trkpt lat="51.00675" lon="4.4686">
        <ele>6</ele>
      </trkpt>
      <trkpt lat="51.00711" lon="4.46831">
        <ele>6</ele>
      </trkpt>
      <trkpt lat="51.00721" lon="4.46826">
        <ele>6</ele>
      </trkpt>
      <trkpt lat="51.00732" lon="4.46828">
        <ele>6</ele>
      </trkpt>
      <trkpt lat="51.00919" lon="4.46905">
        <ele>7</ele>
      </trkpt>
      <trkpt lat="51.00929" lon="4.46873">
        <ele>7</ele>
      </trkpt>
      <trkpt lat="51.00933" lon="4.46864">
        <ele>7</ele>
      </trkpt>
      <trkpt lat="51.00984" lon="4.46592">
        <ele>8</ele>
      </trkpt>
      <trkpt lat="51.01001" lon="4.46507">
        <ele>8</ele>
      </trkpt>
      <trkpt lat="51.01019" lon="4.46447">
        <ele>8</ele>
      </trkpt>
      <trkpt lat="51.01118" lon="4.46196">
        <ele>9</ele>
      </trkpt>
      <trkpt lat="51.01143" lon="4.46124">
        <ele>8</ele>
      </trkpt>
      <trkpt lat="51.0113" lon="4.45474">
        <ele>7</ele>
      </trkpt>
      <trkpt lat="51.01128" lon="4.45407">
        <ele>7</ele>
      </trkpt>
      <trkpt lat="51.01344" lon="4.45257">
        <ele>14</ele>
      </trkpt>
      <trkpt lat="51.01389" lon="4.45229">
        <ele>12</ele>
      </trkpt>
      <trkpt lat="51.01471" lon="4.45189">
        <ele>7</ele>
      </trkpt>
      <trkpt lat="51.01515" lon="4.45172">
        <ele>5</ele>
      </trkpt>
      <trkpt lat="51.0151" lon="4.44879">
        <ele>5</ele>
      </trkpt>
      <trkpt lat="51.01519" lon="4.4487">
        <ele>5</ele>
      </trkpt>
      <trkpt lat="51.0156" lon="4.44838">
        <ele>6</ele>
      </trkpt>
      <trkpt lat="51.0158" lon="4.44815">
        <ele>5</ele>
      </trkpt>
      <trkpt lat="51.01632" lon="4.44741">
        <ele>5</ele>
      </trkpt>
      <trkpt lat="51.0174" lon="4.44547">
        <ele>6</ele>
      </trkpt>
      <trkpt lat="51.0177" lon="4.44504">
        <ele>6</ele>
      </trkpt>
      <trkpt lat="51.01816" lon="4.44448">
        <ele>6</ele>
      </trkpt>
      <trkpt lat="51.01861" lon="4.444">
        <ele>5</ele>
      </trkpt>
      <trkpt lat="51.01873" lon="4.44389">
        <ele>6</ele>
      </trkpt>
      <trkpt lat="51.01952" lon="4.4432">
        <ele>6</ele>
      </trkpt>
      <trkpt lat="51.01999" lon="4.44291">
        <ele>6</ele>
      </trkpt>
      <trkpt lat="51.02052" lon="4.44262">
        <ele>6</ele>
      </trkpt>
      <trkpt lat="51.02109" lon="4.44238">
        <ele>6</ele>
      </trkpt>
      <trkpt lat="51.0216" lon="4.4422">
        <ele>6</ele>
      </trkpt>
      <trkpt lat="51.0229" lon="4.44183">
        <ele>5</ele>
      </trkpt>
      <trkpt lat="51.02315" lon="4.4417">
        <ele>6</ele>
      </trkpt>
      <trkpt lat="51.02338" lon="4.44143">
        <ele>5</ele>
      </trkpt>
      <trkpt lat="51.02348" lon="4.44116">
        <ele>4</ele>
      </trkpt>
      <trkpt lat="51.02357" lon="4.44084">
        <ele>5</ele>
      </trkpt>
      <trkpt lat="51.02378" lon="4.43937">
        <ele>5</ele>
      </trkpt>
      <trkpt lat="51.02393" lon="4.43886">
        <ele>5</ele>
      </trkpt>
      <trkpt lat="51.02407" lon="4.43847">
        <ele>5</ele>
      </trkpt>
      <trkpt lat="51.0243" lon="4.43809">
        <ele>5</ele>
      </trkpt>
      <trkpt lat="51.02455" lon="4.43784">
        <ele>6</ele>
      </trkpt>
      <trkpt lat="51.02479" lon="4.43765">
        <ele>6</ele>
      </trkpt>
      <trkpt lat="51.02516" lon="4.43745">
        <ele>5</ele>
      </trkpt>
      <trkpt lat="51.02623" lon="4.43704">
        <ele>6</ele>
      </trkpt>
      <trkpt lat="51.02653" lon="4.4369">
        <ele>6</ele>
      </trkpt>
      <trkpt lat="51.0269" lon="4.4367">
        <ele>5</ele>
      </trkpt>
      <trkpt lat="51.02731" lon="4.43634">
        <ele>5</ele>
      </trkpt>
      <trkpt lat="51.02769" lon="4.43586">
        <ele>5</ele>
      </trkpt>
      <trkpt lat="51.02801" lon="4.4354">
        <ele>5</ele>
      </trkpt>
      <trkpt lat="51.02826" lon="4.435">
        <ele>5</ele>
      </trkpt>
      <trkpt lat="51.02843" lon="4.43471">
        <ele>5</ele>
      </trkpt>
      <trkpt lat="51.02876" lon="4.43406">
        <ele>5</ele>
      </trkpt>
      <trkpt lat="51.03012" lon="4.43108">
        <ele>5</ele>
      </trkpt>
      <trkpt lat="51.03029" lon="4.43059">
        <ele>4</ele>
      </trkpt>
      <trkpt lat="51.03038" lon="4.43024">
        <ele>5</ele>
      </trkpt>
      <trkpt lat="51.03045" lon="4.42975">
        <ele>4</ele>
      </trkpt>
      <trkpt lat="51.0305" lon="4.42917">
        <ele>4</ele>
      </trkpt>
      <trkpt lat="51.03055" lon="4.42748">
        <ele>5</ele>
      </trkpt>
      <trkpt lat="51.03061" lon="4.4268">
        <ele>5</ele>
      </trkpt>
      <trkpt lat="51.03066" lon="4.42647">
        <ele>5</ele>
      </trkpt>
      <trkpt lat="51.03078" lon="4.42588">
        <ele>5</ele>
      </trkpt>
      <trkpt lat="51.03096" lon="4.42529">
        <ele>5</ele>
      </trkpt>
      <trkpt lat="51.03112" lon="4.42489">
        <ele>5</ele>
      </trkpt>
      <trkpt lat="51.03135" lon="4.42444">
        <ele>5</ele>
      </trkpt>
      <trkpt lat="51.0317" lon="4.42384">
        <ele>5</ele>
      </trkpt>
      <trkpt lat="51.03199" lon="4.42345">
        <ele>5</ele>
      </trkpt>
      <trkpt lat="51.03231" lon="4.42309">
        <ele>5</ele>
      </trkpt>
      <trkpt lat="51.03271" lon="4.4227">
        <ele>5</ele>
      </trkpt>
      <trkpt lat="51.03344" lon="4.42219">
        <ele>6</ele>
      </trkpt>
      <trkpt lat="51.03373" lon="4.42203">
        <ele>5</ele>
      </trkpt>
      <trkpt lat="51.03407" lon="4.42192">
        <ele>5</ele>
      </trkpt>
      <trkpt lat="51.03473" lon="4.42177">
        <ele>4</ele>
      </trkpt>
      <trkpt lat="51.03492" lon="4.42184">
        <ele>5</ele>
      </trkpt>
      <trkpt lat="51.03521" lon="4.42171">
        <ele>4</ele>
      </trkpt>
      <trkpt lat="51.03534" lon="4.4216">
        <ele>5</ele>
      </trkpt>
      <trkpt lat="51.03539" lon="4.42159">
        <ele>5</ele>
      </trkpt>
      <trkpt lat="51.03649" lon="4.42125">
        <ele>5</ele>
      </trkpt>
      <trkpt lat="51.03682" lon="4.42108">
        <ele>5</ele>
      </trkpt>
      <trkpt lat="51.03712" lon="4.42086">
        <ele>6</ele>
      </trkpt>
      <trkpt lat="51.03739" lon="4.42058">
        <ele>5</ele>
      </trkpt>
      <trkpt lat="51.03771" lon="4.42013">
        <ele>4</ele>
      </trkpt>
      <trkpt lat="51.03836" lon="4.41909">
        <ele>5</ele>
      </trkpt>
      <trkpt lat="51.03863" lon="4.41873">
        <ele>5</ele>
      </trkpt>
      <trkpt lat="51.03889" lon="4.41849">
        <ele>5</ele>
      </trkpt>
      <trkpt lat="51.03919" lon="4.41829">
        <ele>5</ele>
      </trkpt>
      <trkpt lat="51.03939" lon="4.4182">
        <ele>5</ele>
      </trkpt>
      <trkpt lat="51.0396" lon="4.41814">
        <ele>5</ele>
      </trkpt>
      <trkpt lat="51.03985" lon="4.41811">
        <ele>5</ele>
      </trkpt>
      <trkpt lat="51.04039" lon="4.41816">
        <ele>5</ele>
      </trkpt>
      <trkpt lat="51.04116" lon="4.41829">
        <ele>5</ele>
      </trkpt>
      <trkpt lat="51.04203" lon="4.41867">
        <ele>6</ele>
      </trkpt>
      <trkpt lat="51.04262" lon="4.41899">
        <ele>5</ele>
      </trkpt>
      <trkpt lat="51.04318" lon="4.41935">
        <ele>5</ele>
      </trkpt>
      <trkpt lat="51.04362" lon="4.41966">
        <ele>5</ele>
      </trkpt>
      <trkpt lat="51.0447" lon="4.42057">
        <ele>5</ele>
      </trkpt>
      <trkpt lat="51.04569" lon="4.42159">
        <ele>6</ele>
      </trkpt>
      <trkpt lat="51.04574" lon="4.42167">
        <ele>5</ele>
      </trkpt>
      <trkpt lat="51.04736" lon="4.42355">
        <ele>5</ele>
      </trkpt>
      <trkpt lat="51.04753" lon="4.4237">
        <ele>5</ele>
      </trkpt>
      <trkpt lat="51.04767" lon="4.42386">
        <ele>6</ele>
      </trkpt>
      <trkpt lat="51.04785" lon="4.42413">
        <ele>5</ele>
      </trkpt>
      <trkpt lat="51.04949" lon="4.42659">
        <ele>5</ele>
      </trkpt>
      <trkpt lat="51.05008" lon="4.42742">
        <ele>4</ele>
      </trkpt>
      <trkpt lat="51.05047" lon="4.42793">
        <ele>5</ele>
      </trkpt>
      <trkpt lat="51.05098" lon="4.42847">
        <ele>5</ele>
      </trkpt>
      <trkpt lat="51.05125" lon="4.4287">
        <ele>5</ele>
      </trkpt>
      <trkpt lat="51.05176" lon="4.42895">
        <ele>5</ele>
      </trkpt>
      <trkpt lat="51.05236" lon="4.42915">
        <ele>5</ele>
      </trkpt>
      <trkpt lat="51.05293" lon="4.42918">
        <ele>5</ele>
      </trkpt>
      <trkpt lat="51.05329" lon="4.42913">
        <ele>4</ele>
      </trkpt>
      <trkpt lat="51.05403" lon="4.42891">
        <ele>5</ele>
      </trkpt>
      <trkpt lat="51.05436" lon="4.42879">
        <ele>4</ele>
      </trkpt>
      <trkpt lat="51.05645" lon="4.42769">
        <ele>5</ele>
      </trkpt>
      <trkpt lat="51.05692" lon="4.42753">
        <ele>5</ele>
      </trkpt>
      <trkpt lat="51.05762" lon="4.42746">
        <ele>5</ele>
      </trkpt>
      <trkpt lat="51.0581" lon="4.42747">
        <ele>5</ele>
      </trkpt>
      <trkpt lat="51.05871" lon="4.42756">
        <ele>5</ele>
      </trkpt>
      <trkpt lat="51.06229" lon="4.42825">
        <ele>5</ele>
      </trkpt>
      <trkpt lat="51.06343" lon="4.42856">
        <ele>5</ele>
      </trkpt>
      <trkpt lat="51.06399" lon="4.42873">
        <ele>5</ele>
      </trkpt>
      <trkpt lat="51.06466" lon="4.42907">
        <ele>5</ele>
      </trkpt>
      <trkpt lat="51.06487" lon="4.42911">
        <ele>5</ele>
      </trkpt>
      <trkpt lat="51.06497" lon="4.42909">
        <ele>4</ele>
      </trkpt>
      <trkpt lat="51.06516" lon="4.42898">
        <ele>5</ele>
      </trkpt>
      <trkpt lat="51.06591" lon="4.42839">
        <ele>4</ele>
      </trkpt>
      <trkpt lat="51.06606" lon="4.42818">
        <ele>4</ele>
      </trkpt>
      <trkpt lat="51.06627" lon="4.42779">
        <ele>4</ele>
      </trkpt>
      <trkpt lat="51.06698" lon="4.42591">
        <ele>4</ele>
      </trkpt>
      <trkpt lat="51.06715" lon="4.4255">
        <ele>5</ele>
      </trkpt>
      <trkpt lat="51.0673" lon="4.42525">
        <ele>4</ele>
      </trkpt>
      <trkpt lat="51.06802" lon="4.42427">
        <ele>5</ele>
      </trkpt>
      <trkpt lat="51.06832" lon="4.42402">
        <ele>4</ele>
      </trkpt>
      <trkpt lat="51.06855" lon="4.42387">
        <ele>5</ele>
      </trkpt>
      <trkpt lat="51.06921" lon="4.42377">
        <ele>5</ele>
      </trkpt>
      <trkpt lat="51.06945" lon="4.42365">
        <ele>5</ele>
      </trkpt>
      <trkpt lat="51.06953" lon="4.42351">
        <ele>5</ele>
      </trkpt>
      <trkpt lat="51.06999" lon="4.42278">
        <ele>4</ele>
      </trkpt>
      <trkpt lat="51.07044" lon="4.42204">
        <ele>4</ele>
      </trkpt>
      <trkpt lat="51.07078" lon="4.42151">
        <ele>4</ele>
      </trkpt>
      <trkpt lat="51.07093" lon="4.42097">
        <ele>5</ele>
      </trkpt>
      <trkpt lat="51.07097" lon="4.4209">
        <ele>5</ele>
      </trkpt>
      <trkpt lat="51.07218" lon="4.41944">
        <ele>4</ele>
      </trkpt>
      <trkpt lat="51.07245" lon="4.41916">
        <ele>4</ele>
      </trkpt>
      <trkpt lat="51.07346" lon="4.41828">
        <ele>5</ele>
      </trkpt>
      <trkpt lat="51.07365" lon="4.41809">
        <ele>4</ele>
      </trkpt>
      <trkpt lat="51.07371" lon="4.41799">
        <ele>5</ele>
      </trkpt>
      <trkpt lat="51.0739" lon="4.41738">
        <ele>4</ele>
      </trkpt>
      <trkpt lat="51.07398" lon="4.41718">
        <ele>5</ele>
      </trkpt>
      <trkpt lat="51.07405" lon="4.41705">
        <ele>5</ele>
      </trkpt>
      <trkpt lat="51.0743" lon="4.41673">
        <ele>5</ele>
      </trkpt>
      <trkpt lat="51.07443" lon="4.41662">
        <ele>5</ele>
      </trkpt>
      <trkpt lat="51.07459" lon="4.41662">
        <ele>4</ele>
      </trkpt>
      <trkpt lat="51.07504" lon="4.41679">
        <ele>4</ele>
      </trkpt>
      <trkpt lat="51.07528" lon="4.41684">
        <ele>4</ele>
      </trkpt>
      <trkpt lat="51.07554" lon="4.41685">
        <ele>4</ele>
      </trkpt>
      <trkpt lat="51.07579" lon="4.41678">
        <ele>3</ele>
      </trkpt>
      <trkpt lat="51.07591" lon="4.41672">
        <ele>4</ele>
      </trkpt>
      <trkpt lat="51.07618" lon="4.41652">
        <ele>3</ele>
      </trkpt>
      <trkpt lat="51.07706" lon="4.4158">
        <ele>4</ele>
      </trkpt>
      <trkpt lat="51.07723" lon="4.41564">
        <ele>4</ele>
      </trkpt>
      <trkpt lat="51.07731" lon="4.41546">
        <ele>4</ele>
      </trkpt>
      <trkpt lat="51.07733" lon="4.41538">
        <ele>3</ele>
      </trkpt>
      <trkpt lat="51.07732" lon="4.41519">
        <ele>2</ele>
      </trkpt>
      <trkpt lat="51.07733" lon="4.41477">
        <ele>2</ele>
      </trkpt>
      <trkpt lat="51.07737" lon="4.4146">
        <ele>1</ele>
      </trkpt>
      <trkpt lat="51.07744" lon="4.41445">
        <ele>2</ele>
      </trkpt>
      <trkpt lat="51.07752" lon="4.41434">
        <ele>2</ele>
      </trkpt>
      <trkpt lat="51.07762" lon="4.41424">
        <ele>2</ele>
      </trkpt>
      <trkpt lat="51.07795" lon="4.41407">
        <ele>3</ele>
      </trkpt>
      <trkpt lat="51.07803" lon="4.41392">
        <ele>3</ele>
      </trkpt>
      <trkpt lat="51.0783" lon="4.41301">
        <ele>4</ele>
      </trkpt>
      <trkpt lat="51.07841" lon="4.41256">
        <ele>3</ele>
      </trkpt>
      <trkpt lat="51.07847" lon="4.41209">
        <ele>4</ele>
      </trkpt>
      <trkpt lat="51.07849" lon="4.41168">
        <ele>3</ele>
      </trkpt>
      <trkpt lat="51.07847" lon="4.41128">
        <ele>4</ele>
      </trkpt>
      <trkpt lat="51.07841" lon="4.41085">
        <ele>3</ele>
      </trkpt>
      <trkpt lat="51.07831" lon="4.41048">
        <ele>4</ele>
      </trkpt>
      <trkpt lat="51.0782" lon="4.41022">
        <ele>3</ele>
      </trkpt>
      <trkpt lat="51.07616" lon="4.40664">
        <ele>4</ele>
      </trkpt>
      <trkpt lat="51.07543" lon="4.40532">
        <ele>3</ele>
      </trkpt>
      <trkpt lat="51.07483" lon="4.40409">
        <ele>3</ele>
      </trkpt>
      <trkpt lat="51.07445" lon="4.40324">
        <ele>4</ele>
      </trkpt>
      <trkpt lat="51.07434" lon="4.40291">
        <ele>4</ele>
      </trkpt>
      <trkpt lat="51.07415" lon="4.40253">
        <ele>5</ele>
      </trkpt>
      <trkpt lat="51.07394" lon="4.40177">
        <ele>5</ele>
      </trkpt>
      <trkpt lat="51.07389" lon="4.40157">
        <ele>4</ele>
      </trkpt>
      <trkpt lat="51.07386" lon="4.40132">
        <ele>4</ele>
      </trkpt>
      <trkpt lat="51.07386" lon="4.40089">
        <ele>4</ele>
      </trkpt>
      <trkpt lat="51.07393" lon="4.39949">
        <ele>5</ele>
      </trkpt>
      <trkpt lat="51.07396" lon="4.39916">
        <ele>5</ele>
      </trkpt>
      <trkpt lat="51.07403" lon="4.39878">
        <ele>5</ele>
      </trkpt>
      <trkpt lat="51.0742" lon="4.39834">
        <ele>5</ele>
      </trkpt>
      <trkpt lat="51.07451" lon="4.39772">
        <ele>5</ele>
      </trkpt>
      <trkpt lat="51.07467" lon="4.39735">
        <ele>4</ele>
      </trkpt>
      <trkpt lat="51.07492" lon="4.39618">
        <ele>5</ele>
      </trkpt>
      <trkpt lat="51.07508" lon="4.39565">
        <ele>5</ele>
      </trkpt>
      <trkpt lat="51.07546" lon="4.39451">
        <ele>4</ele>
      </trkpt>
      <trkpt lat="51.07559" lon="4.39423">
        <ele>4</ele>
      </trkpt>
      <trkpt lat="51.07574" lon="4.39405">
        <ele>5</ele>
      </trkpt>
      <trkpt lat="51.07588" lon="4.39392">
        <ele>4</ele>
      </trkpt>
      <trkpt lat="51.07597" lon="4.39373">
        <ele>5</ele>
      </trkpt>
      <trkpt lat="51.07615" lon="4.39324">
        <ele>5</ele>
      </trkpt>
      <trkpt lat="51.07628" lon="4.39274">
        <ele>4</ele>
      </trkpt>
      <trkpt lat="51.07636" lon="4.39237">
        <ele>5</ele>
      </trkpt>
      <trkpt lat="51.07645" lon="4.39217">
        <ele>4</ele>
      </trkpt>
      <trkpt lat="51.07674" lon="4.3918">
        <ele>4</ele>
      </trkpt>
      <trkpt lat="51.07712" lon="4.39083">
        <ele>4</ele>
      </trkpt>
      <trkpt lat="51.07716" lon="4.39065">
        <ele>4</ele>
      </trkpt>
      <trkpt lat="51.07719" lon="4.39041">
        <ele>4</ele>
      </trkpt>
      <trkpt lat="51.07714" lon="4.38996">
        <ele>5</ele>
      </trkpt>
      <trkpt lat="51.07714" lon="4.38986">
        <ele>5</ele>
      </trkpt>
      <trkpt lat="51.07716" lon="4.38976">
        <ele>5</ele>
      </trkpt>
      <trkpt lat="51.07792" lon="4.38841">
        <ele>4</ele>
      </trkpt>
      <trkpt lat="51.07807" lon="4.3879">
        <ele>4</ele>
      </trkpt>
      <trkpt lat="51.07816" lon="4.38768">
        <ele>5</ele>
      </trkpt>
      <trkpt lat="51.07863" lon="4.38686">
        <ele>5</ele>
      </trkpt>
      <trkpt lat="51.07875" lon="4.38668">
        <ele>4</ele>
      </trkpt>
      <trkpt lat="51.07879" lon="4.38656">
        <ele>3</ele>
      </trkpt>
      <trkpt lat="51.07887" lon="4.38605">
        <ele>4</ele>
      </trkpt>
      <trkpt lat="51.07886" lon="4.38486">
        <ele>4</ele>
      </trkpt>
      <trkpt lat="51.07888" lon="4.38395">
        <ele>5</ele>
      </trkpt>
      <trkpt lat="51.07889" lon="4.38374">
        <ele>4</ele>
      </trkpt>
      <trkpt lat="51.07894" lon="4.38348">
        <ele>5</ele>
      </trkpt>
      <trkpt lat="51.079" lon="4.38338">
        <ele>5</ele>
      </trkpt>
      <trkpt lat="51.07907" lon="4.38332">
        <ele>5</ele>
      </trkpt>
      <trkpt lat="51.08062" lon="4.38235">
        <ele>5</ele>
      </trkpt>
      <trkpt lat="51.0807" lon="4.38222">
        <ele>5</ele>
      </trkpt>
      <trkpt lat="51.08075" lon="4.38209">
        <ele>4</ele>
      </trkpt>
      <trkpt lat="51.08078" lon="4.38197">
        <ele>4</ele>
      </trkpt>
      <trkpt lat="51.08079" lon="4.3818">
        <ele>4</ele>
      </trkpt>
      <trkpt lat="51.08083" lon="4.38013">
        <ele>3</ele>
      </trkpt>
      <trkpt lat="51.08082" lon="4.37925">
        <ele>4</ele>
      </trkpt>
      <trkpt lat="51.08075" lon="4.37906">
        <ele>5</ele>
      </trkpt>
      <trkpt lat="51.08075" lon="4.37884">
        <ele>5</ele>
      </trkpt>
      <trkpt lat="51.08086" lon="4.37831">
        <ele>4</ele>
      </trkpt>
      <trkpt lat="51.0809" lon="4.3773">
        <ele>4</ele>
      </trkpt>
      <trkpt lat="51.0809" lon="4.37671">
        <ele>5</ele>
      </trkpt>
      <trkpt lat="51.08085" lon="4.37629">
        <ele>4</ele>
      </trkpt>
      <trkpt lat="51.0808" lon="4.37612">
        <ele>4</ele>
      </trkpt>
      <trkpt lat="51.08074" lon="4.37601">
        <ele>5</ele>
      </trkpt>
      <trkpt lat="51.08044" lon="4.37573">
        <ele>5</ele>
      </trkpt>
      <trkpt lat="51.08027" lon="4.37549">
        <ele>5</ele>
      </trkpt>
      <trkpt lat="51.08006" lon="4.37507">
        <ele>5</ele>
      </trkpt>
      <trkpt lat="51.08007" lon="4.36729">
        <ele>2</ele>
      </trkpt>
      <trkpt lat="51.08083" lon="4.36706">
        <ele>3</ele>
      </trkpt>
      <trkpt lat="51.08085" lon="4.36675">
        <ele>3</ele>
      </trkpt>
      <trkpt lat="51.08087" lon="4.36649">
        <ele>3</ele>
      </trkpt>
      <trkpt lat="51.08101" lon="4.36631">
        <ele>2</ele>
      </trkpt>
      <trkpt lat="51.0817" lon="4.36606">
        <ele>3</ele>
      </trkpt>
      <trkpt lat="51.08173" lon="4.36608">
        <ele>3</ele>
      </trkpt>
      <trkpt lat="51.08191" lon="4.36616">
        <ele>5</ele>
      </trkpt>
      <trkpt lat="51.08193" lon="4.36609">
        <ele>4</ele>
      </trkpt>
      <trkpt lat="51.08201" lon="4.36571">
        <ele>4</ele>
      </trkpt>
      <trkpt lat="51.08204" lon="4.36539">
        <ele>4</ele>
      </trkpt>
      <trkpt lat="51.08206" lon="4.36474">
        <ele>5</ele>
      </trkpt>
      <trkpt lat="51.08219" lon="4.36398">
        <ele>4</ele>
      </trkpt>
      <trkpt lat="51.0823" lon="4.36359">
        <ele>5</ele>
      </trkpt>
      <trkpt lat="51.08273" lon="4.36261">
        <ele>4</ele>
      </trkpt>
      <trkpt lat="51.08335" lon="4.3602">
        <ele>5</ele>
      </trkpt>
      <trkpt lat="51.08339" lon="4.35991">
        <ele>6</ele>
      </trkpt>
      <trkpt lat="51.08338" lon="4.35981">
        <ele>9</ele>
      </trkpt>
      <trkpt lat="51.08336" lon="4.35974">
        <ele>10</ele>
      </trkpt>
      <trkpt lat="51.08347" lon="4.35968">
        <ele>10</ele>
      </trkpt>
      <trkpt lat="51.08358" lon="4.35967">
        <ele>6</ele>
      </trkpt>
      <trkpt lat="51.08355" lon="4.35967">
        <ele>6</ele>
      </trkpt>
      <trkpt lat="51.08356" lon="4.35964">
        <ele>7</ele>
      </trkpt>
      <trkpt lat="51.08362" lon="4.35946">
        <ele>6</ele>
      </trkpt>
      <trkpt lat="51.08359" lon="4.35941">
        <ele>9</ele>
      </trkpt>
      <trkpt lat="51.0836" lon="4.35931">
        <ele>7</ele>
      </trkpt>
      <trkpt lat="51.08419" lon="4.35783">
        <ele>5</ele>
      </trkpt>
      <trkpt lat="51.08429" lon="4.35766">
        <ele>5</ele>
      </trkpt>
      <trkpt lat="51.08449" lon="4.3571">
        <ele>4</ele>
      </trkpt>
      <trkpt lat="51.08457" lon="4.3568">
        <ele>4</ele>
      </trkpt>
      <trkpt lat="51.0847" lon="4.3565">
        <ele>4</ele>
      </trkpt>
      <trkpt lat="51.08471" lon="4.35642">
        <ele>4</ele>
      </trkpt>
      <trkpt lat="51.08471" lon="4.35636">
        <ele>4</ele>
      </trkpt>
      <trkpt lat="51.08467" lon="4.35629">
        <ele>5</ele>
      </trkpt>
      <trkpt lat="51.08452" lon="4.35584">
        <ele>6</ele>
      </trkpt>
      <trkpt lat="51.08435" lon="4.3556">
        <ele>5</ele>
      </trkpt>
      <trkpt lat="51.08414" lon="4.35536">
        <ele>5</ele>
      </trkpt>
      <trkpt lat="51.08406" lon="4.35519">
        <ele>5</ele>
      </trkpt>
      <trkpt lat="51.08402" lon="4.35495">
        <ele>5</ele>
      </trkpt>
      <trkpt lat="51.08404" lon="4.35467">
        <ele>4</ele>
      </trkpt>
      <trkpt lat="51.084" lon="4.35457">
        <ele>4</ele>
      </trkpt>
      <trkpt lat="51.08402" lon="4.35449">
        <ele>4</ele>
      </trkpt>
      <trkpt lat="51.08449" lon="4.35377">
        <ele>3</ele>
      </trkpt>
      <trkpt lat="51.08507" lon="4.35284">
        <ele>3</ele>
      </trkpt>
      <trkpt lat="51.08513" lon="4.35266">
        <ele>3</ele>
      </trkpt>
      <trkpt lat="51.08511" lon="4.35251">
        <ele>3</ele>
      </trkpt>
      <trkpt lat="51.08506" lon="4.35228">
        <ele>3</ele>
      </trkpt>
      <trkpt lat="51.08506" lon="4.35221">
        <ele>3</ele>
      </trkpt>
      <trkpt lat="51.0851" lon="4.35207">
        <ele>2</ele>
      </trkpt>
      <trkpt lat="51.0854" lon="4.35164">
        <ele>2</ele>
      </trkpt>
      <trkpt lat="51.08551" lon="4.35152">
        <ele>2</ele>
      </trkpt>
      <trkpt lat="51.08566" lon="4.35146">
        <ele>1</ele>
      </trkpt>
      <trkpt lat="51.0858" lon="4.35148">
        <ele>1</ele>
      </trkpt>
      <trkpt lat="51.08594" lon="4.35156">
        <ele>0</ele>
      </trkpt>
      <trkpt lat="51.086" lon="4.35163">
        <ele>1</ele>
      </trkpt>
      <trkpt lat="51.08629" lon="4.35215">
        <ele>3</ele>
      </trkpt>
      <trkpt lat="51.0864" lon="4.35229">
        <ele>3</ele>
      </trkpt>
      <trkpt lat="51.08653" lon="4.35237">
        <ele>4</ele>
      </trkpt>
      <trkpt lat="51.08661" lon="4.35238">
        <ele>4</ele>
      </trkpt>
      <trkpt lat="51.08668" lon="4.35239">
        <ele>5</ele>
      </trkpt>
      <trkpt lat="51.08682" lon="4.35234">
        <ele>5</ele>
      </trkpt>
      <trkpt lat="51.08689" lon="4.35229">
        <ele>5</ele>
      </trkpt>
      <trkpt lat="51.08794" lon="4.35103">
        <ele>5</ele>
      </trkpt>
      <trkpt lat="51.08888" lon="4.35012">
        <ele>5</ele>
      </trkpt>
      <trkpt lat="51.08928" lon="4.34981">
        <ele>5</ele>
      </trkpt>
      <trkpt lat="51.09008" lon="4.34932">
        <ele>5</ele>
      </trkpt>
      <trkpt lat="51.0904" lon="4.34906">
        <ele>5</ele>
      </trkpt>
      <trkpt lat="51.09083" lon="4.34861">
        <ele>5</ele>
      </trkpt>
      <trkpt lat="51.09136" lon="4.34793">
        <ele>5</ele>
      </trkpt>
      <trkpt lat="51.0917" lon="4.34738">
        <ele>5</ele>
      </trkpt>
      <trkpt lat="51.0918" lon="4.34707">
        <ele>5</ele>
      </trkpt>
      <trkpt lat="51.09229" lon="4.34493">
        <ele>5</ele>
      </trkpt>
      <trkpt lat="51.09261" lon="4.34383">
        <ele>5</ele>
      </trkpt>
      <trkpt lat="51.09357" lon="4.34061">
        <ele>5</ele>
      </trkpt>
      <trkpt lat="51.09375" lon="4.34016">
        <ele>5</ele>
      </trkpt>
      <trkpt lat="51.09416" lon="4.3392">
        <ele>5</ele>
      </trkpt>
      <trkpt lat="51.09528" lon="4.33696">
        <ele>4</ele>
      </trkpt>
      <trkpt lat="51.09655" lon="4.33397">
        <ele>4</ele>
      </trkpt>
      <trkpt lat="51.09797" lon="4.33089">
        <ele>3</ele>
      </trkpt>
      <trkpt lat="51.09889" lon="4.32953">
        <ele>4</ele>
      </trkpt>
      <trkpt lat="51.09915" lon="4.32913">
        <ele>3</ele>
      </trkpt>
      <trkpt lat="51.1002" lon="4.3277">
        <ele>4</ele>
      </trkpt>
      <trkpt lat="51.10035" lon="4.32732">
        <ele>3</ele>
      </trkpt>
      <trkpt lat="51.10044" lon="4.32671">
        <ele>4</ele>
      </trkpt>
      <trkpt lat="51.10045" lon="4.32615">
        <ele>5</ele>
      </trkpt>
      <trkpt lat="51.10039" lon="4.32568">
        <ele>4</ele>
      </trkpt>
      <trkpt lat="51.10033" lon="4.32542">
        <ele>5</ele>
      </trkpt>
      <trkpt lat="51.10022" lon="4.32513">
        <ele>4</ele>
      </trkpt>
      <trkpt lat="51.10012" lon="4.32491">
        <ele>3</ele>
      </trkpt>
      <trkpt lat="51.10001" lon="4.32472">
        <ele>3</ele>
      </trkpt>
      <trkpt lat="51.09988" lon="4.32454">
        <ele>3</ele>
      </trkpt>
      <trkpt lat="51.09955" lon="4.32418">
        <ele>3</ele>
      </trkpt>
      <trkpt lat="51.09952" lon="4.32408">
        <ele>3</ele>
      </trkpt>
      <trkpt lat="51.09951" lon="4.32396">
        <ele>3</ele>
      </trkpt>
      <trkpt lat="51.09962" lon="4.32366">
        <ele>3</ele>
      </trkpt>
      <trkpt lat="51.10197" lon="4.31817">
        <ele>4</ele>
      </trkpt>
      <trkpt lat="51.10166" lon="4.31783">
        <ele>5</ele>
      </trkpt>
      <trkpt lat="51.10135" lon="4.31749">
        <ele>5</ele>
      </trkpt>
      <trkpt lat="51.1014" lon="4.31727">
        <ele>5</ele>
      </trkpt>
      <trkpt lat="51.10133" lon="4.31711">
        <ele>5</ele>
      </trkpt>
      <trkpt lat="51.10132" lon="4.31705">
        <ele>5</ele>
      </trkpt>
      <trkpt lat="51.10133" lon="4.31699">
        <ele>5</ele>
      </trkpt>
      <trkpt lat="51.10277" lon="4.31356">
        <ele>5</ele>
      </trkpt>
      <trkpt lat="51.1028" lon="4.31345">
        <ele>5</ele>
      </trkpt>
      <trkpt lat="51.1028" lon="4.31337">
        <ele>5</ele>
      </trkpt>
      <trkpt lat="51.10273" lon="4.31309">
        <ele>5</ele>
      </trkpt>
      <trkpt lat="51.10276" lon="4.313">
        <ele>5</ele>
      </trkpt>
      <trkpt lat="51.10382" lon="4.31112">
        <ele>4</ele>
      </trkpt>
      <trkpt lat="51.10406" lon="4.31063">
        <ele>5</ele>
      </trkpt>
      <trkpt lat="51.10442" lon="4.30979">
        <ele>5</ele>
      </trkpt>
      <trkpt lat="51.10464" lon="4.30944">
        <ele>5</ele>
      </trkpt>
      <trkpt lat="51.10528" lon="4.30856">
        <ele>5</ele>
      </trkpt>
      <trkpt lat="51.10622" lon="4.30733">
        <ele>5</ele>
      </trkpt>
      <trkpt lat="51.10646" lon="4.30707">
        <ele>5</ele>
      </trkpt>
      <trkpt lat="51.10672" lon="4.30685">
        <ele>5</ele>
      </trkpt>
      <trkpt lat="51.10699" lon="4.30669">
        <ele>5</ele>
      </trkpt>
      <trkpt lat="51.10796" lon="4.30647">
        <ele>6</ele>
      </trkpt>
      <trkpt lat="51.10878" lon="4.30612">
        <ele>5</ele>
      </trkpt>
      <trkpt lat="51.10895" lon="4.30608">
        <ele>5</ele>
      </trkpt>
      <trkpt lat="51.10906" lon="4.3061">
        <ele>6</ele>
      </trkpt>
      <trkpt lat="51.11182" lon="4.30791">
        <ele>5</ele>
      </trkpt>
      <trkpt lat="51.11241" lon="4.30832">
        <ele>5</ele>
      </trkpt>
      <trkpt lat="51.11268" lon="4.3086">
        <ele>5</ele>
      </trkpt>
      <trkpt lat="51.11384" lon="4.31001">
        <ele>5</ele>
      </trkpt>
      <trkpt lat="51.11408" lon="4.31027">
        <ele>5</ele>
      </trkpt>
      <trkpt lat="51.11417" lon="4.31035">
        <ele>5</ele>
      </trkpt>
      <trkpt lat="51.11435" lon="4.31046">
        <ele>5</ele>
      </trkpt>
      <trkpt lat="51.11453" lon="4.31054">
        <ele>5</ele>
      </trkpt>
      <trkpt lat="51.11484" lon="4.31061">
        <ele>5</ele>
      </trkpt>
      <trkpt lat="51.11516" lon="4.31062">
        <ele>5</ele>
      </trkpt>
      <trkpt lat="51.11548" lon="4.31058">
        <ele>5</ele>
      </trkpt>
      <trkpt lat="51.11593" lon="4.31045">
        <ele>5</ele>
      </trkpt>
      <trkpt lat="51.11639" lon="4.31022">
        <ele>5</ele>
      </trkpt>
      <trkpt lat="51.11662" lon="4.31007">
        <ele>5</ele>
      </trkpt>
      <trkpt lat="51.11662" lon="4.31006">
        <ele>5</ele>
      </trkpt>
      <trkpt lat="51.11662" lon="4.31009">
        <ele>5</ele>
      </trkpt>
      <trkpt lat="51.11667" lon="4.31004">
        <ele>5</ele>
      </trkpt>
      <trkpt lat="51.11692" lon="4.31063">
        <ele>0</ele>
      </trkpt>
      <trkpt lat="51.11886" lon="4.31068">
        <ele>0</ele>
      </trkpt>
      <trkpt lat="51.11893" lon="4.31065">
        <ele>0</ele>
      </trkpt>
      <trkpt lat="51.11916" lon="4.31115">
        <ele>5</ele>
      </trkpt>
      <trkpt lat="51.11939" lon="4.31093">
        <ele>5</ele>
      </trkpt>
      <trkpt lat="51.11943" lon="4.31095">
        <ele>5</ele>
      </trkpt>
      <trkpt lat="51.11874" lon="4.31165">
        <ele>5</ele>
      </trkpt>
      <trkpt lat="51.11862" lon="4.31187">
        <ele>4</ele>
      </trkpt>
      <trkpt lat="51.11834" lon="4.31247">
        <ele>4</ele>
      </trkpt>
      <trkpt lat="51.11824" lon="4.31263">
        <ele>4</ele>
      </trkpt>
      <trkpt lat="51.11803" lon="4.31284">
        <ele>5</ele>
      </trkpt>
      <trkpt lat="51.11779" lon="4.313">
        <ele>5</ele>
      </trkpt>
      <trkpt lat="51.11753" lon="4.31313">
        <ele>5</ele>
      </trkpt>
      <trkpt lat="51.11693" lon="4.31337">
        <ele>5</ele>
      </trkpt>
      <trkpt lat="51.11545" lon="4.31394">
        <ele>5</ele>
      </trkpt>
      <trkpt lat="51.11519" lon="4.31419">
        <ele>5</ele>
      </trkpt>
      <trkpt lat="51.11504" lon="4.31425">
        <ele>5</ele>
      </trkpt>
      <trkpt lat="51.11444" lon="4.31437">
        <ele>5</ele>
      </trkpt>
      <trkpt lat="51.11431" lon="4.31438">
        <ele>5</ele>
      </trkpt>
      <trkpt lat="51.11416" lon="4.3143">
        <ele>5</ele>
      </trkpt>
      <trkpt lat="51.11274" lon="4.31305">
        <ele>5</ele>
      </trkpt>
      <trkpt lat="51.11253" lon="4.31295">
        <ele>5</ele>
      </trkpt>
      <trkpt lat="51.11213" lon="4.31284">
        <ele>5</ele>
      </trkpt>
      <trkpt lat="51.11182" lon="4.31264">
        <ele>5</ele>
      </trkpt>
      <trkpt lat="51.1114" lon="4.31254">
        <ele>5</ele>
      </trkpt>
      <trkpt lat="51.11132" lon="4.31248">
        <ele>5</ele>
      </trkpt>
      <trkpt lat="51.11106" lon="4.31211">
        <ele>5</ele>
      </trkpt>
      <trkpt lat="51.11097" lon="4.31203">
        <ele>5</ele>
      </trkpt>
      <trkpt lat="51.11073" lon="4.31194">
        <ele>5</ele>
      </trkpt>
      <trkpt lat="51.11065" lon="4.31189">
        <ele>5</ele>
      </trkpt>
      <trkpt lat="51.11059" lon="4.31181">
        <ele>5</ele>
      </trkpt>
      <trkpt lat="51.11027" lon="4.31124">
        <ele>4</ele>
      </trkpt>
      <trkpt lat="51.11003" lon="4.31094">
        <ele>5</ele>
      </trkpt>
      <trkpt lat="51.10981" lon="4.31072">
        <ele>5</ele>
      </trkpt>
      <trkpt lat="51.10975" lon="4.31069">
        <ele>5</ele>
      </trkpt>
      <trkpt lat="51.10947" lon="4.31066">
        <ele>5</ele>
      </trkpt>
      <trkpt lat="51.10885" lon="4.3102">
        <ele>5</ele>
      </trkpt>
      <trkpt lat="51.10852" lon="4.31003">
        <ele>5</ele>
      </trkpt>
      <trkpt lat="51.10825" lon="4.30992">
        <ele>5</ele>
      </trkpt>
      <trkpt lat="51.10784" lon="4.3098">
        <ele>5</ele>
      </trkpt>
      <trkpt lat="51.10774" lon="4.30979">
        <ele>5</ele>
      </trkpt>
      <trkpt lat="51.10753" lon="4.30982">
        <ele>5</ele>
      </trkpt>
      <trkpt lat="51.10731" lon="4.30993">
        <ele>5</ele>
      </trkpt>
      <trkpt lat="51.10678" lon="4.31038">
        <ele>4</ele>
      </trkpt>
      <trkpt lat="51.1066" lon="4.31058">
        <ele>4</ele>
      </trkpt>
      <trkpt lat="51.10642" lon="4.31091">
        <ele>4</ele>
      </trkpt>
      <trkpt lat="51.10613" lon="4.31151">
        <ele>4</ele>
      </trkpt>
      <trkpt lat="51.10592" lon="4.31216">
        <ele>4</ele>
      </trkpt>
      <trkpt lat="51.1057" lon="4.31259">
        <ele>5</ele>
      </trkpt>
      <trkpt lat="51.10564" lon="4.31282">
        <ele>5</ele>
      </trkpt>
      <trkpt lat="51.10595" lon="4.312">
        <ele>4</ele>
      </trkpt>
      <trkpt lat="51.10597" lon="4.312">
        <ele>4</ele>
      </trkpt>
      <trkpt lat="51.10592" lon="4.31216">
        <ele>4</ele>
      </trkpt>
      <trkpt lat="51.1057" lon="4.31259">
        <ele>5</ele>
      </trkpt>
      <trkpt lat="51.10565" lon="4.31282">
        <ele>5</ele>
      </trkpt>
      <trkpt lat="51.10563" lon="4.313">
        <ele>5</ele>
      </trkpt>
      <trkpt lat="51.10565" lon="4.31325">
        <ele>5</ele>
      </trkpt>
      <trkpt lat="51.10575" lon="4.31367">
        <ele>5</ele>
      </trkpt>
      <trkpt lat="51.10578" lon="4.31392">
        <ele>4</ele>
      </trkpt>
      <trkpt lat="51.10575" lon="4.31461">
        <ele>4</ele>
      </trkpt>
      <trkpt lat="51.10571" lon="4.31508">
        <ele>5</ele>
      </trkpt>
      <trkpt lat="51.10577" lon="4.31561">
        <ele>4</ele>
      </trkpt>
      <trkpt lat="51.10578" lon="4.31609">
        <ele>4</ele>
      </trkpt>
      <trkpt lat="51.10575" lon="4.31623">
        <ele>4</ele>
      </trkpt>
      <trkpt lat="51.10572" lon="4.31632">
        <ele>4</ele>
      </trkpt>
      <trkpt lat="51.10552" lon="4.31673">
        <ele>4</ele>
      </trkpt>
      <trkpt lat="51.10541" lon="4.31706">
        <ele>4</ele>
      </trkpt>
      <trkpt lat="51.10535" lon="4.31731">
        <ele>5</ele>
      </trkpt>
      <trkpt lat="51.10534" lon="4.31743">
        <ele>4</ele>
      </trkpt>
      <trkpt lat="51.10534" lon="4.3176">
        <ele>4</ele>
      </trkpt>
      <trkpt lat="51.10555" lon="4.31931">
        <ele>4</ele>
      </trkpt>
      <trkpt lat="51.1056" lon="4.32004">
        <ele>4</ele>
      </trkpt>
      <trkpt lat="51.1056" lon="4.32051">
        <ele>4</ele>
      </trkpt>
      <trkpt lat="51.10559" lon="4.32067">
        <ele>3</ele>
      </trkpt>
      <trkpt lat="51.10544" lon="4.32146">
        <ele>4</ele>
      </trkpt>
      <trkpt lat="51.10542" lon="4.32153">
        <ele>3</ele>
      </trkpt>
      <trkpt lat="51.10564" lon="4.3217">
        <ele>4</ele>
      </trkpt>
      <trkpt lat="51.10578" lon="4.32188">
        <ele>4</ele>
      </trkpt>
      <trkpt lat="51.10587" lon="4.3221">
        <ele>4</ele>
      </trkpt>
      <trkpt lat="51.10632" lon="4.32364">
        <ele>4</ele>
      </trkpt>
      <trkpt lat="51.10668" lon="4.32567">
        <ele>7</ele>
      </trkpt>
      <trkpt lat="51.10687" lon="4.32704">
        <ele>8</ele>
      </trkpt>
      <trkpt lat="51.10687" lon="4.32715">
        <ele>8</ele>
      </trkpt>
      <trkpt lat="51.10674" lon="4.32776">
        <ele>9</ele>
      </trkpt>
      <trkpt lat="51.1063" lon="4.32942">
        <ele>9</ele>
      </trkpt>
      <trkpt lat="51.10627" lon="4.32967">
        <ele>9</ele>
      </trkpt>
      <trkpt lat="51.10628" lon="4.32976">
        <ele>8</ele>
      </trkpt>
      <trkpt lat="51.1061" lon="4.32987">
        <ele>8</ele>
      </trkpt>
      <trkpt lat="51.10612" lon="4.33003">
        <ele>8</ele>
      </trkpt>
      <trkpt lat="51.10597" lon="4.33013">
        <ele>8</ele>
      </trkpt>
      <trkpt lat="51.10553" lon="4.33062">
        <ele>7</ele>
      </trkpt>
      <trkpt lat="51.10425" lon="4.33219">
        <ele>4</ele>
      </trkpt>
      <trkpt lat="51.10383" lon="4.3328">
        <ele>2</ele>
      </trkpt>
      <trkpt lat="51.10379" lon="4.33276">
        <ele>3</ele>
      </trkpt>
      <trkpt lat="51.10375" lon="4.33275">
        <ele>2</ele>
      </trkpt>
      <trkpt lat="51.1037" lon="4.33277">
        <ele>3</ele>
      </trkpt>
      <trkpt lat="51.10367" lon="4.33282">
        <ele>3</ele>
      </trkpt>
      <trkpt lat="51.10365" lon="4.33288">
        <ele>3</ele>
      </trkpt>
      <trkpt lat="51.10364" lon="4.33295">
        <ele>3</ele>
      </trkpt>
      <trkpt lat="51.10366" lon="4.33302">
        <ele>4</ele>
      </trkpt>
      <trkpt lat="51.10293" lon="4.33411">
        <ele>4</ele>
      </trkpt>
      <trkpt lat="51.10169" lon="4.33616">
        <ele>4</ele>
      </trkpt>
      <trkpt lat="51.10101" lon="4.33724">
        <ele>4</ele>
      </trkpt>
      <trkpt lat="51.0998" lon="4.33922">
        <ele>5</ele>
      </trkpt>
      <trkpt lat="51.09961" lon="4.33971">
        <ele>4</ele>
      </trkpt>
      <trkpt lat="51.09913" lon="4.34124">
        <ele>6</ele>
      </trkpt>
      <trkpt lat="51.09911" lon="4.34137">
        <ele>5</ele>
      </trkpt>
      <trkpt lat="51.09828" lon="4.34021">
        <ele>5</ele>
      </trkpt>
      <trkpt lat="51.09825" lon="4.34024">
        <ele>5</ele>
      </trkpt>
      <trkpt lat="51.09757" lon="4.34115">
        <ele>4</ele>
      </trkpt>
      <trkpt lat="51.09766" lon="4.34132">
        <ele>4</ele>
      </trkpt>
      <trkpt lat="51.09745" lon="4.3416">
        <ele>3</ele>
      </trkpt>
      <trkpt lat="51.09739" lon="4.3416">
        <ele>3</ele>
      </trkpt>
      <trkpt lat="51.09731" lon="4.34151">
        <ele>4</ele>
      </trkpt>
      <trkpt lat="51.09728" lon="4.34151">
        <ele>4</ele>
      </trkpt>
      <trkpt lat="51.09724" lon="4.34153">
        <ele>4</ele>
      </trkpt>
      <trkpt lat="51.09712" lon="4.34168">
        <ele>4</ele>
      </trkpt>
      <trkpt lat="51.09704" lon="4.34182">
        <ele>4</ele>
      </trkpt>
      <trkpt lat="51.0969" lon="4.34222">
        <ele>4</ele>
      </trkpt>
      <trkpt lat="51.09675" lon="4.34254">
        <ele>2</ele>
      </trkpt>
      <trkpt lat="51.09662" lon="4.34277">
        <ele>3</ele>
      </trkpt>
      <trkpt lat="51.09616" lon="4.34335">
        <ele>3</ele>
      </trkpt>
      <trkpt lat="51.09594" lon="4.34361">
        <ele>3</ele>
      </trkpt>
      <trkpt lat="51.09557" lon="4.34398">
        <ele>3</ele>
      </trkpt>
      <trkpt lat="51.09514" lon="4.34433">
        <ele>3</ele>
      </trkpt>
      <trkpt lat="51.09505" lon="4.34445">
        <ele>3</ele>
      </trkpt>
      <trkpt lat="51.095" lon="4.34457">
        <ele>3</ele>
      </trkpt>
      <trkpt lat="51.09469" lon="4.34563">
        <ele>3</ele>
      </trkpt>
      <trkpt lat="51.09435" lon="4.34672">
        <ele>3</ele>
      </trkpt>
      <trkpt lat="51.09433" lon="4.34687">
        <ele>3</ele>
      </trkpt>
      <trkpt lat="51.09431" lon="4.34735">
        <ele>3</ele>
      </trkpt>
      <trkpt lat="51.09426" lon="4.34768">
        <ele>3</ele>
      </trkpt>
      <trkpt lat="51.09417" lon="4.34809">
        <ele>3</ele>
      </trkpt>
      <trkpt lat="51.09409" lon="4.34851">
        <ele>4</ele>
      </trkpt>
      <trkpt lat="51.09422" lon="4.34892">
        <ele>5</ele>
      </trkpt>
      <trkpt lat="51.09411" lon="4.34905">
        <ele>6</ele>
      </trkpt>
      <trkpt lat="51.09398" lon="4.34925">
        <ele>5</ele>
      </trkpt>
      <trkpt lat="51.09375" lon="4.35057">
        <ele>5</ele>
      </trkpt>
      <trkpt lat="51.09369" lon="4.35082">
        <ele>4</ele>
      </trkpt>
      <trkpt lat="51.0932" lon="4.35224">
        <ele>4</ele>
      </trkpt>
      <trkpt lat="51.09321" lon="4.3523">
        <ele>4</ele>
      </trkpt>
      <trkpt lat="51.09253" lon="4.35368">
        <ele>4</ele>
      </trkpt>
      <trkpt lat="51.0925" lon="4.35382">
        <ele>4</ele>
      </trkpt>
      <trkpt lat="51.09241" lon="4.354">
        <ele>4</ele>
      </trkpt>
      <trkpt lat="51.0924" lon="4.35403">
        <ele>4</ele>
      </trkpt>
      <trkpt lat="51.09243" lon="4.35479">
        <ele>5</ele>
      </trkpt>
      <trkpt lat="51.09217" lon="4.35497">
        <ele>5</ele>
      </trkpt>
      <trkpt lat="51.0917" lon="4.35521">
        <ele>5</ele>
      </trkpt>
      <trkpt lat="51.09139" lon="4.35542">
        <ele>5</ele>
      </trkpt>
      <trkpt lat="51.09127" lon="4.35555">
        <ele>5</ele>
      </trkpt>
      <trkpt lat="51.09119" lon="4.35566">
        <ele>5</ele>
      </trkpt>
      <trkpt lat="51.08883" lon="4.35776">
        <ele>5</ele>
      </trkpt>
      <trkpt lat="51.08828" lon="4.35825">
        <ele>10</ele>
      </trkpt>
      <trkpt lat="51.08808" lon="4.35848">
        <ele>8</ele>
      </trkpt>
      <trkpt lat="51.08772" lon="4.35904">
        <ele>5</ele>
      </trkpt>
      <trkpt lat="51.08763" lon="4.35922">
        <ele>4</ele>
      </trkpt>
      <trkpt lat="51.08687" lon="4.35795">
        <ele>4</ele>
      </trkpt>
      <trkpt lat="51.08674" lon="4.35778">
        <ele>4</ele>
      </trkpt>
      <trkpt lat="51.08667" lon="4.35774">
        <ele>5</ele>
      </trkpt>
      <trkpt lat="51.0866" lon="4.35774">
        <ele>5</ele>
      </trkpt>
      <trkpt lat="51.08652" lon="4.35778">
        <ele>5</ele>
      </trkpt>
      <trkpt lat="51.08644" lon="4.35786">
        <ele>5</ele>
      </trkpt>
      <trkpt lat="51.08639" lon="4.35791">
        <ele>5</ele>
      </trkpt>
      <trkpt lat="51.08597" lon="4.35865">
        <ele>4</ele>
      </trkpt>
      <trkpt lat="51.08593" lon="4.35892">
        <ele>4</ele>
      </trkpt>
      <trkpt lat="51.08592" lon="4.35913">
        <ele>5</ele>
      </trkpt>
      <trkpt lat="51.08603" lon="4.35926">
        <ele>5</ele>
      </trkpt>
      <trkpt lat="51.08604" lon="4.35936">
        <ele>5</ele>
      </trkpt>
      <trkpt lat="51.08595" lon="4.35951">
        <ele>5</ele>
      </trkpt>
      <trkpt lat="51.0859" lon="4.35962">
        <ele>5</ele>
      </trkpt>
      <trkpt lat="51.08581" lon="4.35994">
        <ele>4</ele>
      </trkpt>
      <trkpt lat="51.08566" lon="4.36057">
        <ele>4</ele>
      </trkpt>
      <trkpt lat="51.08531" lon="4.36076">
        <ele>0</ele>
      </trkpt>
      <trkpt lat="51.08516" lon="4.36117">
        <ele>1</ele>
      </trkpt>
      <trkpt lat="51.08521" lon="4.36163">
        <ele>5</ele>
      </trkpt>
      <trkpt lat="51.0853" lon="4.36175">
        <ele>4</ele>
      </trkpt>
      <trkpt lat="51.08513" lon="4.36227">
        <ele>4</ele>
      </trkpt>
      <trkpt lat="51.08512" lon="4.36245">
        <ele>4</ele>
      </trkpt>
      <trkpt lat="51.0851" lon="4.36252">
        <ele>4</ele>
      </trkpt>
      <trkpt lat="51.08501" lon="4.36268">
        <ele>4</ele>
      </trkpt>
      <trkpt lat="51.08479" lon="4.36343">
        <ele>4</ele>
      </trkpt>
      <trkpt lat="51.08454" lon="4.36445">
        <ele>4</ele>
      </trkpt>
      <trkpt lat="51.08453" lon="4.36466">
        <ele>3</ele>
      </trkpt>
      <trkpt lat="51.08439" lon="4.36518">
        <ele>3</ele>
      </trkpt>
      <trkpt lat="51.08422" lon="4.36576">
        <ele>3</ele>
      </trkpt>
      <trkpt lat="51.08421" lon="4.36585">
        <ele>3</ele>
      </trkpt>
      <trkpt lat="51.08424" lon="4.36606">
        <ele>3</ele>
      </trkpt>
      <trkpt lat="51.08422" lon="4.36622">
        <ele>3</ele>
      </trkpt>
      <trkpt lat="51.08418" lon="4.36632">
        <ele>3</ele>
      </trkpt>
      <trkpt lat="51.08409" lon="4.36645">
        <ele>3</ele>
      </trkpt>
      <trkpt lat="51.08384" lon="4.36748">
        <ele>4</ele>
      </trkpt>
      <trkpt lat="51.08385" lon="4.3676">
        <ele>4</ele>
      </trkpt>
      <trkpt lat="51.08403" lon="4.36774">
        <ele>4</ele>
      </trkpt>
      <trkpt lat="51.08388" lon="4.36778">
        <ele>4</ele>
      </trkpt>
      <trkpt lat="51.08381" lon="4.36806">
        <ele>4</ele>
      </trkpt>
      <trkpt lat="51.08374" lon="4.36826">
        <ele>5</ele>
      </trkpt>
      <trkpt lat="51.08359" lon="4.36873">
        <ele>4</ele>
      </trkpt>
      <trkpt lat="51.08349" lon="4.36913">
        <ele>4</ele>
      </trkpt>
      <trkpt lat="51.0834" lon="4.36961">
        <ele>4</ele>
      </trkpt>
      <trkpt lat="51.08327" lon="4.37061">
        <ele>5</ele>
      </trkpt>
      <trkpt lat="51.08318" lon="4.37163">
        <ele>5</ele>
      </trkpt>
      <trkpt lat="51.08349" lon="4.37178">
        <ele>3</ele>
      </trkpt>
      <trkpt lat="51.08349" lon="4.37224">
        <ele>3</ele>
      </trkpt>
      <trkpt lat="51.08345" lon="4.37292">
        <ele>3</ele>
      </trkpt>
      <trkpt lat="51.08345" lon="4.37309">
        <ele>4</ele>
      </trkpt>
      <trkpt lat="51.08365" lon="4.37394">
        <ele>4</ele>
      </trkpt>
      <trkpt lat="51.0837" lon="4.37405">
        <ele>4</ele>
      </trkpt>
      <trkpt lat="51.08362" lon="4.37414">
        <ele>4</ele>
      </trkpt>
      <trkpt lat="51.0833" lon="4.37486">
        <ele>3</ele>
      </trkpt>
      <trkpt lat="51.08325" lon="4.37492">
        <ele>3</ele>
      </trkpt>
      <trkpt lat="51.0832" lon="4.37496">
        <ele>3</ele>
      </trkpt>
      <trkpt lat="51.08286" lon="4.37492">
        <ele>4</ele>
      </trkpt>
      <trkpt lat="51.0828" lon="4.37497">
        <ele>4</ele>
      </trkpt>
      <trkpt lat="51.08278" lon="4.37508">
        <ele>5</ele>
      </trkpt>
      <trkpt lat="51.08256" lon="4.37767">
        <ele>4</ele>
      </trkpt>
      <trkpt lat="51.08253" lon="4.3781">
        <ele>5</ele>
      </trkpt>
      <trkpt lat="51.08254" lon="4.37837">
        <ele>5</ele>
      </trkpt>
      <trkpt lat="51.0825" lon="4.37976">
        <ele>4</ele>
      </trkpt>
      <trkpt lat="51.08246" lon="4.38136">
        <ele>4</ele>
      </trkpt>
      <trkpt lat="51.08239" lon="4.38205">
        <ele>5</ele>
      </trkpt>
      <trkpt lat="51.0822" lon="4.38323">
        <ele>4</ele>
      </trkpt>
      <trkpt lat="51.08191" lon="4.38433">
        <ele>5</ele>
      </trkpt>
      <trkpt lat="51.08173" lon="4.38494">
        <ele>5</ele>
      </trkpt>
      <trkpt lat="51.0813" lon="4.38589">
        <ele>5</ele>
      </trkpt>
      <trkpt lat="51.08111" lon="4.38635">
        <ele>4</ele>
      </trkpt>
      <trkpt lat="51.08098" lon="4.38673">
        <ele>5</ele>
      </trkpt>
      <trkpt lat="51.08028" lon="4.38871">
        <ele>5</ele>
      </trkpt>
      <trkpt lat="51.0802" lon="4.38889">
        <ele>4</ele>
      </trkpt>
      <trkpt lat="51.07999" lon="4.38931">
        <ele>5</ele>
      </trkpt>
      <trkpt lat="51.0795" lon="4.38998">
        <ele>5</ele>
      </trkpt>
      <trkpt lat="51.07872" lon="4.39168">
        <ele>4</ele>
      </trkpt>
      <trkpt lat="51.07816" lon="4.3931">
        <ele>5</ele>
      </trkpt>
      <trkpt lat="51.07793" lon="4.39378">
        <ele>5</ele>
      </trkpt>
      <trkpt lat="51.07783" lon="4.39403">
        <ele>5</ele>
      </trkpt>
      <trkpt lat="51.07716" lon="4.39536">
        <ele>5</ele>
      </trkpt>
      <trkpt lat="51.07662" lon="4.39647">
        <ele>4</ele>
      </trkpt>
      <trkpt lat="51.07632" lon="4.39731">
        <ele>4</ele>
      </trkpt>
      <trkpt lat="51.07607" lon="4.39825">
        <ele>3</ele>
      </trkpt>
      <trkpt lat="51.07593" lon="4.399">
        <ele>4</ele>
      </trkpt>
      <trkpt lat="51.07587" lon="4.3995">
        <ele>4</ele>
      </trkpt>
      <trkpt lat="51.07585" lon="4.39987">
        <ele>3</ele>
      </trkpt>
      <trkpt lat="51.0759" lon="4.40151">
        <ele>4</ele>
      </trkpt>
      <trkpt lat="51.07594" lon="4.40194">
        <ele>4</ele>
      </trkpt>
      <trkpt lat="51.07596" lon="4.40206">
        <ele>4</ele>
      </trkpt>
      <trkpt lat="51.07607" lon="4.40247">
        <ele>4</ele>
      </trkpt>
      <trkpt lat="51.07621" lon="4.40281">
        <ele>5</ele>
      </trkpt>
      <trkpt lat="51.07637" lon="4.40322">
        <ele>5</ele>
      </trkpt>
      <trkpt lat="51.07653" lon="4.40341">
        <ele>5</ele>
      </trkpt>
      <trkpt lat="51.07711" lon="4.40387">
        <ele>4</ele>
      </trkpt>
      <trkpt lat="51.07728" lon="4.40407">
        <ele>4</ele>
      </trkpt>
      <trkpt lat="51.07754" lon="4.40449">
        <ele>5</ele>
      </trkpt>
      <trkpt lat="51.07766" lon="4.40473">
        <ele>5</ele>
      </trkpt>
      <trkpt lat="51.078" lon="4.40523">
        <ele>5</ele>
      </trkpt>
      <trkpt lat="51.07844" lon="4.40563">
        <ele>4</ele>
      </trkpt>
      <trkpt lat="51.07865" lon="4.40596">
        <ele>4</ele>
      </trkpt>
      <trkpt lat="51.07917" lon="4.40725">
        <ele>5</ele>
      </trkpt>
      <trkpt lat="51.07931" lon="4.40775">
        <ele>5</ele>
      </trkpt>
      <trkpt lat="51.07949" lon="4.40858">
        <ele>5</ele>
      </trkpt>
      <trkpt lat="51.07956" lon="4.40881">
        <ele>5</ele>
      </trkpt>
      <trkpt lat="51.07969" lon="4.40907">
        <ele>4</ele>
      </trkpt>
      <trkpt lat="51.07986" lon="4.40928">
        <ele>4</ele>
      </trkpt>
      <trkpt lat="51.0799" lon="4.40943">
        <ele>4</ele>
      </trkpt>
      <trkpt lat="51.07992" lon="4.4096">
        <ele>5</ele>
      </trkpt>
      <trkpt lat="51.07993" lon="4.40977">
        <ele>5</ele>
      </trkpt>
      <trkpt lat="51.07991" lon="4.41019">
        <ele>6</ele>
      </trkpt>
      <trkpt lat="51.07998" lon="4.41069">
        <ele>6</ele>
      </trkpt>
      <trkpt lat="51.08001" lon="4.41079">
        <ele>5</ele>
      </trkpt>
      <trkpt lat="51.08013" lon="4.41101">
        <ele>5</ele>
      </trkpt>
      <trkpt lat="51.08013" lon="4.41109">
        <ele>5</ele>
      </trkpt>
      <trkpt lat="51.08012" lon="4.41119">
        <ele>5</ele>
      </trkpt>
      <trkpt lat="51.08007" lon="4.41127">
        <ele>5</ele>
      </trkpt>
      <trkpt lat="51.07996" lon="4.41136">
        <ele>6</ele>
      </trkpt>
      <trkpt lat="51.07993" lon="4.41142">
        <ele>5</ele>
      </trkpt>
      <trkpt lat="51.07991" lon="4.4115">
        <ele>5</ele>
      </trkpt>
      <trkpt lat="51.0799" lon="4.41206">
        <ele>5</ele>
      </trkpt>
      <trkpt lat="51.0798" lon="4.41282">
        <ele>5</ele>
      </trkpt>
      <trkpt lat="51.07968" lon="4.41354">
        <ele>5</ele>
      </trkpt>
      <trkpt lat="51.07966" lon="4.41385">
        <ele>5</ele>
      </trkpt>
      <trkpt lat="51.07951" lon="4.41444">
        <ele>5</ele>
      </trkpt>
      <trkpt lat="51.07941" lon="4.41474">
        <ele>5</ele>
      </trkpt>
      <trkpt lat="51.07933" lon="4.41488">
        <ele>5</ele>
      </trkpt>
      <trkpt lat="51.07906" lon="4.41549">
        <ele>5</ele>
      </trkpt>
      <trkpt lat="51.07885" lon="4.41591">
        <ele>4</ele>
      </trkpt>
      <trkpt lat="51.07876" lon="4.41591">
        <ele>4</ele>
      </trkpt>
      <trkpt lat="51.07743" lon="4.41787">
        <ele>4</ele>
      </trkpt>
      <trkpt lat="51.07734" lon="4.418">
        <ele>5</ele>
      </trkpt>
      <trkpt lat="51.07734" lon="4.41822">
        <ele>5</ele>
      </trkpt>
      <trkpt lat="51.07645" lon="4.41901">
        <ele>4</ele>
      </trkpt>
      <trkpt lat="51.07548" lon="4.41981">
        <ele>5</ele>
      </trkpt>
      <trkpt lat="51.07539" lon="4.42032">
        <ele>3</ele>
      </trkpt>
      <trkpt lat="51.07533" lon="4.42024">
        <ele>3</ele>
      </trkpt>
      <trkpt lat="51.07527" lon="4.4202">
        <ele>3</ele>
      </trkpt>
      <trkpt lat="51.07505" lon="4.42022">
        <ele>4</ele>
      </trkpt>
      <trkpt lat="51.07499" lon="4.4202">
        <ele>4</ele>
      </trkpt>
      <trkpt lat="51.07476" lon="4.42034">
        <ele>4</ele>
      </trkpt>
      <trkpt lat="51.07442" lon="4.4206">
        <ele>4</ele>
      </trkpt>
      <trkpt lat="51.07422" lon="4.42095">
        <ele>4</ele>
      </trkpt>
      <trkpt lat="51.07405" lon="4.42133">
        <ele>5</ele>
      </trkpt>
      <trkpt lat="51.0739" lon="4.42178">
        <ele>4</ele>
      </trkpt>
      <trkpt lat="51.0738" lon="4.42226">
        <ele>3</ele>
      </trkpt>
      <trkpt lat="51.07377" lon="4.42247">
        <ele>4</ele>
      </trkpt>
      <trkpt lat="51.07375" lon="4.42297">
        <ele>4</ele>
      </trkpt>
      <trkpt lat="51.07375" lon="4.42316">
        <ele>4</ele>
      </trkpt>
      <trkpt lat="51.07379" lon="4.42343">
        <ele>3</ele>
      </trkpt>
      <trkpt lat="51.0738" lon="4.42343">
        <ele>3</ele>
      </trkpt>
      <trkpt lat="51.07379" lon="4.42343">
        <ele>3</ele>
      </trkpt>
      <trkpt lat="51.07407" lon="4.42496">
        <ele>5</ele>
      </trkpt>
      <trkpt lat="51.07416" lon="4.42544">
        <ele>5</ele>
      </trkpt>
      <trkpt lat="51.07411" lon="4.42538">
        <ele>5</ele>
      </trkpt>
      <trkpt lat="51.07409" lon="4.42531">
        <ele>5</ele>
      </trkpt>
      <trkpt lat="51.07395" lon="4.42451">
        <ele>5</ele>
      </trkpt>
      <trkpt lat="51.07259" lon="4.42431">
        <ele>5</ele>
      </trkpt>
      <trkpt lat="51.07251" lon="4.42437">
        <ele>4</ele>
      </trkpt>
      <trkpt lat="51.07134" lon="4.42421">
        <ele>4</ele>
      </trkpt>
      <trkpt lat="51.07125" lon="4.42419">
        <ele>4</ele>
      </trkpt>
      <trkpt lat="51.07084" lon="4.42422">
        <ele>5</ele>
      </trkpt>
      <trkpt lat="51.07057" lon="4.4243">
        <ele>5</ele>
      </trkpt>
      <trkpt lat="51.07038" lon="4.42442">
        <ele>5</ele>
      </trkpt>
      <trkpt lat="51.07003" lon="4.42481">
        <ele>4</ele>
      </trkpt>
      <trkpt lat="51.06909" lon="4.4258">
        <ele>4</ele>
      </trkpt>
      <trkpt lat="51.06845" lon="4.42656">
        <ele>4</ele>
      </trkpt>
      <trkpt lat="51.06819" lon="4.42707">
        <ele>4</ele>
      </trkpt>
      <trkpt lat="51.06808" lon="4.42741">
        <ele>4</ele>
      </trkpt>
      <trkpt lat="51.06798" lon="4.42767">
        <ele>4</ele>
      </trkpt>
      <trkpt lat="51.06754" lon="4.42789">
        <ele>4</ele>
      </trkpt>
      <trkpt lat="51.06742" lon="4.42796">
        <ele>4</ele>
      </trkpt>
      <trkpt lat="51.06732" lon="4.42806">
        <ele>4</ele>
      </trkpt>
      <trkpt lat="51.06577" lon="4.43016">
        <ele>4</ele>
      </trkpt>
      <trkpt lat="51.06555" lon="4.4305">
        <ele>5</ele>
      </trkpt>
      <trkpt lat="51.06555" lon="4.43051">
        <ele>5</ele>
      </trkpt>
      <trkpt lat="51.06486" lon="4.43159">
        <ele>4</ele>
      </trkpt>
      <trkpt lat="51.06453" lon="4.4322">
        <ele>4</ele>
      </trkpt>
      <trkpt lat="51.06427" lon="4.4328">
        <ele>3</ele>
      </trkpt>
      <trkpt lat="51.06335" lon="4.43508">
        <ele>4</ele>
      </trkpt>
      <trkpt lat="51.06278" lon="4.4363">
        <ele>4</ele>
      </trkpt>
      <trkpt lat="51.06208" lon="4.4377">
        <ele>4</ele>
      </trkpt>
      <trkpt lat="51.06148" lon="4.43883">
        <ele>4</ele>
      </trkpt>
      <trkpt lat="51.06122" lon="4.43925">
        <ele>4</ele>
      </trkpt>
      <trkpt lat="51.06063" lon="4.4401">
        <ele>4</ele>
      </trkpt>
      <trkpt lat="51.0602" lon="4.44069">
        <ele>4</ele>
      </trkpt>
      <trkpt lat="51.05954" lon="4.4415">
        <ele>5</ele>
      </trkpt>
      <trkpt lat="51.05896" lon="4.44207">
        <ele>5</ele>
      </trkpt>
      <trkpt lat="51.05841" lon="4.44251">
        <ele>5</ele>
      </trkpt>
      <trkpt lat="51.05816" lon="4.44268">
        <ele>4</ele>
      </trkpt>
      <trkpt lat="51.05794" lon="4.4428">
        <ele>5</ele>
      </trkpt>
      <trkpt lat="51.0574" lon="4.44304">
        <ele>5</ele>
      </trkpt>
      <trkpt lat="51.05712" lon="4.44312">
        <ele>5</ele>
      </trkpt>
      <trkpt lat="51.05661" lon="4.44318">
        <ele>5</ele>
      </trkpt>
      <trkpt lat="51.05609" lon="4.44319">
        <ele>5</ele>
      </trkpt>
      <trkpt lat="51.05544" lon="4.4431">
        <ele>5</ele>
      </trkpt>
      <trkpt lat="51.05544" lon="4.44309">
        <ele>5</ele>
      </trkpt>
      <trkpt lat="51.05544" lon="4.4431">
        <ele>5</ele>
      </trkpt>
      <trkpt lat="51.05495" lon="4.44298">
        <ele>5</ele>
      </trkpt>
      <trkpt lat="51.05283" lon="4.44226">
        <ele>5</ele>
      </trkpt>
      <trkpt lat="51.0522" lon="4.44198">
        <ele>5</ele>
      </trkpt>
      <trkpt lat="51.0516" lon="4.44151">
        <ele>4</ele>
      </trkpt>
      <trkpt lat="51.051" lon="4.44097">
        <ele>4</ele>
      </trkpt>
      <trkpt lat="51.05082" lon="4.44088">
        <ele>5</ele>
      </trkpt>
      <trkpt lat="51.05059" lon="4.44084">
        <ele>5</ele>
      </trkpt>
      <trkpt lat="51.05036" lon="4.44084">
        <ele>5</ele>
      </trkpt>
      <trkpt lat="51.05015" lon="4.44088">
        <ele>5</ele>
      </trkpt>
      <trkpt lat="51.04984" lon="4.44099">
        <ele>5</ele>
      </trkpt>
      <trkpt lat="51.04939" lon="4.44134">
        <ele>5</ele>
      </trkpt>
      <trkpt lat="51.04897" lon="4.44189">
        <ele>5</ele>
      </trkpt>
      <trkpt lat="51.04883" lon="4.44214">
        <ele>5</ele>
      </trkpt>
      <trkpt lat="51.04873" lon="4.44236">
        <ele>5</ele>
      </trkpt>
      <trkpt lat="51.04848" lon="4.44298">
        <ele>5</ele>
      </trkpt>
      <trkpt lat="51.04814" lon="4.44401">
        <ele>4</ele>
      </trkpt>
      <trkpt lat="51.04803" lon="4.44453">
        <ele>5</ele>
      </trkpt>
      <trkpt lat="51.04797" lon="4.44492">
        <ele>5</ele>
      </trkpt>
      <trkpt lat="51.04799" lon="4.44519">
        <ele>5</ele>
      </trkpt>
      <trkpt lat="51.04808" lon="4.44551">
        <ele>5</ele>
      </trkpt>
      <trkpt lat="51.04809" lon="4.44558">
        <ele>5</ele>
      </trkpt>
      <trkpt lat="51.04793" lon="4.44586">
        <ele>0</ele>
      </trkpt>
      <trkpt lat="51.04778" lon="4.44619">
        <ele>5</ele>
      </trkpt>
      <trkpt lat="51.04743" lon="4.44687">
        <ele>5</ele>
      </trkpt>
      <trkpt lat="51.04726" lon="4.44713">
        <ele>5</ele>
      </trkpt>
      <trkpt lat="51.04681" lon="4.44774">
        <ele>5</ele>
      </trkpt>
      <trkpt lat="51.04619" lon="4.44862">
        <ele>5</ele>
      </trkpt>
      <trkpt lat="51.04515" lon="4.45019">
        <ele>5</ele>
      </trkpt>
      <trkpt lat="51.0447" lon="4.45069">
        <ele>5</ele>
      </trkpt>
      <trkpt lat="51.04533" lon="4.45138">
        <ele>6</ele>
      </trkpt>
      <trkpt lat="51.04656" lon="4.4523">
        <ele>5</ele>
      </trkpt>
      <trkpt lat="51.04657" lon="4.45224">
        <ele>5</ele>
      </trkpt>
      <trkpt lat="51.04658" lon="4.45222">
        <ele>5</ele>
      </trkpt>
      <trkpt lat="51.04615" lon="4.45189">
        <ele>6</ele>
      </trkpt>
      <trkpt lat="51.04558" lon="4.4514">
        <ele>8</ele>
      </trkpt>
      <trkpt lat="51.04537" lon="4.45118">
        <ele>9</ele>
      </trkpt>
      <trkpt lat="51.04419" lon="4.44973">
        <ele>10</ele>
      </trkpt>
      <trkpt lat="51.04371" lon="4.44933">
        <ele>10</ele>
      </trkpt>
      <trkpt lat="51.04353" lon="4.44923">
        <ele>10</ele>
      </trkpt>
      <trkpt lat="51.04327" lon="4.44916">
        <ele>9</ele>
      </trkpt>
      <trkpt lat="51.04299" lon="4.44914">
        <ele>9</ele>
      </trkpt>
      <trkpt lat="51.04288" lon="4.44916">
        <ele>8</ele>
      </trkpt>
      <trkpt lat="51.04284" lon="4.44921">
        <ele>8</ele>
      </trkpt>
      <trkpt lat="51.04282" lon="4.44927">
        <ele>7</ele>
      </trkpt>
      <trkpt lat="51.04283" lon="4.44939">
        <ele>6</ele>
      </trkpt>
      <trkpt lat="51.04324" lon="4.45044">
        <ele>4</ele>
      </trkpt>
      <trkpt lat="51.04336" lon="4.45076">
        <ele>5</ele>
      </trkpt>
      <trkpt lat="51.04378" lon="4.45035">
        <ele>5</ele>
      </trkpt>
      <trkpt lat="51.04454" lon="4.44959">
        <ele>4</ele>
      </trkpt>
      <trkpt lat="51.04448" lon="4.44951">
        <ele>5</ele>
      </trkpt>
      <trkpt lat="51.04416" lon="4.4491">
        <ele>3</ele>
      </trkpt>
      <trkpt lat="51.04386" lon="4.4488">
        <ele>3</ele>
      </trkpt>
      <trkpt lat="51.04348" lon="4.44854">
        <ele>4</ele>
      </trkpt>
      <trkpt lat="51.0433" lon="4.44846">
        <ele>3</ele>
      </trkpt>
      <trkpt lat="51.04299" lon="4.44836">
        <ele>3</ele>
      </trkpt>
      <trkpt lat="51.04292" lon="4.4483">
        <ele>3</ele>
      </trkpt>
      <trkpt lat="51.04285" lon="4.44816">
        <ele>3</ele>
      </trkpt>
      <trkpt lat="51.04277" lon="4.44791">
        <ele>3</ele>
      </trkpt>
      <trkpt lat="51.04281" lon="4.44788">
        <ele>3</ele>
      </trkpt>
      <trkpt lat="51.04257" lon="4.44704">
        <ele>4</ele>
      </trkpt>
      <trkpt lat="51.04231" lon="4.44643">
        <ele>5</ele>
      </trkpt>
      <trkpt lat="51.04214" lon="4.44655">
        <ele>5</ele>
      </trkpt>
      <trkpt lat="51.04209" lon="4.44637">
        <ele>5</ele>
      </trkpt>
      <trkpt lat="51.04199" lon="4.44618">
        <ele>5</ele>
      </trkpt>
      <trkpt lat="51.04189" lon="4.44605">
        <ele>5</ele>
      </trkpt>
      <trkpt lat="51.04164" lon="4.44574">
        <ele>5</ele>
      </trkpt>
      <trkpt lat="51.0406" lon="4.44374">
        <ele>5</ele>
      </trkpt>
      <trkpt lat="51.04053" lon="4.4436">
        <ele>5</ele>
      </trkpt>
      <trkpt lat="51.04008" lon="4.44422">
        <ele>5</ele>
      </trkpt>
      <trkpt lat="51.03972" lon="4.44477">
        <ele>6</ele>
      </trkpt>
      <trkpt lat="51.03969" lon="4.44482">
        <ele>6</ele>
      </trkpt>
      <trkpt lat="51.03974" lon="4.44504">
        <ele>8</ele>
      </trkpt>
      <trkpt lat="51.03973" lon="4.44538">
        <ele>6</ele>
      </trkpt>
      <trkpt lat="51.03969" lon="4.44558">
        <ele>6</ele>
      </trkpt>
      <trkpt lat="51.03949" lon="4.44641">
        <ele>5</ele>
      </trkpt>
      <trkpt lat="51.03945" lon="4.44662">
        <ele>5</ele>
      </trkpt>
      <trkpt lat="51.03916" lon="4.44783">
        <ele>5</ele>
      </trkpt>
      <trkpt lat="51.03906" lon="4.4482">
        <ele>5</ele>
      </trkpt>
      <trkpt lat="51.03902" lon="4.44818">
        <ele>5</ele>
      </trkpt>
      <trkpt lat="51.03884" lon="4.44895">
        <ele>5</ele>
      </trkpt>
      <trkpt lat="51.03875" lon="4.44917">
        <ele>5</ele>
      </trkpt>
      <trkpt lat="51.03881" lon="4.44926">
        <ele>5</ele>
      </trkpt>
      <trkpt lat="51.03868" lon="4.44949">
        <ele>5</ele>
      </trkpt>
      <trkpt lat="51.03852" lon="4.44973">
        <ele>5</ele>
      </trkpt>
      <trkpt lat="51.03576" lon="4.45359">
        <ele>5</ele>
      </trkpt>
      <trkpt lat="51.03473" lon="4.45507">
        <ele>5</ele>
      </trkpt>
      <trkpt lat="51.03446" lon="4.4554">
        <ele>5</ele>
      </trkpt>
      <trkpt lat="51.03422" lon="4.45587">
        <ele>5</ele>
      </trkpt>
      <trkpt lat="51.03356" lon="4.45746">
        <ele>5</ele>
      </trkpt>
      <trkpt lat="51.03316" lon="4.4581">
        <ele>4</ele>
      </trkpt>
      <trkpt lat="51.03272" lon="4.45874">
        <ele>3</ele>
      </trkpt>
      <trkpt lat="51.03228" lon="4.45943">
        <ele>3</ele>
      </trkpt>
      <trkpt lat="51.0321" lon="4.45981">
        <ele>3</ele>
      </trkpt>
      <trkpt lat="51.03188" lon="4.46023">
        <ele>2</ele>
      </trkpt>
      <trkpt lat="51.0316" lon="4.46068">
        <ele>2</ele>
      </trkpt>
      <trkpt lat="51.0305" lon="4.46206">
        <ele>2</ele>
      </trkpt>
      <trkpt lat="51.03035" lon="4.46235">
        <ele>2</ele>
      </trkpt>
      <trkpt lat="51.03022" lon="4.46266">
        <ele>2</ele>
      </trkpt>
      <trkpt lat="51.02975" lon="4.46278">
        <ele>3</ele>
      </trkpt>
      <trkpt lat="51.02904" lon="4.46342">
        <ele>4</ele>
      </trkpt>
      <trkpt lat="51.02831" lon="4.46411">
        <ele>5</ele>
      </trkpt>
      <trkpt lat="51.02814" lon="4.46432">
        <ele>5</ele>
      </trkpt>
      <trkpt lat="51.02809" lon="4.46425">
        <ele>5</ele>
      </trkpt>
      <trkpt lat="51.02764" lon="4.46285">
        <ele>5</ele>
      </trkpt>
      <trkpt lat="51.02752" lon="4.4628">
        <ele>8</ele>
      </trkpt>
      <trkpt lat="51.02751" lon="4.46282">
        <ele>7</ele>
      </trkpt>
      <trkpt lat="51.02598" lon="4.4651">
        <ele>7</ele>
      </trkpt>
      <trkpt lat="51.02285" lon="4.46971">
        <ele>7</ele>
      </trkpt>
      <trkpt lat="51.02277" lon="4.46984">
        <ele>7</ele>
      </trkpt>
      <trkpt lat="51.0227" lon="4.47002">
        <ele>7</ele>
      </trkpt>
      <trkpt lat="51.02236" lon="4.47055">
        <ele>7</ele>
      </trkpt>
      <trkpt lat="51.02161" lon="4.47163">
        <ele>8</ele>
      </trkpt>
      <trkpt lat="51.02151" lon="4.47167">
        <ele>8</ele>
      </trkpt>
      <trkpt lat="51.02128" lon="4.47199">
        <ele>9</ele>
      </trkpt>
      <trkpt lat="51.02115" lon="4.47232">
        <ele>9</ele>
      </trkpt>
      <trkpt lat="51.02098" lon="4.47252">
        <ele>9</ele>
      </trkpt>
      <trkpt lat="51.02052" lon="4.47312">
        <ele>8</ele>
      </trkpt>
      <trkpt lat="51.01895" lon="4.47576">
        <ele>9</ele>
      </trkpt>
      <trkpt lat="51.01888" lon="4.47597">
        <ele>9</ele>
      </trkpt>
      <trkpt lat="51.01642" lon="4.48017">
        <ele>9</ele>
      </trkpt>
      <trkpt lat="51.01635" lon="4.48027">
        <ele>9</ele>
      </trkpt>
      <trkpt lat="51.01633" lon="4.48037">
        <ele>9</ele>
      </trkpt>
      <trkpt lat="51.01628" lon="4.48046">
        <ele>9</ele>
      </trkpt>
      <trkpt lat="51.015" lon="4.48262">
        <ele>9</ele>
      </trkpt>
      <trkpt lat="51.01492" lon="4.48259">
        <ele>9</ele>
      </trkpt>
      <trkpt lat="51.01486" lon="4.48252">
        <ele>9</ele>
      </trkpt>
      <trkpt lat="51.01476" lon="4.48237">
        <ele>8</ele>
      </trkpt>
      <trkpt lat="51.01472" lon="4.48226">
        <ele>9</ele>
      </trkpt>
      <trkpt lat="51.01457" lon="4.48229">
        <ele>9</ele>
      </trkpt>
      <trkpt lat="51.01446" lon="4.48244">
        <ele>9</ele>
      </trkpt>
      <trkpt lat="51.01436" lon="4.48268">
        <ele>8</ele>
      </trkpt>
      <trkpt lat="51.01419" lon="4.483">
        <ele>8</ele>
      </trkpt>
      <trkpt lat="51.0141" lon="4.48305">
        <ele>8</ele>
      </trkpt>
      <trkpt lat="51.01407" lon="4.48329">
        <ele>8</ele>
      </trkpt>
      <trkpt lat="51.01367" lon="4.48398">
        <ele>7</ele>
      </trkpt>
      <trkpt lat="51.01328" lon="4.4846">
        <ele>7</ele>
      </trkpt>
      <trkpt lat="51.01322" lon="4.48476">
        <ele>7</ele>
      </trkpt>
      <trkpt lat="51.01269" lon="4.48567">
        <ele>8</ele>
      </trkpt>
      <trkpt lat="51.01248" lon="4.48596">
        <ele>7</ele>
      </trkpt>
      <trkpt lat="51.01235" lon="4.48623">
        <ele>7</ele>
      </trkpt>
      <trkpt lat="51.0116" lon="4.48749">
        <ele>8</ele>
      </trkpt>
      <trkpt lat="51.01138" lon="4.48783">
        <ele>8</ele>
      </trkpt>
      <trkpt lat="51.00845" lon="4.49286">
        <ele>8</ele>
      </trkpt>
      <trkpt lat="51.00818" lon="4.49337">
        <ele>8</ele>
      </trkpt>
      <trkpt lat="51.00095" lon="4.50907">
        <ele>8</ele>
      </trkpt>
      <trkpt lat="51.00059" lon="4.50987">
        <ele>7</ele>
      </trkpt>
      <trkpt lat="51.00039" lon="4.5104">
        <ele>8</ele>
      </trkpt>
      <trkpt lat="50.9978" lon="4.5161">
        <ele>8</ele>
      </trkpt>
      <trkpt lat="50.99669" lon="4.51855">
        <ele>8</ele>
      </trkpt>
      <trkpt lat="50.99667" lon="4.51869">
        <ele>9</ele>
      </trkpt>
      <trkpt lat="50.99657" lon="4.51889">
        <ele>8</ele>
      </trkpt>
      <trkpt lat="50.99649" lon="4.519">
        <ele>8</ele>
      </trkpt>
      <trkpt lat="50.9962" lon="4.51963">
        <ele>8</ele>
      </trkpt>
      <trkpt lat="50.99372" lon="4.52512">
        <ele>8</ele>
      </trkpt>
      <trkpt lat="50.99213" lon="4.52856">
        <ele>9</ele>
      </trkpt>
      <trkpt lat="50.99163" lon="4.52963">
        <ele>9</ele>
      </trkpt>
      <trkpt lat="50.99155" lon="4.52975">
        <ele>9</ele>
      </trkpt>
      <trkpt lat="50.99139" lon="4.52985">
        <ele>8</ele>
      </trkpt>
      <trkpt lat="50.99117" lon="4.52992">
        <ele>8</ele>
      </trkpt>
      <trkpt lat="50.99097" lon="4.53001">
        <ele>8</ele>
      </trkpt>
      <trkpt lat="50.98954" lon="4.53118">
        <ele>7</ele>
      </trkpt>
      <trkpt lat="50.98926" lon="4.53166">
        <ele>7</ele>
      </trkpt>
      <trkpt lat="50.98803" lon="4.53277">
        <ele>7</ele>
      </trkpt>
      <trkpt lat="50.98797" lon="4.5328">
        <ele>7</ele>
      </trkpt>
      <trkpt lat="50.98738" lon="4.53244">
        <ele>7</ele>
      </trkpt>
      <trkpt lat="50.98681" lon="4.53209">
        <ele>8</ele>
      </trkpt>
      <trkpt lat="50.9866" lon="4.53193">
        <ele>8</ele>
      </trkpt>
      <trkpt lat="50.98633" lon="4.53166">
        <ele>8</ele>
      </trkpt>
      <trkpt lat="50.98602" lon="4.5313">
        <ele>8</ele>
      </trkpt>
      <trkpt lat="50.98574" lon="4.5309">
        <ele>8</ele>
      </trkpt>
      <trkpt lat="50.98567" lon="4.53083">
        <ele>8</ele>
      </trkpt>
      <trkpt lat="50.98503" lon="4.53056">
        <ele>8</ele>
      </trkpt>
      <trkpt lat="50.98402" lon="4.53028">
        <ele>8</ele>
      </trkpt>
      <trkpt lat="50.98365" lon="4.53022">
        <ele>8</ele>
      </trkpt>
      <trkpt lat="50.98328" lon="4.53024">
        <ele>8</ele>
      </trkpt>
      <trkpt lat="50.98077" lon="4.53077">
        <ele>8</ele>
      </trkpt>
      <trkpt lat="50.98065" lon="4.53085">
        <ele>8</ele>
      </trkpt>
      <trkpt lat="50.9806" lon="4.53076">
        <ele>8</ele>
      </trkpt>
      <trkpt lat="50.97986" lon="4.53166">
        <ele>7</ele>
      </trkpt>
      <trkpt lat="50.9764" lon="4.53596">
        <ele>8</ele>
      </trkpt>
      <trkpt lat="50.97663" lon="4.53672">
        <ele>8</ele>
      </trkpt>
      <trkpt lat="50.97753" lon="4.53959">
        <ele>7</ele>
      </trkpt>
      <trkpt lat="50.98041" lon="4.54274">
        <ele>7</ele>
      </trkpt>
      <trkpt lat="50.98123" lon="4.54362">
        <ele>7</ele>
      </trkpt>
      <trkpt lat="50.98111" lon="4.54437">
        <ele>7</ele>
      </trkpt>
      <trkpt lat="50.98077" lon="4.54516">
        <ele>7</ele>
      </trkpt>
      <trkpt lat="50.9795" lon="4.54792">
        <ele>8</ele>
      </trkpt>
      <trkpt lat="50.97899" lon="4.54887">
        <ele>8</ele>
      </trkpt>
      <trkpt lat="50.97847" lon="4.54977">
        <ele>8</ele>
      </trkpt>
      <trkpt lat="50.97747" lon="4.55152">
        <ele>8</ele>
      </trkpt>
      <trkpt lat="50.97681" lon="4.55251">
        <ele>8</ele>
      </trkpt>
      <trkpt lat="50.97675" lon="4.55254">
        <ele>8</ele>
      </trkpt>
      <trkpt lat="50.97671" lon="4.55252">
        <ele>8</ele>
      </trkpt>
      <trkpt lat="50.9761" lon="4.55168">
        <ele>8</ele>
      </trkpt>
      <trkpt lat="50.97601" lon="4.55158">
        <ele>8</ele>
      </trkpt>
      <trkpt lat="50.97594" lon="4.55153">
        <ele>8</ele>
      </trkpt>
      <trkpt lat="50.9759" lon="4.55153">
        <ele>8</ele>
      </trkpt>
      <trkpt lat="50.97582" lon="4.55162">
        <ele>8</ele>
      </trkpt>
      <trkpt lat="50.97539" lon="4.55231">
        <ele>8</ele>
      </trkpt>
      <trkpt lat="50.97513" lon="4.55274">
        <ele>8</ele>
      </trkpt>
      <trkpt lat="50.97494" lon="4.55297">
        <ele>8</ele>
      </trkpt>
      <trkpt lat="50.97434" lon="4.55346">
        <ele>7</ele>
      </trkpt>
      <trkpt lat="50.97473" lon="4.55552">
        <ele>8</ele>
      </trkpt>
      <trkpt lat="50.97522" lon="4.55718">
        <ele>7</ele>
      </trkpt>
      <trkpt lat="50.97525" lon="4.55737">
        <ele>8</ele>
      </trkpt>
      <trkpt lat="50.97522" lon="4.5576">
        <ele>8</ele>
      </trkpt>
      <trkpt lat="50.97517" lon="4.55775">
        <ele>8</ele>
      </trkpt>
      <trkpt lat="50.97448" lon="4.55877">
        <ele>9</ele>
      </trkpt>
      <trkpt lat="50.97433" lon="4.55857">
        <ele>9</ele>
      </trkpt>
      <trkpt lat="50.97412" lon="4.55839">
        <ele>8</ele>
      </trkpt>
      <trkpt lat="50.97397" lon="4.55833">
        <ele>8</ele>
      </trkpt>
      <trkpt lat="50.97273" lon="4.55812">
        <ele>8</ele>
      </trkpt>
      <trkpt lat="50.97237" lon="4.55821">
        <ele>8</ele>
      </trkpt>
      <trkpt lat="50.97159" lon="4.55852">
        <ele>8</ele>
      </trkpt>
      <trkpt lat="50.97095" lon="4.55878">
        <ele>9</ele>
      </trkpt>
      <trkpt lat="50.97063" lon="4.559">
        <ele>9</ele>
      </trkpt>
      <trkpt lat="50.97017" lon="4.55942">
        <ele>9</ele>
      </trkpt>
      <trkpt lat="50.96971" lon="4.55978">
        <ele>8</ele>
      </trkpt>
      <trkpt lat="50.9694" lon="4.55987">
        <ele>8</ele>
      </trkpt>
      <trkpt lat="50.96924" lon="4.55982">
        <ele>8</ele>
      </trkpt>
      <trkpt lat="50.96909" lon="4.55973">
        <ele>8</ele>
      </trkpt>
      <trkpt lat="50.96896" lon="4.55959">
        <ele>8</ele>
      </trkpt>
      <trkpt lat="50.96871" lon="4.55925">
        <ele>9</ele>
      </trkpt>
      <trkpt lat="50.96861" lon="4.55918">
        <ele>9</ele>
      </trkpt>
      <trkpt lat="50.96842" lon="4.55912">
        <ele>9</ele>
      </trkpt>
      <trkpt lat="50.96799" lon="4.5592">
        <ele>9</ele>
      </trkpt>
      <trkpt lat="50.96786" lon="4.55927">
        <ele>9</ele>
      </trkpt>
      <trkpt lat="50.96777" lon="4.55935">
        <ele>9</ele>
      </trkpt>
      <trkpt lat="50.96749" lon="4.55971">
        <ele>9</ele>
      </trkpt>
      <trkpt lat="50.96641" lon="4.56086">
        <ele>9</ele>
      </trkpt>
      <trkpt lat="50.96601" lon="4.56122">
        <ele>9</ele>
      </trkpt>
      <trkpt lat="50.96518" lon="4.56201">
        <ele>9</ele>
      </trkpt>
      <trkpt lat="50.96488" lon="4.56233">
        <ele>9</ele>
      </trkpt>
      <trkpt lat="50.96461" lon="4.56273">
        <ele>9</ele>
      </trkpt>
      <trkpt lat="50.96455" lon="4.56278">
        <ele>9</ele>
      </trkpt>
      <trkpt lat="50.9645" lon="4.56275">
        <ele>9</ele>
      </trkpt>
      <trkpt lat="50.96352" lon="4.56123">
        <ele>10</ele>
      </trkpt>
      <trkpt lat="50.96288" lon="4.56042">
        <ele>10</ele>
      </trkpt>
      <trkpt lat="50.96275" lon="4.56022">
        <ele>9</ele>
      </trkpt>
      <trkpt lat="50.96214" lon="4.55804">
        <ele>10</ele>
      </trkpt>
      <trkpt lat="50.96205" lon="4.55789">
        <ele>10</ele>
      </trkpt>
      <trkpt lat="50.96089" lon="4.55684">
        <ele>10</ele>
      </trkpt>
      <trkpt lat="50.96052" lon="4.55665">
        <ele>10</ele>
      </trkpt>
      <trkpt lat="50.96031" lon="4.55653">
        <ele>10</ele>
      </trkpt>
      <trkpt lat="50.95977" lon="4.55608">
        <ele>10</ele>
      </trkpt>
      <trkpt lat="50.95962" lon="4.55609">
        <ele>10</ele>
      </trkpt>
      <trkpt lat="50.95884" lon="4.55652">
        <ele>9</ele>
      </trkpt>
      <trkpt lat="50.95871" lon="4.55652">
        <ele>9</ele>
      </trkpt>
      <trkpt lat="50.95863" lon="4.55648">
        <ele>9</ele>
      </trkpt>
      <trkpt lat="50.95841" lon="4.55624">
        <ele>10</ele>
      </trkpt>
      <trkpt lat="50.95774" lon="4.55544">
        <ele>10</ele>
      </trkpt>
      <trkpt lat="50.95754" lon="4.55515">
        <ele>10</ele>
      </trkpt>
      <trkpt lat="50.95747" lon="4.55511">
        <ele>10</ele>
      </trkpt>
      <trkpt lat="50.95744" lon="4.55512">
        <ele>10</ele>
      </trkpt>
      <trkpt lat="50.95666" lon="4.55542">
        <ele>9</ele>
      </trkpt>
      <trkpt lat="50.95647" lon="4.55554">
        <ele>9</ele>
      </trkpt>
      <trkpt lat="50.95634" lon="4.5557">
        <ele>9</ele>
      </trkpt>
      <trkpt lat="50.95621" lon="4.5559">
        <ele>9</ele>
      </trkpt>
      <trkpt lat="50.95616" lon="4.55605">
        <ele>9</ele>
      </trkpt>
      <trkpt lat="50.95584" lon="4.55716">
        <ele>9</ele>
      </trkpt>
      <trkpt lat="50.95562" lon="4.5577">
        <ele>9</ele>
      </trkpt>
      <trkpt lat="50.95544" lon="4.55807">
        <ele>9</ele>
      </trkpt>
      <trkpt lat="50.95424" lon="4.5603">
        <ele>9</ele>
      </trkpt>
      <trkpt lat="50.95404" lon="4.56065">
        <ele>9</ele>
      </trkpt>
      <trkpt lat="50.95327" lon="4.56139">
        <ele>9</ele>
      </trkpt>
      <trkpt lat="50.95146" lon="4.56298">
        <ele>10</ele>
      </trkpt>
      <trkpt lat="50.95075" lon="4.56349">
        <ele>11</ele>
      </trkpt>
      <trkpt lat="50.95035" lon="4.5637">
        <ele>10</ele>
      </trkpt>
      <trkpt lat="50.94984" lon="4.56395">
        <ele>10</ele>
      </trkpt>
      <trkpt lat="50.94761" lon="4.56474">
        <ele>10</ele>
      </trkpt>
      <trkpt lat="50.94748" lon="4.56477">
        <ele>10</ele>
      </trkpt>
      <trkpt lat="50.94562" lon="4.56474">
        <ele>11</ele>
      </trkpt>
      <trkpt lat="50.94537" lon="4.56474">
        <ele>11</ele>
      </trkpt>
      <trkpt lat="50.94515" lon="4.56469">
        <ele>11</ele>
      </trkpt>
      <trkpt lat="50.94477" lon="4.56446">
        <ele>11</ele>
      </trkpt>
      <trkpt lat="50.94458" lon="4.56437">
        <ele>11</ele>
      </trkpt>
      <trkpt lat="50.94447" lon="4.56435">
        <ele>11</ele>
      </trkpt>
      <trkpt lat="50.94352" lon="4.56444">
        <ele>12</ele>
      </trkpt>
      <trkpt lat="50.94321" lon="4.56439">
        <ele>13</ele>
      </trkpt>
      <trkpt lat="50.94275" lon="4.56437">
        <ele>13</ele>
      </trkpt>
      <trkpt lat="50.94258" lon="4.56441">
        <ele>13</ele>
      </trkpt>
      <trkpt lat="50.94133" lon="4.56448">
        <ele>13</ele>
      </trkpt>
      <trkpt lat="50.9411" lon="4.56444">
        <ele>13</ele>
      </trkpt>
      <trkpt lat="50.94038" lon="4.56411">
        <ele>12</ele>
      </trkpt>
      <trkpt lat="50.93923" lon="4.56393">
        <ele>13</ele>
      </trkpt>
      <trkpt lat="50.93803" lon="4.56375">
        <ele>12</ele>
      </trkpt>
      <trkpt lat="50.9378" lon="4.56376">
        <ele>12</ele>
      </trkpt>
      <trkpt lat="50.93763" lon="4.56379">
        <ele>12</ele>
      </trkpt>
      <trkpt lat="50.93729" lon="4.56393">
        <ele>12</ele>
      </trkpt>
      <trkpt lat="50.93691" lon="4.5642">
        <ele>12</ele>
      </trkpt>
      <trkpt lat="50.93564" lon="4.56541">
        <ele>12</ele>
      </trkpt>
      <trkpt lat="50.93239" lon="4.56864">
        <ele>13</ele>
      </trkpt>
      <trkpt lat="50.9322" lon="4.56884">
        <ele>13</ele>
      </trkpt>
      <trkpt lat="50.93105" lon="4.57029">
        <ele>13</ele>
      </trkpt>
      <trkpt lat="50.93093" lon="4.57042">
        <ele>13</ele>
      </trkpt>
      <trkpt lat="50.93087" lon="4.57046">
        <ele>13</ele>
      </trkpt>
      <trkpt lat="50.93067" lon="4.57045">
        <ele>13</ele>
      </trkpt>
      <trkpt lat="50.9305" lon="4.57037">
        <ele>13</ele>
      </trkpt>
      <trkpt lat="50.93038" lon="4.5702">
        <ele>13</ele>
      </trkpt>
      <trkpt lat="50.92954" lon="4.56862">
        <ele>13</ele>
      </trkpt>
      <trkpt lat="50.92875" lon="4.56709">
        <ele>14</ele>
      </trkpt>
      <trkpt lat="50.92856" lon="4.56679">
        <ele>14</ele>
      </trkpt>
      <trkpt lat="50.92825" lon="4.5664">
        <ele>14</ele>
      </trkpt>
      <trkpt lat="50.92616" lon="4.565">
        <ele>16</ele>
      </trkpt>
      <trkpt lat="50.92575" lon="4.56475">
        <ele>16</ele>
      </trkpt>
      <trkpt lat="50.92554" lon="4.5647">
        <ele>17</ele>
      </trkpt>
      <trkpt lat="50.9252" lon="4.56471">
        <ele>17</ele>
      </trkpt>
      <trkpt lat="50.92486" lon="4.56487">
        <ele>17</ele>
      </trkpt>
      <trkpt lat="50.92467" lon="4.56504">
        <ele>17</ele>
      </trkpt>
      <trkpt lat="50.92441" lon="4.56542">
        <ele>16</ele>
      </trkpt>
      <trkpt lat="50.92396" lon="4.56614">
        <ele>16</ele>
      </trkpt>
      <trkpt lat="50.92357" lon="4.56679">
        <ele>16</ele>
      </trkpt>
      <trkpt lat="50.92309" lon="4.56607">
        <ele>17</ele>
      </trkpt>
      <trkpt lat="50.92293" lon="4.56569">
        <ele>18</ele>
      </trkpt>
      <trkpt lat="50.92268" lon="4.56438">
        <ele>17</ele>
      </trkpt>
      <trkpt lat="50.92261" lon="4.56419">
        <ele>17</ele>
      </trkpt>
      <trkpt lat="50.92226" lon="4.56355">
        <ele>18</ele>
      </trkpt>
      <trkpt lat="50.9217" lon="4.56252">
        <ele>19</ele>
      </trkpt>
      <trkpt lat="50.92159" lon="4.56238">
        <ele>19</ele>
      </trkpt>
      <trkpt lat="50.92139" lon="4.56225">
        <ele>19</ele>
      </trkpt>
      <trkpt lat="50.9213" lon="4.56226">
        <ele>19</ele>
      </trkpt>
      <trkpt lat="50.92102" lon="4.56258">
        <ele>20</ele>
      </trkpt>
      <trkpt lat="50.92048" lon="4.56324">
        <ele>21</ele>
      </trkpt>
      <trkpt lat="50.91977" lon="4.56404">
        <ele>22</ele>
      </trkpt>
      <trkpt lat="50.9193" lon="4.56435">
        <ele>23</ele>
      </trkpt>
      <trkpt lat="50.91908" lon="4.56434">
        <ele>23</ele>
      </trkpt>
      <trkpt lat="50.91899" lon="4.56431">
        <ele>23</ele>
      </trkpt>
      <trkpt lat="50.91895" lon="4.56426">
        <ele>24</ele>
      </trkpt>
      <trkpt lat="50.91876" lon="4.56398">
        <ele>24</ele>
      </trkpt>
      <trkpt lat="50.91858" lon="4.56305">
        <ele>24</ele>
      </trkpt>
      <trkpt lat="50.91837" lon="4.56303">
        <ele>24</ele>
      </trkpt>
      <trkpt lat="50.91811" lon="4.56305">
        <ele>24</ele>
      </trkpt>
      <trkpt lat="50.91786" lon="4.56314">
        <ele>24</ele>
      </trkpt>
      <trkpt lat="50.91738" lon="4.56346">
        <ele>24</ele>
      </trkpt>
      <trkpt lat="50.91661" lon="4.56403">
        <ele>25</ele>
      </trkpt>
      <trkpt lat="50.9164" lon="4.56416">
        <ele>25</ele>
      </trkpt>
      <trkpt lat="50.91608" lon="4.5643">
        <ele>25</ele>
      </trkpt>
      <trkpt lat="50.91575" lon="4.56434">
        <ele>25</ele>
      </trkpt>
      <trkpt lat="50.91543" lon="4.56432">
        <ele>26</ele>
      </trkpt>
      <trkpt lat="50.91537" lon="4.56437">
        <ele>26</ele>
      </trkpt>
      <trkpt lat="50.91505" lon="4.56432">
        <ele>26</ele>
      </trkpt>
      <trkpt lat="50.91494" lon="4.56425">
        <ele>26</ele>
      </trkpt>
      <trkpt lat="50.91181" lon="4.56343">
        <ele>28</ele>
      </trkpt>
      <trkpt lat="50.91164" lon="4.5634">
        <ele>28</ele>
      </trkpt>
      <trkpt lat="50.91149" lon="4.56341">
        <ele>28</ele>
      </trkpt>
      <trkpt lat="50.91117" lon="4.56347">
        <ele>28</ele>
      </trkpt>
      <trkpt lat="50.91082" lon="4.56366">
        <ele>28</ele>
      </trkpt>
      <trkpt lat="50.90875" lon="4.56543">
        <ele>27</ele>
      </trkpt>
      <trkpt lat="50.9087" lon="4.56546">
        <ele>27</ele>
      </trkpt>
      <trkpt lat="50.90839" lon="4.56543">
        <ele>27</ele>
      </trkpt>
      <trkpt lat="50.90795" lon="4.56515">
        <ele>27</ele>
      </trkpt>
      <trkpt lat="50.90796" lon="4.5651">
        <ele>27</ele>
      </trkpt>
      <trkpt lat="50.90793" lon="4.56497">
        <ele>27</ele>
      </trkpt>
      <trkpt lat="50.90728" lon="4.56405">
        <ele>28</ele>
      </trkpt>
      <trkpt lat="50.90651" lon="4.56297">
        <ele>29</ele>
      </trkpt>
      <trkpt lat="50.90551" lon="4.5615">
        <ele>31</ele>
      </trkpt>
      <trkpt lat="50.90543" lon="4.56132">
        <ele>31</ele>
      </trkpt>
      <trkpt lat="50.90515" lon="4.56057">
        <ele>32</ele>
      </trkpt>
      <trkpt lat="50.90466" lon="4.55907">
        <ele>34</ele>
      </trkpt>
      <trkpt lat="50.90442" lon="4.55815">
        <ele>34</ele>
      </trkpt>
      <trkpt lat="50.90437" lon="4.55799">
        <ele>34</ele>
      </trkpt>
      <trkpt lat="50.90408" lon="4.55733">
        <ele>35</ele>
      </trkpt>
      <trkpt lat="50.90399" lon="4.55739">
        <ele>35</ele>
      </trkpt>
      <trkpt lat="50.90384" lon="4.55742">
        <ele>34</ele>
      </trkpt>
      <trkpt lat="50.90379" lon="4.55741">
        <ele>34</ele>
      </trkpt>
      <trkpt lat="50.90375" lon="4.55744">
        <ele>34</ele>
      </trkpt>
      <trkpt lat="50.90351" lon="4.55764">
        <ele>33</ele>
      </trkpt>
      <trkpt lat="50.90347" lon="4.55777">
        <ele>33</ele>
      </trkpt>
      <trkpt lat="50.90345" lon="4.55807">
        <ele>32</ele>
      </trkpt>
      <trkpt lat="50.90351" lon="4.5584">
        <ele>32</ele>
      </trkpt>
      <trkpt lat="50.9035" lon="4.55846">
        <ele>32</ele>
      </trkpt>
      <trkpt lat="50.90347" lon="4.55854">
        <ele>32</ele>
      </trkpt>
      <trkpt lat="50.90274" lon="4.55918">
        <ele>30</ele>
      </trkpt>
      <trkpt lat="50.90222" lon="4.55975">
        <ele>30</ele>
      </trkpt>
      <trkpt lat="50.90218" lon="4.55979">
        <ele>30</ele>
      </trkpt>
      <trkpt lat="50.90184" lon="4.5594">
        <ele>31</ele>
      </trkpt>
      <trkpt lat="50.90171" lon="4.55956">
        <ele>31</ele>
      </trkpt>
      <trkpt lat="50.90134" lon="4.55994">
        <ele>32</ele>
      </trkpt>
      <trkpt lat="50.89862" lon="4.56285">
        <ele>37</ele>
      </trkpt>
      <trkpt lat="50.89716" lon="4.5644">
        <ele>37</ele>
      </trkpt>
      <trkpt lat="50.89624" lon="4.56534">
        <ele>36</ele>
      </trkpt>
      <trkpt lat="50.89615" lon="4.5655">
        <ele>36</ele>
      </trkpt>
      <trkpt lat="50.89466" lon="4.5669">
        <ele>43</ele>
      </trkpt>
      <trkpt lat="50.89387" lon="4.5679">
        <ele>37</ele>
      </trkpt>
      <trkpt lat="50.89302" lon="4.56883">
        <ele>35</ele>
      </trkpt>
      <trkpt lat="50.89269" lon="4.56923">
        <ele>35</ele>
      </trkpt>
      <trkpt lat="50.892" lon="4.57021">
        <ele>36</ele>
      </trkpt>
      <trkpt lat="50.89187" lon="4.57044">
        <ele>36</ele>
      </trkpt>
      <trkpt lat="50.89178" lon="4.57054">
        <ele>36</ele>
      </trkpt>
      <trkpt lat="50.8917" lon="4.57079">
        <ele>36</ele>
      </trkpt>
      <trkpt lat="50.8917" lon="4.57091">
        <ele>36</ele>
      </trkpt>
      <trkpt lat="50.8915" lon="4.57096">
        <ele>36</ele>
      </trkpt>
      <trkpt lat="50.89148" lon="4.57086">
        <ele>36</ele>
      </trkpt>
      <trkpt lat="50.89138" lon="4.57075">
        <ele>37</ele>
      </trkpt>
      <trkpt lat="50.89133" lon="4.57073">
        <ele>36</ele>
      </trkpt>
      <trkpt lat="50.89123" lon="4.57078">
        <ele>36</ele>
      </trkpt>
      <trkpt lat="50.89102" lon="4.57116">
        <ele>36</ele>
      </trkpt>
      <trkpt lat="50.89093" lon="4.57154">
        <ele>36</ele>
      </trkpt>
      <trkpt lat="50.89088" lon="4.57167">
        <ele>36</ele>
      </trkpt>
      <trkpt lat="50.8905" lon="4.57229">
        <ele>36</ele>
      </trkpt>
      <trkpt lat="50.89021" lon="4.57268">
        <ele>36</ele>
      </trkpt>
      <trkpt lat="50.88868" lon="4.57423">
        <ele>35</ele>
      </trkpt>
      <trkpt lat="50.8883" lon="4.57476">
        <ele>34</ele>
      </trkpt>
      <trkpt lat="50.88812" lon="4.57508">
        <ele>34</ele>
      </trkpt>
      <trkpt lat="50.88757" lon="4.57651">
        <ele>33</ele>
      </trkpt>
      <trkpt lat="50.88743" lon="4.5768">
        <ele>33</ele>
      </trkpt>
      <trkpt lat="50.88719" lon="4.57719">
        <ele>33</ele>
      </trkpt>
      <trkpt lat="50.88683" lon="4.57761">
        <ele>33</ele>
      </trkpt>
      <trkpt lat="50.88625" lon="4.57824">
        <ele>34</ele>
      </trkpt>
      <trkpt lat="50.88539" lon="4.57909">
        <ele>34</ele>
      </trkpt>
      <trkpt lat="50.8843" lon="4.58023">
        <ele>35</ele>
      </trkpt>
      <trkpt lat="50.884" lon="4.58057">
        <ele>35</ele>
      </trkpt>
      <trkpt lat="50.88345" lon="4.58133">
        <ele>36</ele>
      </trkpt>
      <trkpt lat="50.88309" lon="4.58195">
        <ele>37</ele>
      </trkpt>
      <trkpt lat="50.88246" lon="4.5797">
        <ele>38</ele>
      </trkpt>
      <trkpt lat="50.88245" lon="4.5797">
        <ele>38</ele>
      </trkpt>
      <trkpt lat="50.87933" lon="4.57217">
        <ele>44</ele>
      </trkpt>
      <trkpt lat="50.87931" lon="4.57219">
        <ele>44</ele>
      </trkpt>
      <trkpt lat="50.87922" lon="4.57197">
        <ele>44</ele>
      </trkpt>
      <trkpt lat="50.87882" lon="4.57121">
        <ele>45</ele>
      </trkpt>
      <trkpt lat="50.87899" lon="4.57089">
        <ele>45</ele>
      </trkpt>
      <trkpt lat="50.8792" lon="4.57054">
        <ele>45</ele>
      </trkpt>
      <trkpt lat="50.87911" lon="4.56987">
        <ele>44</ele>
      </trkpt>
      <trkpt lat="50.87914" lon="4.56977">
        <ele>44</ele>
      </trkpt>
      <trkpt lat="50.87941" lon="4.56926">
        <ele>43</ele>
      </trkpt>
      <trkpt lat="50.87941" lon="4.56925">
        <ele>43</ele>
      </trkpt>
      <trkpt lat="50.88005" lon="4.56448">
        <ele>44</ele>
      </trkpt>
      <trkpt lat="50.88007" lon="4.56448">
        <ele>44</ele>
      </trkpt>
      <trkpt lat="50.88006" lon="4.56426">
        <ele>44</ele>
      </trkpt>
      <trkpt lat="50.88009" lon="4.56401">
        <ele>44</ele>
      </trkpt>
      <trkpt lat="50.88048" lon="4.56195">
        <ele>48</ele>
      </trkpt>
      <trkpt lat="50.88051" lon="4.56157">
        <ele>49</ele>
      </trkpt>
      <trkpt lat="50.88046" lon="4.5608">
        <ele>49</ele>
      </trkpt>
      <trkpt lat="50.87985" lon="4.55718">
        <ele>52</ele>
      </trkpt>
      <trkpt lat="50.87933" lon="4.55516">
        <ele>49</ele>
      </trkpt>
      <trkpt lat="50.87926" lon="4.5547">
        <ele>48</ele>
      </trkpt>
      <trkpt lat="50.87897" lon="4.55233">
        <ele>48</ele>
      </trkpt>
    </trkseg>
  </trk>
</gpx>