<?xml version='1.0' encoding='UTF-8'?>
<gpx xmlns="http://www.topografix.com/GPX/1/1" xmlns:xsi="http://www.w3.org/2001/XMLSchema-instance" creator="RouteYou" version="1.1" xsi:schemaLocation="http://www.topografix.com/GPX/1/1 http://www.topografix.com/GPX/1/1/gpx.xsd">
  <trk>
    <name>Heindonk 2025</name>
    <desc />
    <trkseg>
      <trkpt lat="50.87885" lon="4.55129">
        <ele>54</ele>
      </trkpt>
      <trkpt lat="50.8788" lon="4.5509">
        <ele>55</ele>
      </trkpt>
      <trkpt lat="50.87859" lon="4.54962">
        <ele>62</ele>
      </trkpt>
      <trkpt lat="50.87842" lon="4.54885">
        <ele>60</ele>
      </trkpt>
      <trkpt lat="50.87825" lon="4.5483">
        <ele>60</ele>
      </trkpt>
      <trkpt lat="50.87805" lon="4.54777">
        <ele>61</ele>
      </trkpt>
      <trkpt lat="50.87783" lon="4.54728">
        <ele>65</ele>
      </trkpt>
      <trkpt lat="50.87759" lon="4.54667">
        <ele>59</ele>
      </trkpt>
      <trkpt lat="50.87722" lon="4.54561">
        <ele>60</ele>
      </trkpt>
      <trkpt lat="50.87705" lon="4.54526">
        <ele>60</ele>
      </trkpt>
      <trkpt lat="50.87645" lon="4.544">
        <ele>62</ele>
      </trkpt>
      <trkpt lat="50.87643" lon="4.54405">
        <ele>62</ele>
      </trkpt>
      <trkpt lat="50.8764" lon="4.54409">
        <ele>62</ele>
      </trkpt>
      <trkpt lat="50.87637" lon="4.54409">
        <ele>62</ele>
      </trkpt>
      <trkpt lat="50.87634" lon="4.54406">
        <ele>62</ele>
      </trkpt>
      <trkpt lat="50.8763" lon="4.54392">
        <ele>62</ele>
      </trkpt>
      <trkpt lat="50.87629" lon="4.5438">
        <ele>62</ele>
      </trkpt>
      <trkpt lat="50.8763" lon="4.54378">
        <ele>62</ele>
      </trkpt>
      <trkpt lat="50.87628" lon="4.54368">
        <ele>62</ele>
      </trkpt>
      <trkpt lat="50.87604" lon="4.54284">
        <ele>63</ele>
      </trkpt>
      <trkpt lat="50.87595" lon="4.54242">
        <ele>62</ele>
      </trkpt>
      <trkpt lat="50.87593" lon="4.5421">
        <ele>62</ele>
      </trkpt>
      <trkpt lat="50.87594" lon="4.54184">
        <ele>62</ele>
      </trkpt>
      <trkpt lat="50.87598" lon="4.54159">
        <ele>60</ele>
      </trkpt>
      <trkpt lat="50.87605" lon="4.54126">
        <ele>59</ele>
      </trkpt>
      <trkpt lat="50.87622" lon="4.54087">
        <ele>59</ele>
      </trkpt>
      <trkpt lat="50.87633" lon="4.5409">
        <ele>59</ele>
      </trkpt>
      <trkpt lat="50.87644" lon="4.54087">
        <ele>59</ele>
      </trkpt>
      <trkpt lat="50.87728" lon="4.54066">
        <ele>55</ele>
      </trkpt>
      <trkpt lat="50.87754" lon="4.54064">
        <ele>55</ele>
      </trkpt>
      <trkpt lat="50.87728" lon="4.54066">
        <ele>55</ele>
      </trkpt>
      <trkpt lat="50.8771" lon="4.54071">
        <ele>56</ele>
      </trkpt>
      <trkpt lat="50.87753" lon="4.54064">
        <ele>55</ele>
      </trkpt>
      <trkpt lat="50.87818" lon="4.5407">
        <ele>53</ele>
      </trkpt>
      <trkpt lat="50.87866" lon="4.54062">
        <ele>49</ele>
      </trkpt>
      <trkpt lat="50.8791" lon="4.5406">
        <ele>48</ele>
      </trkpt>
      <trkpt lat="50.8792" lon="4.54065">
        <ele>48</ele>
      </trkpt>
      <trkpt lat="50.87989" lon="4.54205">
        <ele>50</ele>
      </trkpt>
      <trkpt lat="50.8809" lon="4.54313">
        <ele>49</ele>
      </trkpt>
      <trkpt lat="50.88123" lon="4.54354">
        <ele>47</ele>
      </trkpt>
      <trkpt lat="50.88131" lon="4.54362">
        <ele>47</ele>
      </trkpt>
      <trkpt lat="50.88149" lon="4.54371">
        <ele>46</ele>
      </trkpt>
      <trkpt lat="50.88204" lon="4.54379">
        <ele>45</ele>
      </trkpt>
      <trkpt lat="50.88212" lon="4.54384">
        <ele>45</ele>
      </trkpt>
      <trkpt lat="50.8822" lon="4.54393">
        <ele>45</ele>
      </trkpt>
      <trkpt lat="50.88235" lon="4.5444">
        <ele>45</ele>
      </trkpt>
      <trkpt lat="50.88242" lon="4.54449">
        <ele>45</ele>
      </trkpt>
      <trkpt lat="50.8825" lon="4.54454">
        <ele>45</ele>
      </trkpt>
      <trkpt lat="50.88261" lon="4.54456">
        <ele>45</ele>
      </trkpt>
      <trkpt lat="50.88337" lon="4.54454">
        <ele>44</ele>
      </trkpt>
      <trkpt lat="50.88349" lon="4.54458">
        <ele>43</ele>
      </trkpt>
      <trkpt lat="50.88392" lon="4.54492">
        <ele>43</ele>
      </trkpt>
      <trkpt lat="50.88432" lon="4.54511">
        <ele>43</ele>
      </trkpt>
      <trkpt lat="50.88495" lon="4.54523">
        <ele>44</ele>
      </trkpt>
      <trkpt lat="50.88536" lon="4.5454">
        <ele>44</ele>
      </trkpt>
      <trkpt lat="50.88559" lon="4.54535">
        <ele>44</ele>
      </trkpt>
      <trkpt lat="50.88793" lon="4.5442">
        <ele>47</ele>
      </trkpt>
      <trkpt lat="50.88837" lon="4.54401">
        <ele>47</ele>
      </trkpt>
      <trkpt lat="50.88839" lon="4.54409">
        <ele>47</ele>
      </trkpt>
      <trkpt lat="50.88864" lon="4.54392">
        <ele>47</ele>
      </trkpt>
      <trkpt lat="50.88906" lon="4.5437">
        <ele>47</ele>
      </trkpt>
      <trkpt lat="50.89232" lon="4.54218">
        <ele>44</ele>
      </trkpt>
      <trkpt lat="50.8925" lon="4.54209">
        <ele>44</ele>
      </trkpt>
      <trkpt lat="50.89254" lon="4.54205">
        <ele>44</ele>
      </trkpt>
      <trkpt lat="50.89256" lon="4.54172">
        <ele>44</ele>
      </trkpt>
      <trkpt lat="50.89247" lon="4.54075">
        <ele>44</ele>
      </trkpt>
      <trkpt lat="50.89242" lon="4.54036">
        <ele>44</ele>
      </trkpt>
      <trkpt lat="50.89245" lon="4.54032">
        <ele>44</ele>
      </trkpt>
      <trkpt lat="50.89249" lon="4.5403">
        <ele>44</ele>
      </trkpt>
      <trkpt lat="50.89238" lon="4.53948">
        <ele>44</ele>
      </trkpt>
      <trkpt lat="50.89238" lon="4.53924">
        <ele>44</ele>
      </trkpt>
      <trkpt lat="50.8924" lon="4.5391">
        <ele>44</ele>
      </trkpt>
      <trkpt lat="50.89247" lon="4.53886">
        <ele>44</ele>
      </trkpt>
      <trkpt lat="50.89261" lon="4.53865">
        <ele>44</ele>
      </trkpt>
      <trkpt lat="50.89275" lon="4.53854">
        <ele>45</ele>
      </trkpt>
      <trkpt lat="50.89287" lon="4.5385">
        <ele>45</ele>
      </trkpt>
      <trkpt lat="50.89298" lon="4.5385">
        <ele>45</ele>
      </trkpt>
      <trkpt lat="50.89334" lon="4.53857">
        <ele>45</ele>
      </trkpt>
      <trkpt lat="50.89339" lon="4.53861">
        <ele>45</ele>
      </trkpt>
      <trkpt lat="50.89342" lon="4.53869">
        <ele>45</ele>
      </trkpt>
      <trkpt lat="50.89352" lon="4.53876">
        <ele>45</ele>
      </trkpt>
      <trkpt lat="50.89356" lon="4.53876">
        <ele>45</ele>
      </trkpt>
      <trkpt lat="50.89363" lon="4.53869">
        <ele>45</ele>
      </trkpt>
      <trkpt lat="50.89435" lon="4.53991">
        <ele>45</ele>
      </trkpt>
      <trkpt lat="50.8963" lon="4.54318">
        <ele>43</ele>
      </trkpt>
      <trkpt lat="50.89666" lon="4.54372">
        <ele>42</ele>
      </trkpt>
      <trkpt lat="50.89751" lon="4.54483">
        <ele>41</ele>
      </trkpt>
      <trkpt lat="50.89775" lon="4.54499">
        <ele>41</ele>
      </trkpt>
      <trkpt lat="50.89833" lon="4.54553">
        <ele>41</ele>
      </trkpt>
      <trkpt lat="50.89894" lon="4.54609">
        <ele>41</ele>
      </trkpt>
      <trkpt lat="50.89919" lon="4.54636">
        <ele>41</ele>
      </trkpt>
      <trkpt lat="50.89939" lon="4.54652">
        <ele>41</ele>
      </trkpt>
      <trkpt lat="50.90028" lon="4.5475">
        <ele>41</ele>
      </trkpt>
      <trkpt lat="50.90037" lon="4.54762">
        <ele>41</ele>
      </trkpt>
      <trkpt lat="50.90072" lon="4.54823">
        <ele>41</ele>
      </trkpt>
      <trkpt lat="50.90169" lon="4.55053">
        <ele>39</ele>
      </trkpt>
      <trkpt lat="50.9019" lon="4.55115">
        <ele>39</ele>
      </trkpt>
      <trkpt lat="50.90276" lon="4.55344">
        <ele>39</ele>
      </trkpt>
      <trkpt lat="50.90287" lon="4.55359">
        <ele>38</ele>
      </trkpt>
      <trkpt lat="50.90338" lon="4.55512">
        <ele>37</ele>
      </trkpt>
      <trkpt lat="50.90368" lon="4.55614">
        <ele>37</ele>
      </trkpt>
      <trkpt lat="50.90398" lon="4.55708">
        <ele>37</ele>
      </trkpt>
      <trkpt lat="50.90433" lon="4.55788">
        <ele>36</ele>
      </trkpt>
      <trkpt lat="50.90442" lon="4.55815">
        <ele>36</ele>
      </trkpt>
      <trkpt lat="50.90469" lon="4.55914">
        <ele>35</ele>
      </trkpt>
      <trkpt lat="50.90515" lon="4.56057">
        <ele>34</ele>
      </trkpt>
      <trkpt lat="50.90543" lon="4.56132">
        <ele>32</ele>
      </trkpt>
      <trkpt lat="50.90551" lon="4.5615">
        <ele>32</ele>
      </trkpt>
      <trkpt lat="50.90559" lon="4.56164">
        <ele>32</ele>
      </trkpt>
      <trkpt lat="50.90651" lon="4.56297">
        <ele>29</ele>
      </trkpt>
      <trkpt lat="50.9082" lon="4.56534">
        <ele>28</ele>
      </trkpt>
      <trkpt lat="50.90839" lon="4.56543">
        <ele>27</ele>
      </trkpt>
      <trkpt lat="50.90861" lon="4.56546">
        <ele>27</ele>
      </trkpt>
      <trkpt lat="50.90995" lon="4.56435">
        <ele>27</ele>
      </trkpt>
      <trkpt lat="50.91083" lon="4.56358">
        <ele>27</ele>
      </trkpt>
      <trkpt lat="50.91119" lon="4.56338">
        <ele>27</ele>
      </trkpt>
      <trkpt lat="50.91152" lon="4.56332">
        <ele>27</ele>
      </trkpt>
      <trkpt lat="50.91255" lon="4.56356">
        <ele>28</ele>
      </trkpt>
      <trkpt lat="50.91366" lon="4.56386">
        <ele>27</ele>
      </trkpt>
      <trkpt lat="50.91374" lon="4.56382">
        <ele>27</ele>
      </trkpt>
      <trkpt lat="50.91405" lon="4.5639">
        <ele>27</ele>
      </trkpt>
      <trkpt lat="50.91537" lon="4.56424">
        <ele>26</ele>
      </trkpt>
      <trkpt lat="50.91543" lon="4.56432">
        <ele>26</ele>
      </trkpt>
      <trkpt lat="50.91572" lon="4.56436">
        <ele>25</ele>
      </trkpt>
      <trkpt lat="50.916" lon="4.56433">
        <ele>25</ele>
      </trkpt>
      <trkpt lat="50.91616" lon="4.56428">
        <ele>25</ele>
      </trkpt>
      <trkpt lat="50.91661" lon="4.56403">
        <ele>25</ele>
      </trkpt>
      <trkpt lat="50.91774" lon="4.56321">
        <ele>24</ele>
      </trkpt>
      <trkpt lat="50.91803" lon="4.56307">
        <ele>24</ele>
      </trkpt>
      <trkpt lat="50.91836" lon="4.56303">
        <ele>24</ele>
      </trkpt>
      <trkpt lat="50.91858" lon="4.56305">
        <ele>24</ele>
      </trkpt>
      <trkpt lat="50.91869" lon="4.56301">
        <ele>23</ele>
      </trkpt>
      <trkpt lat="50.91937" lon="4.56252">
        <ele>23</ele>
      </trkpt>
      <trkpt lat="50.91966" lon="4.56225">
        <ele>22</ele>
      </trkpt>
      <trkpt lat="50.91994" lon="4.56199">
        <ele>22</ele>
      </trkpt>
      <trkpt lat="50.91995" lon="4.56178">
        <ele>22</ele>
      </trkpt>
      <trkpt lat="50.91999" lon="4.56156">
        <ele>22</ele>
      </trkpt>
      <trkpt lat="50.92006" lon="4.56136">
        <ele>22</ele>
      </trkpt>
      <trkpt lat="50.92039" lon="4.56086">
        <ele>21</ele>
      </trkpt>
      <trkpt lat="50.92048" lon="4.56071">
        <ele>21</ele>
      </trkpt>
      <trkpt lat="50.92052" lon="4.56057">
        <ele>21</ele>
      </trkpt>
      <trkpt lat="50.92043" lon="4.56031">
        <ele>21</ele>
      </trkpt>
      <trkpt lat="50.92022" lon="4.55994">
        <ele>21</ele>
      </trkpt>
      <trkpt lat="50.92" lon="4.55964">
        <ele>22</ele>
      </trkpt>
      <trkpt lat="50.92006" lon="4.55932">
        <ele>22</ele>
      </trkpt>
      <trkpt lat="50.92029" lon="4.55835">
        <ele>22</ele>
      </trkpt>
      <trkpt lat="50.9205" lon="4.55766">
        <ele>23</ele>
      </trkpt>
      <trkpt lat="50.92075" lon="4.55691">
        <ele>24</ele>
      </trkpt>
      <trkpt lat="50.92094" lon="4.55641">
        <ele>24</ele>
      </trkpt>
      <trkpt lat="50.92191" lon="4.55366">
        <ele>24</ele>
      </trkpt>
      <trkpt lat="50.92208" lon="4.55325">
        <ele>23</ele>
      </trkpt>
      <trkpt lat="50.92206" lon="4.55322">
        <ele>23</ele>
      </trkpt>
      <trkpt lat="50.92204" lon="4.55314">
        <ele>23</ele>
      </trkpt>
      <trkpt lat="50.92206" lon="4.55306">
        <ele>23</ele>
      </trkpt>
      <trkpt lat="50.92211" lon="4.55302">
        <ele>23</ele>
      </trkpt>
      <trkpt lat="50.92203" lon="4.55284">
        <ele>23</ele>
      </trkpt>
      <trkpt lat="50.92199" lon="4.55264">
        <ele>23</ele>
      </trkpt>
      <trkpt lat="50.92199" lon="4.55216">
        <ele>23</ele>
      </trkpt>
      <trkpt lat="50.92217" lon="4.55047">
        <ele>22</ele>
      </trkpt>
      <trkpt lat="50.92219" lon="4.55018">
        <ele>22</ele>
      </trkpt>
      <trkpt lat="50.92219" lon="4.54961">
        <ele>22</ele>
      </trkpt>
      <trkpt lat="50.9222" lon="4.549">
        <ele>22</ele>
      </trkpt>
      <trkpt lat="50.92223" lon="4.54867">
        <ele>22</ele>
      </trkpt>
      <trkpt lat="50.92234" lon="4.54809">
        <ele>21</ele>
      </trkpt>
      <trkpt lat="50.92341" lon="4.54814">
        <ele>19</ele>
      </trkpt>
      <trkpt lat="50.92407" lon="4.54809">
        <ele>18</ele>
      </trkpt>
      <trkpt lat="50.92432" lon="4.54822">
        <ele>18</ele>
      </trkpt>
      <trkpt lat="50.92454" lon="4.5485">
        <ele>17</ele>
      </trkpt>
      <trkpt lat="50.92484" lon="4.54932">
        <ele>17</ele>
      </trkpt>
      <trkpt lat="50.9253" lon="4.5499">
        <ele>18</ele>
      </trkpt>
      <trkpt lat="50.92556" lon="4.55004">
        <ele>19</ele>
      </trkpt>
      <trkpt lat="50.92716" lon="4.55027">
        <ele>20</ele>
      </trkpt>
      <trkpt lat="50.92755" lon="4.55031">
        <ele>20</ele>
      </trkpt>
      <trkpt lat="50.92778" lon="4.55027">
        <ele>18</ele>
      </trkpt>
      <trkpt lat="50.92803" lon="4.55017">
        <ele>17</ele>
      </trkpt>
      <trkpt lat="50.92825" lon="4.55">
        <ele>17</ele>
      </trkpt>
      <trkpt lat="50.92836" lon="4.54988">
        <ele>17</ele>
      </trkpt>
      <trkpt lat="50.92872" lon="4.54944">
        <ele>16</ele>
      </trkpt>
      <trkpt lat="50.92934" lon="4.54861">
        <ele>16</ele>
      </trkpt>
      <trkpt lat="50.92972" lon="4.54818">
        <ele>16</ele>
      </trkpt>
      <trkpt lat="50.9298" lon="4.54801">
        <ele>16</ele>
      </trkpt>
      <trkpt lat="50.92985" lon="4.54786">
        <ele>16</ele>
      </trkpt>
      <trkpt lat="50.93035" lon="4.54559">
        <ele>17</ele>
      </trkpt>
      <trkpt lat="50.93037" lon="4.54532">
        <ele>17</ele>
      </trkpt>
      <trkpt lat="50.93037" lon="4.54507">
        <ele>18</ele>
      </trkpt>
      <trkpt lat="50.9303" lon="4.54427">
        <ele>19</ele>
      </trkpt>
      <trkpt lat="50.93033" lon="4.54374">
        <ele>19</ele>
      </trkpt>
      <trkpt lat="50.9304" lon="4.54326">
        <ele>20</ele>
      </trkpt>
      <trkpt lat="50.93077" lon="4.54187">
        <ele>20</ele>
      </trkpt>
      <trkpt lat="50.93086" lon="4.54143">
        <ele>20</ele>
      </trkpt>
      <trkpt lat="50.93087" lon="4.54129">
        <ele>20</ele>
      </trkpt>
      <trkpt lat="50.93086" lon="4.54081">
        <ele>20</ele>
      </trkpt>
      <trkpt lat="50.93081" lon="4.54013">
        <ele>19</ele>
      </trkpt>
      <trkpt lat="50.93096" lon="4.53942">
        <ele>18</ele>
      </trkpt>
      <trkpt lat="50.93121" lon="4.53867">
        <ele>17</ele>
      </trkpt>
      <trkpt lat="50.93153" lon="4.53784">
        <ele>16</ele>
      </trkpt>
      <trkpt lat="50.93162" lon="4.53768">
        <ele>16</ele>
      </trkpt>
      <trkpt lat="50.93184" lon="4.53735">
        <ele>15</ele>
      </trkpt>
      <trkpt lat="50.93215" lon="4.53698">
        <ele>16</ele>
      </trkpt>
      <trkpt lat="50.93252" lon="4.5381">
        <ele>16</ele>
      </trkpt>
      <trkpt lat="50.93286" lon="4.5391">
        <ele>16</ele>
      </trkpt>
      <trkpt lat="50.93405" lon="4.53864">
        <ele>14</ele>
      </trkpt>
      <trkpt lat="50.93411" lon="4.53867">
        <ele>14</ele>
      </trkpt>
      <trkpt lat="50.93444" lon="4.53856">
        <ele>14</ele>
      </trkpt>
      <trkpt lat="50.93467" lon="4.53851">
        <ele>14</ele>
      </trkpt>
      <trkpt lat="50.93576" lon="4.53853">
        <ele>14</ele>
      </trkpt>
      <trkpt lat="50.93594" lon="4.5385">
        <ele>13</ele>
      </trkpt>
      <trkpt lat="50.93619" lon="4.53843">
        <ele>13</ele>
      </trkpt>
      <trkpt lat="50.93652" lon="4.53832">
        <ele>13</ele>
      </trkpt>
      <trkpt lat="50.93755" lon="4.53784">
        <ele>13</ele>
      </trkpt>
      <trkpt lat="50.93795" lon="4.53763">
        <ele>13</ele>
      </trkpt>
      <trkpt lat="50.93828" lon="4.53743">
        <ele>13</ele>
      </trkpt>
      <trkpt lat="50.93879" lon="4.53708">
        <ele>13</ele>
      </trkpt>
      <trkpt lat="50.93955" lon="4.53645">
        <ele>12</ele>
      </trkpt>
      <trkpt lat="50.94007" lon="4.53593">
        <ele>12</ele>
      </trkpt>
      <trkpt lat="50.94109" lon="4.53473">
        <ele>11</ele>
      </trkpt>
      <trkpt lat="50.94107" lon="4.53467">
        <ele>11</ele>
      </trkpt>
      <trkpt lat="50.9417" lon="4.53395">
        <ele>11</ele>
      </trkpt>
      <trkpt lat="50.9421" lon="4.53358">
        <ele>11</ele>
      </trkpt>
      <trkpt lat="50.94213" lon="4.53349">
        <ele>11</ele>
      </trkpt>
      <trkpt lat="50.94211" lon="4.53258">
        <ele>12</ele>
      </trkpt>
      <trkpt lat="50.94211" lon="4.53249">
        <ele>12</ele>
      </trkpt>
      <trkpt lat="50.94209" lon="4.53119">
        <ele>12</ele>
      </trkpt>
      <trkpt lat="50.94211" lon="4.53046">
        <ele>12</ele>
      </trkpt>
      <trkpt lat="50.94218" lon="4.52956">
        <ele>13</ele>
      </trkpt>
      <trkpt lat="50.94225" lon="4.52908">
        <ele>12</ele>
      </trkpt>
      <trkpt lat="50.94242" lon="4.52825">
        <ele>12</ele>
      </trkpt>
      <trkpt lat="50.94269" lon="4.52733">
        <ele>12</ele>
      </trkpt>
      <trkpt lat="50.94333" lon="4.52566">
        <ele>11</ele>
      </trkpt>
      <trkpt lat="50.94345" lon="4.5252">
        <ele>10</ele>
      </trkpt>
      <trkpt lat="50.9435" lon="4.52477">
        <ele>10</ele>
      </trkpt>
      <trkpt lat="50.9435" lon="4.52422">
        <ele>10</ele>
      </trkpt>
      <trkpt lat="50.94333" lon="4.52237">
        <ele>14</ele>
      </trkpt>
      <trkpt lat="50.94333" lon="4.5217">
        <ele>14</ele>
      </trkpt>
      <trkpt lat="50.94336" lon="4.52133">
        <ele>15</ele>
      </trkpt>
      <trkpt lat="50.9437" lon="4.51886">
        <ele>16</ele>
      </trkpt>
      <trkpt lat="50.94388" lon="4.51588">
        <ele>11</ele>
      </trkpt>
      <trkpt lat="50.94386" lon="4.51532">
        <ele>10</ele>
      </trkpt>
      <trkpt lat="50.94382" lon="4.51496">
        <ele>10</ele>
      </trkpt>
      <trkpt lat="50.94371" lon="4.51453">
        <ele>9</ele>
      </trkpt>
      <trkpt lat="50.94346" lon="4.51352">
        <ele>10</ele>
      </trkpt>
      <trkpt lat="50.94523" lon="4.51161">
        <ele>9</ele>
      </trkpt>
      <trkpt lat="50.94611" lon="4.51074">
        <ele>9</ele>
      </trkpt>
      <trkpt lat="50.94778" lon="4.50939">
        <ele>10</ele>
      </trkpt>
      <trkpt lat="50.94789" lon="4.50932">
        <ele>10</ele>
      </trkpt>
      <trkpt lat="50.94806" lon="4.50956">
        <ele>10</ele>
      </trkpt>
      <trkpt lat="50.94811" lon="4.50956">
        <ele>10</ele>
      </trkpt>
      <trkpt lat="50.94948" lon="4.5093">
        <ele>10</ele>
      </trkpt>
      <trkpt lat="50.94994" lon="4.50923">
        <ele>10</ele>
      </trkpt>
      <trkpt lat="50.95021" lon="4.50923">
        <ele>10</ele>
      </trkpt>
      <trkpt lat="50.95117" lon="4.50908">
        <ele>9</ele>
      </trkpt>
      <trkpt lat="50.95163" lon="4.50895">
        <ele>9</ele>
      </trkpt>
      <trkpt lat="50.95417" lon="4.50714">
        <ele>9</ele>
      </trkpt>
      <trkpt lat="50.95485" lon="4.50696">
        <ele>8</ele>
      </trkpt>
      <trkpt lat="50.95514" lon="4.50685">
        <ele>8</ele>
      </trkpt>
      <trkpt lat="50.95521" lon="4.5073">
        <ele>9</ele>
      </trkpt>
      <trkpt lat="50.9554" lon="4.50858">
        <ele>13</ele>
      </trkpt>
      <trkpt lat="50.95608" lon="4.50839">
        <ele>13</ele>
      </trkpt>
      <trkpt lat="50.95682" lon="4.50818">
        <ele>11</ele>
      </trkpt>
      <trkpt lat="50.95697" lon="4.50819">
        <ele>10</ele>
      </trkpt>
      <trkpt lat="50.95749" lon="4.50855">
        <ele>12</ele>
      </trkpt>
      <trkpt lat="50.9579" lon="4.50879">
        <ele>10</ele>
      </trkpt>
      <trkpt lat="50.96074" lon="4.51028">
        <ele>8</ele>
      </trkpt>
      <trkpt lat="50.96104" lon="4.51045">
        <ele>8</ele>
      </trkpt>
      <trkpt lat="50.96133" lon="4.5109">
        <ele>8</ele>
      </trkpt>
      <trkpt lat="50.96148" lon="4.51101">
        <ele>8</ele>
      </trkpt>
      <trkpt lat="50.96167" lon="4.51108">
        <ele>8</ele>
      </trkpt>
      <trkpt lat="50.96188" lon="4.511">
        <ele>8</ele>
      </trkpt>
      <trkpt lat="50.96201" lon="4.51088">
        <ele>8</ele>
      </trkpt>
      <trkpt lat="50.96226" lon="4.51055">
        <ele>8</ele>
      </trkpt>
      <trkpt lat="50.96264" lon="4.51">
        <ele>8</ele>
      </trkpt>
      <trkpt lat="50.96284" lon="4.50983">
        <ele>8</ele>
      </trkpt>
      <trkpt lat="50.96354" lon="4.50933">
        <ele>8</ele>
      </trkpt>
      <trkpt lat="50.96353" lon="4.5091">
        <ele>8</ele>
      </trkpt>
      <trkpt lat="50.96537" lon="4.50801">
        <ele>8</ele>
      </trkpt>
      <trkpt lat="50.96557" lon="4.50855">
        <ele>8</ele>
      </trkpt>
      <trkpt lat="50.96739" lon="4.51362">
        <ele>8</ele>
      </trkpt>
      <trkpt lat="50.96744" lon="4.51368">
        <ele>8</ele>
      </trkpt>
      <trkpt lat="50.96748" lon="4.51377">
        <ele>8</ele>
      </trkpt>
      <trkpt lat="50.96749" lon="4.51385">
        <ele>8</ele>
      </trkpt>
      <trkpt lat="50.96813" lon="4.51545">
        <ele>7</ele>
      </trkpt>
      <trkpt lat="50.96843" lon="4.51618">
        <ele>7</ele>
      </trkpt>
      <trkpt lat="50.96855" lon="4.51606">
        <ele>8</ele>
      </trkpt>
      <trkpt lat="50.96898" lon="4.51564">
        <ele>7</ele>
      </trkpt>
      <trkpt lat="50.96922" lon="4.51525">
        <ele>8</ele>
      </trkpt>
      <trkpt lat="50.97043" lon="4.51388">
        <ele>12</ele>
      </trkpt>
      <trkpt lat="50.97114" lon="4.51308">
        <ele>13</ele>
      </trkpt>
      <trkpt lat="50.97218" lon="4.51129">
        <ele>12</ele>
      </trkpt>
      <trkpt lat="50.97257" lon="4.51051">
        <ele>12</ele>
      </trkpt>
      <trkpt lat="50.97278" lon="4.50997">
        <ele>10</ele>
      </trkpt>
      <trkpt lat="50.97298" lon="4.50951">
        <ele>10</ele>
      </trkpt>
      <trkpt lat="50.97319" lon="4.50908">
        <ele>10</ele>
      </trkpt>
      <trkpt lat="50.97402" lon="4.50791">
        <ele>8</ele>
      </trkpt>
      <trkpt lat="50.97417" lon="4.50781">
        <ele>8</ele>
      </trkpt>
      <trkpt lat="50.9745" lon="4.5078">
        <ele>9</ele>
      </trkpt>
      <trkpt lat="50.97531" lon="4.50773">
        <ele>9</ele>
      </trkpt>
      <trkpt lat="50.97686" lon="4.50771">
        <ele>11</ele>
      </trkpt>
      <trkpt lat="50.97727" lon="4.50732">
        <ele>10</ele>
      </trkpt>
      <trkpt lat="50.97747" lon="4.50704">
        <ele>10</ele>
      </trkpt>
      <trkpt lat="50.97766" lon="4.50686">
        <ele>9</ele>
      </trkpt>
      <trkpt lat="50.97766" lon="4.50687">
        <ele>9</ele>
      </trkpt>
      <trkpt lat="50.97775" lon="4.50678">
        <ele>9</ele>
      </trkpt>
      <trkpt lat="50.97806" lon="4.50659">
        <ele>8</ele>
      </trkpt>
      <trkpt lat="50.97836" lon="4.50653">
        <ele>8</ele>
      </trkpt>
      <trkpt lat="50.97836" lon="4.50627">
        <ele>8</ele>
      </trkpt>
      <trkpt lat="50.9784" lon="4.50593">
        <ele>8</ele>
      </trkpt>
      <trkpt lat="50.97865" lon="4.50599">
        <ele>7</ele>
      </trkpt>
      <trkpt lat="50.97895" lon="4.50598">
        <ele>7</ele>
      </trkpt>
      <trkpt lat="50.97923" lon="4.50595">
        <ele>7</ele>
      </trkpt>
      <trkpt lat="50.97951" lon="4.50587">
        <ele>7</ele>
      </trkpt>
      <trkpt lat="50.98031" lon="4.5054">
        <ele>8</ele>
      </trkpt>
      <trkpt lat="50.98314" lon="4.50387">
        <ele>10</ele>
      </trkpt>
      <trkpt lat="50.98329" lon="4.5037">
        <ele>10</ele>
      </trkpt>
      <trkpt lat="50.98359" lon="4.50326">
        <ele>10</ele>
      </trkpt>
      <trkpt lat="50.98476" lon="4.50145">
        <ele>11</ele>
      </trkpt>
      <trkpt lat="50.98615" lon="4.49938">
        <ele>10</ele>
      </trkpt>
      <trkpt lat="50.98659" lon="4.49868">
        <ele>10</ele>
      </trkpt>
      <trkpt lat="50.98703" lon="4.49806">
        <ele>10</ele>
      </trkpt>
      <trkpt lat="50.98801" lon="4.49655">
        <ele>9</ele>
      </trkpt>
      <trkpt lat="50.98814" lon="4.4964">
        <ele>9</ele>
      </trkpt>
      <trkpt lat="50.98858" lon="4.49566">
        <ele>9</ele>
      </trkpt>
      <trkpt lat="50.98829" lon="4.495">
        <ele>9</ele>
      </trkpt>
      <trkpt lat="50.98817" lon="4.49473">
        <ele>8</ele>
      </trkpt>
      <trkpt lat="50.98792" lon="4.49406">
        <ele>8</ele>
      </trkpt>
      <trkpt lat="50.98729" lon="4.49254">
        <ele>8</ele>
      </trkpt>
      <trkpt lat="50.98728" lon="4.49244">
        <ele>8</ele>
      </trkpt>
      <trkpt lat="50.98731" lon="4.49234">
        <ele>7</ele>
      </trkpt>
      <trkpt lat="50.98776" lon="4.4918">
        <ele>7</ele>
      </trkpt>
      <trkpt lat="50.98785" lon="4.49167">
        <ele>6</ele>
      </trkpt>
      <trkpt lat="50.9883" lon="4.49025">
        <ele>6</ele>
      </trkpt>
      <trkpt lat="50.98853" lon="4.48962">
        <ele>6</ele>
      </trkpt>
      <trkpt lat="50.98892" lon="4.48862">
        <ele>6</ele>
      </trkpt>
      <trkpt lat="50.98991" lon="4.48641">
        <ele>6</ele>
      </trkpt>
      <trkpt lat="50.98997" lon="4.48633">
        <ele>6</ele>
      </trkpt>
      <trkpt lat="50.99004" lon="4.48632">
        <ele>6</ele>
      </trkpt>
      <trkpt lat="50.99062" lon="4.48673">
        <ele>6</ele>
      </trkpt>
      <trkpt lat="50.9906" lon="4.48659">
        <ele>6</ele>
      </trkpt>
      <trkpt lat="50.9906" lon="4.48501">
        <ele>7</ele>
      </trkpt>
      <trkpt lat="50.99068" lon="4.48341">
        <ele>8</ele>
      </trkpt>
      <trkpt lat="50.99095" lon="4.4781">
        <ele>6</ele>
      </trkpt>
      <trkpt lat="50.99115" lon="4.47437">
        <ele>9</ele>
      </trkpt>
      <trkpt lat="50.99118" lon="4.47413">
        <ele>9</ele>
      </trkpt>
      <trkpt lat="50.99124" lon="4.47395">
        <ele>8</ele>
      </trkpt>
      <trkpt lat="50.99138" lon="4.47382">
        <ele>8</ele>
      </trkpt>
      <trkpt lat="50.99272" lon="4.47377">
        <ele>6</ele>
      </trkpt>
      <trkpt lat="50.99311" lon="4.47372">
        <ele>5</ele>
      </trkpt>
      <trkpt lat="50.99344" lon="4.47362">
        <ele>6</ele>
      </trkpt>
      <trkpt lat="50.99369" lon="4.47349">
        <ele>6</ele>
      </trkpt>
      <trkpt lat="50.99396" lon="4.4733">
        <ele>6</ele>
      </trkpt>
      <trkpt lat="50.99541" lon="4.47206">
        <ele>8</ele>
      </trkpt>
      <trkpt lat="50.99687" lon="4.47098">
        <ele>10</ele>
      </trkpt>
      <trkpt lat="50.99714" lon="4.47081">
        <ele>10</ele>
      </trkpt>
      <trkpt lat="50.99735" lon="4.47077">
        <ele>10</ele>
      </trkpt>
      <trkpt lat="50.99791" lon="4.47084">
        <ele>9</ele>
      </trkpt>
      <trkpt lat="50.99884" lon="4.471">
        <ele>8</ele>
      </trkpt>
      <trkpt lat="50.9994" lon="4.47117">
        <ele>7</ele>
      </trkpt>
      <trkpt lat="50.9997" lon="4.47134">
        <ele>7</ele>
      </trkpt>
      <trkpt lat="51.0005" lon="4.47191">
        <ele>8</ele>
      </trkpt>
      <trkpt lat="51.0008" lon="4.47204">
        <ele>8</ele>
      </trkpt>
      <trkpt lat="51.00113" lon="4.47215">
        <ele>9</ele>
      </trkpt>
      <trkpt lat="51.00152" lon="4.4722">
        <ele>9</ele>
      </trkpt>
      <trkpt lat="51.00233" lon="4.47222">
        <ele>9</ele>
      </trkpt>
      <trkpt lat="51.00264" lon="4.47221">
        <ele>9</ele>
      </trkpt>
      <trkpt lat="51.0031" lon="4.47228">
        <ele>9</ele>
      </trkpt>
      <trkpt lat="51.00404" lon="4.47247">
        <ele>7</ele>
      </trkpt>
      <trkpt lat="51.00446" lon="4.47245">
        <ele>7</ele>
      </trkpt>
      <trkpt lat="51.00486" lon="4.47239">
        <ele>7</ele>
      </trkpt>
      <trkpt lat="51.00506" lon="4.47231">
        <ele>7</ele>
      </trkpt>
      <trkpt lat="51.00537" lon="4.4721">
        <ele>7</ele>
      </trkpt>
      <trkpt lat="51.00595" lon="4.47162">
        <ele>7</ele>
      </trkpt>
      <trkpt lat="51.0061" lon="4.47154">
        <ele>7</ele>
      </trkpt>
      <trkpt lat="51.00608" lon="4.47143">
        <ele>7</ele>
      </trkpt>
      <trkpt lat="51.00607" lon="4.47124">
        <ele>7</ele>
      </trkpt>
      <trkpt lat="51.00611" lon="4.47062">
        <ele>8</ele>
      </trkpt>
      <trkpt lat="51.00621" lon="4.46921">
        <ele>8</ele>
      </trkpt>
      <trkpt lat="51.00674" lon="4.46861">
        <ele>8</ele>
      </trkpt>
      <trkpt lat="51.00698" lon="4.46841">
        <ele>9</ele>
      </trkpt>
      <trkpt lat="51.00711" lon="4.46831">
        <ele>9</ele>
      </trkpt>
      <trkpt lat="51.00721" lon="4.46826">
        <ele>10</ele>
      </trkpt>
      <trkpt lat="51.00732" lon="4.46828">
        <ele>9</ele>
      </trkpt>
      <trkpt lat="51.00919" lon="4.46905">
        <ele>10</ele>
      </trkpt>
      <trkpt lat="51.00929" lon="4.46873">
        <ele>10</ele>
      </trkpt>
      <trkpt lat="51.00933" lon="4.46864">
        <ele>10</ele>
      </trkpt>
      <trkpt lat="51.00986" lon="4.46583">
        <ele>10</ele>
      </trkpt>
      <trkpt lat="51.01001" lon="4.46507">
        <ele>9</ele>
      </trkpt>
      <trkpt lat="51.01019" lon="4.46447">
        <ele>9</ele>
      </trkpt>
      <trkpt lat="51.01118" lon="4.46196">
        <ele>11</ele>
      </trkpt>
      <trkpt lat="51.01143" lon="4.46124">
        <ele>11</ele>
      </trkpt>
      <trkpt lat="51.0113" lon="4.45511">
        <ele>5</ele>
      </trkpt>
      <trkpt lat="51.01128" lon="4.45407">
        <ele>6</ele>
      </trkpt>
      <trkpt lat="51.01344" lon="4.45257">
        <ele>8</ele>
      </trkpt>
      <trkpt lat="51.01389" lon="4.45229">
        <ele>7</ele>
      </trkpt>
      <trkpt lat="51.01472" lon="4.45188">
        <ele>6</ele>
      </trkpt>
      <trkpt lat="51.01515" lon="4.45172">
        <ele>6</ele>
      </trkpt>
      <trkpt lat="51.0151" lon="4.44879">
        <ele>3</ele>
      </trkpt>
      <trkpt lat="51.01534" lon="4.44858">
        <ele>3</ele>
      </trkpt>
      <trkpt lat="51.01534" lon="4.44859">
        <ele>3</ele>
      </trkpt>
      <trkpt lat="51.0156" lon="4.44838">
        <ele>3</ele>
      </trkpt>
      <trkpt lat="51.0158" lon="4.44815">
        <ele>3</ele>
      </trkpt>
      <trkpt lat="51.01632" lon="4.44741">
        <ele>3</ele>
      </trkpt>
      <trkpt lat="51.0174" lon="4.44547">
        <ele>3</ele>
      </trkpt>
      <trkpt lat="51.0177" lon="4.44504">
        <ele>2</ele>
      </trkpt>
      <trkpt lat="51.01816" lon="4.44448">
        <ele>1</ele>
      </trkpt>
      <trkpt lat="51.01861" lon="4.444">
        <ele>2</ele>
      </trkpt>
      <trkpt lat="51.01952" lon="4.4432">
        <ele>3</ele>
      </trkpt>
      <trkpt lat="51.01999" lon="4.44291">
        <ele>3</ele>
      </trkpt>
      <trkpt lat="51.02052" lon="4.44262">
        <ele>4</ele>
      </trkpt>
      <trkpt lat="51.02109" lon="4.44238">
        <ele>3</ele>
      </trkpt>
      <trkpt lat="51.0216" lon="4.4422">
        <ele>3</ele>
      </trkpt>
      <trkpt lat="51.0229" lon="4.44183">
        <ele>1</ele>
      </trkpt>
      <trkpt lat="51.02315" lon="4.4417">
        <ele>1</ele>
      </trkpt>
      <trkpt lat="51.02338" lon="4.44143">
        <ele>1</ele>
      </trkpt>
      <trkpt lat="51.02348" lon="4.44116">
        <ele>1</ele>
      </trkpt>
      <trkpt lat="51.02357" lon="4.44084">
        <ele>1</ele>
      </trkpt>
      <trkpt lat="51.0238" lon="4.43931">
        <ele>2</ele>
      </trkpt>
      <trkpt lat="51.02393" lon="4.43886">
        <ele>3</ele>
      </trkpt>
      <trkpt lat="51.02407" lon="4.43847">
        <ele>3</ele>
      </trkpt>
      <trkpt lat="51.0243" lon="4.43809">
        <ele>3</ele>
      </trkpt>
      <trkpt lat="51.02455" lon="4.43784">
        <ele>2</ele>
      </trkpt>
      <trkpt lat="51.02479" lon="4.43765">
        <ele>2</ele>
      </trkpt>
      <trkpt lat="51.02516" lon="4.43745">
        <ele>2</ele>
      </trkpt>
      <trkpt lat="51.02623" lon="4.43704">
        <ele>2</ele>
      </trkpt>
      <trkpt lat="51.02653" lon="4.4369">
        <ele>2</ele>
      </trkpt>
      <trkpt lat="51.0269" lon="4.4367">
        <ele>2</ele>
      </trkpt>
      <trkpt lat="51.02731" lon="4.43634">
        <ele>2</ele>
      </trkpt>
      <trkpt lat="51.02802" lon="4.4354">
        <ele>3</ele>
      </trkpt>
      <trkpt lat="51.02826" lon="4.435">
        <ele>2</ele>
      </trkpt>
      <trkpt lat="51.02842" lon="4.43469">
        <ele>2</ele>
      </trkpt>
      <trkpt lat="51.02875" lon="4.43402">
        <ele>2</ele>
      </trkpt>
      <trkpt lat="51.03013" lon="4.43107">
        <ele>1</ele>
      </trkpt>
      <trkpt lat="51.0303" lon="4.43059">
        <ele>1</ele>
      </trkpt>
      <trkpt lat="51.03039" lon="4.43023">
        <ele>2</ele>
      </trkpt>
      <trkpt lat="51.03045" lon="4.42975">
        <ele>2</ele>
      </trkpt>
      <trkpt lat="51.03051" lon="4.42914">
        <ele>2</ele>
      </trkpt>
      <trkpt lat="51.03053" lon="4.42783">
        <ele>3</ele>
      </trkpt>
      <trkpt lat="51.03057" lon="4.42713">
        <ele>3</ele>
      </trkpt>
      <trkpt lat="51.03066" lon="4.42647">
        <ele>3</ele>
      </trkpt>
      <trkpt lat="51.03078" lon="4.42585">
        <ele>3</ele>
      </trkpt>
      <trkpt lat="51.03097" lon="4.42524">
        <ele>3</ele>
      </trkpt>
      <trkpt lat="51.03119" lon="4.42472">
        <ele>3</ele>
      </trkpt>
      <trkpt lat="51.03136" lon="4.42438">
        <ele>3</ele>
      </trkpt>
      <trkpt lat="51.03166" lon="4.42387">
        <ele>3</ele>
      </trkpt>
      <trkpt lat="51.03199" lon="4.42341">
        <ele>3</ele>
      </trkpt>
      <trkpt lat="51.03231" lon="4.42306">
        <ele>3</ele>
      </trkpt>
      <trkpt lat="51.03271" lon="4.4227">
        <ele>3</ele>
      </trkpt>
      <trkpt lat="51.03307" lon="4.42243">
        <ele>3</ele>
      </trkpt>
      <trkpt lat="51.03343" lon="4.42218">
        <ele>3</ele>
      </trkpt>
      <trkpt lat="51.03372" lon="4.42203">
        <ele>3</ele>
      </trkpt>
      <trkpt lat="51.03406" lon="4.42192">
        <ele>3</ele>
      </trkpt>
      <trkpt lat="51.03468" lon="4.42177">
        <ele>3</ele>
      </trkpt>
      <trkpt lat="51.03486" lon="4.42184">
        <ele>3</ele>
      </trkpt>
      <trkpt lat="51.03522" lon="4.42172">
        <ele>2</ele>
      </trkpt>
      <trkpt lat="51.03534" lon="4.4216">
        <ele>2</ele>
      </trkpt>
      <trkpt lat="51.03649" lon="4.42125">
        <ele>3</ele>
      </trkpt>
      <trkpt lat="51.03682" lon="4.42108">
        <ele>3</ele>
      </trkpt>
      <trkpt lat="51.03709" lon="4.4209">
        <ele>3</ele>
      </trkpt>
      <trkpt lat="51.03739" lon="4.42058">
        <ele>3</ele>
      </trkpt>
      <trkpt lat="51.03771" lon="4.42011">
        <ele>3</ele>
      </trkpt>
      <trkpt lat="51.03836" lon="4.41908">
        <ele>3</ele>
      </trkpt>
      <trkpt lat="51.03863" lon="4.41873">
        <ele>4</ele>
      </trkpt>
      <trkpt lat="51.03919" lon="4.41829">
        <ele>4</ele>
      </trkpt>
      <trkpt lat="51.03952" lon="4.41817">
        <ele>4</ele>
      </trkpt>
      <trkpt lat="51.03986" lon="4.4181">
        <ele>4</ele>
      </trkpt>
      <trkpt lat="51.04059" lon="4.41821">
        <ele>4</ele>
      </trkpt>
      <trkpt lat="51.04135" lon="4.41837">
        <ele>3</ele>
      </trkpt>
      <trkpt lat="51.04214" lon="4.41875">
        <ele>2</ele>
      </trkpt>
      <trkpt lat="51.04264" lon="4.41903">
        <ele>2</ele>
      </trkpt>
      <trkpt lat="51.04349" lon="4.4196">
        <ele>2</ele>
      </trkpt>
      <trkpt lat="51.0439" lon="4.4199">
        <ele>2</ele>
      </trkpt>
      <trkpt lat="51.04486" lon="4.42075">
        <ele>3</ele>
      </trkpt>
      <trkpt lat="51.04569" lon="4.42159">
        <ele>4</ele>
      </trkpt>
      <trkpt lat="51.04574" lon="4.42167">
        <ele>4</ele>
      </trkpt>
      <trkpt lat="51.0463" lon="4.42231">
        <ele>5</ele>
      </trkpt>
      <trkpt lat="51.04755" lon="4.42384">
        <ele>4</ele>
      </trkpt>
      <trkpt lat="51.04949" lon="4.42659">
        <ele>2</ele>
      </trkpt>
      <trkpt lat="51.05044" lon="4.42798">
        <ele>1</ele>
      </trkpt>
      <trkpt lat="51.05116" lon="4.42865">
        <ele>1</ele>
      </trkpt>
      <trkpt lat="51.05177" lon="4.42897">
        <ele>1</ele>
      </trkpt>
      <trkpt lat="51.05228" lon="4.42914">
        <ele>1</ele>
      </trkpt>
      <trkpt lat="51.05293" lon="4.42919">
        <ele>1</ele>
      </trkpt>
      <trkpt lat="51.05364" lon="4.42903">
        <ele>1</ele>
      </trkpt>
      <trkpt lat="51.05436" lon="4.42879">
        <ele>0</ele>
      </trkpt>
      <trkpt lat="51.05604" lon="4.42794">
        <ele>1</ele>
      </trkpt>
      <trkpt lat="51.05692" lon="4.42753">
        <ele>0</ele>
      </trkpt>
      <trkpt lat="51.05762" lon="4.42746">
        <ele>0</ele>
      </trkpt>
      <trkpt lat="51.0581" lon="4.42747">
        <ele>0</ele>
      </trkpt>
      <trkpt lat="51.06002" lon="4.42785">
        <ele>2</ele>
      </trkpt>
      <trkpt lat="51.06289" lon="4.42843">
        <ele>1</ele>
      </trkpt>
      <trkpt lat="51.06399" lon="4.42873">
        <ele>1</ele>
      </trkpt>
      <trkpt lat="51.06466" lon="4.42907">
        <ele>0</ele>
      </trkpt>
      <trkpt lat="51.0648" lon="4.4291">
        <ele>1</ele>
      </trkpt>
      <trkpt lat="51.06497" lon="4.4291">
        <ele>1</ele>
      </trkpt>
      <trkpt lat="51.06516" lon="4.42899">
        <ele>1</ele>
      </trkpt>
      <trkpt lat="51.06598" lon="4.42835">
        <ele>1</ele>
      </trkpt>
      <trkpt lat="51.06627" lon="4.42779">
        <ele>2</ele>
      </trkpt>
      <trkpt lat="51.06717" lon="4.42549">
        <ele>1</ele>
      </trkpt>
      <trkpt lat="51.06731" lon="4.42526">
        <ele>1</ele>
      </trkpt>
      <trkpt lat="51.06802" lon="4.42431">
        <ele>2</ele>
      </trkpt>
      <trkpt lat="51.06837" lon="4.42397">
        <ele>2</ele>
      </trkpt>
      <trkpt lat="51.06855" lon="4.42387">
        <ele>3</ele>
      </trkpt>
      <trkpt lat="51.06885" lon="4.42382">
        <ele>3</ele>
      </trkpt>
      <trkpt lat="51.06921" lon="4.42377">
        <ele>3</ele>
      </trkpt>
      <trkpt lat="51.06945" lon="4.42365">
        <ele>3</ele>
      </trkpt>
      <trkpt lat="51.07036" lon="4.42216">
        <ele>2</ele>
      </trkpt>
      <trkpt lat="51.07078" lon="4.42151">
        <ele>2</ele>
      </trkpt>
      <trkpt lat="51.07093" lon="4.42097">
        <ele>2</ele>
      </trkpt>
      <trkpt lat="51.07097" lon="4.4209">
        <ele>2</ele>
      </trkpt>
      <trkpt lat="51.07216" lon="4.41946">
        <ele>0</ele>
      </trkpt>
      <trkpt lat="51.07266" lon="4.41897">
        <ele>0</ele>
      </trkpt>
      <trkpt lat="51.07345" lon="4.41827">
        <ele>0</ele>
      </trkpt>
      <trkpt lat="51.07323" lon="4.41839">
        <ele>0</ele>
      </trkpt>
      <trkpt lat="51.07253" lon="4.41897">
        <ele>0</ele>
      </trkpt>
      <trkpt lat="51.07234" lon="4.41903">
        <ele>0</ele>
      </trkpt>
      <trkpt lat="51.0721" lon="4.41907">
        <ele>1</ele>
      </trkpt>
      <trkpt lat="51.07205" lon="4.41905">
        <ele>0</ele>
      </trkpt>
      <trkpt lat="51.07196" lon="4.41901">
        <ele>0</ele>
      </trkpt>
      <trkpt lat="51.07166" lon="4.41855">
        <ele>2</ele>
      </trkpt>
      <trkpt lat="51.07117" lon="4.4178">
        <ele>2</ele>
      </trkpt>
      <trkpt lat="51.07105" lon="4.41755">
        <ele>2</ele>
      </trkpt>
      <trkpt lat="51.07014" lon="4.41461">
        <ele>1</ele>
      </trkpt>
      <trkpt lat="51.06992" lon="4.41399">
        <ele>0</ele>
      </trkpt>
      <trkpt lat="51.06936" lon="4.41276">
        <ele>0</ele>
      </trkpt>
      <trkpt lat="51.0688" lon="4.41163">
        <ele>2</ele>
      </trkpt>
      <trkpt lat="51.06851" lon="4.41112">
        <ele>4</ele>
      </trkpt>
      <trkpt lat="51.06822" lon="4.41067">
        <ele>4</ele>
      </trkpt>
      <trkpt lat="51.0679" lon="4.41023">
        <ele>4</ele>
      </trkpt>
      <trkpt lat="51.06662" lon="4.4086">
        <ele>2</ele>
      </trkpt>
      <trkpt lat="51.0666" lon="4.40843">
        <ele>2</ele>
      </trkpt>
      <trkpt lat="51.06667" lon="4.4083">
        <ele>2</ele>
      </trkpt>
      <trkpt lat="51.06722" lon="4.40756">
        <ele>2</ele>
      </trkpt>
      <trkpt lat="51.06734" lon="4.40743">
        <ele>1</ele>
      </trkpt>
      <trkpt lat="51.06718" lon="4.40727">
        <ele>1</ele>
      </trkpt>
      <trkpt lat="51.06672" lon="4.40681">
        <ele>1</ele>
      </trkpt>
      <trkpt lat="51.0667" lon="4.40672">
        <ele>1</ele>
      </trkpt>
      <trkpt lat="51.06664" lon="4.40674">
        <ele>1</ele>
      </trkpt>
      <trkpt lat="51.06644" lon="4.40658">
        <ele>1</ele>
      </trkpt>
      <trkpt lat="51.06607" lon="4.40626">
        <ele>0</ele>
      </trkpt>
      <trkpt lat="51.06589" lon="4.40614">
        <ele>0</ele>
      </trkpt>
      <trkpt lat="51.0657" lon="4.40608">
        <ele>1</ele>
      </trkpt>
      <trkpt lat="51.06541" lon="4.40605">
        <ele>1</ele>
      </trkpt>
      <trkpt lat="51.0651" lon="4.40613">
        <ele>0</ele>
      </trkpt>
      <trkpt lat="51.06487" lon="4.40616">
        <ele>0</ele>
      </trkpt>
      <trkpt lat="51.0629" lon="4.40572">
        <ele>0</ele>
      </trkpt>
      <trkpt lat="51.06257" lon="4.40566">
        <ele>0</ele>
      </trkpt>
      <trkpt lat="51.0624" lon="4.40565">
        <ele>0</ele>
      </trkpt>
      <trkpt lat="51.06215" lon="4.4057">
        <ele>0</ele>
      </trkpt>
      <trkpt lat="51.06181" lon="4.40586">
        <ele>0</ele>
      </trkpt>
      <trkpt lat="51.06153" lon="4.40605">
        <ele>0</ele>
      </trkpt>
      <trkpt lat="51.0596" lon="4.40864">
        <ele>2</ele>
      </trkpt>
      <trkpt lat="51.05917" lon="4.40912">
        <ele>1</ele>
      </trkpt>
      <trkpt lat="51.05878" lon="4.4094">
        <ele>1</ele>
      </trkpt>
      <trkpt lat="51.05826" lon="4.40961">
        <ele>0</ele>
      </trkpt>
      <trkpt lat="51.05762" lon="4.40963">
        <ele>0</ele>
      </trkpt>
      <trkpt lat="51.0571" lon="4.40965">
        <ele>0</ele>
      </trkpt>
      <trkpt lat="51.05644" lon="4.4098">
        <ele>0</ele>
      </trkpt>
      <trkpt lat="51.0559" lon="4.41011">
        <ele>1</ele>
      </trkpt>
      <trkpt lat="51.0555" lon="4.41049">
        <ele>1</ele>
      </trkpt>
      <trkpt lat="51.05317" lon="4.41326">
        <ele>4</ele>
      </trkpt>
      <trkpt lat="51.05191" lon="4.41476">
        <ele>4</ele>
      </trkpt>
      <trkpt lat="51.05163" lon="4.41513">
        <ele>3</ele>
      </trkpt>
      <trkpt lat="51.05135" lon="4.41557">
        <ele>3</ele>
      </trkpt>
      <trkpt lat="51.05027" lon="4.41739">
        <ele>3</ele>
      </trkpt>
      <trkpt lat="51.04962" lon="4.41845">
        <ele>3</ele>
      </trkpt>
      <trkpt lat="51.0495" lon="4.41866">
        <ele>3</ele>
      </trkpt>
      <trkpt lat="51.04921" lon="4.41935">
        <ele>4</ele>
      </trkpt>
      <trkpt lat="51.04871" lon="4.41894">
        <ele>4</ele>
      </trkpt>
      <trkpt lat="51.04831" lon="4.4186">
        <ele>4</ele>
      </trkpt>
      <trkpt lat="51.04794" lon="4.41826">
        <ele>4</ele>
      </trkpt>
      <trkpt lat="51.04693" lon="4.41745">
        <ele>4</ele>
      </trkpt>
      <trkpt lat="51.04672" lon="4.41733">
        <ele>4</ele>
      </trkpt>
      <trkpt lat="51.04644" lon="4.41726">
        <ele>4</ele>
      </trkpt>
      <trkpt lat="51.0465" lon="4.41635">
        <ele>3</ele>
      </trkpt>
      <trkpt lat="51.04658" lon="4.41523">
        <ele>3</ele>
      </trkpt>
      <trkpt lat="51.04645" lon="4.41511">
        <ele>3</ele>
      </trkpt>
      <trkpt lat="51.04608" lon="4.4146">
        <ele>4</ele>
      </trkpt>
      <trkpt lat="51.046" lon="4.41452">
        <ele>3</ele>
      </trkpt>
      <trkpt lat="51.04572" lon="4.41423">
        <ele>3</ele>
      </trkpt>
      <trkpt lat="51.04395" lon="4.41323">
        <ele>3</ele>
      </trkpt>
      <trkpt lat="51.04361" lon="4.41314">
        <ele>3</ele>
      </trkpt>
      <trkpt lat="51.04313" lon="4.41319">
        <ele>3</ele>
      </trkpt>
      <trkpt lat="51.04286" lon="4.41328">
        <ele>3</ele>
      </trkpt>
      <trkpt lat="51.04268" lon="4.41339">
        <ele>3</ele>
      </trkpt>
      <trkpt lat="51.0425" lon="4.41356">
        <ele>4</ele>
      </trkpt>
      <trkpt lat="51.04203" lon="4.41408">
        <ele>4</ele>
      </trkpt>
      <trkpt lat="51.0416" lon="4.41455">
        <ele>4</ele>
      </trkpt>
      <trkpt lat="51.04137" lon="4.41472">
        <ele>4</ele>
      </trkpt>
      <trkpt lat="51.03964" lon="4.41059">
        <ele>4</ele>
      </trkpt>
      <trkpt lat="51.03851" lon="4.40784">
        <ele>4</ele>
      </trkpt>
      <trkpt lat="51.03846" lon="4.40762">
        <ele>4</ele>
      </trkpt>
      <trkpt lat="51.03844" lon="4.4073">
        <ele>4</ele>
      </trkpt>
      <trkpt lat="51.03845" lon="4.40709">
        <ele>4</ele>
      </trkpt>
      <trkpt lat="51.03847" lon="4.40697">
        <ele>4</ele>
      </trkpt>
      <trkpt lat="51.03862" lon="4.40651">
        <ele>4</ele>
      </trkpt>
      <trkpt lat="51.03873" lon="4.40633">
        <ele>4</ele>
      </trkpt>
      <trkpt lat="51.03887" lon="4.4062">
        <ele>4</ele>
      </trkpt>
      <trkpt lat="51.04183" lon="4.40396">
        <ele>4</ele>
      </trkpt>
      <trkpt lat="51.04179" lon="4.40312">
        <ele>4</ele>
      </trkpt>
      <trkpt lat="51.04165" lon="4.40039">
        <ele>4</ele>
      </trkpt>
      <trkpt lat="51.04162" lon="4.39939">
        <ele>4</ele>
      </trkpt>
      <trkpt lat="51.04163" lon="4.39913">
        <ele>4</ele>
      </trkpt>
      <trkpt lat="51.04191" lon="4.39642">
        <ele>5</ele>
      </trkpt>
      <trkpt lat="51.0419" lon="4.39466">
        <ele>4</ele>
      </trkpt>
      <trkpt lat="51.04187" lon="4.39441">
        <ele>4</ele>
      </trkpt>
      <trkpt lat="51.0417" lon="4.39401">
        <ele>4</ele>
      </trkpt>
      <trkpt lat="51.04116" lon="4.39282">
        <ele>4</ele>
      </trkpt>
      <trkpt lat="51.04065" lon="4.39168">
        <ele>4</ele>
      </trkpt>
      <trkpt lat="51.04042" lon="4.39185">
        <ele>4</ele>
      </trkpt>
      <trkpt lat="51.04022" lon="4.39194">
        <ele>4</ele>
      </trkpt>
      <trkpt lat="51.03925" lon="4.39203">
        <ele>4</ele>
      </trkpt>
      <trkpt lat="51.03824" lon="4.39206">
        <ele>4</ele>
      </trkpt>
      <trkpt lat="51.03709" lon="4.3919">
        <ele>4</ele>
      </trkpt>
      <trkpt lat="51.03469" lon="4.39206">
        <ele>4</ele>
      </trkpt>
      <trkpt lat="51.03457" lon="4.39207">
        <ele>4</ele>
      </trkpt>
      <trkpt lat="51.03436" lon="4.39215">
        <ele>4</ele>
      </trkpt>
      <trkpt lat="51.03412" lon="4.39237">
        <ele>4</ele>
      </trkpt>
      <trkpt lat="51.03368" lon="4.39285">
        <ele>5</ele>
      </trkpt>
      <trkpt lat="51.03317" lon="4.39344">
        <ele>5</ele>
      </trkpt>
      <trkpt lat="51.03287" lon="4.39386">
        <ele>5</ele>
      </trkpt>
      <trkpt lat="51.03243" lon="4.39453">
        <ele>6</ele>
      </trkpt>
      <trkpt lat="51.03207" lon="4.39534">
        <ele>6</ele>
      </trkpt>
      <trkpt lat="51.032" lon="4.39541">
        <ele>6</ele>
      </trkpt>
      <trkpt lat="51.032" lon="4.3955">
        <ele>6</ele>
      </trkpt>
      <trkpt lat="51.03197" lon="4.39563">
        <ele>6</ele>
      </trkpt>
      <trkpt lat="51.03186" lon="4.39587">
        <ele>6</ele>
      </trkpt>
      <trkpt lat="51.0318" lon="4.39591">
        <ele>6</ele>
      </trkpt>
      <trkpt lat="51.03177" lon="4.39696">
        <ele>6</ele>
      </trkpt>
      <trkpt lat="51.03179" lon="4.39742">
        <ele>6</ele>
      </trkpt>
      <trkpt lat="51.03192" lon="4.39958">
        <ele>6</ele>
      </trkpt>
      <trkpt lat="51.03183" lon="4.40063">
        <ele>6</ele>
      </trkpt>
      <trkpt lat="51.03184" lon="4.40118">
        <ele>6</ele>
      </trkpt>
      <trkpt lat="51.03171" lon="4.40165">
        <ele>5</ele>
      </trkpt>
      <trkpt lat="51.03163" lon="4.40211">
        <ele>5</ele>
      </trkpt>
      <trkpt lat="51.03157" lon="4.40284">
        <ele>5</ele>
      </trkpt>
      <trkpt lat="51.03153" lon="4.40309">
        <ele>5</ele>
      </trkpt>
      <trkpt lat="51.03152" lon="4.40321">
        <ele>5</ele>
      </trkpt>
      <trkpt lat="51.03141" lon="4.40348">
        <ele>5</ele>
      </trkpt>
      <trkpt lat="51.03127" lon="4.40368">
        <ele>5</ele>
      </trkpt>
      <trkpt lat="51.03103" lon="4.40383">
        <ele>5</ele>
      </trkpt>
      <trkpt lat="51.0308" lon="4.404">
        <ele>4</ele>
      </trkpt>
      <trkpt lat="51.03019" lon="4.40473">
        <ele>5</ele>
      </trkpt>
      <trkpt lat="51.03011" lon="4.40494">
        <ele>5</ele>
      </trkpt>
      <trkpt lat="51.03006" lon="4.40515">
        <ele>5</ele>
      </trkpt>
      <trkpt lat="51.03004" lon="4.4053">
        <ele>5</ele>
      </trkpt>
      <trkpt lat="51.03005" lon="4.40545">
        <ele>5</ele>
      </trkpt>
      <trkpt lat="51.0301" lon="4.40562">
        <ele>5</ele>
      </trkpt>
      <trkpt lat="51.03043" lon="4.40624">
        <ele>6</ele>
      </trkpt>
      <trkpt lat="51.03057" lon="4.40654">
        <ele>6</ele>
      </trkpt>
      <trkpt lat="51.03035" lon="4.40678">
        <ele>6</ele>
      </trkpt>
      <trkpt lat="51.03008" lon="4.40697">
        <ele>6</ele>
      </trkpt>
      <trkpt lat="51.03008" lon="4.40696">
        <ele>6</ele>
      </trkpt>
      <trkpt lat="51.02956" lon="4.40733">
        <ele>6</ele>
      </trkpt>
      <trkpt lat="51.02948" lon="4.40737">
        <ele>6</ele>
      </trkpt>
      <trkpt lat="51.0294" lon="4.40738">
        <ele>6</ele>
      </trkpt>
      <trkpt lat="51.02931" lon="4.40738">
        <ele>6</ele>
      </trkpt>
      <trkpt lat="51.02899" lon="4.40725">
        <ele>6</ele>
      </trkpt>
      <trkpt lat="51.02799" lon="4.40701">
        <ele>7</ele>
      </trkpt>
      <trkpt lat="51.02784" lon="4.40702">
        <ele>6</ele>
      </trkpt>
      <trkpt lat="51.02772" lon="4.40707">
        <ele>6</ele>
      </trkpt>
      <trkpt lat="51.02765" lon="4.40713">
        <ele>6</ele>
      </trkpt>
      <trkpt lat="51.02751" lon="4.40731">
        <ele>6</ele>
      </trkpt>
      <trkpt lat="51.02744" lon="4.40752">
        <ele>6</ele>
      </trkpt>
      <trkpt lat="51.02726" lon="4.40797">
        <ele>6</ele>
      </trkpt>
      <trkpt lat="51.0272" lon="4.40835">
        <ele>6</ele>
      </trkpt>
      <trkpt lat="51.02716" lon="4.40886">
        <ele>6</ele>
      </trkpt>
      <trkpt lat="51.02711" lon="4.40912">
        <ele>6</ele>
      </trkpt>
      <trkpt lat="51.02705" lon="4.40929">
        <ele>6</ele>
      </trkpt>
      <trkpt lat="51.02636" lon="4.41044">
        <ele>6</ele>
      </trkpt>
      <trkpt lat="51.02636" lon="4.41061">
        <ele>6</ele>
      </trkpt>
      <trkpt lat="51.02628" lon="4.41078">
        <ele>6</ele>
      </trkpt>
      <trkpt lat="51.02597" lon="4.41119">
        <ele>6</ele>
      </trkpt>
      <trkpt lat="51.02455" lon="4.41257">
        <ele>6</ele>
      </trkpt>
      <trkpt lat="51.02327" lon="4.41315">
        <ele>5</ele>
      </trkpt>
      <trkpt lat="51.02262" lon="4.41337">
        <ele>5</ele>
      </trkpt>
      <trkpt lat="51.02247" lon="4.41344">
        <ele>5</ele>
      </trkpt>
      <trkpt lat="51.02154" lon="4.41442">
        <ele>6</ele>
      </trkpt>
      <trkpt lat="51.02108" lon="4.41493">
        <ele>6</ele>
      </trkpt>
      <trkpt lat="51.02074" lon="4.41515">
        <ele>6</ele>
      </trkpt>
      <trkpt lat="51.01849" lon="4.41635">
        <ele>8</ele>
      </trkpt>
      <trkpt lat="51.01835" lon="4.41634">
        <ele>8</ele>
      </trkpt>
      <trkpt lat="51.01826" lon="4.41622">
        <ele>8</ele>
      </trkpt>
      <trkpt lat="51.01813" lon="4.41617">
        <ele>8</ele>
      </trkpt>
      <trkpt lat="51.01794" lon="4.41619">
        <ele>8</ele>
      </trkpt>
      <trkpt lat="51.01726" lon="4.41627">
        <ele>9</ele>
      </trkpt>
      <trkpt lat="51.01707" lon="4.41625">
        <ele>9</ele>
      </trkpt>
      <trkpt lat="51.01679" lon="4.4159">
        <ele>8</ele>
      </trkpt>
      <trkpt lat="51.01667" lon="4.4158">
        <ele>8</ele>
      </trkpt>
      <trkpt lat="51.0165" lon="4.41576">
        <ele>8</ele>
      </trkpt>
      <trkpt lat="51.0164" lon="4.41578">
        <ele>8</ele>
      </trkpt>
      <trkpt lat="51.01596" lon="4.41592">
        <ele>7</ele>
      </trkpt>
      <trkpt lat="51.01567" lon="4.41604">
        <ele>7</ele>
      </trkpt>
      <trkpt lat="51.01538" lon="4.41623">
        <ele>7</ele>
      </trkpt>
      <trkpt lat="51.01425" lon="4.41708">
        <ele>7</ele>
      </trkpt>
      <trkpt lat="51.01387" lon="4.41739">
        <ele>7</ele>
      </trkpt>
      <trkpt lat="51.01355" lon="4.4176">
        <ele>7</ele>
      </trkpt>
      <trkpt lat="51.01316" lon="4.4179">
        <ele>7</ele>
      </trkpt>
      <trkpt lat="51.01312" lon="4.41796">
        <ele>7</ele>
      </trkpt>
      <trkpt lat="51.01306" lon="4.4181">
        <ele>7</ele>
      </trkpt>
      <trkpt lat="51.01302" lon="4.41948">
        <ele>7</ele>
      </trkpt>
      <trkpt lat="51.01303" lon="4.4204">
        <ele>7</ele>
      </trkpt>
      <trkpt lat="51.013" lon="4.42055">
        <ele>7</ele>
      </trkpt>
      <trkpt lat="51.01285" lon="4.4208">
        <ele>7</ele>
      </trkpt>
      <trkpt lat="51.01244" lon="4.42123">
        <ele>7</ele>
      </trkpt>
      <trkpt lat="51.01199" lon="4.42174">
        <ele>7</ele>
      </trkpt>
      <trkpt lat="51.0116" lon="4.42207">
        <ele>7</ele>
      </trkpt>
      <trkpt lat="51.01097" lon="4.42252">
        <ele>7</ele>
      </trkpt>
      <trkpt lat="51.01036" lon="4.42301">
        <ele>7</ele>
      </trkpt>
      <trkpt lat="51.00949" lon="4.4237">
        <ele>8</ele>
      </trkpt>
      <trkpt lat="51.00912" lon="4.4239">
        <ele>8</ele>
      </trkpt>
      <trkpt lat="51.00896" lon="4.42356">
        <ele>8</ele>
      </trkpt>
      <trkpt lat="51.00887" lon="4.42365">
        <ele>8</ele>
      </trkpt>
      <trkpt lat="51.00882" lon="4.42367">
        <ele>8</ele>
      </trkpt>
      <trkpt lat="51.00735" lon="4.42349">
        <ele>8</ele>
      </trkpt>
      <trkpt lat="51.00708" lon="4.42347">
        <ele>8</ele>
      </trkpt>
      <trkpt lat="51.00675" lon="4.42353">
        <ele>8</ele>
      </trkpt>
      <trkpt lat="51.006" lon="4.41923">
        <ele>8</ele>
      </trkpt>
      <trkpt lat="51.00573" lon="4.41778">
        <ele>8</ele>
      </trkpt>
      <trkpt lat="51.00565" lon="4.41751">
        <ele>8</ele>
      </trkpt>
      <trkpt lat="51.00556" lon="4.41729">
        <ele>8</ele>
      </trkpt>
      <trkpt lat="51.00549" lon="4.41707">
        <ele>8</ele>
      </trkpt>
      <trkpt lat="51.00424" lon="4.41241">
        <ele>7</ele>
      </trkpt>
      <trkpt lat="51.00414" lon="4.4119">
        <ele>7</ele>
      </trkpt>
      <trkpt lat="51.00367" lon="4.40948">
        <ele>7</ele>
      </trkpt>
      <trkpt lat="51.00333" lon="4.40652">
        <ele>7</ele>
      </trkpt>
      <trkpt lat="51.00311" lon="4.40515">
        <ele>7</ele>
      </trkpt>
      <trkpt lat="51.00308" lon="4.40499">
        <ele>7</ele>
      </trkpt>
      <trkpt lat="51.00302" lon="4.40482">
        <ele>7</ele>
      </trkpt>
      <trkpt lat="51.00288" lon="4.4047">
        <ele>7</ele>
      </trkpt>
      <trkpt lat="51.00273" lon="4.40463">
        <ele>7</ele>
      </trkpt>
      <trkpt lat="51.0011" lon="4.40452">
        <ele>8</ele>
      </trkpt>
      <trkpt lat="50.9993" lon="4.40445">
        <ele>8</ele>
      </trkpt>
      <trkpt lat="50.99923" lon="4.40458">
        <ele>8</ele>
      </trkpt>
      <trkpt lat="50.99849" lon="4.40754">
        <ele>8</ele>
      </trkpt>
      <trkpt lat="50.99809" lon="4.40927">
        <ele>8</ele>
      </trkpt>
      <trkpt lat="50.99751" lon="4.41169">
        <ele>8</ele>
      </trkpt>
      <trkpt lat="50.99745" lon="4.41264">
        <ele>8</ele>
      </trkpt>
      <trkpt lat="50.99759" lon="4.41281">
        <ele>8</ele>
      </trkpt>
      <trkpt lat="50.99763" lon="4.41321">
        <ele>8</ele>
      </trkpt>
      <trkpt lat="50.99765" lon="4.4135">
        <ele>7</ele>
      </trkpt>
      <trkpt lat="50.99773" lon="4.41395">
        <ele>7</ele>
      </trkpt>
      <trkpt lat="50.99791" lon="4.41468">
        <ele>7</ele>
      </trkpt>
      <trkpt lat="50.99795" lon="4.41497">
        <ele>8</ele>
      </trkpt>
      <trkpt lat="50.99798" lon="4.41541">
        <ele>7</ele>
      </trkpt>
      <trkpt lat="50.99796" lon="4.41558">
        <ele>8</ele>
      </trkpt>
      <trkpt lat="50.99784" lon="4.41602">
        <ele>8</ele>
      </trkpt>
      <trkpt lat="50.99747" lon="4.41714">
        <ele>9</ele>
      </trkpt>
      <trkpt lat="50.99741" lon="4.41728">
        <ele>9</ele>
      </trkpt>
      <trkpt lat="50.99724" lon="4.41743">
        <ele>9</ele>
      </trkpt>
      <trkpt lat="50.99635" lon="4.41785">
        <ele>8</ele>
      </trkpt>
      <trkpt lat="50.99602" lon="4.41804">
        <ele>8</ele>
      </trkpt>
      <trkpt lat="50.99597" lon="4.41812">
        <ele>8</ele>
      </trkpt>
      <trkpt lat="50.99594" lon="4.41822">
        <ele>8</ele>
      </trkpt>
      <trkpt lat="50.99565" lon="4.4195">
        <ele>8</ele>
      </trkpt>
      <trkpt lat="50.99534" lon="4.42072">
        <ele>8</ele>
      </trkpt>
      <trkpt lat="50.99526" lon="4.42088">
        <ele>8</ele>
      </trkpt>
      <trkpt lat="50.99529" lon="4.42094">
        <ele>8</ele>
      </trkpt>
      <trkpt lat="50.9953" lon="4.42109">
        <ele>9</ele>
      </trkpt>
      <trkpt lat="50.99522" lon="4.42123">
        <ele>9</ele>
      </trkpt>
      <trkpt lat="50.99516" lon="4.42141">
        <ele>9</ele>
      </trkpt>
      <trkpt lat="50.99486" lon="4.4226">
        <ele>8</ele>
      </trkpt>
      <trkpt lat="50.99419" lon="4.42535">
        <ele>7</ele>
      </trkpt>
      <trkpt lat="50.99385" lon="4.42697">
        <ele>8</ele>
      </trkpt>
      <trkpt lat="50.99355" lon="4.42727">
        <ele>8</ele>
      </trkpt>
      <trkpt lat="50.99347" lon="4.42739">
        <ele>8</ele>
      </trkpt>
      <trkpt lat="50.99316" lon="4.42819">
        <ele>8</ele>
      </trkpt>
      <trkpt lat="50.99303" lon="4.42857">
        <ele>7</ele>
      </trkpt>
      <trkpt lat="50.99297" lon="4.42888">
        <ele>8</ele>
      </trkpt>
      <trkpt lat="50.99291" lon="4.42944">
        <ele>7</ele>
      </trkpt>
      <trkpt lat="50.99285" lon="4.42956">
        <ele>7</ele>
      </trkpt>
      <trkpt lat="50.99266" lon="4.42986">
        <ele>8</ele>
      </trkpt>
      <trkpt lat="50.99246" lon="4.43017">
        <ele>8</ele>
      </trkpt>
      <trkpt lat="50.99234" lon="4.4304">
        <ele>8</ele>
      </trkpt>
      <trkpt lat="50.99216" lon="4.43091">
        <ele>7</ele>
      </trkpt>
      <trkpt lat="50.99186" lon="4.43153">
        <ele>7</ele>
      </trkpt>
      <trkpt lat="50.9917" lon="4.43181">
        <ele>8</ele>
      </trkpt>
      <trkpt lat="50.9915" lon="4.43207">
        <ele>8</ele>
      </trkpt>
      <trkpt lat="50.99128" lon="4.43232">
        <ele>8</ele>
      </trkpt>
      <trkpt lat="50.99115" lon="4.43243">
        <ele>8</ele>
      </trkpt>
      <trkpt lat="50.99044" lon="4.43279">
        <ele>8</ele>
      </trkpt>
      <trkpt lat="50.98982" lon="4.43326">
        <ele>9</ele>
      </trkpt>
      <trkpt lat="50.98967" lon="4.43345">
        <ele>9</ele>
      </trkpt>
      <trkpt lat="50.98949" lon="4.43375">
        <ele>9</ele>
      </trkpt>
      <trkpt lat="50.98934" lon="4.43403">
        <ele>9</ele>
      </trkpt>
      <trkpt lat="50.98932" lon="4.43415">
        <ele>9</ele>
      </trkpt>
      <trkpt lat="50.98933" lon="4.43451">
        <ele>9</ele>
      </trkpt>
      <trkpt lat="50.98943" lon="4.43503">
        <ele>8</ele>
      </trkpt>
      <trkpt lat="50.98957" lon="4.43549">
        <ele>8</ele>
      </trkpt>
      <trkpt lat="50.98982" lon="4.43615">
        <ele>8</ele>
      </trkpt>
      <trkpt lat="50.98998" lon="4.43653">
        <ele>8</ele>
      </trkpt>
      <trkpt lat="50.9902" lon="4.43695">
        <ele>8</ele>
      </trkpt>
      <trkpt lat="50.99032" lon="4.43726">
        <ele>8</ele>
      </trkpt>
      <trkpt lat="50.99048" lon="4.43785">
        <ele>7</ele>
      </trkpt>
      <trkpt lat="50.99051" lon="4.43803">
        <ele>8</ele>
      </trkpt>
      <trkpt lat="50.99051" lon="4.43814">
        <ele>8</ele>
      </trkpt>
      <trkpt lat="50.99045" lon="4.43842">
        <ele>8</ele>
      </trkpt>
      <trkpt lat="50.99012" lon="4.43908">
        <ele>8</ele>
      </trkpt>
      <trkpt lat="50.98967" lon="4.43976">
        <ele>8</ele>
      </trkpt>
      <trkpt lat="50.98958" lon="4.43995">
        <ele>8</ele>
      </trkpt>
      <trkpt lat="50.98948" lon="4.44035">
        <ele>8</ele>
      </trkpt>
      <trkpt lat="50.98945" lon="4.44042">
        <ele>8</ele>
      </trkpt>
      <trkpt lat="50.98935" lon="4.44053">
        <ele>9</ele>
      </trkpt>
      <trkpt lat="50.98848" lon="4.44113">
        <ele>11</ele>
      </trkpt>
      <trkpt lat="50.98811" lon="4.44145">
        <ele>11</ele>
      </trkpt>
      <trkpt lat="50.98722" lon="4.44241">
        <ele>13</ele>
      </trkpt>
      <trkpt lat="50.98693" lon="4.44276">
        <ele>13</ele>
      </trkpt>
      <trkpt lat="50.98651" lon="4.44341">
        <ele>14</ele>
      </trkpt>
      <trkpt lat="50.98624" lon="4.44376">
        <ele>14</ele>
      </trkpt>
      <trkpt lat="50.98564" lon="4.44442">
        <ele>13</ele>
      </trkpt>
      <trkpt lat="50.98551" lon="4.44462">
        <ele>13</ele>
      </trkpt>
      <trkpt lat="50.98545" lon="4.44482">
        <ele>13</ele>
      </trkpt>
      <trkpt lat="50.98544" lon="4.44491">
        <ele>11</ele>
      </trkpt>
      <trkpt lat="50.98546" lon="4.44501">
        <ele>11</ele>
      </trkpt>
      <trkpt lat="50.98573" lon="4.44592">
        <ele>10</ele>
      </trkpt>
      <trkpt lat="50.98588" lon="4.44658">
        <ele>9</ele>
      </trkpt>
      <trkpt lat="50.98601" lon="4.44723">
        <ele>9</ele>
      </trkpt>
      <trkpt lat="50.98607" lon="4.4476">
        <ele>9</ele>
      </trkpt>
      <trkpt lat="50.98608" lon="4.44803">
        <ele>9</ele>
      </trkpt>
      <trkpt lat="50.98601" lon="4.44846">
        <ele>8</ele>
      </trkpt>
      <trkpt lat="50.98592" lon="4.44883">
        <ele>8</ele>
      </trkpt>
      <trkpt lat="50.9855" lon="4.44994">
        <ele>8</ele>
      </trkpt>
      <trkpt lat="50.98545" lon="4.45018">
        <ele>7</ele>
      </trkpt>
      <trkpt lat="50.98544" lon="4.45044">
        <ele>7</ele>
      </trkpt>
      <trkpt lat="50.98549" lon="4.45078">
        <ele>7</ele>
      </trkpt>
      <trkpt lat="50.98584" lon="4.45154">
        <ele>7</ele>
      </trkpt>
      <trkpt lat="50.98595" lon="4.45196">
        <ele>7</ele>
      </trkpt>
      <trkpt lat="50.98597" lon="4.45207">
        <ele>7</ele>
      </trkpt>
      <trkpt lat="50.98596" lon="4.45239">
        <ele>7</ele>
      </trkpt>
      <trkpt lat="50.986" lon="4.4526">
        <ele>7</ele>
      </trkpt>
      <trkpt lat="50.98601" lon="4.453">
        <ele>7</ele>
      </trkpt>
      <trkpt lat="50.98606" lon="4.45318">
        <ele>7</ele>
      </trkpt>
      <trkpt lat="50.98615" lon="4.45342">
        <ele>7</ele>
      </trkpt>
      <trkpt lat="50.98626" lon="4.45372">
        <ele>7</ele>
      </trkpt>
      <trkpt lat="50.98647" lon="4.45454">
        <ele>8</ele>
      </trkpt>
      <trkpt lat="50.98657" lon="4.45478">
        <ele>8</ele>
      </trkpt>
      <trkpt lat="50.98705" lon="4.45583">
        <ele>10</ele>
      </trkpt>
      <trkpt lat="50.98722" lon="4.45624">
        <ele>10</ele>
      </trkpt>
      <trkpt lat="50.98794" lon="4.45777">
        <ele>11</ele>
      </trkpt>
      <trkpt lat="50.98738" lon="4.45879">
        <ele>12</ele>
      </trkpt>
      <trkpt lat="50.98718" lon="4.4592">
        <ele>12</ele>
      </trkpt>
      <trkpt lat="50.98674" lon="4.46032">
        <ele>12</ele>
      </trkpt>
      <trkpt lat="50.98582" lon="4.46246">
        <ele>11</ele>
      </trkpt>
      <trkpt lat="50.98574" lon="4.46277">
        <ele>11</ele>
      </trkpt>
      <trkpt lat="50.98569" lon="4.46311">
        <ele>11</ele>
      </trkpt>
      <trkpt lat="50.98564" lon="4.46371">
        <ele>10</ele>
      </trkpt>
      <trkpt lat="50.98555" lon="4.46407">
        <ele>10</ele>
      </trkpt>
      <trkpt lat="50.98549" lon="4.46425">
        <ele>9</ele>
      </trkpt>
      <trkpt lat="50.9854" lon="4.46443">
        <ele>9</ele>
      </trkpt>
      <trkpt lat="50.98519" lon="4.46475">
        <ele>9</ele>
      </trkpt>
      <trkpt lat="50.985" lon="4.46499">
        <ele>10</ele>
      </trkpt>
      <trkpt lat="50.98488" lon="4.46511">
        <ele>10</ele>
      </trkpt>
      <trkpt lat="50.98479" lon="4.46519">
        <ele>10</ele>
      </trkpt>
      <trkpt lat="50.98419" lon="4.46557">
        <ele>11</ele>
      </trkpt>
      <trkpt lat="50.98398" lon="4.46577">
        <ele>11</ele>
      </trkpt>
      <trkpt lat="50.98373" lon="4.46611">
        <ele>11</ele>
      </trkpt>
      <trkpt lat="50.98267" lon="4.46762">
        <ele>9</ele>
      </trkpt>
      <trkpt lat="50.98185" lon="4.46875">
        <ele>8</ele>
      </trkpt>
      <trkpt lat="50.98173" lon="4.46861">
        <ele>8</ele>
      </trkpt>
      <trkpt lat="50.9812" lon="4.46796">
        <ele>9</ele>
      </trkpt>
      <trkpt lat="50.98021" lon="4.46662">
        <ele>9</ele>
      </trkpt>
      <trkpt lat="50.9791" lon="4.46488">
        <ele>8</ele>
      </trkpt>
      <trkpt lat="50.97887" lon="4.46449">
        <ele>8</ele>
      </trkpt>
      <trkpt lat="50.97836" lon="4.46352">
        <ele>7</ele>
      </trkpt>
      <trkpt lat="50.97819" lon="4.46325">
        <ele>7</ele>
      </trkpt>
      <trkpt lat="50.97759" lon="4.4624">
        <ele>8</ele>
      </trkpt>
      <trkpt lat="50.97668" lon="4.46138">
        <ele>7</ele>
      </trkpt>
      <trkpt lat="50.97611" lon="4.4607">
        <ele>7</ele>
      </trkpt>
      <trkpt lat="50.97579" lon="4.46044">
        <ele>7</ele>
      </trkpt>
      <trkpt lat="50.97579" lon="4.46045">
        <ele>7</ele>
      </trkpt>
      <trkpt lat="50.97555" lon="4.46022">
        <ele>7</ele>
      </trkpt>
      <trkpt lat="50.97495" lon="4.45975">
        <ele>8</ele>
      </trkpt>
      <trkpt lat="50.9743" lon="4.45932">
        <ele>9</ele>
      </trkpt>
      <trkpt lat="50.974" lon="4.45915">
        <ele>9</ele>
      </trkpt>
      <trkpt lat="50.97373" lon="4.45901">
        <ele>10</ele>
      </trkpt>
      <trkpt lat="50.97346" lon="4.45892">
        <ele>10</ele>
      </trkpt>
      <trkpt lat="50.97298" lon="4.45889">
        <ele>10</ele>
      </trkpt>
      <trkpt lat="50.97262" lon="4.45893">
        <ele>10</ele>
      </trkpt>
      <trkpt lat="50.97238" lon="4.45901">
        <ele>10</ele>
      </trkpt>
      <trkpt lat="50.97095" lon="4.45957">
        <ele>9</ele>
      </trkpt>
      <trkpt lat="50.9706" lon="4.45968">
        <ele>8</ele>
      </trkpt>
      <trkpt lat="50.96919" lon="4.46022">
        <ele>8</ele>
      </trkpt>
      <trkpt lat="50.96805" lon="4.46068">
        <ele>8</ele>
      </trkpt>
      <trkpt lat="50.96803" lon="4.46074">
        <ele>8</ele>
      </trkpt>
      <trkpt lat="50.96784" lon="4.46078">
        <ele>7</ele>
      </trkpt>
      <trkpt lat="50.9677" lon="4.46083">
        <ele>7</ele>
      </trkpt>
      <trkpt lat="50.9677" lon="4.46084">
        <ele>7</ele>
      </trkpt>
      <trkpt lat="50.96719" lon="4.46104">
        <ele>7</ele>
      </trkpt>
      <trkpt lat="50.96666" lon="4.46122">
        <ele>8</ele>
      </trkpt>
      <trkpt lat="50.96603" lon="4.46127">
        <ele>8</ele>
      </trkpt>
      <trkpt lat="50.96502" lon="4.46109">
        <ele>9</ele>
      </trkpt>
      <trkpt lat="50.96463" lon="4.46096">
        <ele>9</ele>
      </trkpt>
      <trkpt lat="50.96438" lon="4.46083">
        <ele>9</ele>
      </trkpt>
      <trkpt lat="50.96401" lon="4.46056">
        <ele>9</ele>
      </trkpt>
      <trkpt lat="50.96343" lon="4.46007">
        <ele>9</ele>
      </trkpt>
      <trkpt lat="50.96279" lon="4.4594">
        <ele>10</ele>
      </trkpt>
      <trkpt lat="50.96229" lon="4.45874">
        <ele>9</ele>
      </trkpt>
      <trkpt lat="50.96219" lon="4.45859">
        <ele>9</ele>
      </trkpt>
      <trkpt lat="50.96214" lon="4.45852">
        <ele>9</ele>
      </trkpt>
      <trkpt lat="50.96207" lon="4.45818">
        <ele>9</ele>
      </trkpt>
      <trkpt lat="50.96203" lon="4.45811">
        <ele>9</ele>
      </trkpt>
      <trkpt lat="50.96195" lon="4.45807">
        <ele>9</ele>
      </trkpt>
      <trkpt lat="50.9619" lon="4.45809">
        <ele>9</ele>
      </trkpt>
      <trkpt lat="50.96174" lon="4.45833">
        <ele>8</ele>
      </trkpt>
      <trkpt lat="50.96174" lon="4.45834">
        <ele>8</ele>
      </trkpt>
      <trkpt lat="50.96163" lon="4.4585">
        <ele>7</ele>
      </trkpt>
      <trkpt lat="50.96157" lon="4.45855">
        <ele>7</ele>
      </trkpt>
      <trkpt lat="50.96152" lon="4.45855">
        <ele>7</ele>
      </trkpt>
      <trkpt lat="50.96148" lon="4.45851">
        <ele>7</ele>
      </trkpt>
      <trkpt lat="50.96143" lon="4.45844">
        <ele>7</ele>
      </trkpt>
      <trkpt lat="50.9614" lon="4.45829">
        <ele>8</ele>
      </trkpt>
      <trkpt lat="50.96136" lon="4.45804">
        <ele>8</ele>
      </trkpt>
      <trkpt lat="50.96108" lon="4.45757">
        <ele>8</ele>
      </trkpt>
      <trkpt lat="50.96043" lon="4.45621">
        <ele>8</ele>
      </trkpt>
      <trkpt lat="50.96033" lon="4.45599">
        <ele>8</ele>
      </trkpt>
      <trkpt lat="50.96012" lon="4.4562">
        <ele>8</ele>
      </trkpt>
      <trkpt lat="50.95992" lon="4.45639">
        <ele>8</ele>
      </trkpt>
      <trkpt lat="50.95981" lon="4.45647">
        <ele>8</ele>
      </trkpt>
      <trkpt lat="50.95968" lon="4.45652">
        <ele>8</ele>
      </trkpt>
      <trkpt lat="50.95958" lon="4.45655">
        <ele>8</ele>
      </trkpt>
      <trkpt lat="50.95964" lon="4.45761">
        <ele>8</ele>
      </trkpt>
      <trkpt lat="50.95971" lon="4.45903">
        <ele>8</ele>
      </trkpt>
      <trkpt lat="50.95962" lon="4.45903">
        <ele>8</ele>
      </trkpt>
      <trkpt lat="50.95947" lon="4.45894">
        <ele>8</ele>
      </trkpt>
      <trkpt lat="50.95884" lon="4.45851">
        <ele>9</ele>
      </trkpt>
      <trkpt lat="50.95873" lon="4.45846">
        <ele>8</ele>
      </trkpt>
      <trkpt lat="50.95862" lon="4.45846">
        <ele>8</ele>
      </trkpt>
      <trkpt lat="50.95834" lon="4.45857">
        <ele>8</ele>
      </trkpt>
      <trkpt lat="50.95712" lon="4.4595">
        <ele>7</ele>
      </trkpt>
      <trkpt lat="50.95582" lon="4.46018">
        <ele>6</ele>
      </trkpt>
      <trkpt lat="50.95562" lon="4.46024">
        <ele>5</ele>
      </trkpt>
      <trkpt lat="50.95513" lon="4.46027">
        <ele>6</ele>
      </trkpt>
      <trkpt lat="50.95388" lon="4.4602">
        <ele>6</ele>
      </trkpt>
      <trkpt lat="50.95234" lon="4.46013">
        <ele>9</ele>
      </trkpt>
      <trkpt lat="50.9519" lon="4.46014">
        <ele>8</ele>
      </trkpt>
      <trkpt lat="50.9516" lon="4.46019">
        <ele>8</ele>
      </trkpt>
      <trkpt lat="50.95115" lon="4.46033">
        <ele>8</ele>
      </trkpt>
      <trkpt lat="50.95044" lon="4.46065">
        <ele>8</ele>
      </trkpt>
      <trkpt lat="50.95016" lon="4.46071">
        <ele>8</ele>
      </trkpt>
      <trkpt lat="50.95004" lon="4.4607">
        <ele>8</ele>
      </trkpt>
      <trkpt lat="50.94995" lon="4.46067">
        <ele>8</ele>
      </trkpt>
      <trkpt lat="50.94988" lon="4.46068">
        <ele>8</ele>
      </trkpt>
      <trkpt lat="50.94953" lon="4.46065">
        <ele>8</ele>
      </trkpt>
      <trkpt lat="50.94893" lon="4.46055">
        <ele>9</ele>
      </trkpt>
      <trkpt lat="50.94884" lon="4.46082">
        <ele>10</ele>
      </trkpt>
      <trkpt lat="50.94915" lon="4.46122">
        <ele>9</ele>
      </trkpt>
      <trkpt lat="50.94923" lon="4.46135">
        <ele>9</ele>
      </trkpt>
      <trkpt lat="50.94937" lon="4.46164">
        <ele>9</ele>
      </trkpt>
      <trkpt lat="50.94961" lon="4.46235">
        <ele>9</ele>
      </trkpt>
      <trkpt lat="50.95011" lon="4.46411">
        <ele>9</ele>
      </trkpt>
      <trkpt lat="50.95039" lon="4.46501">
        <ele>9</ele>
      </trkpt>
      <trkpt lat="50.95083" lon="4.46655">
        <ele>9</ele>
      </trkpt>
      <trkpt lat="50.9509" lon="4.46686">
        <ele>9</ele>
      </trkpt>
      <trkpt lat="50.951" lon="4.46767">
        <ele>9</ele>
      </trkpt>
      <trkpt lat="50.95103" lon="4.46816">
        <ele>9</ele>
      </trkpt>
      <trkpt lat="50.95108" lon="4.46918">
        <ele>9</ele>
      </trkpt>
      <trkpt lat="50.95109" lon="4.46974">
        <ele>9</ele>
      </trkpt>
      <trkpt lat="50.95117" lon="4.47197">
        <ele>8</ele>
      </trkpt>
      <trkpt lat="50.95121" lon="4.47272">
        <ele>8</ele>
      </trkpt>
      <trkpt lat="50.95136" lon="4.47463">
        <ele>8</ele>
      </trkpt>
      <trkpt lat="50.95141" lon="4.47568">
        <ele>8</ele>
      </trkpt>
      <trkpt lat="50.95133" lon="4.47656">
        <ele>8</ele>
      </trkpt>
      <trkpt lat="50.95122" lon="4.47725">
        <ele>7</ele>
      </trkpt>
      <trkpt lat="50.95104" lon="4.4782">
        <ele>8</ele>
      </trkpt>
      <trkpt lat="50.95104" lon="4.47869">
        <ele>8</ele>
      </trkpt>
      <trkpt lat="50.95107" lon="4.479">
        <ele>8</ele>
      </trkpt>
      <trkpt lat="50.95128" lon="4.47994">
        <ele>8</ele>
      </trkpt>
      <trkpt lat="50.95081" lon="4.48038">
        <ele>8</ele>
      </trkpt>
      <trkpt lat="50.94904" lon="4.48213">
        <ele>7</ele>
      </trkpt>
      <trkpt lat="50.94862" lon="4.4825">
        <ele>7</ele>
      </trkpt>
      <trkpt lat="50.94817" lon="4.48289">
        <ele>8</ele>
      </trkpt>
      <trkpt lat="50.94807" lon="4.48297">
        <ele>8</ele>
      </trkpt>
      <trkpt lat="50.94801" lon="4.48298">
        <ele>8</ele>
      </trkpt>
      <trkpt lat="50.94551" lon="4.4812">
        <ele>9</ele>
      </trkpt>
      <trkpt lat="50.94488" lon="4.48069">
        <ele>12</ele>
      </trkpt>
      <trkpt lat="50.94353" lon="4.47944">
        <ele>15</ele>
      </trkpt>
      <trkpt lat="50.94294" lon="4.4789">
        <ele>15</ele>
      </trkpt>
      <trkpt lat="50.94266" lon="4.47867">
        <ele>14</ele>
      </trkpt>
      <trkpt lat="50.94111" lon="4.47773">
        <ele>10</ele>
      </trkpt>
      <trkpt lat="50.94085" lon="4.47756">
        <ele>10</ele>
      </trkpt>
      <trkpt lat="50.94034" lon="4.47718">
        <ele>10</ele>
      </trkpt>
      <trkpt lat="50.93988" lon="4.47672">
        <ele>10</ele>
      </trkpt>
      <trkpt lat="50.93928" lon="4.476">
        <ele>10</ele>
      </trkpt>
      <trkpt lat="50.93845" lon="4.47497">
        <ele>11</ele>
      </trkpt>
      <trkpt lat="50.9382" lon="4.47469">
        <ele>10</ele>
      </trkpt>
      <trkpt lat="50.93765" lon="4.47416">
        <ele>11</ele>
      </trkpt>
      <trkpt lat="50.93704" lon="4.47377">
        <ele>11</ele>
      </trkpt>
      <trkpt lat="50.93491" lon="4.47284">
        <ele>14</ele>
      </trkpt>
      <trkpt lat="50.93466" lon="4.47271">
        <ele>14</ele>
      </trkpt>
      <trkpt lat="50.93441" lon="4.47252">
        <ele>14</ele>
      </trkpt>
      <trkpt lat="50.93406" lon="4.47215">
        <ele>14</ele>
      </trkpt>
      <trkpt lat="50.93373" lon="4.47172">
        <ele>15</ele>
      </trkpt>
      <trkpt lat="50.9327" lon="4.47025">
        <ele>15</ele>
      </trkpt>
      <trkpt lat="50.93195" lon="4.46911">
        <ele>17</ele>
      </trkpt>
      <trkpt lat="50.93113" lon="4.46777">
        <ele>18</ele>
      </trkpt>
      <trkpt lat="50.93082" lon="4.46738">
        <ele>18</ele>
      </trkpt>
      <trkpt lat="50.93053" lon="4.46713">
        <ele>17</ele>
      </trkpt>
      <trkpt lat="50.93064" lon="4.4677">
        <ele>17</ele>
      </trkpt>
      <trkpt lat="50.93065" lon="4.46801">
        <ele>18</ele>
      </trkpt>
      <trkpt lat="50.93063" lon="4.46813">
        <ele>18</ele>
      </trkpt>
      <trkpt lat="50.93051" lon="4.46834">
        <ele>17</ele>
      </trkpt>
      <trkpt lat="50.92671" lon="4.46561">
        <ele>19</ele>
      </trkpt>
      <trkpt lat="50.9263" lon="4.46531">
        <ele>20</ele>
      </trkpt>
      <trkpt lat="50.92605" lon="4.46507">
        <ele>19</ele>
      </trkpt>
      <trkpt lat="50.92563" lon="4.46468">
        <ele>19</ele>
      </trkpt>
      <trkpt lat="50.92521" lon="4.46419">
        <ele>19</ele>
      </trkpt>
      <trkpt lat="50.92472" lon="4.46354">
        <ele>19</ele>
      </trkpt>
      <trkpt lat="50.92436" lon="4.46294">
        <ele>18</ele>
      </trkpt>
      <trkpt lat="50.92396" lon="4.46211">
        <ele>16</ele>
      </trkpt>
      <trkpt lat="50.92356" lon="4.46102">
        <ele>16</ele>
      </trkpt>
      <trkpt lat="50.92331" lon="4.46007">
        <ele>16</ele>
      </trkpt>
      <trkpt lat="50.92238" lon="4.45603">
        <ele>19</ele>
      </trkpt>
      <trkpt lat="50.92197" lon="4.45417">
        <ele>17</ele>
      </trkpt>
      <trkpt lat="50.92189" lon="4.45368">
        <ele>16</ele>
      </trkpt>
      <trkpt lat="50.92178" lon="4.45322">
        <ele>16</ele>
      </trkpt>
      <trkpt lat="50.92168" lon="4.45292">
        <ele>16</ele>
      </trkpt>
      <trkpt lat="50.92161" lon="4.45266">
        <ele>16</ele>
      </trkpt>
      <trkpt lat="50.92148" lon="4.45236">
        <ele>16</ele>
      </trkpt>
      <trkpt lat="50.92106" lon="4.45144">
        <ele>16</ele>
      </trkpt>
      <trkpt lat="50.92086" lon="4.45108">
        <ele>17</ele>
      </trkpt>
      <trkpt lat="50.92074" lon="4.45094">
        <ele>17</ele>
      </trkpt>
      <trkpt lat="50.91985" lon="4.45029">
        <ele>18</ele>
      </trkpt>
      <trkpt lat="50.9197" lon="4.45013">
        <ele>18</ele>
      </trkpt>
      <trkpt lat="50.91959" lon="4.44996">
        <ele>18</ele>
      </trkpt>
      <trkpt lat="50.9187" lon="4.44825">
        <ele>18</ele>
      </trkpt>
      <trkpt lat="50.91839" lon="4.44725">
        <ele>19</ele>
      </trkpt>
      <trkpt lat="50.91833" lon="4.44706">
        <ele>19</ele>
      </trkpt>
      <trkpt lat="50.91809" lon="4.44627">
        <ele>19</ele>
      </trkpt>
      <trkpt lat="50.91801" lon="4.44633">
        <ele>19</ele>
      </trkpt>
      <trkpt lat="50.91685" lon="4.44789">
        <ele>20</ele>
      </trkpt>
      <trkpt lat="50.91661" lon="4.44821">
        <ele>21</ele>
      </trkpt>
      <trkpt lat="50.91654" lon="4.44822">
        <ele>21</ele>
      </trkpt>
      <trkpt lat="50.91641" lon="4.44816">
        <ele>21</ele>
      </trkpt>
      <trkpt lat="50.91501" lon="4.44716">
        <ele>23</ele>
      </trkpt>
      <trkpt lat="50.91416" lon="4.4466">
        <ele>23</ele>
      </trkpt>
      <trkpt lat="50.91256" lon="4.44546">
        <ele>26</ele>
      </trkpt>
      <trkpt lat="50.91222" lon="4.44519">
        <ele>26</ele>
      </trkpt>
      <trkpt lat="50.91203" lon="4.44499">
        <ele>27</ele>
      </trkpt>
      <trkpt lat="50.91192" lon="4.44491">
        <ele>27</ele>
      </trkpt>
      <trkpt lat="50.91162" lon="4.44478">
        <ele>28</ele>
      </trkpt>
      <trkpt lat="50.91105" lon="4.44459">
        <ele>29</ele>
      </trkpt>
      <trkpt lat="50.91072" lon="4.44456">
        <ele>29</ele>
      </trkpt>
      <trkpt lat="50.91055" lon="4.44457">
        <ele>29</ele>
      </trkpt>
      <trkpt lat="50.91051" lon="4.44448">
        <ele>29</ele>
      </trkpt>
      <trkpt lat="50.91052" lon="4.4444">
        <ele>29</ele>
      </trkpt>
      <trkpt lat="50.91057" lon="4.44433">
        <ele>29</ele>
      </trkpt>
      <trkpt lat="50.91057" lon="4.44399">
        <ele>29</ele>
      </trkpt>
      <trkpt lat="50.91057" lon="4.44325">
        <ele>30</ele>
      </trkpt>
      <trkpt lat="50.9106" lon="4.44273">
        <ele>30</ele>
      </trkpt>
      <trkpt lat="50.91067" lon="4.4422">
        <ele>29</ele>
      </trkpt>
      <trkpt lat="50.91081" lon="4.44158">
        <ele>29</ele>
      </trkpt>
      <trkpt lat="50.91117" lon="4.44036">
        <ele>26</ele>
      </trkpt>
      <trkpt lat="50.91087" lon="4.44008">
        <ele>27</ele>
      </trkpt>
      <trkpt lat="50.91044" lon="4.43967">
        <ele>27</ele>
      </trkpt>
      <trkpt lat="50.91019" lon="4.44041">
        <ele>28</ele>
      </trkpt>
      <trkpt lat="50.90991" lon="4.44117">
        <ele>30</ele>
      </trkpt>
      <trkpt lat="50.90984" lon="4.44122">
        <ele>30</ele>
      </trkpt>
      <trkpt lat="50.90979" lon="4.44121">
        <ele>30</ele>
      </trkpt>
      <trkpt lat="50.90811" lon="4.43969">
        <ele>29</ele>
      </trkpt>
      <trkpt lat="50.90776" lon="4.43937">
        <ele>29</ele>
      </trkpt>
      <trkpt lat="50.90754" lon="4.4391">
        <ele>30</ele>
      </trkpt>
      <trkpt lat="50.90736" lon="4.43882">
        <ele>30</ele>
      </trkpt>
      <trkpt lat="50.90679" lon="4.43977">
        <ele>31</ele>
      </trkpt>
      <trkpt lat="50.90575" lon="4.44149">
        <ele>32</ele>
      </trkpt>
      <trkpt lat="50.90573" lon="4.44179">
        <ele>33</ele>
      </trkpt>
      <trkpt lat="50.9057" lon="4.44194">
        <ele>33</ele>
      </trkpt>
      <trkpt lat="50.90565" lon="4.44203">
        <ele>33</ele>
      </trkpt>
      <trkpt lat="50.90558" lon="4.44206">
        <ele>33</ele>
      </trkpt>
      <trkpt lat="50.90541" lon="4.4421">
        <ele>33</ele>
      </trkpt>
      <trkpt lat="50.90538" lon="4.4421">
        <ele>33</ele>
      </trkpt>
      <trkpt lat="50.90474" lon="4.44319">
        <ele>34</ele>
      </trkpt>
      <trkpt lat="50.90467" lon="4.44331">
        <ele>34</ele>
      </trkpt>
      <trkpt lat="50.90464" lon="4.44342">
        <ele>34</ele>
      </trkpt>
      <trkpt lat="50.90457" lon="4.44373">
        <ele>34</ele>
      </trkpt>
      <trkpt lat="50.90448" lon="4.44408">
        <ele>33</ele>
      </trkpt>
      <trkpt lat="50.9045" lon="4.44403">
        <ele>34</ele>
      </trkpt>
      <trkpt lat="50.90443" lon="4.44387">
        <ele>34</ele>
      </trkpt>
      <trkpt lat="50.90433" lon="4.44369">
        <ele>34</ele>
      </trkpt>
      <trkpt lat="50.90425" lon="4.44378">
        <ele>34</ele>
      </trkpt>
      <trkpt lat="50.90421" lon="4.44375">
        <ele>34</ele>
      </trkpt>
      <trkpt lat="50.90418" lon="4.44368">
        <ele>34</ele>
      </trkpt>
      <trkpt lat="50.90406" lon="4.44337">
        <ele>34</ele>
      </trkpt>
      <trkpt lat="50.90386" lon="4.443">
        <ele>34</ele>
      </trkpt>
      <trkpt lat="50.90312" lon="4.4419">
        <ele>33</ele>
      </trkpt>
      <trkpt lat="50.90242" lon="4.44098">
        <ele>34</ele>
      </trkpt>
      <trkpt lat="50.90223" lon="4.44078">
        <ele>34</ele>
      </trkpt>
      <trkpt lat="50.90185" lon="4.44058">
        <ele>35</ele>
      </trkpt>
      <trkpt lat="50.90165" lon="4.44043">
        <ele>35</ele>
      </trkpt>
      <trkpt lat="50.90105" lon="4.43985">
        <ele>35</ele>
      </trkpt>
      <trkpt lat="50.90074" lon="4.43962">
        <ele>34</ele>
      </trkpt>
      <trkpt lat="50.90051" lon="4.43948">
        <ele>34</ele>
      </trkpt>
      <trkpt lat="50.90042" lon="4.43945">
        <ele>33</ele>
      </trkpt>
      <trkpt lat="50.90031" lon="4.43945">
        <ele>33</ele>
      </trkpt>
      <trkpt lat="50.90018" lon="4.43952">
        <ele>32</ele>
      </trkpt>
      <trkpt lat="50.90004" lon="4.43971">
        <ele>31</ele>
      </trkpt>
      <trkpt lat="50.89958" lon="4.44053">
        <ele>33</ele>
      </trkpt>
      <trkpt lat="50.89954" lon="4.44065">
        <ele>33</ele>
      </trkpt>
      <trkpt lat="50.89935" lon="4.441">
        <ele>34</ele>
      </trkpt>
      <trkpt lat="50.89932" lon="4.44103">
        <ele>34</ele>
      </trkpt>
      <trkpt lat="50.89915" lon="4.4415">
        <ele>33</ele>
      </trkpt>
      <trkpt lat="50.8988" lon="4.44237">
        <ele>35</ele>
      </trkpt>
      <trkpt lat="50.8984" lon="4.44318">
        <ele>35</ele>
      </trkpt>
      <trkpt lat="50.89825" lon="4.44356">
        <ele>36</ele>
      </trkpt>
      <trkpt lat="50.89707" lon="4.44603">
        <ele>36</ele>
      </trkpt>
      <trkpt lat="50.89652" lon="4.44741">
        <ele>35</ele>
      </trkpt>
      <trkpt lat="50.89447" lon="4.45293">
        <ele>31</ele>
      </trkpt>
      <trkpt lat="50.89379" lon="4.4556">
        <ele>32</ele>
      </trkpt>
      <trkpt lat="50.89363" lon="4.45623">
        <ele>33</ele>
      </trkpt>
      <trkpt lat="50.89363" lon="4.45638">
        <ele>33</ele>
      </trkpt>
      <trkpt lat="50.89368" lon="4.45648">
        <ele>33</ele>
      </trkpt>
      <trkpt lat="50.89386" lon="4.45665">
        <ele>34</ele>
      </trkpt>
      <trkpt lat="50.89404" lon="4.45689">
        <ele>34</ele>
      </trkpt>
      <trkpt lat="50.89418" lon="4.45713">
        <ele>34</ele>
      </trkpt>
      <trkpt lat="50.89475" lon="4.45829">
        <ele>35</ele>
      </trkpt>
      <trkpt lat="50.89482" lon="4.45855">
        <ele>35</ele>
      </trkpt>
      <trkpt lat="50.89484" lon="4.45873">
        <ele>35</ele>
      </trkpt>
      <trkpt lat="50.89483" lon="4.4591">
        <ele>35</ele>
      </trkpt>
      <trkpt lat="50.8948" lon="4.45927">
        <ele>35</ele>
      </trkpt>
      <trkpt lat="50.8947" lon="4.45955">
        <ele>35</ele>
      </trkpt>
      <trkpt lat="50.89454" lon="4.45977">
        <ele>35</ele>
      </trkpt>
      <trkpt lat="50.89314" lon="4.46094">
        <ele>34</ele>
      </trkpt>
      <trkpt lat="50.89297" lon="4.46112">
        <ele>34</ele>
      </trkpt>
      <trkpt lat="50.89297" lon="4.46113">
        <ele>34</ele>
      </trkpt>
      <trkpt lat="50.89275" lon="4.4614">
        <ele>33</ele>
      </trkpt>
      <trkpt lat="50.89267" lon="4.46156">
        <ele>33</ele>
      </trkpt>
      <trkpt lat="50.89268" lon="4.46162">
        <ele>32</ele>
      </trkpt>
      <trkpt lat="50.89264" lon="4.46173">
        <ele>31</ele>
      </trkpt>
      <trkpt lat="50.89258" lon="4.46178">
        <ele>31</ele>
      </trkpt>
      <trkpt lat="50.89249" lon="4.46174">
        <ele>30</ele>
      </trkpt>
      <trkpt lat="50.89245" lon="4.46184">
        <ele>30</ele>
      </trkpt>
      <trkpt lat="50.89222" lon="4.46284">
        <ele>29</ele>
      </trkpt>
      <trkpt lat="50.89216" lon="4.46319">
        <ele>30</ele>
      </trkpt>
      <trkpt lat="50.8919" lon="4.46553">
        <ele>32</ele>
      </trkpt>
      <trkpt lat="50.89156" lon="4.46678">
        <ele>35</ele>
      </trkpt>
      <trkpt lat="50.89146" lon="4.46703">
        <ele>35</ele>
      </trkpt>
      <trkpt lat="50.89145" lon="4.46715">
        <ele>35</ele>
      </trkpt>
      <trkpt lat="50.89134" lon="4.46755">
        <ele>36</ele>
      </trkpt>
      <trkpt lat="50.8913" lon="4.46756">
        <ele>36</ele>
      </trkpt>
      <trkpt lat="50.89125" lon="4.46764">
        <ele>36</ele>
      </trkpt>
      <trkpt lat="50.891" lon="4.46849">
        <ele>37</ele>
      </trkpt>
      <trkpt lat="50.89101" lon="4.46853">
        <ele>37</ele>
      </trkpt>
      <trkpt lat="50.89101" lon="4.46866">
        <ele>38</ele>
      </trkpt>
      <trkpt lat="50.89096" lon="4.46876">
        <ele>38</ele>
      </trkpt>
      <trkpt lat="50.89049" lon="4.46986">
        <ele>38</ele>
      </trkpt>
      <trkpt lat="50.89017" lon="4.47056">
        <ele>39</ele>
      </trkpt>
      <trkpt lat="50.89012" lon="4.47078">
        <ele>39</ele>
      </trkpt>
      <trkpt lat="50.89009" lon="4.47076">
        <ele>39</ele>
      </trkpt>
      <trkpt lat="50.88997" lon="4.47077">
        <ele>40</ele>
      </trkpt>
      <trkpt lat="50.88988" lon="4.47085">
        <ele>40</ele>
      </trkpt>
      <trkpt lat="50.88984" lon="4.47103">
        <ele>40</ele>
      </trkpt>
      <trkpt lat="50.88987" lon="4.47126">
        <ele>40</ele>
      </trkpt>
      <trkpt lat="50.88992" lon="4.47133">
        <ele>40</ele>
      </trkpt>
      <trkpt lat="50.88932" lon="4.47244">
        <ele>41</ele>
      </trkpt>
      <trkpt lat="50.88914" lon="4.47274">
        <ele>42</ele>
      </trkpt>
      <trkpt lat="50.88882" lon="4.4731">
        <ele>42</ele>
      </trkpt>
      <trkpt lat="50.88816" lon="4.47344">
        <ele>44</ele>
      </trkpt>
      <trkpt lat="50.88777" lon="4.47364">
        <ele>44</ele>
      </trkpt>
      <trkpt lat="50.88706" lon="4.47388">
        <ele>45</ele>
      </trkpt>
      <trkpt lat="50.88667" lon="4.47398">
        <ele>45</ele>
      </trkpt>
      <trkpt lat="50.88535" lon="4.47424">
        <ele>45</ele>
      </trkpt>
      <trkpt lat="50.88496" lon="4.47425">
        <ele>45</ele>
      </trkpt>
      <trkpt lat="50.88374" lon="4.47413">
        <ele>46</ele>
      </trkpt>
      <trkpt lat="50.88244" lon="4.47402">
        <ele>45</ele>
      </trkpt>
      <trkpt lat="50.88235" lon="4.47403">
        <ele>45</ele>
      </trkpt>
      <trkpt lat="50.88153" lon="4.47436">
        <ele>44</ele>
      </trkpt>
      <trkpt lat="50.88141" lon="4.47445">
        <ele>44</ele>
      </trkpt>
      <trkpt lat="50.88121" lon="4.47463">
        <ele>43</ele>
      </trkpt>
      <trkpt lat="50.88102" lon="4.47471">
        <ele>43</ele>
      </trkpt>
      <trkpt lat="50.88089" lon="4.47474">
        <ele>41</ele>
      </trkpt>
      <trkpt lat="50.88073" lon="4.47474">
        <ele>41</ele>
      </trkpt>
      <trkpt lat="50.88059" lon="4.4747">
        <ele>40</ele>
      </trkpt>
      <trkpt lat="50.88045" lon="4.47461">
        <ele>40</ele>
      </trkpt>
      <trkpt lat="50.88041" lon="4.47481">
        <ele>40</ele>
      </trkpt>
      <trkpt lat="50.88048" lon="4.47501">
        <ele>40</ele>
      </trkpt>
      <trkpt lat="50.88076" lon="4.47566">
        <ele>40</ele>
      </trkpt>
      <trkpt lat="50.88108" lon="4.47668">
        <ele>41</ele>
      </trkpt>
      <trkpt lat="50.88127" lon="4.47757">
        <ele>41</ele>
      </trkpt>
      <trkpt lat="50.88127" lon="4.47764">
        <ele>41</ele>
      </trkpt>
      <trkpt lat="50.88149" lon="4.47877">
        <ele>40</ele>
      </trkpt>
      <trkpt lat="50.88162" lon="4.47953">
        <ele>41</ele>
      </trkpt>
      <trkpt lat="50.88165" lon="4.47999">
        <ele>41</ele>
      </trkpt>
      <trkpt lat="50.88165" lon="4.48044">
        <ele>41</ele>
      </trkpt>
      <trkpt lat="50.88163" lon="4.48085">
        <ele>41</ele>
      </trkpt>
      <trkpt lat="50.88153" lon="4.48092">
        <ele>41</ele>
      </trkpt>
      <trkpt lat="50.88132" lon="4.48113">
        <ele>40</ele>
      </trkpt>
      <trkpt lat="50.88122" lon="4.48117">
        <ele>40</ele>
      </trkpt>
      <trkpt lat="50.88111" lon="4.48135">
        <ele>41</ele>
      </trkpt>
      <trkpt lat="50.88061" lon="4.48227">
        <ele>42</ele>
      </trkpt>
      <trkpt lat="50.8799" lon="4.48359">
        <ele>47</ele>
      </trkpt>
      <trkpt lat="50.87963" lon="4.48395">
        <ele>47</ele>
      </trkpt>
      <trkpt lat="50.87944" lon="4.48409">
        <ele>47</ele>
      </trkpt>
      <trkpt lat="50.87941" lon="4.48402">
        <ele>47</ele>
      </trkpt>
      <trkpt lat="50.87927" lon="4.4841">
        <ele>49</ele>
      </trkpt>
      <trkpt lat="50.87897" lon="4.48417">
        <ele>49</ele>
      </trkpt>
      <trkpt lat="50.87811" lon="4.48413">
        <ele>52</ele>
      </trkpt>
      <trkpt lat="50.87758" lon="4.48416">
        <ele>55</ele>
      </trkpt>
      <trkpt lat="50.87703" lon="4.48424">
        <ele>55</ele>
      </trkpt>
      <trkpt lat="50.8767" lon="4.48432">
        <ele>57</ele>
      </trkpt>
      <trkpt lat="50.87589" lon="4.48461">
        <ele>59</ele>
      </trkpt>
      <trkpt lat="50.8742" lon="4.48529">
        <ele>63</ele>
      </trkpt>
      <trkpt lat="50.87367" lon="4.48555">
        <ele>64</ele>
      </trkpt>
      <trkpt lat="50.87242" lon="4.48625">
        <ele>66</ele>
      </trkpt>
      <trkpt lat="50.87229" lon="4.48637">
        <ele>66</ele>
      </trkpt>
      <trkpt lat="50.87198" lon="4.48656">
        <ele>66</ele>
      </trkpt>
      <trkpt lat="50.87182" lon="4.48676">
        <ele>66</ele>
      </trkpt>
      <trkpt lat="50.87175" lon="4.48681">
        <ele>66</ele>
      </trkpt>
      <trkpt lat="50.87164" lon="4.48695">
        <ele>66</ele>
      </trkpt>
      <trkpt lat="50.87158" lon="4.48708">
        <ele>66</ele>
      </trkpt>
      <trkpt lat="50.87152" lon="4.48705">
        <ele>66</ele>
      </trkpt>
      <trkpt lat="50.87138" lon="4.48737">
        <ele>66</ele>
      </trkpt>
      <trkpt lat="50.87126" lon="4.48761">
        <ele>66</ele>
      </trkpt>
      <trkpt lat="50.87017" lon="4.49067">
        <ele>67</ele>
      </trkpt>
      <trkpt lat="50.86986" lon="4.49157">
        <ele>68</ele>
      </trkpt>
      <trkpt lat="50.86979" lon="4.4919">
        <ele>67</ele>
      </trkpt>
      <trkpt lat="50.86973" lon="4.4924">
        <ele>67</ele>
      </trkpt>
      <trkpt lat="50.86971" lon="4.49555">
        <ele>68</ele>
      </trkpt>
      <trkpt lat="50.86968" lon="4.49673">
        <ele>68</ele>
      </trkpt>
      <trkpt lat="50.86973" lon="4.49679">
        <ele>68</ele>
      </trkpt>
      <trkpt lat="50.86971" lon="4.4985">
        <ele>68</ele>
      </trkpt>
      <trkpt lat="50.8697" lon="4.5011">
        <ele>66</ele>
      </trkpt>
      <trkpt lat="50.86973" lon="4.50281">
        <ele>64</ele>
      </trkpt>
      <trkpt lat="50.86974" lon="4.50416">
        <ele>65</ele>
      </trkpt>
      <trkpt lat="50.86987" lon="4.50569">
        <ele>65</ele>
      </trkpt>
      <trkpt lat="50.87018" lon="4.50806">
        <ele>66</ele>
      </trkpt>
      <trkpt lat="50.87025" lon="4.50871">
        <ele>66</ele>
      </trkpt>
      <trkpt lat="50.87035" lon="4.50999">
        <ele>67</ele>
      </trkpt>
      <trkpt lat="50.87042" lon="4.51133">
        <ele>67</ele>
      </trkpt>
      <trkpt lat="50.87064" lon="4.51378">
        <ele>65</ele>
      </trkpt>
      <trkpt lat="50.87077" lon="4.51541">
        <ele>66</ele>
      </trkpt>
      <trkpt lat="50.87083" lon="4.51571">
        <ele>66</ele>
      </trkpt>
      <trkpt lat="50.87118" lon="4.51708">
        <ele>67</ele>
      </trkpt>
      <trkpt lat="50.87149" lon="4.518">
        <ele>67</ele>
      </trkpt>
      <trkpt lat="50.87169" lon="4.5186">
        <ele>68</ele>
      </trkpt>
      <trkpt lat="50.87217" lon="4.52044">
        <ele>69</ele>
      </trkpt>
      <trkpt lat="50.87259" lon="4.52249">
        <ele>72</ele>
      </trkpt>
      <trkpt lat="50.87307" lon="4.52455">
        <ele>71</ele>
      </trkpt>
      <trkpt lat="50.87306" lon="4.52481">
        <ele>71</ele>
      </trkpt>
      <trkpt lat="50.87312" lon="4.52487">
        <ele>71</ele>
      </trkpt>
      <trkpt lat="50.87318" lon="4.525">
        <ele>71</ele>
      </trkpt>
      <trkpt lat="50.87319" lon="4.52513">
        <ele>71</ele>
      </trkpt>
      <trkpt lat="50.87317" lon="4.52519">
        <ele>71</ele>
      </trkpt>
      <trkpt lat="50.87456" lon="4.52998">
        <ele>62</ele>
      </trkpt>
      <trkpt lat="50.8749" lon="4.53105">
        <ele>61</ele>
      </trkpt>
      <trkpt lat="50.87582" lon="4.53334">
        <ele>55</ele>
      </trkpt>
      <trkpt lat="50.87604" lon="4.53404">
        <ele>53</ele>
      </trkpt>
      <trkpt lat="50.87615" lon="4.53444">
        <ele>53</ele>
      </trkpt>
      <trkpt lat="50.87626" lon="4.53497">
        <ele>53</ele>
      </trkpt>
      <trkpt lat="50.87634" lon="4.53553">
        <ele>53</ele>
      </trkpt>
      <trkpt lat="50.87654" lon="4.53717">
        <ele>55</ele>
      </trkpt>
      <trkpt lat="50.87657" lon="4.53812">
        <ele>55</ele>
      </trkpt>
      <trkpt lat="50.87656" lon="4.53837">
        <ele>56</ele>
      </trkpt>
      <trkpt lat="50.87652" lon="4.53904">
        <ele>56</ele>
      </trkpt>
      <trkpt lat="50.87638" lon="4.54032">
        <ele>55</ele>
      </trkpt>
      <trkpt lat="50.87634" lon="4.54054">
        <ele>57</ele>
      </trkpt>
      <trkpt lat="50.87628" lon="4.54072">
        <ele>57</ele>
      </trkpt>
      <trkpt lat="50.87605" lon="4.54126">
        <ele>59</ele>
      </trkpt>
      <trkpt lat="50.87598" lon="4.54159">
        <ele>60</ele>
      </trkpt>
      <trkpt lat="50.87594" lon="4.54184">
        <ele>62</ele>
      </trkpt>
      <trkpt lat="50.87593" lon="4.5421">
        <ele>62</ele>
      </trkpt>
      <trkpt lat="50.87595" lon="4.54242">
        <ele>62</ele>
      </trkpt>
      <trkpt lat="50.87604" lon="4.54284">
        <ele>63</ele>
      </trkpt>
      <trkpt lat="50.8763" lon="4.54378">
        <ele>62</ele>
      </trkpt>
      <trkpt lat="50.87632" lon="4.54377">
        <ele>62</ele>
      </trkpt>
      <trkpt lat="50.87637" lon="4.54381">
        <ele>62</ele>
      </trkpt>
      <trkpt lat="50.87644" lon="4.54395">
        <ele>62</ele>
      </trkpt>
      <trkpt lat="50.87645" lon="4.544">
        <ele>62</ele>
      </trkpt>
      <trkpt lat="50.87722" lon="4.54561">
        <ele>60</ele>
      </trkpt>
      <trkpt lat="50.87759" lon="4.54667">
        <ele>59</ele>
      </trkpt>
      <trkpt lat="50.87783" lon="4.54728">
        <ele>65</ele>
      </trkpt>
      <trkpt lat="50.87805" lon="4.54777">
        <ele>61</ele>
      </trkpt>
      <trkpt lat="50.87825" lon="4.5483">
        <ele>60</ele>
      </trkpt>
      <trkpt lat="50.87847" lon="4.54906">
        <ele>60</ele>
      </trkpt>
      <trkpt lat="50.87859" lon="4.54962">
        <ele>62</ele>
      </trkpt>
      <trkpt lat="50.87875" lon="4.55058">
        <ele>57</ele>
      </trkpt>
      <trkpt lat="50.87884" lon="4.55119">
        <ele>54</ele>
      </trkpt>
    </trkseg>
  </trk>
</gpx>