<?xml version='1.0' encoding='UTF-8'?>
<gpx xmlns="http://www.topografix.com/GPX/1/1" xmlns:xsi="http://www.w3.org/2001/XMLSchema-instance" creator="RouteYou" version="1.1" xsi:schemaLocation="http://www.topografix.com/GPX/1/1 http://www.topografix.com/GPX/1/1/gpx.xsd">
  <trk>
    <name>Steenhuffel 2025</name>
    <desc />
    <trkseg>
      <trkpt lat="50.8789" lon="4.5517">
        <ele>48</ele>
      </trkpt>
      <trkpt lat="50.8788" lon="4.55086">
        <ele>48</ele>
      </trkpt>
      <trkpt lat="50.87859" lon="4.54962">
        <ele>49</ele>
      </trkpt>
      <trkpt lat="50.87847" lon="4.54906">
        <ele>50</ele>
      </trkpt>
      <trkpt lat="50.87825" lon="4.5483">
        <ele>51</ele>
      </trkpt>
      <trkpt lat="50.87805" lon="4.54777">
        <ele>52</ele>
      </trkpt>
      <trkpt lat="50.87783" lon="4.54728">
        <ele>53</ele>
      </trkpt>
      <trkpt lat="50.87759" lon="4.54667">
        <ele>53</ele>
      </trkpt>
      <trkpt lat="50.87722" lon="4.54561">
        <ele>52</ele>
      </trkpt>
      <trkpt lat="50.87645" lon="4.544">
        <ele>54</ele>
      </trkpt>
      <trkpt lat="50.87644" lon="4.54395">
        <ele>54</ele>
      </trkpt>
      <trkpt lat="50.87637" lon="4.54381">
        <ele>54</ele>
      </trkpt>
      <trkpt lat="50.87635" lon="4.54377">
        <ele>54</ele>
      </trkpt>
      <trkpt lat="50.8763" lon="4.54378">
        <ele>54</ele>
      </trkpt>
      <trkpt lat="50.87604" lon="4.54284">
        <ele>55</ele>
      </trkpt>
      <trkpt lat="50.87596" lon="4.54242">
        <ele>55</ele>
      </trkpt>
      <trkpt lat="50.87593" lon="4.5421">
        <ele>55</ele>
      </trkpt>
      <trkpt lat="50.87594" lon="4.54184">
        <ele>54</ele>
      </trkpt>
      <trkpt lat="50.87598" lon="4.54159">
        <ele>54</ele>
      </trkpt>
      <trkpt lat="50.87605" lon="4.54126">
        <ele>53</ele>
      </trkpt>
      <trkpt lat="50.87622" lon="4.54087">
        <ele>52</ele>
      </trkpt>
      <trkpt lat="50.8763" lon="4.5409">
        <ele>52</ele>
      </trkpt>
      <trkpt lat="50.87639" lon="4.54091">
        <ele>52</ele>
      </trkpt>
      <trkpt lat="50.87645" lon="4.54087">
        <ele>52</ele>
      </trkpt>
      <trkpt lat="50.87705" lon="4.54074">
        <ele>50</ele>
      </trkpt>
      <trkpt lat="50.87749" lon="4.54065">
        <ele>49</ele>
      </trkpt>
      <trkpt lat="50.87808" lon="4.54071">
        <ele>49</ele>
      </trkpt>
      <trkpt lat="50.87902" lon="4.54059">
        <ele>48</ele>
      </trkpt>
      <trkpt lat="50.87914" lon="4.54061">
        <ele>48</ele>
      </trkpt>
      <trkpt lat="50.87918" lon="4.54064">
        <ele>48</ele>
      </trkpt>
      <trkpt lat="50.87983" lon="4.54199">
        <ele>47</ele>
      </trkpt>
      <trkpt lat="50.87999" lon="4.54219">
        <ele>47</ele>
      </trkpt>
      <trkpt lat="50.88088" lon="4.54312">
        <ele>45</ele>
      </trkpt>
      <trkpt lat="50.88123" lon="4.54355">
        <ele>45</ele>
      </trkpt>
      <trkpt lat="50.88131" lon="4.54363">
        <ele>45</ele>
      </trkpt>
      <trkpt lat="50.8814" lon="4.54368">
        <ele>45</ele>
      </trkpt>
      <trkpt lat="50.88145" lon="4.54371">
        <ele>45</ele>
      </trkpt>
      <trkpt lat="50.88204" lon="4.54379">
        <ele>44</ele>
      </trkpt>
      <trkpt lat="50.88212" lon="4.54384">
        <ele>44</ele>
      </trkpt>
      <trkpt lat="50.88219" lon="4.54394">
        <ele>44</ele>
      </trkpt>
      <trkpt lat="50.88235" lon="4.54441">
        <ele>45</ele>
      </trkpt>
      <trkpt lat="50.88248" lon="4.54453">
        <ele>45</ele>
      </trkpt>
      <trkpt lat="50.8826" lon="4.54456">
        <ele>45</ele>
      </trkpt>
      <trkpt lat="50.88344" lon="4.54456">
        <ele>42</ele>
      </trkpt>
      <trkpt lat="50.8835" lon="4.54458">
        <ele>42</ele>
      </trkpt>
      <trkpt lat="50.88397" lon="4.54496">
        <ele>41</ele>
      </trkpt>
      <trkpt lat="50.88432" lon="4.54511">
        <ele>41</ele>
      </trkpt>
      <trkpt lat="50.88494" lon="4.54523">
        <ele>41</ele>
      </trkpt>
      <trkpt lat="50.88538" lon="4.54537">
        <ele>41</ele>
      </trkpt>
      <trkpt lat="50.88558" lon="4.54531">
        <ele>41</ele>
      </trkpt>
      <trkpt lat="50.88598" lon="4.54513">
        <ele>41</ele>
      </trkpt>
      <trkpt lat="50.88759" lon="4.54437">
        <ele>43</ele>
      </trkpt>
      <trkpt lat="50.88837" lon="4.54401">
        <ele>43</ele>
      </trkpt>
      <trkpt lat="50.88839" lon="4.54409">
        <ele>44</ele>
      </trkpt>
      <trkpt lat="50.88868" lon="4.5439">
        <ele>44</ele>
      </trkpt>
      <trkpt lat="50.88917" lon="4.54365">
        <ele>44</ele>
      </trkpt>
      <trkpt lat="50.89109" lon="4.54276">
        <ele>43</ele>
      </trkpt>
      <trkpt lat="50.89249" lon="4.54209">
        <ele>43</ele>
      </trkpt>
      <trkpt lat="50.89253" lon="4.54205">
        <ele>43</ele>
      </trkpt>
      <trkpt lat="50.89258" lon="4.54196">
        <ele>43</ele>
      </trkpt>
      <trkpt lat="50.89261" lon="4.54177">
        <ele>42</ele>
      </trkpt>
      <trkpt lat="50.89254" lon="4.54097">
        <ele>41</ele>
      </trkpt>
      <trkpt lat="50.89246" lon="4.54032">
        <ele>44</ele>
      </trkpt>
      <trkpt lat="50.89235" lon="4.53964">
        <ele>47</ele>
      </trkpt>
      <trkpt lat="50.89233" lon="4.53947">
        <ele>43</ele>
      </trkpt>
      <trkpt lat="50.89234" lon="4.5392">
        <ele>41</ele>
      </trkpt>
      <trkpt lat="50.8924" lon="4.53895">
        <ele>43</ele>
      </trkpt>
      <trkpt lat="50.89248" lon="4.53874">
        <ele>43</ele>
      </trkpt>
      <trkpt lat="50.89258" lon="4.5386">
        <ele>42</ele>
      </trkpt>
      <trkpt lat="50.89273" lon="4.53847">
        <ele>42</ele>
      </trkpt>
      <trkpt lat="50.89288" lon="4.53842">
        <ele>42</ele>
      </trkpt>
      <trkpt lat="50.89299" lon="4.53842">
        <ele>45</ele>
      </trkpt>
      <trkpt lat="50.89327" lon="4.53848">
        <ele>46</ele>
      </trkpt>
      <trkpt lat="50.89344" lon="4.53844">
        <ele>45</ele>
      </trkpt>
      <trkpt lat="50.89348" lon="4.53836">
        <ele>45</ele>
      </trkpt>
      <trkpt lat="50.89351" lon="4.53835">
        <ele>45</ele>
      </trkpt>
      <trkpt lat="50.89355" lon="4.53834">
        <ele>45</ele>
      </trkpt>
      <trkpt lat="50.89359" lon="4.53836">
        <ele>45</ele>
      </trkpt>
      <trkpt lat="50.89363" lon="4.53845">
        <ele>45</ele>
      </trkpt>
      <trkpt lat="50.89363" lon="4.53854">
        <ele>45</ele>
      </trkpt>
      <trkpt lat="50.8936" lon="4.53862">
        <ele>44</ele>
      </trkpt>
      <trkpt lat="50.89379" lon="4.53895">
        <ele>43</ele>
      </trkpt>
      <trkpt lat="50.8959" lon="4.54252">
        <ele>41</ele>
      </trkpt>
      <trkpt lat="50.8963" lon="4.54318">
        <ele>40</ele>
      </trkpt>
      <trkpt lat="50.89666" lon="4.54372">
        <ele>40</ele>
      </trkpt>
      <trkpt lat="50.89751" lon="4.54483">
        <ele>39</ele>
      </trkpt>
      <trkpt lat="50.89775" lon="4.54499">
        <ele>39</ele>
      </trkpt>
      <trkpt lat="50.89793" lon="4.54517">
        <ele>39</ele>
      </trkpt>
      <trkpt lat="50.89882" lon="4.54596">
        <ele>38</ele>
      </trkpt>
      <trkpt lat="50.89919" lon="4.54636">
        <ele>38</ele>
      </trkpt>
      <trkpt lat="50.89941" lon="4.54655">
        <ele>39</ele>
      </trkpt>
      <trkpt lat="50.90037" lon="4.54762">
        <ele>39</ele>
      </trkpt>
      <trkpt lat="50.90064" lon="4.54806">
        <ele>39</ele>
      </trkpt>
      <trkpt lat="50.90092" lon="4.5487">
        <ele>38</ele>
      </trkpt>
      <trkpt lat="50.90169" lon="4.55053">
        <ele>37</ele>
      </trkpt>
      <trkpt lat="50.90228" lon="4.5522">
        <ele>36</ele>
      </trkpt>
      <trkpt lat="50.90254" lon="4.55286">
        <ele>37</ele>
      </trkpt>
      <trkpt lat="50.90278" lon="4.55344">
        <ele>37</ele>
      </trkpt>
      <trkpt lat="50.90287" lon="4.55359">
        <ele>37</ele>
      </trkpt>
      <trkpt lat="50.90338" lon="4.55512">
        <ele>36</ele>
      </trkpt>
      <trkpt lat="50.90368" lon="4.55614">
        <ele>35</ele>
      </trkpt>
      <trkpt lat="50.90399" lon="4.55713">
        <ele>35</ele>
      </trkpt>
      <trkpt lat="50.90437" lon="4.55799">
        <ele>34</ele>
      </trkpt>
      <trkpt lat="50.90442" lon="4.55815">
        <ele>34</ele>
      </trkpt>
      <trkpt lat="50.90466" lon="4.55907">
        <ele>34</ele>
      </trkpt>
      <trkpt lat="50.90515" lon="4.56057">
        <ele>32</ele>
      </trkpt>
      <trkpt lat="50.90543" lon="4.56132">
        <ele>31</ele>
      </trkpt>
      <trkpt lat="50.90551" lon="4.5615">
        <ele>31</ele>
      </trkpt>
      <trkpt lat="50.90651" lon="4.56297">
        <ele>29</ele>
      </trkpt>
      <trkpt lat="50.90793" lon="4.56497">
        <ele>27</ele>
      </trkpt>
      <trkpt lat="50.90796" lon="4.5651">
        <ele>27</ele>
      </trkpt>
      <trkpt lat="50.90795" lon="4.56515">
        <ele>27</ele>
      </trkpt>
      <trkpt lat="50.90796" lon="4.5651">
        <ele>27</ele>
      </trkpt>
      <trkpt lat="50.90795" lon="4.56515">
        <ele>27</ele>
      </trkpt>
      <trkpt lat="50.90839" lon="4.56543">
        <ele>27</ele>
      </trkpt>
      <trkpt lat="50.90864" lon="4.56544">
        <ele>27</ele>
      </trkpt>
      <trkpt lat="50.9088" lon="4.56534">
        <ele>27</ele>
      </trkpt>
      <trkpt lat="50.91071" lon="4.56368">
        <ele>28</ele>
      </trkpt>
      <trkpt lat="50.91099" lon="4.56348">
        <ele>28</ele>
      </trkpt>
      <trkpt lat="50.91121" lon="4.56339">
        <ele>28</ele>
      </trkpt>
      <trkpt lat="50.91151" lon="4.56333">
        <ele>28</ele>
      </trkpt>
      <trkpt lat="50.91172" lon="4.56335">
        <ele>28</ele>
      </trkpt>
      <trkpt lat="50.91543" lon="4.56432">
        <ele>26</ele>
      </trkpt>
      <trkpt lat="50.91575" lon="4.56434">
        <ele>25</ele>
      </trkpt>
      <trkpt lat="50.91599" lon="4.56431">
        <ele>25</ele>
      </trkpt>
      <trkpt lat="50.91608" lon="4.5643">
        <ele>25</ele>
      </trkpt>
      <trkpt lat="50.9164" lon="4.56416">
        <ele>25</ele>
      </trkpt>
      <trkpt lat="50.91661" lon="4.56403">
        <ele>25</ele>
      </trkpt>
      <trkpt lat="50.91738" lon="4.56346">
        <ele>24</ele>
      </trkpt>
      <trkpt lat="50.91786" lon="4.56314">
        <ele>24</ele>
      </trkpt>
      <trkpt lat="50.91811" lon="4.56305">
        <ele>24</ele>
      </trkpt>
      <trkpt lat="50.91837" lon="4.56303">
        <ele>24</ele>
      </trkpt>
      <trkpt lat="50.91858" lon="4.56305">
        <ele>24</ele>
      </trkpt>
      <trkpt lat="50.91869" lon="4.56301">
        <ele>23</ele>
      </trkpt>
      <trkpt lat="50.91934" lon="4.56254">
        <ele>23</ele>
      </trkpt>
      <trkpt lat="50.91979" lon="4.56213">
        <ele>22</ele>
      </trkpt>
      <trkpt lat="50.91987" lon="4.56206">
        <ele>22</ele>
      </trkpt>
      <trkpt lat="50.91992" lon="4.56197">
        <ele>22</ele>
      </trkpt>
      <trkpt lat="50.91999" lon="4.56156">
        <ele>21</ele>
      </trkpt>
      <trkpt lat="50.92006" lon="4.56136">
        <ele>21</ele>
      </trkpt>
      <trkpt lat="50.92034" lon="4.56095">
        <ele>20</ele>
      </trkpt>
      <trkpt lat="50.92043" lon="4.5608">
        <ele>20</ele>
      </trkpt>
      <trkpt lat="50.92052" lon="4.56057">
        <ele>20</ele>
      </trkpt>
      <trkpt lat="50.92043" lon="4.56031">
        <ele>20</ele>
      </trkpt>
      <trkpt lat="50.92022" lon="4.55994">
        <ele>20</ele>
      </trkpt>
      <trkpt lat="50.92" lon="4.55964">
        <ele>20</ele>
      </trkpt>
      <trkpt lat="50.92006" lon="4.55933">
        <ele>21</ele>
      </trkpt>
      <trkpt lat="50.92015" lon="4.55893">
        <ele>21</ele>
      </trkpt>
      <trkpt lat="50.92029" lon="4.55835">
        <ele>21</ele>
      </trkpt>
      <trkpt lat="50.92057" lon="4.55744">
        <ele>22</ele>
      </trkpt>
      <trkpt lat="50.92191" lon="4.55366">
        <ele>24</ele>
      </trkpt>
      <trkpt lat="50.92208" lon="4.55325">
        <ele>24</ele>
      </trkpt>
      <trkpt lat="50.92204" lon="4.55318">
        <ele>24</ele>
      </trkpt>
      <trkpt lat="50.92204" lon="4.5531">
        <ele>24</ele>
      </trkpt>
      <trkpt lat="50.92208" lon="4.55303">
        <ele>23</ele>
      </trkpt>
      <trkpt lat="50.92211" lon="4.55302">
        <ele>23</ele>
      </trkpt>
      <trkpt lat="50.92203" lon="4.55284">
        <ele>24</ele>
      </trkpt>
      <trkpt lat="50.92199" lon="4.55264">
        <ele>24</ele>
      </trkpt>
      <trkpt lat="50.92199" lon="4.55216">
        <ele>23</ele>
      </trkpt>
      <trkpt lat="50.92217" lon="4.55047">
        <ele>23</ele>
      </trkpt>
      <trkpt lat="50.92219" lon="4.55016">
        <ele>23</ele>
      </trkpt>
      <trkpt lat="50.92219" lon="4.54961">
        <ele>22</ele>
      </trkpt>
      <trkpt lat="50.9222" lon="4.549">
        <ele>22</ele>
      </trkpt>
      <trkpt lat="50.92224" lon="4.54862">
        <ele>22</ele>
      </trkpt>
      <trkpt lat="50.92234" lon="4.54809">
        <ele>22</ele>
      </trkpt>
      <trkpt lat="50.92286" lon="4.54816">
        <ele>20</ele>
      </trkpt>
      <trkpt lat="50.92404" lon="4.54807">
        <ele>16</ele>
      </trkpt>
      <trkpt lat="50.92422" lon="4.54814">
        <ele>16</ele>
      </trkpt>
      <trkpt lat="50.92441" lon="4.54831">
        <ele>16</ele>
      </trkpt>
      <trkpt lat="50.92454" lon="4.5485">
        <ele>15</ele>
      </trkpt>
      <trkpt lat="50.92461" lon="4.54867">
        <ele>15</ele>
      </trkpt>
      <trkpt lat="50.92478" lon="4.54915">
        <ele>15</ele>
      </trkpt>
      <trkpt lat="50.92486" lon="4.54932">
        <ele>15</ele>
      </trkpt>
      <trkpt lat="50.9253" lon="4.5499">
        <ele>15</ele>
      </trkpt>
      <trkpt lat="50.92556" lon="4.55004">
        <ele>15</ele>
      </trkpt>
      <trkpt lat="50.92582" lon="4.55009">
        <ele>15</ele>
      </trkpt>
      <trkpt lat="50.92755" lon="4.55031">
        <ele>14</ele>
      </trkpt>
      <trkpt lat="50.92778" lon="4.55027">
        <ele>14</ele>
      </trkpt>
      <trkpt lat="50.92803" lon="4.55017">
        <ele>13</ele>
      </trkpt>
      <trkpt lat="50.92825" lon="4.55">
        <ele>13</ele>
      </trkpt>
      <trkpt lat="50.92848" lon="4.54975">
        <ele>13</ele>
      </trkpt>
      <trkpt lat="50.92934" lon="4.54861">
        <ele>13</ele>
      </trkpt>
      <trkpt lat="50.92972" lon="4.54818">
        <ele>14</ele>
      </trkpt>
      <trkpt lat="50.9298" lon="4.54801">
        <ele>14</ele>
      </trkpt>
      <trkpt lat="50.92985" lon="4.54786">
        <ele>14</ele>
      </trkpt>
      <trkpt lat="50.93035" lon="4.54559">
        <ele>17</ele>
      </trkpt>
      <trkpt lat="50.93037" lon="4.54533">
        <ele>17</ele>
      </trkpt>
      <trkpt lat="50.93036" lon="4.54503">
        <ele>17</ele>
      </trkpt>
      <trkpt lat="50.93031" lon="4.5445">
        <ele>18</ele>
      </trkpt>
      <trkpt lat="50.9303" lon="4.54427">
        <ele>18</ele>
      </trkpt>
      <trkpt lat="50.93033" lon="4.54374">
        <ele>18</ele>
      </trkpt>
      <trkpt lat="50.93038" lon="4.54337">
        <ele>19</ele>
      </trkpt>
      <trkpt lat="50.93053" lon="4.54274">
        <ele>19</ele>
      </trkpt>
      <trkpt lat="50.93077" lon="4.54187">
        <ele>20</ele>
      </trkpt>
      <trkpt lat="50.93083" lon="4.54157">
        <ele>20</ele>
      </trkpt>
      <trkpt lat="50.93087" lon="4.54129">
        <ele>20</ele>
      </trkpt>
      <trkpt lat="50.93086" lon="4.54081">
        <ele>20</ele>
      </trkpt>
      <trkpt lat="50.93081" lon="4.54013">
        <ele>19</ele>
      </trkpt>
      <trkpt lat="50.93096" lon="4.53942">
        <ele>18</ele>
      </trkpt>
      <trkpt lat="50.93115" lon="4.53885">
        <ele>17</ele>
      </trkpt>
      <trkpt lat="50.93126" lon="4.53852">
        <ele>16</ele>
      </trkpt>
      <trkpt lat="50.93157" lon="4.53777">
        <ele>16</ele>
      </trkpt>
      <trkpt lat="50.93181" lon="4.53739">
        <ele>15</ele>
      </trkpt>
      <trkpt lat="50.93209" lon="4.53706">
        <ele>15</ele>
      </trkpt>
      <trkpt lat="50.93215" lon="4.53698">
        <ele>15</ele>
      </trkpt>
      <trkpt lat="50.93286" lon="4.5391">
        <ele>16</ele>
      </trkpt>
      <trkpt lat="50.93303" lon="4.53904">
        <ele>16</ele>
      </trkpt>
      <trkpt lat="50.93404" lon="4.53864">
        <ele>14</ele>
      </trkpt>
      <trkpt lat="50.93457" lon="4.53846">
        <ele>14</ele>
      </trkpt>
      <trkpt lat="50.93491" lon="4.53843">
        <ele>14</ele>
      </trkpt>
      <trkpt lat="50.93524" lon="4.53847">
        <ele>14</ele>
      </trkpt>
      <trkpt lat="50.93583" lon="4.53845">
        <ele>14</ele>
      </trkpt>
      <trkpt lat="50.93625" lon="4.53835">
        <ele>13</ele>
      </trkpt>
      <trkpt lat="50.93777" lon="4.53766">
        <ele>13</ele>
      </trkpt>
      <trkpt lat="50.93841" lon="4.53728">
        <ele>13</ele>
      </trkpt>
      <trkpt lat="50.93915" lon="4.53672">
        <ele>13</ele>
      </trkpt>
      <trkpt lat="50.93973" lon="4.53622">
        <ele>12</ele>
      </trkpt>
      <trkpt lat="50.94025" lon="4.53566">
        <ele>11</ele>
      </trkpt>
      <trkpt lat="50.9417" lon="4.53395">
        <ele>11</ele>
      </trkpt>
      <trkpt lat="50.9421" lon="4.53358">
        <ele>11</ele>
      </trkpt>
      <trkpt lat="50.94213" lon="4.53349">
        <ele>11</ele>
      </trkpt>
      <trkpt lat="50.94224" lon="4.53351">
        <ele>11</ele>
      </trkpt>
      <trkpt lat="50.94216" lon="4.53294">
        <ele>12</ele>
      </trkpt>
      <trkpt lat="50.94211" lon="4.53258">
        <ele>12</ele>
      </trkpt>
      <trkpt lat="50.94209" lon="4.53119">
        <ele>12</ele>
      </trkpt>
      <trkpt lat="50.94211" lon="4.53046">
        <ele>12</ele>
      </trkpt>
      <trkpt lat="50.94218" lon="4.52956">
        <ele>12</ele>
      </trkpt>
      <trkpt lat="50.94225" lon="4.52908">
        <ele>12</ele>
      </trkpt>
      <trkpt lat="50.94242" lon="4.52825">
        <ele>11</ele>
      </trkpt>
      <trkpt lat="50.94269" lon="4.52733">
        <ele>11</ele>
      </trkpt>
      <trkpt lat="50.94333" lon="4.52566">
        <ele>11</ele>
      </trkpt>
      <trkpt lat="50.9434" lon="4.52541">
        <ele>11</ele>
      </trkpt>
      <trkpt lat="50.94347" lon="4.52501">
        <ele>11</ele>
      </trkpt>
      <trkpt lat="50.9435" lon="4.52477">
        <ele>11</ele>
      </trkpt>
      <trkpt lat="50.9435" lon="4.52422">
        <ele>10</ele>
      </trkpt>
      <trkpt lat="50.94333" lon="4.52237">
        <ele>10</ele>
      </trkpt>
      <trkpt lat="50.94333" lon="4.5217">
        <ele>10</ele>
      </trkpt>
      <trkpt lat="50.9434" lon="4.52107">
        <ele>10</ele>
      </trkpt>
      <trkpt lat="50.9437" lon="4.51886">
        <ele>10</ele>
      </trkpt>
      <trkpt lat="50.94388" lon="4.51588">
        <ele>10</ele>
      </trkpt>
      <trkpt lat="50.94386" lon="4.51538">
        <ele>10</ele>
      </trkpt>
      <trkpt lat="50.94382" lon="4.51496">
        <ele>10</ele>
      </trkpt>
      <trkpt lat="50.94348" lon="4.51363">
        <ele>10</ele>
      </trkpt>
      <trkpt lat="50.94294" lon="4.51145">
        <ele>11</ele>
      </trkpt>
      <trkpt lat="50.94288" lon="4.51125">
        <ele>11</ele>
      </trkpt>
      <trkpt lat="50.9416" lon="4.50881">
        <ele>11</ele>
      </trkpt>
      <trkpt lat="50.94089" lon="4.50748">
        <ele>11</ele>
      </trkpt>
      <trkpt lat="50.94079" lon="4.50735">
        <ele>11</ele>
      </trkpt>
      <trkpt lat="50.94063" lon="4.50719">
        <ele>11</ele>
      </trkpt>
      <trkpt lat="50.94077" lon="4.50698">
        <ele>11</ele>
      </trkpt>
      <trkpt lat="50.94181" lon="4.50609">
        <ele>10</ele>
      </trkpt>
      <trkpt lat="50.94343" lon="4.50472">
        <ele>10</ele>
      </trkpt>
      <trkpt lat="50.94476" lon="4.50358">
        <ele>10</ele>
      </trkpt>
      <trkpt lat="50.94511" lon="4.50331">
        <ele>10</ele>
      </trkpt>
      <trkpt lat="50.94538" lon="4.5032">
        <ele>9</ele>
      </trkpt>
      <trkpt lat="50.9455" lon="4.50318">
        <ele>9</ele>
      </trkpt>
      <trkpt lat="50.94652" lon="4.50343">
        <ele>9</ele>
      </trkpt>
      <trkpt lat="50.94689" lon="4.50337">
        <ele>9</ele>
      </trkpt>
      <trkpt lat="50.94711" lon="4.50329">
        <ele>9</ele>
      </trkpt>
      <trkpt lat="50.94792" lon="4.50282">
        <ele>9</ele>
      </trkpt>
      <trkpt lat="50.94805" lon="4.50281">
        <ele>9</ele>
      </trkpt>
      <trkpt lat="50.95074" lon="4.50283">
        <ele>9</ele>
      </trkpt>
      <trkpt lat="50.95118" lon="4.50274">
        <ele>8</ele>
      </trkpt>
      <trkpt lat="50.95133" lon="4.50268">
        <ele>8</ele>
      </trkpt>
      <trkpt lat="50.95149" lon="4.50255">
        <ele>8</ele>
      </trkpt>
      <trkpt lat="50.95156" lon="4.50246">
        <ele>8</ele>
      </trkpt>
      <trkpt lat="50.95256" lon="4.50117">
        <ele>8</ele>
      </trkpt>
      <trkpt lat="50.95271" lon="4.50095">
        <ele>8</ele>
      </trkpt>
      <trkpt lat="50.95307" lon="4.50024">
        <ele>8</ele>
      </trkpt>
      <trkpt lat="50.95319" lon="4.49983">
        <ele>8</ele>
      </trkpt>
      <trkpt lat="50.95329" lon="4.49935">
        <ele>8</ele>
      </trkpt>
      <trkpt lat="50.95328" lon="4.49935">
        <ele>8</ele>
      </trkpt>
      <trkpt lat="50.95384" lon="4.49659">
        <ele>7</ele>
      </trkpt>
      <trkpt lat="50.95395" lon="4.49663">
        <ele>7</ele>
      </trkpt>
      <trkpt lat="50.95398" lon="4.49456">
        <ele>8</ele>
      </trkpt>
      <trkpt lat="50.95395" lon="4.4941">
        <ele>7</ele>
      </trkpt>
      <trkpt lat="50.95369" lon="4.49339">
        <ele>7</ele>
      </trkpt>
      <trkpt lat="50.95338" lon="4.49278">
        <ele>7</ele>
      </trkpt>
      <trkpt lat="50.95313" lon="4.49216">
        <ele>7</ele>
      </trkpt>
      <trkpt lat="50.95302" lon="4.49186">
        <ele>7</ele>
      </trkpt>
      <trkpt lat="50.95283" lon="4.491">
        <ele>8</ele>
      </trkpt>
      <trkpt lat="50.95312" lon="4.49091">
        <ele>7</ele>
      </trkpt>
      <trkpt lat="50.95469" lon="4.49017">
        <ele>6</ele>
      </trkpt>
      <trkpt lat="50.95515" lon="4.49013">
        <ele>6</ele>
      </trkpt>
      <trkpt lat="50.95556" lon="4.49017">
        <ele>6</ele>
      </trkpt>
      <trkpt lat="50.95608" lon="4.49034">
        <ele>6</ele>
      </trkpt>
      <trkpt lat="50.95688" lon="4.49061">
        <ele>6</ele>
      </trkpt>
      <trkpt lat="50.95832" lon="4.49096">
        <ele>7</ele>
      </trkpt>
      <trkpt lat="50.95859" lon="4.49099">
        <ele>7</ele>
      </trkpt>
      <trkpt lat="50.95871" lon="4.49101">
        <ele>7</ele>
      </trkpt>
      <trkpt lat="50.9593" lon="4.49095">
        <ele>7</ele>
      </trkpt>
      <trkpt lat="50.95942" lon="4.49097">
        <ele>7</ele>
      </trkpt>
      <trkpt lat="50.9595" lon="4.49102">
        <ele>7</ele>
      </trkpt>
      <trkpt lat="50.96025" lon="4.49174">
        <ele>7</ele>
      </trkpt>
      <trkpt lat="50.96035" lon="4.4918">
        <ele>7</ele>
      </trkpt>
      <trkpt lat="50.96043" lon="4.49182">
        <ele>7</ele>
      </trkpt>
      <trkpt lat="50.9606" lon="4.49182">
        <ele>7</ele>
      </trkpt>
      <trkpt lat="50.96064" lon="4.49183">
        <ele>7</ele>
      </trkpt>
      <trkpt lat="50.96084" lon="4.49193">
        <ele>6</ele>
      </trkpt>
      <trkpt lat="50.96084" lon="4.49192">
        <ele>6</ele>
      </trkpt>
      <trkpt lat="50.96122" lon="4.49212">
        <ele>6</ele>
      </trkpt>
      <trkpt lat="50.96291" lon="4.49307">
        <ele>6</ele>
      </trkpt>
      <trkpt lat="50.963" lon="4.49312">
        <ele>7</ele>
      </trkpt>
      <trkpt lat="50.96346" lon="4.49221">
        <ele>10</ele>
      </trkpt>
      <trkpt lat="50.96456" lon="4.49003">
        <ele>11</ele>
      </trkpt>
      <trkpt lat="50.96521" lon="4.48872">
        <ele>10</ele>
      </trkpt>
      <trkpt lat="50.96519" lon="4.4887">
        <ele>10</ele>
      </trkpt>
      <trkpt lat="50.96575" lon="4.48764">
        <ele>8</ele>
      </trkpt>
      <trkpt lat="50.96932" lon="4.48055">
        <ele>8</ele>
      </trkpt>
      <trkpt lat="50.96945" lon="4.48021">
        <ele>8</ele>
      </trkpt>
      <trkpt lat="50.96955" lon="4.47986">
        <ele>7</ele>
      </trkpt>
      <trkpt lat="50.96958" lon="4.47968">
        <ele>6</ele>
      </trkpt>
      <trkpt lat="50.96966" lon="4.47881">
        <ele>7</ele>
      </trkpt>
      <trkpt lat="50.96963" lon="4.4787">
        <ele>7</ele>
      </trkpt>
      <trkpt lat="50.96972" lon="4.47725">
        <ele>6</ele>
      </trkpt>
      <trkpt lat="50.9698" lon="4.47683">
        <ele>6</ele>
      </trkpt>
      <trkpt lat="50.96984" lon="4.47673">
        <ele>6</ele>
      </trkpt>
      <trkpt lat="50.96988" lon="4.47661">
        <ele>7</ele>
      </trkpt>
      <trkpt lat="50.97003" lon="4.47633">
        <ele>7</ele>
      </trkpt>
      <trkpt lat="50.97058" lon="4.47568">
        <ele>8</ele>
      </trkpt>
      <trkpt lat="50.9706" lon="4.47573">
        <ele>8</ele>
      </trkpt>
      <trkpt lat="50.97098" lon="4.47535">
        <ele>8</ele>
      </trkpt>
      <trkpt lat="50.97118" lon="4.47519">
        <ele>7</ele>
      </trkpt>
      <trkpt lat="50.97137" lon="4.47509">
        <ele>7</ele>
      </trkpt>
      <trkpt lat="50.97161" lon="4.47502">
        <ele>7</ele>
      </trkpt>
      <trkpt lat="50.97231" lon="4.47492">
        <ele>7</ele>
      </trkpt>
      <trkpt lat="50.97273" lon="4.47491">
        <ele>8</ele>
      </trkpt>
      <trkpt lat="50.97275" lon="4.47491">
        <ele>8</ele>
      </trkpt>
      <trkpt lat="50.9728" lon="4.47462">
        <ele>8</ele>
      </trkpt>
      <trkpt lat="50.97289" lon="4.47432">
        <ele>8</ele>
      </trkpt>
      <trkpt lat="50.97308" lon="4.47383">
        <ele>7</ele>
      </trkpt>
      <trkpt lat="50.97313" lon="4.47363">
        <ele>7</ele>
      </trkpt>
      <trkpt lat="50.97339" lon="4.47144">
        <ele>7</ele>
      </trkpt>
      <trkpt lat="50.97349" lon="4.47098">
        <ele>7</ele>
      </trkpt>
      <trkpt lat="50.97425" lon="4.46874">
        <ele>8</ele>
      </trkpt>
      <trkpt lat="50.97457" lon="4.46765">
        <ele>7</ele>
      </trkpt>
      <trkpt lat="50.97452" lon="4.46763">
        <ele>7</ele>
      </trkpt>
      <trkpt lat="50.97413" lon="4.46742">
        <ele>7</ele>
      </trkpt>
      <trkpt lat="50.97391" lon="4.4672">
        <ele>7</ele>
      </trkpt>
      <trkpt lat="50.97368" lon="4.46692">
        <ele>7</ele>
      </trkpt>
      <trkpt lat="50.97355" lon="4.4667">
        <ele>7</ele>
      </trkpt>
      <trkpt lat="50.97289" lon="4.46538">
        <ele>7</ele>
      </trkpt>
      <trkpt lat="50.97279" lon="4.4652">
        <ele>7</ele>
      </trkpt>
      <trkpt lat="50.97266" lon="4.46508">
        <ele>7</ele>
      </trkpt>
      <trkpt lat="50.97201" lon="4.46486">
        <ele>8</ele>
      </trkpt>
      <trkpt lat="50.97188" lon="4.46489">
        <ele>7</ele>
      </trkpt>
      <trkpt lat="50.97141" lon="4.46527">
        <ele>7</ele>
      </trkpt>
      <trkpt lat="50.97121" lon="4.46538">
        <ele>7</ele>
      </trkpt>
      <trkpt lat="50.97112" lon="4.46539">
        <ele>7</ele>
      </trkpt>
      <trkpt lat="50.971" lon="4.46536">
        <ele>7</ele>
      </trkpt>
      <trkpt lat="50.97004" lon="4.46467">
        <ele>6</ele>
      </trkpt>
      <trkpt lat="50.96969" lon="4.46446">
        <ele>6</ele>
      </trkpt>
      <trkpt lat="50.96925" lon="4.46404">
        <ele>6</ele>
      </trkpt>
      <trkpt lat="50.96906" lon="4.4638">
        <ele>5</ele>
      </trkpt>
      <trkpt lat="50.96891" lon="4.46342">
        <ele>5</ele>
      </trkpt>
      <trkpt lat="50.96832" lon="4.46183">
        <ele>6</ele>
      </trkpt>
      <trkpt lat="50.96814" lon="4.46134">
        <ele>7</ele>
      </trkpt>
      <trkpt lat="50.96807" lon="4.46095">
        <ele>8</ele>
      </trkpt>
      <trkpt lat="50.96802" lon="4.4607">
        <ele>7</ele>
      </trkpt>
      <trkpt lat="50.96796" lon="4.4607">
        <ele>8</ele>
      </trkpt>
      <trkpt lat="50.96788" lon="4.46065">
        <ele>9</ele>
      </trkpt>
      <trkpt lat="50.96777" lon="4.46053">
        <ele>9</ele>
      </trkpt>
      <trkpt lat="50.96758" lon="4.46024">
        <ele>9</ele>
      </trkpt>
      <trkpt lat="50.96754" lon="4.46035">
        <ele>8</ele>
      </trkpt>
      <trkpt lat="50.96742" lon="4.46067">
        <ele>7</ele>
      </trkpt>
      <trkpt lat="50.96733" lon="4.4608">
        <ele>7</ele>
      </trkpt>
      <trkpt lat="50.96718" lon="4.4609">
        <ele>7</ele>
      </trkpt>
      <trkpt lat="50.96702" lon="4.46092">
        <ele>7</ele>
      </trkpt>
      <trkpt lat="50.9654" lon="4.4609">
        <ele>7</ele>
      </trkpt>
      <trkpt lat="50.96515" lon="4.46082">
        <ele>7</ele>
      </trkpt>
      <trkpt lat="50.96497" lon="4.46071">
        <ele>7</ele>
      </trkpt>
      <trkpt lat="50.96479" lon="4.46055">
        <ele>7</ele>
      </trkpt>
      <trkpt lat="50.96421" lon="4.45982">
        <ele>8</ele>
      </trkpt>
      <trkpt lat="50.96391" lon="4.45958">
        <ele>8</ele>
      </trkpt>
      <trkpt lat="50.96354" lon="4.45938">
        <ele>7</ele>
      </trkpt>
      <trkpt lat="50.96312" lon="4.45922">
        <ele>7</ele>
      </trkpt>
      <trkpt lat="50.9629" lon="4.4591">
        <ele>7</ele>
      </trkpt>
      <trkpt lat="50.96277" lon="4.45899">
        <ele>7</ele>
      </trkpt>
      <trkpt lat="50.96227" lon="4.45827">
        <ele>7</ele>
      </trkpt>
      <trkpt lat="50.96216" lon="4.45804">
        <ele>7</ele>
      </trkpt>
      <trkpt lat="50.96211" lon="4.45786">
        <ele>7</ele>
      </trkpt>
      <trkpt lat="50.96199" lon="4.45706">
        <ele>8</ele>
      </trkpt>
      <trkpt lat="50.96191" lon="4.45663">
        <ele>8</ele>
      </trkpt>
      <trkpt lat="50.96183" lon="4.45601">
        <ele>9</ele>
      </trkpt>
      <trkpt lat="50.96178" lon="4.4558">
        <ele>9</ele>
      </trkpt>
      <trkpt lat="50.96177" lon="4.45574">
        <ele>9</ele>
      </trkpt>
      <trkpt lat="50.96189" lon="4.45575">
        <ele>9</ele>
      </trkpt>
      <trkpt lat="50.96226" lon="4.45564">
        <ele>9</ele>
      </trkpt>
      <trkpt lat="50.96236" lon="4.4555">
        <ele>9</ele>
      </trkpt>
      <trkpt lat="50.96242" lon="4.45537">
        <ele>9</ele>
      </trkpt>
      <trkpt lat="50.96255" lon="4.45509">
        <ele>9</ele>
      </trkpt>
      <trkpt lat="50.96265" lon="4.45492">
        <ele>9</ele>
      </trkpt>
      <trkpt lat="50.96357" lon="4.4535">
        <ele>8</ele>
      </trkpt>
      <trkpt lat="50.96574" lon="4.44978">
        <ele>9</ele>
      </trkpt>
      <trkpt lat="50.9666" lon="4.44785">
        <ele>9</ele>
      </trkpt>
      <trkpt lat="50.9668" lon="4.44749">
        <ele>9</ele>
      </trkpt>
      <trkpt lat="50.96702" lon="4.44703">
        <ele>9</ele>
      </trkpt>
      <trkpt lat="50.96721" lon="4.44664">
        <ele>9</ele>
      </trkpt>
      <trkpt lat="50.9676" lon="4.44574">
        <ele>10</ele>
      </trkpt>
      <trkpt lat="50.96967" lon="4.44016">
        <ele>10</ele>
      </trkpt>
      <trkpt lat="50.97031" lon="4.43847">
        <ele>11</ele>
      </trkpt>
      <trkpt lat="50.97049" lon="4.43807">
        <ele>11</ele>
      </trkpt>
      <trkpt lat="50.9707" lon="4.4377">
        <ele>11</ele>
      </trkpt>
      <trkpt lat="50.97093" lon="4.43736">
        <ele>11</ele>
      </trkpt>
      <trkpt lat="50.97126" lon="4.43696">
        <ele>11</ele>
      </trkpt>
      <trkpt lat="50.97136" lon="4.43687">
        <ele>11</ele>
      </trkpt>
      <trkpt lat="50.97203" lon="4.43648">
        <ele>11</ele>
      </trkpt>
      <trkpt lat="50.97246" lon="4.43602">
        <ele>11</ele>
      </trkpt>
      <trkpt lat="50.97299" lon="4.43522">
        <ele>10</ele>
      </trkpt>
      <trkpt lat="50.97416" lon="4.43334">
        <ele>10</ele>
      </trkpt>
      <trkpt lat="50.97428" lon="4.43314">
        <ele>10</ele>
      </trkpt>
      <trkpt lat="50.97447" lon="4.43274">
        <ele>10</ele>
      </trkpt>
      <trkpt lat="50.97455" lon="4.43248">
        <ele>10</ele>
      </trkpt>
      <trkpt lat="50.97458" lon="4.43222">
        <ele>10</ele>
      </trkpt>
      <trkpt lat="50.9746" lon="4.43175">
        <ele>10</ele>
      </trkpt>
      <trkpt lat="50.97462" lon="4.43022">
        <ele>10</ele>
      </trkpt>
      <trkpt lat="50.97464" lon="4.43002">
        <ele>10</ele>
      </trkpt>
      <trkpt lat="50.97469" lon="4.42984">
        <ele>10</ele>
      </trkpt>
      <trkpt lat="50.97481" lon="4.42959">
        <ele>10</ele>
      </trkpt>
      <trkpt lat="50.97497" lon="4.42935">
        <ele>10</ele>
      </trkpt>
      <trkpt lat="50.97593" lon="4.42809">
        <ele>10</ele>
      </trkpt>
      <trkpt lat="50.97629" lon="4.42757">
        <ele>10</ele>
      </trkpt>
      <trkpt lat="50.97638" lon="4.42739">
        <ele>10</ele>
      </trkpt>
      <trkpt lat="50.97644" lon="4.42718">
        <ele>10</ele>
      </trkpt>
      <trkpt lat="50.9765" lon="4.42592">
        <ele>10</ele>
      </trkpt>
      <trkpt lat="50.97662" lon="4.42506">
        <ele>10</ele>
      </trkpt>
      <trkpt lat="50.97676" lon="4.42443">
        <ele>10</ele>
      </trkpt>
      <trkpt lat="50.97709" lon="4.42327">
        <ele>10</ele>
      </trkpt>
      <trkpt lat="50.97743" lon="4.42261">
        <ele>10</ele>
      </trkpt>
      <trkpt lat="50.97763" lon="4.42227">
        <ele>10</ele>
      </trkpt>
      <trkpt lat="50.97783" lon="4.42187">
        <ele>10</ele>
      </trkpt>
      <trkpt lat="50.97823" lon="4.42084">
        <ele>10</ele>
      </trkpt>
      <trkpt lat="50.97867" lon="4.41983">
        <ele>9</ele>
      </trkpt>
      <trkpt lat="50.97885" lon="4.41947">
        <ele>9</ele>
      </trkpt>
      <trkpt lat="50.97927" lon="4.41875">
        <ele>9</ele>
      </trkpt>
      <trkpt lat="50.98003" lon="4.41733">
        <ele>9</ele>
      </trkpt>
      <trkpt lat="50.98033" lon="4.41683">
        <ele>9</ele>
      </trkpt>
      <trkpt lat="50.98057" lon="4.41657">
        <ele>9</ele>
      </trkpt>
      <trkpt lat="50.98079" lon="4.41639">
        <ele>9</ele>
      </trkpt>
      <trkpt lat="50.98106" lon="4.41622">
        <ele>9</ele>
      </trkpt>
      <trkpt lat="50.98139" lon="4.41606">
        <ele>9</ele>
      </trkpt>
      <trkpt lat="50.98207" lon="4.41585">
        <ele>9</ele>
      </trkpt>
      <trkpt lat="50.98324" lon="4.41567">
        <ele>9</ele>
      </trkpt>
      <trkpt lat="50.9838" lon="4.41561">
        <ele>9</ele>
      </trkpt>
      <trkpt lat="50.98426" lon="4.4154">
        <ele>9</ele>
      </trkpt>
      <trkpt lat="50.98459" lon="4.41522">
        <ele>9</ele>
      </trkpt>
      <trkpt lat="50.98507" lon="4.41503">
        <ele>9</ele>
      </trkpt>
      <trkpt lat="50.98537" lon="4.41494">
        <ele>8</ele>
      </trkpt>
      <trkpt lat="50.98647" lon="4.41475">
        <ele>8</ele>
      </trkpt>
      <trkpt lat="50.98661" lon="4.41477">
        <ele>8</ele>
      </trkpt>
      <trkpt lat="50.98701" lon="4.41494">
        <ele>8</ele>
      </trkpt>
      <trkpt lat="50.98717" lon="4.41496">
        <ele>8</ele>
      </trkpt>
      <trkpt lat="50.98764" lon="4.41488">
        <ele>8</ele>
      </trkpt>
      <trkpt lat="50.9878" lon="4.4149">
        <ele>8</ele>
      </trkpt>
      <trkpt lat="50.98783" lon="4.41491">
        <ele>8</ele>
      </trkpt>
      <trkpt lat="50.98793" lon="4.41506">
        <ele>8</ele>
      </trkpt>
      <trkpt lat="50.98831" lon="4.41577">
        <ele>8</ele>
      </trkpt>
      <trkpt lat="50.98837" lon="4.41585">
        <ele>8</ele>
      </trkpt>
      <trkpt lat="50.98896" lon="4.41611">
        <ele>8</ele>
      </trkpt>
      <trkpt lat="50.98933" lon="4.4161">
        <ele>8</ele>
      </trkpt>
      <trkpt lat="50.98953" lon="4.41605">
        <ele>8</ele>
      </trkpt>
      <trkpt lat="50.98971" lon="4.4159">
        <ele>8</ele>
      </trkpt>
      <trkpt lat="50.99022" lon="4.41544">
        <ele>8</ele>
      </trkpt>
      <trkpt lat="50.99127" lon="4.41464">
        <ele>8</ele>
      </trkpt>
      <trkpt lat="50.99187" lon="4.41416">
        <ele>8</ele>
      </trkpt>
      <trkpt lat="50.99196" lon="4.41437">
        <ele>8</ele>
      </trkpt>
      <trkpt lat="50.99217" lon="4.41495">
        <ele>8</ele>
      </trkpt>
      <trkpt lat="50.99259" lon="4.41623">
        <ele>9</ele>
      </trkpt>
      <trkpt lat="50.99312" lon="4.41778">
        <ele>8</ele>
      </trkpt>
      <trkpt lat="50.99332" lon="4.41819">
        <ele>8</ele>
      </trkpt>
      <trkpt lat="50.99391" lon="4.41911">
        <ele>8</ele>
      </trkpt>
      <trkpt lat="50.99506" lon="4.42083">
        <ele>8</ele>
      </trkpt>
      <trkpt lat="50.99516" lon="4.42092">
        <ele>8</ele>
      </trkpt>
      <trkpt lat="50.99528" lon="4.42113">
        <ele>8</ele>
      </trkpt>
      <trkpt lat="50.99536" lon="4.42124">
        <ele>8</ele>
      </trkpt>
      <trkpt lat="50.99552" lon="4.4214">
        <ele>8</ele>
      </trkpt>
      <trkpt lat="50.99567" lon="4.42152">
        <ele>8</ele>
      </trkpt>
      <trkpt lat="50.9971" lon="4.42232">
        <ele>8</ele>
      </trkpt>
      <trkpt lat="50.99738" lon="4.42252">
        <ele>8</ele>
      </trkpt>
      <trkpt lat="50.99768" lon="4.4228">
        <ele>8</ele>
      </trkpt>
      <trkpt lat="50.99801" lon="4.42324">
        <ele>8</ele>
      </trkpt>
      <trkpt lat="50.99823" lon="4.42361">
        <ele>8</ele>
      </trkpt>
      <trkpt lat="50.99836" lon="4.42389">
        <ele>8</ele>
      </trkpt>
      <trkpt lat="50.99892" lon="4.42527">
        <ele>8</ele>
      </trkpt>
      <trkpt lat="50.9991" lon="4.42567">
        <ele>8</ele>
      </trkpt>
      <trkpt lat="50.99929" lon="4.42582">
        <ele>8</ele>
      </trkpt>
      <trkpt lat="50.99946" lon="4.42589">
        <ele>8</ele>
      </trkpt>
      <trkpt lat="50.99963" lon="4.42588">
        <ele>7</ele>
      </trkpt>
      <trkpt lat="50.99991" lon="4.42576">
        <ele>7</ele>
      </trkpt>
      <trkpt lat="51.00056" lon="4.42555">
        <ele>8</ele>
      </trkpt>
      <trkpt lat="51.00255" lon="4.42512">
        <ele>8</ele>
      </trkpt>
      <trkpt lat="51.00295" lon="4.42499">
        <ele>8</ele>
      </trkpt>
      <trkpt lat="51.00675" lon="4.42353">
        <ele>8</ele>
      </trkpt>
      <trkpt lat="51.00708" lon="4.42347">
        <ele>8</ele>
      </trkpt>
      <trkpt lat="51.00779" lon="4.42356">
        <ele>8</ele>
      </trkpt>
      <trkpt lat="51.00867" lon="4.42366">
        <ele>8</ele>
      </trkpt>
      <trkpt lat="51.00852" lon="4.42285">
        <ele>8</ele>
      </trkpt>
      <trkpt lat="51.00854" lon="4.42267">
        <ele>8</ele>
      </trkpt>
      <trkpt lat="51.00838" lon="4.42226">
        <ele>8</ele>
      </trkpt>
      <trkpt lat="51.00797" lon="4.42047">
        <ele>8</ele>
      </trkpt>
      <trkpt lat="51.00793" lon="4.42019">
        <ele>8</ele>
      </trkpt>
      <trkpt lat="51.00787" lon="4.41964">
        <ele>7</ele>
      </trkpt>
      <trkpt lat="51.00785" lon="4.419">
        <ele>7</ele>
      </trkpt>
      <trkpt lat="51.0079" lon="4.41642">
        <ele>7</ele>
      </trkpt>
      <trkpt lat="51.0078" lon="4.41555">
        <ele>8</ele>
      </trkpt>
      <trkpt lat="51.00778" lon="4.41516">
        <ele>8</ele>
      </trkpt>
      <trkpt lat="51.00781" lon="4.41471">
        <ele>8</ele>
      </trkpt>
      <trkpt lat="51.00927" lon="4.40548">
        <ele>9</ele>
      </trkpt>
      <trkpt lat="51.00932" lon="4.40508">
        <ele>10</ele>
      </trkpt>
      <trkpt lat="51.00935" lon="4.4047">
        <ele>11</ele>
      </trkpt>
      <trkpt lat="51.00936" lon="4.40408">
        <ele>12</ele>
      </trkpt>
      <trkpt lat="51.00931" lon="4.40239">
        <ele>9</ele>
      </trkpt>
      <trkpt lat="51.00899" lon="4.39861">
        <ele>8</ele>
      </trkpt>
      <trkpt lat="51.009" lon="4.39803">
        <ele>8</ele>
      </trkpt>
      <trkpt lat="51.00907" lon="4.39755">
        <ele>8</ele>
      </trkpt>
      <trkpt lat="51.00922" lon="4.39693">
        <ele>8</ele>
      </trkpt>
      <trkpt lat="51.00939" lon="4.39632">
        <ele>8</ele>
      </trkpt>
      <trkpt lat="51.00958" lon="4.39583">
        <ele>7</ele>
      </trkpt>
      <trkpt lat="51.01059" lon="4.394">
        <ele>7</ele>
      </trkpt>
      <trkpt lat="51.01088" lon="4.3933">
        <ele>7</ele>
      </trkpt>
      <trkpt lat="51.01168" lon="4.39114">
        <ele>7</ele>
      </trkpt>
      <trkpt lat="51.01178" lon="4.39072">
        <ele>7</ele>
      </trkpt>
      <trkpt lat="51.0118" lon="4.39026">
        <ele>7</ele>
      </trkpt>
      <trkpt lat="51.01179" lon="4.38965">
        <ele>7</ele>
      </trkpt>
      <trkpt lat="51.0118" lon="4.38957">
        <ele>7</ele>
      </trkpt>
      <trkpt lat="51.01186" lon="4.38946">
        <ele>7</ele>
      </trkpt>
      <trkpt lat="51.01193" lon="4.38941">
        <ele>7</ele>
      </trkpt>
      <trkpt lat="51.01222" lon="4.38934">
        <ele>7</ele>
      </trkpt>
      <trkpt lat="51.01226" lon="4.38927">
        <ele>7</ele>
      </trkpt>
      <trkpt lat="51.01227" lon="4.38918">
        <ele>7</ele>
      </trkpt>
      <trkpt lat="51.01227" lon="4.38897">
        <ele>7</ele>
      </trkpt>
      <trkpt lat="51.01219" lon="4.38838">
        <ele>7</ele>
      </trkpt>
      <trkpt lat="51.01211" lon="4.38762">
        <ele>7</ele>
      </trkpt>
      <trkpt lat="51.01196" lon="4.38407">
        <ele>7</ele>
      </trkpt>
      <trkpt lat="51.01195" lon="4.38252">
        <ele>7</ele>
      </trkpt>
      <trkpt lat="51.01165" lon="4.37394">
        <ele>9</ele>
      </trkpt>
      <trkpt lat="51.0116" lon="4.3739">
        <ele>9</ele>
      </trkpt>
      <trkpt lat="51.01152" lon="4.37157">
        <ele>9</ele>
      </trkpt>
      <trkpt lat="51.01134" lon="4.36755">
        <ele>9</ele>
      </trkpt>
      <trkpt lat="51.01128" lon="4.36677">
        <ele>9</ele>
      </trkpt>
      <trkpt lat="51.01125" lon="4.3661">
        <ele>8</ele>
      </trkpt>
      <trkpt lat="51.01121" lon="4.36573">
        <ele>8</ele>
      </trkpt>
      <trkpt lat="51.01116" lon="4.36457">
        <ele>9</ele>
      </trkpt>
      <trkpt lat="51.01117" lon="4.36446">
        <ele>9</ele>
      </trkpt>
      <trkpt lat="51.01106" lon="4.36095">
        <ele>10</ele>
      </trkpt>
      <trkpt lat="51.01106" lon="4.36075">
        <ele>10</ele>
      </trkpt>
      <trkpt lat="51.01108" lon="4.36064">
        <ele>10</ele>
      </trkpt>
      <trkpt lat="51.01105" lon="4.35962">
        <ele>10</ele>
      </trkpt>
      <trkpt lat="51.01106" lon="4.35936">
        <ele>10</ele>
      </trkpt>
      <trkpt lat="51.01102" lon="4.35872">
        <ele>10</ele>
      </trkpt>
      <trkpt lat="51.01099" lon="4.35858">
        <ele>10</ele>
      </trkpt>
      <trkpt lat="51.01082" lon="4.35446">
        <ele>9</ele>
      </trkpt>
      <trkpt lat="51.01087" lon="4.35432">
        <ele>9</ele>
      </trkpt>
      <trkpt lat="51.01052" lon="4.35419">
        <ele>9</ele>
      </trkpt>
      <trkpt lat="51.01019" lon="4.35403">
        <ele>8</ele>
      </trkpt>
      <trkpt lat="51.00956" lon="4.35373">
        <ele>8</ele>
      </trkpt>
      <trkpt lat="51.00947" lon="4.35366">
        <ele>8</ele>
      </trkpt>
      <trkpt lat="51.00887" lon="4.35309">
        <ele>8</ele>
      </trkpt>
      <trkpt lat="51.00879" lon="4.35306">
        <ele>8</ele>
      </trkpt>
      <trkpt lat="51.00871" lon="4.3531">
        <ele>8</ele>
      </trkpt>
      <trkpt lat="51.00839" lon="4.35346">
        <ele>8</ele>
      </trkpt>
      <trkpt lat="51.00809" lon="4.35397">
        <ele>8</ele>
      </trkpt>
      <trkpt lat="51.00667" lon="4.35224">
        <ele>7</ele>
      </trkpt>
      <trkpt lat="51.00602" lon="4.3515">
        <ele>8</ele>
      </trkpt>
      <trkpt lat="51.00561" lon="4.35103">
        <ele>9</ele>
      </trkpt>
      <trkpt lat="51.00447" lon="4.34942">
        <ele>9</ele>
      </trkpt>
      <trkpt lat="51.00246" lon="4.34674">
        <ele>8</ele>
      </trkpt>
      <trkpt lat="51.00148" lon="4.34534">
        <ele>9</ele>
      </trkpt>
      <trkpt lat="50.99877" lon="4.34186">
        <ele>10</ele>
      </trkpt>
      <trkpt lat="50.99713" lon="4.34022">
        <ele>11</ele>
      </trkpt>
      <trkpt lat="50.99585" lon="4.33901">
        <ele>9</ele>
      </trkpt>
      <trkpt lat="50.99547" lon="4.33866">
        <ele>10</ele>
      </trkpt>
      <trkpt lat="50.996" lon="4.33784">
        <ele>9</ele>
      </trkpt>
      <trkpt lat="50.99627" lon="4.33742">
        <ele>9</ele>
      </trkpt>
      <trkpt lat="50.99551" lon="4.33629">
        <ele>9</ele>
      </trkpt>
      <trkpt lat="50.99548" lon="4.33613">
        <ele>9</ele>
      </trkpt>
      <trkpt lat="50.99551" lon="4.33604">
        <ele>9</ele>
      </trkpt>
      <trkpt lat="50.99622" lon="4.33467">
        <ele>10</ele>
      </trkpt>
      <trkpt lat="50.99647" lon="4.33422">
        <ele>10</ele>
      </trkpt>
      <trkpt lat="50.99709" lon="4.33294">
        <ele>11</ele>
      </trkpt>
      <trkpt lat="50.99729" lon="4.3325">
        <ele>11</ele>
      </trkpt>
      <trkpt lat="50.99881" lon="4.32963">
        <ele>9</ele>
      </trkpt>
      <trkpt lat="50.99884" lon="4.32955">
        <ele>9</ele>
      </trkpt>
      <trkpt lat="50.99884" lon="4.32944">
        <ele>9</ele>
      </trkpt>
      <trkpt lat="50.99879" lon="4.32933">
        <ele>9</ele>
      </trkpt>
      <trkpt lat="50.99782" lon="4.32772">
        <ele>9</ele>
      </trkpt>
      <trkpt lat="50.99724" lon="4.32704">
        <ele>9</ele>
      </trkpt>
      <trkpt lat="50.99657" lon="4.32613">
        <ele>9</ele>
      </trkpt>
      <trkpt lat="50.99536" lon="4.32459">
        <ele>9</ele>
      </trkpt>
      <trkpt lat="50.99586" lon="4.32366">
        <ele>10</ele>
      </trkpt>
      <trkpt lat="50.99595" lon="4.32324">
        <ele>10</ele>
      </trkpt>
      <trkpt lat="50.996" lon="4.32261">
        <ele>10</ele>
      </trkpt>
      <trkpt lat="50.99607" lon="4.32162">
        <ele>10</ele>
      </trkpt>
      <trkpt lat="50.99586" lon="4.31957">
        <ele>10</ele>
      </trkpt>
      <trkpt lat="50.99579" lon="4.31873">
        <ele>10</ele>
      </trkpt>
      <trkpt lat="50.99583" lon="4.31844">
        <ele>10</ele>
      </trkpt>
      <trkpt lat="50.99598" lon="4.31818">
        <ele>11</ele>
      </trkpt>
      <trkpt lat="50.99664" lon="4.31731">
        <ele>11</ele>
      </trkpt>
      <trkpt lat="50.99686" lon="4.31711">
        <ele>11</ele>
      </trkpt>
      <trkpt lat="50.99708" lon="4.31709">
        <ele>11</ele>
      </trkpt>
      <trkpt lat="50.99715" lon="4.31704">
        <ele>11</ele>
      </trkpt>
      <trkpt lat="50.99726" lon="4.31686">
        <ele>11</ele>
      </trkpt>
      <trkpt lat="50.99728" lon="4.31639">
        <ele>10</ele>
      </trkpt>
      <trkpt lat="50.99728" lon="4.31578">
        <ele>10</ele>
      </trkpt>
      <trkpt lat="50.99727" lon="4.31554">
        <ele>10</ele>
      </trkpt>
      <trkpt lat="50.99731" lon="4.3154">
        <ele>10</ele>
      </trkpt>
      <trkpt lat="50.99736" lon="4.31529">
        <ele>10</ele>
      </trkpt>
      <trkpt lat="50.99745" lon="4.31522">
        <ele>10</ele>
      </trkpt>
      <trkpt lat="50.99751" lon="4.3152">
        <ele>10</ele>
      </trkpt>
      <trkpt lat="50.9976" lon="4.31521">
        <ele>10</ele>
      </trkpt>
      <trkpt lat="50.99795" lon="4.31535">
        <ele>10</ele>
      </trkpt>
      <trkpt lat="50.99805" lon="4.31533">
        <ele>10</ele>
      </trkpt>
      <trkpt lat="50.99812" lon="4.31526">
        <ele>10</ele>
      </trkpt>
      <trkpt lat="50.99865" lon="4.31442">
        <ele>11</ele>
      </trkpt>
      <trkpt lat="51.00108" lon="4.30956">
        <ele>12</ele>
      </trkpt>
      <trkpt lat="51.00172" lon="4.30825">
        <ele>12</ele>
      </trkpt>
      <trkpt lat="51.00172" lon="4.30815">
        <ele>11</ele>
      </trkpt>
      <trkpt lat="51.00169" lon="4.30805">
        <ele>12</ele>
      </trkpt>
      <trkpt lat="51.00158" lon="4.30792">
        <ele>12</ele>
      </trkpt>
      <trkpt lat="51.00151" lon="4.30789">
        <ele>12</ele>
      </trkpt>
      <trkpt lat="50.99982" lon="4.30591">
        <ele>11</ele>
      </trkpt>
      <trkpt lat="50.9997" lon="4.30566">
        <ele>11</ele>
      </trkpt>
      <trkpt lat="50.99964" lon="4.3055">
        <ele>11</ele>
      </trkpt>
      <trkpt lat="50.9996" lon="4.30526">
        <ele>11</ele>
      </trkpt>
      <trkpt lat="50.99956" lon="4.30495">
        <ele>11</ele>
      </trkpt>
      <trkpt lat="50.99949" lon="4.30365">
        <ele>13</ele>
      </trkpt>
      <trkpt lat="50.9994" lon="4.30237">
        <ele>13</ele>
      </trkpt>
      <trkpt lat="50.99937" lon="4.30226">
        <ele>13</ele>
      </trkpt>
      <trkpt lat="50.99931" lon="4.30222">
        <ele>13</ele>
      </trkpt>
      <trkpt lat="50.99921" lon="4.30223">
        <ele>13</ele>
      </trkpt>
      <trkpt lat="50.99879" lon="4.30225">
        <ele>13</ele>
      </trkpt>
      <trkpt lat="50.99711" lon="4.30222">
        <ele>11</ele>
      </trkpt>
      <trkpt lat="50.99701" lon="4.30219">
        <ele>11</ele>
      </trkpt>
      <trkpt lat="50.99698" lon="4.30215">
        <ele>11</ele>
      </trkpt>
      <trkpt lat="50.99695" lon="4.30211">
        <ele>11</ele>
      </trkpt>
      <trkpt lat="50.99695" lon="4.30193">
        <ele>12</ele>
      </trkpt>
      <trkpt lat="50.99697" lon="4.30183">
        <ele>12</ele>
      </trkpt>
      <trkpt lat="50.99703" lon="4.30166">
        <ele>12</ele>
      </trkpt>
      <trkpt lat="50.99742" lon="4.3008">
        <ele>12</ele>
      </trkpt>
      <trkpt lat="50.99767" lon="4.3004">
        <ele>12</ele>
      </trkpt>
      <trkpt lat="50.99789" lon="4.30015">
        <ele>11</ele>
      </trkpt>
      <trkpt lat="50.99859" lon="4.29956">
        <ele>11</ele>
      </trkpt>
      <trkpt lat="50.99883" lon="4.29931">
        <ele>11</ele>
      </trkpt>
      <trkpt lat="51.00007" lon="4.29829">
        <ele>12</ele>
      </trkpt>
      <trkpt lat="51.00027" lon="4.29816">
        <ele>12</ele>
      </trkpt>
      <trkpt lat="51.00049" lon="4.2979">
        <ele>12</ele>
      </trkpt>
      <trkpt lat="51.00167" lon="4.29633">
        <ele>11</ele>
      </trkpt>
      <trkpt lat="51.00199" lon="4.29599">
        <ele>11</ele>
      </trkpt>
      <trkpt lat="51.00289" lon="4.29526">
        <ele>10</ele>
      </trkpt>
      <trkpt lat="51.00286" lon="4.29502">
        <ele>11</ele>
      </trkpt>
      <trkpt lat="51.00285" lon="4.29472">
        <ele>11</ele>
      </trkpt>
      <trkpt lat="51.00285" lon="4.29299">
        <ele>11</ele>
      </trkpt>
      <trkpt lat="51.0029" lon="4.29215">
        <ele>11</ele>
      </trkpt>
      <trkpt lat="51.00302" lon="4.29118">
        <ele>11</ele>
      </trkpt>
      <trkpt lat="51.00321" lon="4.29012">
        <ele>10</ele>
      </trkpt>
      <trkpt lat="51.00323" lon="4.2898">
        <ele>10</ele>
      </trkpt>
      <trkpt lat="51.0032" lon="4.28947">
        <ele>11</ele>
      </trkpt>
      <trkpt lat="51.00283" lon="4.28795">
        <ele>10</ele>
      </trkpt>
      <trkpt lat="51.00251" lon="4.28638">
        <ele>11</ele>
      </trkpt>
      <trkpt lat="51.00224" lon="4.28524">
        <ele>11</ele>
      </trkpt>
      <trkpt lat="51.00217" lon="4.28509">
        <ele>11</ele>
      </trkpt>
      <trkpt lat="51.0021" lon="4.28499">
        <ele>11</ele>
      </trkpt>
      <trkpt lat="51.00194" lon="4.28489">
        <ele>11</ele>
      </trkpt>
      <trkpt lat="51.00185" lon="4.28487">
        <ele>11</ele>
      </trkpt>
      <trkpt lat="51.00004" lon="4.28496">
        <ele>11</ele>
      </trkpt>
      <trkpt lat="50.99855" lon="4.28498">
        <ele>12</ele>
      </trkpt>
      <trkpt lat="50.998" lon="4.28493">
        <ele>12</ele>
      </trkpt>
      <trkpt lat="50.99748" lon="4.28472">
        <ele>12</ele>
      </trkpt>
      <trkpt lat="50.99607" lon="4.28402">
        <ele>13</ele>
      </trkpt>
      <trkpt lat="50.99588" lon="4.28387">
        <ele>13</ele>
      </trkpt>
      <trkpt lat="50.9958" lon="4.28378">
        <ele>13</ele>
      </trkpt>
      <trkpt lat="50.99573" lon="4.28366">
        <ele>13</ele>
      </trkpt>
      <trkpt lat="50.99566" lon="4.28348">
        <ele>12</ele>
      </trkpt>
      <trkpt lat="50.99564" lon="4.28338">
        <ele>13</ele>
      </trkpt>
      <trkpt lat="50.99559" lon="4.28307">
        <ele>12</ele>
      </trkpt>
      <trkpt lat="50.99561" lon="4.2828">
        <ele>12</ele>
      </trkpt>
      <trkpt lat="50.99579" lon="4.28122">
        <ele>12</ele>
      </trkpt>
      <trkpt lat="50.99613" lon="4.27545">
        <ele>9</ele>
      </trkpt>
      <trkpt lat="50.99618" lon="4.27482">
        <ele>9</ele>
      </trkpt>
      <trkpt lat="50.99635" lon="4.27294">
        <ele>10</ele>
      </trkpt>
      <trkpt lat="50.99637" lon="4.27253">
        <ele>10</ele>
      </trkpt>
      <trkpt lat="50.99636" lon="4.27219">
        <ele>10</ele>
      </trkpt>
      <trkpt lat="50.99631" lon="4.27173">
        <ele>10</ele>
      </trkpt>
      <trkpt lat="50.99588" lon="4.26895">
        <ele>9</ele>
      </trkpt>
      <trkpt lat="50.99584" lon="4.26869">
        <ele>9</ele>
      </trkpt>
      <trkpt lat="50.99577" lon="4.26846">
        <ele>10</ele>
      </trkpt>
      <trkpt lat="50.99434" lon="4.26929">
        <ele>9</ele>
      </trkpt>
      <trkpt lat="50.99424" lon="4.26937">
        <ele>9</ele>
      </trkpt>
      <trkpt lat="50.99412" lon="4.26939">
        <ele>9</ele>
      </trkpt>
      <trkpt lat="50.9939" lon="4.26932">
        <ele>9</ele>
      </trkpt>
      <trkpt lat="50.99367" lon="4.26914">
        <ele>9</ele>
      </trkpt>
      <trkpt lat="50.99238" lon="4.26793">
        <ele>9</ele>
      </trkpt>
      <trkpt lat="50.99234" lon="4.26785">
        <ele>9</ele>
      </trkpt>
      <trkpt lat="50.99227" lon="4.26781">
        <ele>9</ele>
      </trkpt>
      <trkpt lat="50.99224" lon="4.26782">
        <ele>9</ele>
      </trkpt>
      <trkpt lat="50.99208" lon="4.26764">
        <ele>9</ele>
      </trkpt>
      <trkpt lat="50.9918" lon="4.26726">
        <ele>9</ele>
      </trkpt>
      <trkpt lat="50.99137" lon="4.26659">
        <ele>9</ele>
      </trkpt>
      <trkpt lat="50.99109" lon="4.26627">
        <ele>9</ele>
      </trkpt>
      <trkpt lat="50.99032" lon="4.26574">
        <ele>11</ele>
      </trkpt>
      <trkpt lat="50.98919" lon="4.265">
        <ele>12</ele>
      </trkpt>
      <trkpt lat="50.98917" lon="4.26503">
        <ele>12</ele>
      </trkpt>
      <trkpt lat="50.98889" lon="4.26485">
        <ele>12</ele>
      </trkpt>
      <trkpt lat="50.98881" lon="4.26484">
        <ele>12</ele>
      </trkpt>
      <trkpt lat="50.98871" lon="4.26486">
        <ele>12</ele>
      </trkpt>
      <trkpt lat="50.98851" lon="4.26503">
        <ele>11</ele>
      </trkpt>
      <trkpt lat="50.98842" lon="4.26504">
        <ele>12</ele>
      </trkpt>
      <trkpt lat="50.98739" lon="4.26597">
        <ele>11</ele>
      </trkpt>
      <trkpt lat="50.98695" lon="4.26632">
        <ele>11</ele>
      </trkpt>
      <trkpt lat="50.98463" lon="4.26782">
        <ele>10</ele>
      </trkpt>
      <trkpt lat="50.98418" lon="4.26806">
        <ele>11</ele>
      </trkpt>
      <trkpt lat="50.98261" lon="4.2688">
        <ele>12</ele>
      </trkpt>
      <trkpt lat="50.98128" lon="4.26938">
        <ele>12</ele>
      </trkpt>
      <trkpt lat="50.97791" lon="4.27097">
        <ele>17</ele>
      </trkpt>
      <trkpt lat="50.97682" lon="4.27142">
        <ele>15</ele>
      </trkpt>
      <trkpt lat="50.97599" lon="4.27168">
        <ele>14</ele>
      </trkpt>
      <trkpt lat="50.97486" lon="4.27197">
        <ele>12</ele>
      </trkpt>
      <trkpt lat="50.97462" lon="4.27209">
        <ele>12</ele>
      </trkpt>
      <trkpt lat="50.97437" lon="4.27228">
        <ele>13</ele>
      </trkpt>
      <trkpt lat="50.97421" lon="4.27244">
        <ele>13</ele>
      </trkpt>
      <trkpt lat="50.97408" lon="4.27262">
        <ele>13</ele>
      </trkpt>
      <trkpt lat="50.97353" lon="4.27352">
        <ele>14</ele>
      </trkpt>
      <trkpt lat="50.97299" lon="4.27438">
        <ele>15</ele>
      </trkpt>
      <trkpt lat="50.9727" lon="4.2749">
        <ele>17</ele>
      </trkpt>
      <trkpt lat="50.97256" lon="4.27526">
        <ele>17</ele>
      </trkpt>
      <trkpt lat="50.97248" lon="4.27552">
        <ele>17</ele>
      </trkpt>
      <trkpt lat="50.97246" lon="4.27574">
        <ele>18</ele>
      </trkpt>
      <trkpt lat="50.97236" lon="4.27616">
        <ele>18</ele>
      </trkpt>
      <trkpt lat="50.97227" lon="4.27663">
        <ele>17</ele>
      </trkpt>
      <trkpt lat="50.97256" lon="4.27677">
        <ele>18</ele>
      </trkpt>
      <trkpt lat="50.97269" lon="4.27688">
        <ele>18</ele>
      </trkpt>
      <trkpt lat="50.97284" lon="4.27707">
        <ele>18</ele>
      </trkpt>
      <trkpt lat="50.97296" lon="4.27727">
        <ele>18</ele>
      </trkpt>
      <trkpt lat="50.97302" lon="4.27747">
        <ele>18</ele>
      </trkpt>
      <trkpt lat="50.97327" lon="4.2786">
        <ele>19</ele>
      </trkpt>
      <trkpt lat="50.97341" lon="4.27911">
        <ele>19</ele>
      </trkpt>
      <trkpt lat="50.97347" lon="4.27952">
        <ele>19</ele>
      </trkpt>
      <trkpt lat="50.97353" lon="4.27968">
        <ele>19</ele>
      </trkpt>
      <trkpt lat="50.97359" lon="4.27981">
        <ele>19</ele>
      </trkpt>
      <trkpt lat="50.97393" lon="4.2803">
        <ele>18</ele>
      </trkpt>
      <trkpt lat="50.97403" lon="4.28061">
        <ele>19</ele>
      </trkpt>
      <trkpt lat="50.97437" lon="4.2818">
        <ele>19</ele>
      </trkpt>
      <trkpt lat="50.97482" lon="4.28318">
        <ele>20</ele>
      </trkpt>
      <trkpt lat="50.97493" lon="4.28338">
        <ele>21</ele>
      </trkpt>
      <trkpt lat="50.97519" lon="4.28361">
        <ele>20</ele>
      </trkpt>
      <trkpt lat="50.97637" lon="4.28444">
        <ele>20</ele>
      </trkpt>
      <trkpt lat="50.97654" lon="4.28461">
        <ele>20</ele>
      </trkpt>
      <trkpt lat="50.97924" lon="4.28839">
        <ele>19</ele>
      </trkpt>
      <trkpt lat="50.97946" lon="4.28874">
        <ele>19</ele>
      </trkpt>
      <trkpt lat="50.97973" lon="4.28926">
        <ele>19</ele>
      </trkpt>
      <trkpt lat="50.97997" lon="4.2898">
        <ele>18</ele>
      </trkpt>
      <trkpt lat="50.98334" lon="4.29764">
        <ele>16</ele>
      </trkpt>
      <trkpt lat="50.98413" lon="4.29949">
        <ele>14</ele>
      </trkpt>
      <trkpt lat="50.97951" lon="4.30292">
        <ele>14</ele>
      </trkpt>
      <trkpt lat="50.97752" lon="4.30434">
        <ele>15</ele>
      </trkpt>
      <trkpt lat="50.97541" lon="4.30587">
        <ele>17</ele>
      </trkpt>
      <trkpt lat="50.97523" lon="4.30601">
        <ele>18</ele>
      </trkpt>
      <trkpt lat="50.97505" lon="4.30621">
        <ele>19</ele>
      </trkpt>
      <trkpt lat="50.97473" lon="4.30647">
        <ele>19</ele>
      </trkpt>
      <trkpt lat="50.97346" lon="4.30737">
        <ele>18</ele>
      </trkpt>
      <trkpt lat="50.97345" lon="4.30746">
        <ele>18</ele>
      </trkpt>
      <trkpt lat="50.97319" lon="4.30783">
        <ele>18</ele>
      </trkpt>
      <trkpt lat="50.97311" lon="4.30801">
        <ele>18</ele>
      </trkpt>
      <trkpt lat="50.97306" lon="4.30819">
        <ele>18</ele>
      </trkpt>
      <trkpt lat="50.97198" lon="4.31181">
        <ele>18</ele>
      </trkpt>
      <trkpt lat="50.97182" lon="4.31227">
        <ele>19</ele>
      </trkpt>
      <trkpt lat="50.97175" lon="4.3123">
        <ele>20</ele>
      </trkpt>
      <trkpt lat="50.97156" lon="4.31265">
        <ele>19</ele>
      </trkpt>
      <trkpt lat="50.96985" lon="4.31481">
        <ele>16</ele>
      </trkpt>
      <trkpt lat="50.96965" lon="4.315">
        <ele>16</ele>
      </trkpt>
      <trkpt lat="50.96945" lon="4.31508">
        <ele>16</ele>
      </trkpt>
      <trkpt lat="50.96915" lon="4.31512">
        <ele>17</ele>
      </trkpt>
      <trkpt lat="50.96884" lon="4.31508">
        <ele>17</ele>
      </trkpt>
      <trkpt lat="50.96719" lon="4.31505">
        <ele>19</ele>
      </trkpt>
      <trkpt lat="50.96593" lon="4.31502">
        <ele>18</ele>
      </trkpt>
      <trkpt lat="50.96541" lon="4.31497">
        <ele>18</ele>
      </trkpt>
      <trkpt lat="50.965" lon="4.31481">
        <ele>18</ele>
      </trkpt>
      <trkpt lat="50.9648" lon="4.31471">
        <ele>19</ele>
      </trkpt>
      <trkpt lat="50.96458" lon="4.31456">
        <ele>19</ele>
      </trkpt>
      <trkpt lat="50.96437" lon="4.31437">
        <ele>19</ele>
      </trkpt>
      <trkpt lat="50.96401" lon="4.31395">
        <ele>21</ele>
      </trkpt>
      <trkpt lat="50.96358" lon="4.31329">
        <ele>21</ele>
      </trkpt>
      <trkpt lat="50.96342" lon="4.31308">
        <ele>21</ele>
      </trkpt>
      <trkpt lat="50.96313" lon="4.31277">
        <ele>21</ele>
      </trkpt>
      <trkpt lat="50.96283" lon="4.31252">
        <ele>22</ele>
      </trkpt>
      <trkpt lat="50.96248" lon="4.31233">
        <ele>23</ele>
      </trkpt>
      <trkpt lat="50.96214" lon="4.31222">
        <ele>24</ele>
      </trkpt>
      <trkpt lat="50.96164" lon="4.3122">
        <ele>26</ele>
      </trkpt>
      <trkpt lat="50.96138" lon="4.31223">
        <ele>26</ele>
      </trkpt>
      <trkpt lat="50.96101" lon="4.31235">
        <ele>26</ele>
      </trkpt>
      <trkpt lat="50.96037" lon="4.3126">
        <ele>25</ele>
      </trkpt>
      <trkpt lat="50.95983" lon="4.31289">
        <ele>24</ele>
      </trkpt>
      <trkpt lat="50.95931" lon="4.31321">
        <ele>25</ele>
      </trkpt>
      <trkpt lat="50.95939" lon="4.31375">
        <ele>29</ele>
      </trkpt>
      <trkpt lat="50.95942" lon="4.31399">
        <ele>30</ele>
      </trkpt>
      <trkpt lat="50.95943" lon="4.31456">
        <ele>29</ele>
      </trkpt>
      <trkpt lat="50.95942" lon="4.31594">
        <ele>32</ele>
      </trkpt>
      <trkpt lat="50.95938" lon="4.31655">
        <ele>30</ele>
      </trkpt>
      <trkpt lat="50.95925" lon="4.31746">
        <ele>29</ele>
      </trkpt>
      <trkpt lat="50.95916" lon="4.3178">
        <ele>28</ele>
      </trkpt>
      <trkpt lat="50.95908" lon="4.31798">
        <ele>28</ele>
      </trkpt>
      <trkpt lat="50.95911" lon="4.31807">
        <ele>28</ele>
      </trkpt>
      <trkpt lat="50.95911" lon="4.31812">
        <ele>28</ele>
      </trkpt>
      <trkpt lat="50.95908" lon="4.31821">
        <ele>28</ele>
      </trkpt>
      <trkpt lat="50.959" lon="4.31825">
        <ele>28</ele>
      </trkpt>
      <trkpt lat="50.95895" lon="4.31821">
        <ele>28</ele>
      </trkpt>
      <trkpt lat="50.95892" lon="4.31812">
        <ele>28</ele>
      </trkpt>
      <trkpt lat="50.95888" lon="4.31814">
        <ele>27</ele>
      </trkpt>
      <trkpt lat="50.95879" lon="4.31812">
        <ele>27</ele>
      </trkpt>
      <trkpt lat="50.95857" lon="4.318">
        <ele>27</ele>
      </trkpt>
      <trkpt lat="50.95813" lon="4.31768">
        <ele>27</ele>
      </trkpt>
      <trkpt lat="50.95794" lon="4.3175">
        <ele>27</ele>
      </trkpt>
      <trkpt lat="50.9576" lon="4.31706">
        <ele>27</ele>
      </trkpt>
      <trkpt lat="50.95662" lon="4.3157">
        <ele>27</ele>
      </trkpt>
      <trkpt lat="50.95565" lon="4.3157">
        <ele>29</ele>
      </trkpt>
      <trkpt lat="50.95492" lon="4.31574">
        <ele>30</ele>
      </trkpt>
      <trkpt lat="50.95426" lon="4.3158">
        <ele>31</ele>
      </trkpt>
      <trkpt lat="50.95358" lon="4.31591">
        <ele>32</ele>
      </trkpt>
      <trkpt lat="50.95291" lon="4.31617">
        <ele>32</ele>
      </trkpt>
      <trkpt lat="50.95188" lon="4.31657">
        <ele>33</ele>
      </trkpt>
      <trkpt lat="50.95007" lon="4.31773">
        <ele>35</ele>
      </trkpt>
      <trkpt lat="50.94877" lon="4.319">
        <ele>37</ele>
      </trkpt>
      <trkpt lat="50.94833" lon="4.31949">
        <ele>38</ele>
      </trkpt>
      <trkpt lat="50.94784" lon="4.32023">
        <ele>42</ele>
      </trkpt>
      <trkpt lat="50.94732" lon="4.3212">
        <ele>46</ele>
      </trkpt>
      <trkpt lat="50.94711" lon="4.32171">
        <ele>47</ele>
      </trkpt>
      <trkpt lat="50.94695" lon="4.32217">
        <ele>48</ele>
      </trkpt>
      <trkpt lat="50.94666" lon="4.32311">
        <ele>49</ele>
      </trkpt>
      <trkpt lat="50.94655" lon="4.32333">
        <ele>50</ele>
      </trkpt>
      <trkpt lat="50.94637" lon="4.32351">
        <ele>50</ele>
      </trkpt>
      <trkpt lat="50.94625" lon="4.32358">
        <ele>51</ele>
      </trkpt>
      <trkpt lat="50.94611" lon="4.32362">
        <ele>51</ele>
      </trkpt>
      <trkpt lat="50.94588" lon="4.32359">
        <ele>52</ele>
      </trkpt>
      <trkpt lat="50.94568" lon="4.3235">
        <ele>53</ele>
      </trkpt>
      <trkpt lat="50.94557" lon="4.32351">
        <ele>53</ele>
      </trkpt>
      <trkpt lat="50.94551" lon="4.32359">
        <ele>54</ele>
      </trkpt>
      <trkpt lat="50.94501" lon="4.32504">
        <ele>56</ele>
      </trkpt>
      <trkpt lat="50.94499" lon="4.3251">
        <ele>56</ele>
      </trkpt>
      <trkpt lat="50.94513" lon="4.32521">
        <ele>54</ele>
      </trkpt>
      <trkpt lat="50.9455" lon="4.32601">
        <ele>52</ele>
      </trkpt>
      <trkpt lat="50.94637" lon="4.32743">
        <ele>49</ele>
      </trkpt>
      <trkpt lat="50.94649" lon="4.32752">
        <ele>48</ele>
      </trkpt>
      <trkpt lat="50.94658" lon="4.32756">
        <ele>48</ele>
      </trkpt>
      <trkpt lat="50.94677" lon="4.32753">
        <ele>48</ele>
      </trkpt>
      <trkpt lat="50.948" lon="4.32672">
        <ele>45</ele>
      </trkpt>
      <trkpt lat="50.9484" lon="4.32638">
        <ele>45</ele>
      </trkpt>
      <trkpt lat="50.9485" lon="4.32635">
        <ele>45</ele>
      </trkpt>
      <trkpt lat="50.94858" lon="4.32639">
        <ele>45</ele>
      </trkpt>
      <trkpt lat="50.94892" lon="4.32693">
        <ele>45</ele>
      </trkpt>
      <trkpt lat="50.94949" lon="4.32772">
        <ele>43</ele>
      </trkpt>
      <trkpt lat="50.9496" lon="4.32777">
        <ele>42</ele>
      </trkpt>
      <trkpt lat="50.94991" lon="4.32736">
        <ele>41</ele>
      </trkpt>
      <trkpt lat="50.95004" lon="4.32726">
        <ele>41</ele>
      </trkpt>
      <trkpt lat="50.95009" lon="4.32727">
        <ele>41</ele>
      </trkpt>
      <trkpt lat="50.95066" lon="4.32783">
        <ele>39</ele>
      </trkpt>
      <trkpt lat="50.95095" lon="4.32803">
        <ele>39</ele>
      </trkpt>
      <trkpt lat="50.95186" lon="4.32822">
        <ele>36</ele>
      </trkpt>
      <trkpt lat="50.9527" lon="4.32803">
        <ele>35</ele>
      </trkpt>
      <trkpt lat="50.95362" lon="4.32773">
        <ele>32</ele>
      </trkpt>
      <trkpt lat="50.95461" lon="4.32744">
        <ele>30</ele>
      </trkpt>
      <trkpt lat="50.95597" lon="4.327">
        <ele>27</ele>
      </trkpt>
      <trkpt lat="50.95619" lon="4.327">
        <ele>27</ele>
      </trkpt>
      <trkpt lat="50.95636" lon="4.32688">
        <ele>27</ele>
      </trkpt>
      <trkpt lat="50.95673" lon="4.32644">
        <ele>26</ele>
      </trkpt>
      <trkpt lat="50.95689" lon="4.32623">
        <ele>26</ele>
      </trkpt>
      <trkpt lat="50.95737" lon="4.32679">
        <ele>25</ele>
      </trkpt>
      <trkpt lat="50.95885" lon="4.32907">
        <ele>23</ele>
      </trkpt>
      <trkpt lat="50.95959" lon="4.33013">
        <ele>22</ele>
      </trkpt>
      <trkpt lat="50.96027" lon="4.33117">
        <ele>22</ele>
      </trkpt>
      <trkpt lat="50.96049" lon="4.3316">
        <ele>22</ele>
      </trkpt>
      <trkpt lat="50.96052" lon="4.33165">
        <ele>22</ele>
      </trkpt>
      <trkpt lat="50.96026" lon="4.33221">
        <ele>22</ele>
      </trkpt>
      <trkpt lat="50.95965" lon="4.33341">
        <ele>25</ele>
      </trkpt>
      <trkpt lat="50.95927" lon="4.33419">
        <ele>25</ele>
      </trkpt>
      <trkpt lat="50.95916" lon="4.3345">
        <ele>25</ele>
      </trkpt>
      <trkpt lat="50.95909" lon="4.33489">
        <ele>25</ele>
      </trkpt>
      <trkpt lat="50.95911" lon="4.33526">
        <ele>24</ele>
      </trkpt>
      <trkpt lat="50.95918" lon="4.33563">
        <ele>24</ele>
      </trkpt>
      <trkpt lat="50.96045" lon="4.33853">
        <ele>22</ele>
      </trkpt>
      <trkpt lat="50.96074" lon="4.33938">
        <ele>22</ele>
      </trkpt>
      <trkpt lat="50.96095" lon="4.34033">
        <ele>23</ele>
      </trkpt>
      <trkpt lat="50.96107" lon="4.34107">
        <ele>25</ele>
      </trkpt>
      <trkpt lat="50.96117" lon="4.34188">
        <ele>25</ele>
      </trkpt>
      <trkpt lat="50.96132" lon="4.34311">
        <ele>25</ele>
      </trkpt>
      <trkpt lat="50.96134" lon="4.34351">
        <ele>24</ele>
      </trkpt>
      <trkpt lat="50.96127" lon="4.34424">
        <ele>25</ele>
      </trkpt>
      <trkpt lat="50.96118" lon="4.34458">
        <ele>25</ele>
      </trkpt>
      <trkpt lat="50.96104" lon="4.34486">
        <ele>25</ele>
      </trkpt>
      <trkpt lat="50.96124" lon="4.34525">
        <ele>26</ele>
      </trkpt>
      <trkpt lat="50.9614" lon="4.34552">
        <ele>26</ele>
      </trkpt>
      <trkpt lat="50.96167" lon="4.34578">
        <ele>26</ele>
      </trkpt>
      <trkpt lat="50.96187" lon="4.3459">
        <ele>25</ele>
      </trkpt>
      <trkpt lat="50.96191" lon="4.34608">
        <ele>25</ele>
      </trkpt>
      <trkpt lat="50.96199" lon="4.34626">
        <ele>27</ele>
      </trkpt>
      <trkpt lat="50.96217" lon="4.3467">
        <ele>28</ele>
      </trkpt>
      <trkpt lat="50.96232" lon="4.34715">
        <ele>28</ele>
      </trkpt>
      <trkpt lat="50.96243" lon="4.34764">
        <ele>28</ele>
      </trkpt>
      <trkpt lat="50.9627" lon="4.34843">
        <ele>27</ele>
      </trkpt>
      <trkpt lat="50.96304" lon="4.34936">
        <ele>27</ele>
      </trkpt>
      <trkpt lat="50.96316" lon="4.34961">
        <ele>27</ele>
      </trkpt>
      <trkpt lat="50.96345" lon="4.35018">
        <ele>26</ele>
      </trkpt>
      <trkpt lat="50.96368" lon="4.35057">
        <ele>26</ele>
      </trkpt>
      <trkpt lat="50.96461" lon="4.35178">
        <ele>25</ele>
      </trkpt>
      <trkpt lat="50.96466" lon="4.35183">
        <ele>25</ele>
      </trkpt>
      <trkpt lat="50.96495" lon="4.35197">
        <ele>25</ele>
      </trkpt>
      <trkpt lat="50.96525" lon="4.35203">
        <ele>24</ele>
      </trkpt>
      <trkpt lat="50.96659" lon="4.35205">
        <ele>22</ele>
      </trkpt>
      <trkpt lat="50.96684" lon="4.35216">
        <ele>22</ele>
      </trkpt>
      <trkpt lat="50.96786" lon="4.35272">
        <ele>20</ele>
      </trkpt>
      <trkpt lat="50.9681" lon="4.35293">
        <ele>19</ele>
      </trkpt>
      <trkpt lat="50.96925" lon="4.35424">
        <ele>18</ele>
      </trkpt>
      <trkpt lat="50.96975" lon="4.35485">
        <ele>17</ele>
      </trkpt>
      <trkpt lat="50.97133" lon="4.35734">
        <ele>15</ele>
      </trkpt>
      <trkpt lat="50.9718" lon="4.35759">
        <ele>15</ele>
      </trkpt>
      <trkpt lat="50.9727" lon="4.35864">
        <ele>14</ele>
      </trkpt>
      <trkpt lat="50.97294" lon="4.35901">
        <ele>14</ele>
      </trkpt>
      <trkpt lat="50.97314" lon="4.35925">
        <ele>14</ele>
      </trkpt>
      <trkpt lat="50.9733" lon="4.35929">
        <ele>14</ele>
      </trkpt>
      <trkpt lat="50.97365" lon="4.35949">
        <ele>14</ele>
      </trkpt>
      <trkpt lat="50.97375" lon="4.35957">
        <ele>14</ele>
      </trkpt>
      <trkpt lat="50.97379" lon="4.3596">
        <ele>14</ele>
      </trkpt>
      <trkpt lat="50.97383" lon="4.35967">
        <ele>14</ele>
      </trkpt>
      <trkpt lat="50.97386" lon="4.35981">
        <ele>14</ele>
      </trkpt>
      <trkpt lat="50.97385" lon="4.35994">
        <ele>14</ele>
      </trkpt>
      <trkpt lat="50.97368" lon="4.36034">
        <ele>14</ele>
      </trkpt>
      <trkpt lat="50.97356" lon="4.36071">
        <ele>14</ele>
      </trkpt>
      <trkpt lat="50.97348" lon="4.36103">
        <ele>14</ele>
      </trkpt>
      <trkpt lat="50.97342" lon="4.36134">
        <ele>14</ele>
      </trkpt>
      <trkpt lat="50.97335" lon="4.36209">
        <ele>14</ele>
      </trkpt>
      <trkpt lat="50.97323" lon="4.36495">
        <ele>14</ele>
      </trkpt>
      <trkpt lat="50.97323" lon="4.36533">
        <ele>14</ele>
      </trkpt>
      <trkpt lat="50.97327" lon="4.36535">
        <ele>14</ele>
      </trkpt>
      <trkpt lat="50.9733" lon="4.36543">
        <ele>14</ele>
      </trkpt>
      <trkpt lat="50.97328" lon="4.36553">
        <ele>14</ele>
      </trkpt>
      <trkpt lat="50.97324" lon="4.36558">
        <ele>14</ele>
      </trkpt>
      <trkpt lat="50.97318" lon="4.36555">
        <ele>14</ele>
      </trkpt>
      <trkpt lat="50.97315" lon="4.36548">
        <ele>14</ele>
      </trkpt>
      <trkpt lat="50.97271" lon="4.36556">
        <ele>14</ele>
      </trkpt>
      <trkpt lat="50.97226" lon="4.36565">
        <ele>14</ele>
      </trkpt>
      <trkpt lat="50.97215" lon="4.3657">
        <ele>14</ele>
      </trkpt>
      <trkpt lat="50.97203" lon="4.36579">
        <ele>14</ele>
      </trkpt>
      <trkpt lat="50.97195" lon="4.3659">
        <ele>15</ele>
      </trkpt>
      <trkpt lat="50.97179" lon="4.36617">
        <ele>15</ele>
      </trkpt>
      <trkpt lat="50.97164" lon="4.36632">
        <ele>15</ele>
      </trkpt>
      <trkpt lat="50.97033" lon="4.36741">
        <ele>17</ele>
      </trkpt>
      <trkpt lat="50.97009" lon="4.36757">
        <ele>17</ele>
      </trkpt>
      <trkpt lat="50.96987" lon="4.36768">
        <ele>18</ele>
      </trkpt>
      <trkpt lat="50.96953" lon="4.36778">
        <ele>18</ele>
      </trkpt>
      <trkpt lat="50.96901" lon="4.36784">
        <ele>19</ele>
      </trkpt>
      <trkpt lat="50.96885" lon="4.36789">
        <ele>19</ele>
      </trkpt>
      <trkpt lat="50.96751" lon="4.36857">
        <ele>21</ele>
      </trkpt>
      <trkpt lat="50.96734" lon="4.36862">
        <ele>21</ele>
      </trkpt>
      <trkpt lat="50.96694" lon="4.36858">
        <ele>21</ele>
      </trkpt>
      <trkpt lat="50.9666" lon="4.36864">
        <ele>20</ele>
      </trkpt>
      <trkpt lat="50.96573" lon="4.36916">
        <ele>18</ele>
      </trkpt>
      <trkpt lat="50.96538" lon="4.36944">
        <ele>18</ele>
      </trkpt>
      <trkpt lat="50.96439" lon="4.3703">
        <ele>19</ele>
      </trkpt>
      <trkpt lat="50.96405" lon="4.37054">
        <ele>19</ele>
      </trkpt>
      <trkpt lat="50.96386" lon="4.37062">
        <ele>19</ele>
      </trkpt>
      <trkpt lat="50.96331" lon="4.37087">
        <ele>20</ele>
      </trkpt>
      <trkpt lat="50.96393" lon="4.37198">
        <ele>19</ele>
      </trkpt>
      <trkpt lat="50.96408" lon="4.37233">
        <ele>19</ele>
      </trkpt>
      <trkpt lat="50.96494" lon="4.37455">
        <ele>17</ele>
      </trkpt>
      <trkpt lat="50.96569" lon="4.37658">
        <ele>16</ele>
      </trkpt>
      <trkpt lat="50.96578" lon="4.37672">
        <ele>16</ele>
      </trkpt>
      <trkpt lat="50.96636" lon="4.37693">
        <ele>15</ele>
      </trkpt>
      <trkpt lat="50.96645" lon="4.37694">
        <ele>15</ele>
      </trkpt>
      <trkpt lat="50.96658" lon="4.37708">
        <ele>17</ele>
      </trkpt>
      <trkpt lat="50.96669" lon="4.37723">
        <ele>17</ele>
      </trkpt>
      <trkpt lat="50.96739" lon="4.37899">
        <ele>17</ele>
      </trkpt>
      <trkpt lat="50.96753" lon="4.37939">
        <ele>17</ele>
      </trkpt>
      <trkpt lat="50.96773" lon="4.37989">
        <ele>17</ele>
      </trkpt>
      <trkpt lat="50.96782" lon="4.38002">
        <ele>17</ele>
      </trkpt>
      <trkpt lat="50.96796" lon="4.38036">
        <ele>17</ele>
      </trkpt>
      <trkpt lat="50.96798" lon="4.38048">
        <ele>17</ele>
      </trkpt>
      <trkpt lat="50.9684" lon="4.38135">
        <ele>17</ele>
      </trkpt>
      <trkpt lat="50.96851" lon="4.38151">
        <ele>17</ele>
      </trkpt>
      <trkpt lat="50.96874" lon="4.38184">
        <ele>17</ele>
      </trkpt>
      <trkpt lat="50.96892" lon="4.38204">
        <ele>17</ele>
      </trkpt>
      <trkpt lat="50.96913" lon="4.38223">
        <ele>17</ele>
      </trkpt>
      <trkpt lat="50.96933" lon="4.38251">
        <ele>16</ele>
      </trkpt>
      <trkpt lat="50.96941" lon="4.38252">
        <ele>16</ele>
      </trkpt>
      <trkpt lat="50.9695" lon="4.38258">
        <ele>16</ele>
      </trkpt>
      <trkpt lat="50.97003" lon="4.38307">
        <ele>16</ele>
      </trkpt>
      <trkpt lat="50.97014" lon="4.3832">
        <ele>16</ele>
      </trkpt>
      <trkpt lat="50.97078" lon="4.38411">
        <ele>15</ele>
      </trkpt>
      <trkpt lat="50.97118" lon="4.38455">
        <ele>14</ele>
      </trkpt>
      <trkpt lat="50.97144" lon="4.3848">
        <ele>15</ele>
      </trkpt>
      <trkpt lat="50.9717" lon="4.38498">
        <ele>15</ele>
      </trkpt>
      <trkpt lat="50.97269" lon="4.38552">
        <ele>15</ele>
      </trkpt>
      <trkpt lat="50.97373" lon="4.38616">
        <ele>14</ele>
      </trkpt>
      <trkpt lat="50.97405" lon="4.38646">
        <ele>14</ele>
      </trkpt>
      <trkpt lat="50.9746" lon="4.38711">
        <ele>14</ele>
      </trkpt>
      <trkpt lat="50.97474" lon="4.38725">
        <ele>14</ele>
      </trkpt>
      <trkpt lat="50.97486" lon="4.3874">
        <ele>14</ele>
      </trkpt>
      <trkpt lat="50.97486" lon="4.3875">
        <ele>14</ele>
      </trkpt>
      <trkpt lat="50.97488" lon="4.38757">
        <ele>14</ele>
      </trkpt>
      <trkpt lat="50.97483" lon="4.38771">
        <ele>14</ele>
      </trkpt>
      <trkpt lat="50.97362" lon="4.38966">
        <ele>13</ele>
      </trkpt>
      <trkpt lat="50.97342" lon="4.38995">
        <ele>13</ele>
      </trkpt>
      <trkpt lat="50.97335" lon="4.39002">
        <ele>13</ele>
      </trkpt>
      <trkpt lat="50.97318" lon="4.39008">
        <ele>13</ele>
      </trkpt>
      <trkpt lat="50.97303" lon="4.39019">
        <ele>13</ele>
      </trkpt>
      <trkpt lat="50.9698" lon="4.39278">
        <ele>13</ele>
      </trkpt>
      <trkpt lat="50.96954" lon="4.39289">
        <ele>13</ele>
      </trkpt>
      <trkpt lat="50.96935" lon="4.3929">
        <ele>13</ele>
      </trkpt>
      <trkpt lat="50.96861" lon="4.39279">
        <ele>14</ele>
      </trkpt>
      <trkpt lat="50.96832" lon="4.39269">
        <ele>14</ele>
      </trkpt>
      <trkpt lat="50.96774" lon="4.39242">
        <ele>14</ele>
      </trkpt>
      <trkpt lat="50.9676" lon="4.39238">
        <ele>13</ele>
      </trkpt>
      <trkpt lat="50.96743" lon="4.39239">
        <ele>13</ele>
      </trkpt>
      <trkpt lat="50.96569" lon="4.39285">
        <ele>13</ele>
      </trkpt>
      <trkpt lat="50.9655" lon="4.39285">
        <ele>13</ele>
      </trkpt>
      <trkpt lat="50.96509" lon="4.39297">
        <ele>13</ele>
      </trkpt>
      <trkpt lat="50.96493" lon="4.39303">
        <ele>13</ele>
      </trkpt>
      <trkpt lat="50.96479" lon="4.39311">
        <ele>13</ele>
      </trkpt>
      <trkpt lat="50.96234" lon="4.39373">
        <ele>14</ele>
      </trkpt>
      <trkpt lat="50.96193" lon="4.39385">
        <ele>14</ele>
      </trkpt>
      <trkpt lat="50.96024" lon="4.39475">
        <ele>14</ele>
      </trkpt>
      <trkpt lat="50.96003" lon="4.39481">
        <ele>15</ele>
      </trkpt>
      <trkpt lat="50.95984" lon="4.39476">
        <ele>15</ele>
      </trkpt>
      <trkpt lat="50.9597" lon="4.39467">
        <ele>15</ele>
      </trkpt>
      <trkpt lat="50.95964" lon="4.3946">
        <ele>15</ele>
      </trkpt>
      <trkpt lat="50.9595" lon="4.39437">
        <ele>15</ele>
      </trkpt>
      <trkpt lat="50.95918" lon="4.39364">
        <ele>15</ele>
      </trkpt>
      <trkpt lat="50.95896" lon="4.39317">
        <ele>16</ele>
      </trkpt>
      <trkpt lat="50.95874" lon="4.39282">
        <ele>16</ele>
      </trkpt>
      <trkpt lat="50.95858" lon="4.39265">
        <ele>16</ele>
      </trkpt>
      <trkpt lat="50.95801" lon="4.39237">
        <ele>16</ele>
      </trkpt>
      <trkpt lat="50.9577" lon="4.39226">
        <ele>16</ele>
      </trkpt>
      <trkpt lat="50.95742" lon="4.39223">
        <ele>16</ele>
      </trkpt>
      <trkpt lat="50.95706" lon="4.3923">
        <ele>16</ele>
      </trkpt>
      <trkpt lat="50.95657" lon="4.39246">
        <ele>16</ele>
      </trkpt>
      <trkpt lat="50.95527" lon="4.39324">
        <ele>17</ele>
      </trkpt>
      <trkpt lat="50.9543" lon="4.39375">
        <ele>17</ele>
      </trkpt>
      <trkpt lat="50.9543" lon="4.39388">
        <ele>17</ele>
      </trkpt>
      <trkpt lat="50.95426" lon="4.39396">
        <ele>17</ele>
      </trkpt>
      <trkpt lat="50.95433" lon="4.39427">
        <ele>16</ele>
      </trkpt>
      <trkpt lat="50.95442" lon="4.39563">
        <ele>15</ele>
      </trkpt>
      <trkpt lat="50.95446" lon="4.397">
        <ele>14</ele>
      </trkpt>
      <trkpt lat="50.95452" lon="4.39774">
        <ele>14</ele>
      </trkpt>
      <trkpt lat="50.95452" lon="4.39807">
        <ele>14</ele>
      </trkpt>
      <trkpt lat="50.95444" lon="4.39994">
        <ele>14</ele>
      </trkpt>
      <trkpt lat="50.95436" lon="4.4006">
        <ele>15</ele>
      </trkpt>
      <trkpt lat="50.95437" lon="4.4006">
        <ele>15</ele>
      </trkpt>
      <trkpt lat="50.95413" lon="4.40259">
        <ele>15</ele>
      </trkpt>
      <trkpt lat="50.95429" lon="4.40337">
        <ele>15</ele>
      </trkpt>
      <trkpt lat="50.9543" lon="4.40355">
        <ele>15</ele>
      </trkpt>
      <trkpt lat="50.95428" lon="4.40375">
        <ele>15</ele>
      </trkpt>
      <trkpt lat="50.9542" lon="4.40396">
        <ele>15</ele>
      </trkpt>
      <trkpt lat="50.95367" lon="4.40484">
        <ele>14</ele>
      </trkpt>
      <trkpt lat="50.95335" lon="4.40529">
        <ele>13</ele>
      </trkpt>
      <trkpt lat="50.95332" lon="4.40539">
        <ele>13</ele>
      </trkpt>
      <trkpt lat="50.95331" lon="4.40554">
        <ele>13</ele>
      </trkpt>
      <trkpt lat="50.95336" lon="4.4058">
        <ele>13</ele>
      </trkpt>
      <trkpt lat="50.95338" lon="4.40592">
        <ele>13</ele>
      </trkpt>
      <trkpt lat="50.95336" lon="4.40605">
        <ele>13</ele>
      </trkpt>
      <trkpt lat="50.9532" lon="4.40631">
        <ele>13</ele>
      </trkpt>
      <trkpt lat="50.95247" lon="4.4068">
        <ele>14</ele>
      </trkpt>
      <trkpt lat="50.95224" lon="4.40706">
        <ele>14</ele>
      </trkpt>
      <trkpt lat="50.95183" lon="4.4077">
        <ele>14</ele>
      </trkpt>
      <trkpt lat="50.95077" lon="4.40894">
        <ele>12</ele>
      </trkpt>
      <trkpt lat="50.9507" lon="4.40906">
        <ele>12</ele>
      </trkpt>
      <trkpt lat="50.95068" lon="4.40917">
        <ele>13</ele>
      </trkpt>
      <trkpt lat="50.95067" lon="4.40932">
        <ele>12</ele>
      </trkpt>
      <trkpt lat="50.95077" lon="4.40987">
        <ele>12</ele>
      </trkpt>
      <trkpt lat="50.95077" lon="4.41024">
        <ele>12</ele>
      </trkpt>
      <trkpt lat="50.95076" lon="4.41044">
        <ele>13</ele>
      </trkpt>
      <trkpt lat="50.95071" lon="4.41057">
        <ele>13</ele>
      </trkpt>
      <trkpt lat="50.94884" lon="4.41206">
        <ele>13</ele>
      </trkpt>
      <trkpt lat="50.94877" lon="4.41212">
        <ele>12</ele>
      </trkpt>
      <trkpt lat="50.94877" lon="4.41211">
        <ele>12</ele>
      </trkpt>
      <trkpt lat="50.94829" lon="4.41249">
        <ele>12</ele>
      </trkpt>
      <trkpt lat="50.94817" lon="4.41251">
        <ele>12</ele>
      </trkpt>
      <trkpt lat="50.9479" lon="4.41271">
        <ele>12</ele>
      </trkpt>
      <trkpt lat="50.9478" lon="4.41279">
        <ele>12</ele>
      </trkpt>
      <trkpt lat="50.94776" lon="4.41285">
        <ele>12</ele>
      </trkpt>
      <trkpt lat="50.94779" lon="4.41309">
        <ele>12</ele>
      </trkpt>
      <trkpt lat="50.94803" lon="4.41396">
        <ele>12</ele>
      </trkpt>
      <trkpt lat="50.94805" lon="4.41433">
        <ele>11</ele>
      </trkpt>
      <trkpt lat="50.94807" lon="4.41448">
        <ele>11</ele>
      </trkpt>
      <trkpt lat="50.94856" lon="4.41542">
        <ele>11</ele>
      </trkpt>
      <trkpt lat="50.9495" lon="4.41725">
        <ele>11</ele>
      </trkpt>
      <trkpt lat="50.94962" lon="4.41757">
        <ele>10</ele>
      </trkpt>
      <trkpt lat="50.94966" lon="4.4181">
        <ele>10</ele>
      </trkpt>
      <trkpt lat="50.9497" lon="4.41835">
        <ele>9</ele>
      </trkpt>
      <trkpt lat="50.9498" lon="4.41864">
        <ele>10</ele>
      </trkpt>
      <trkpt lat="50.94998" lon="4.41896">
        <ele>10</ele>
      </trkpt>
      <trkpt lat="50.95064" lon="4.41972">
        <ele>9</ele>
      </trkpt>
      <trkpt lat="50.95078" lon="4.41998">
        <ele>9</ele>
      </trkpt>
      <trkpt lat="50.95114" lon="4.42072">
        <ele>9</ele>
      </trkpt>
      <trkpt lat="50.95174" lon="4.42209">
        <ele>9</ele>
      </trkpt>
      <trkpt lat="50.9525" lon="4.42409">
        <ele>9</ele>
      </trkpt>
      <trkpt lat="50.95278" lon="4.425">
        <ele>8</ele>
      </trkpt>
      <trkpt lat="50.95288" lon="4.42529">
        <ele>8</ele>
      </trkpt>
      <trkpt lat="50.95355" lon="4.42769">
        <ele>9</ele>
      </trkpt>
      <trkpt lat="50.95579" lon="4.43564">
        <ele>11</ele>
      </trkpt>
      <trkpt lat="50.95593" lon="4.43611">
        <ele>10</ele>
      </trkpt>
      <trkpt lat="50.95608" lon="4.43651">
        <ele>9</ele>
      </trkpt>
      <trkpt lat="50.95623" lon="4.43685">
        <ele>9</ele>
      </trkpt>
      <trkpt lat="50.95678" lon="4.4379">
        <ele>8</ele>
      </trkpt>
      <trkpt lat="50.95686" lon="4.43807">
        <ele>8</ele>
      </trkpt>
      <trkpt lat="50.95743" lon="4.43962">
        <ele>9</ele>
      </trkpt>
      <trkpt lat="50.95751" lon="4.43989">
        <ele>9</ele>
      </trkpt>
      <trkpt lat="50.95759" lon="4.4403">
        <ele>9</ele>
      </trkpt>
      <trkpt lat="50.95774" lon="4.4424">
        <ele>9</ele>
      </trkpt>
      <trkpt lat="50.95786" lon="4.44311">
        <ele>9</ele>
      </trkpt>
      <trkpt lat="50.95794" lon="4.44353">
        <ele>9</ele>
      </trkpt>
      <trkpt lat="50.9581" lon="4.44414">
        <ele>10</ele>
      </trkpt>
      <trkpt lat="50.95827" lon="4.44462">
        <ele>10</ele>
      </trkpt>
      <trkpt lat="50.95904" lon="4.44645">
        <ele>10</ele>
      </trkpt>
      <trkpt lat="50.96011" lon="4.44918">
        <ele>10</ele>
      </trkpt>
      <trkpt lat="50.96046" lon="4.45023">
        <ele>10</ele>
      </trkpt>
      <trkpt lat="50.96047" lon="4.45035">
        <ele>10</ele>
      </trkpt>
      <trkpt lat="50.96054" lon="4.45058">
        <ele>10</ele>
      </trkpt>
      <trkpt lat="50.96058" lon="4.45072">
        <ele>10</ele>
      </trkpt>
      <trkpt lat="50.96092" lon="4.45182">
        <ele>10</ele>
      </trkpt>
      <trkpt lat="50.9615" lon="4.45368">
        <ele>9</ele>
      </trkpt>
      <trkpt lat="50.96177" lon="4.45421">
        <ele>9</ele>
      </trkpt>
      <trkpt lat="50.96194" lon="4.45454">
        <ele>10</ele>
      </trkpt>
      <trkpt lat="50.96196" lon="4.45474">
        <ele>10</ele>
      </trkpt>
      <trkpt lat="50.96165" lon="4.45475">
        <ele>9</ele>
      </trkpt>
      <trkpt lat="50.96143" lon="4.45486">
        <ele>9</ele>
      </trkpt>
      <trkpt lat="50.96117" lon="4.45512">
        <ele>9</ele>
      </trkpt>
      <trkpt lat="50.96039" lon="4.45593">
        <ele>8</ele>
      </trkpt>
      <trkpt lat="50.95981" lon="4.45648">
        <ele>9</ele>
      </trkpt>
      <trkpt lat="50.95966" lon="4.45655">
        <ele>9</ele>
      </trkpt>
      <trkpt lat="50.95962" lon="4.45657">
        <ele>9</ele>
      </trkpt>
      <trkpt lat="50.95968" lon="4.45761">
        <ele>7</ele>
      </trkpt>
      <trkpt lat="50.95974" lon="4.45895">
        <ele>6</ele>
      </trkpt>
      <trkpt lat="50.95974" lon="4.45903">
        <ele>6</ele>
      </trkpt>
      <trkpt lat="50.95962" lon="4.45903">
        <ele>7</ele>
      </trkpt>
      <trkpt lat="50.95944" lon="4.45892">
        <ele>7</ele>
      </trkpt>
      <trkpt lat="50.95884" lon="4.45851">
        <ele>7</ele>
      </trkpt>
      <trkpt lat="50.95873" lon="4.45846">
        <ele>7</ele>
      </trkpt>
      <trkpt lat="50.9585" lon="4.45849">
        <ele>7</ele>
      </trkpt>
      <trkpt lat="50.95834" lon="4.45857">
        <ele>7</ele>
      </trkpt>
      <trkpt lat="50.95712" lon="4.4595">
        <ele>7</ele>
      </trkpt>
      <trkpt lat="50.95582" lon="4.46018">
        <ele>7</ele>
      </trkpt>
      <trkpt lat="50.95562" lon="4.46024">
        <ele>7</ele>
      </trkpt>
      <trkpt lat="50.95522" lon="4.46027">
        <ele>7</ele>
      </trkpt>
      <trkpt lat="50.95456" lon="4.46024">
        <ele>7</ele>
      </trkpt>
      <trkpt lat="50.95234" lon="4.46013">
        <ele>7</ele>
      </trkpt>
      <trkpt lat="50.9519" lon="4.46014">
        <ele>7</ele>
      </trkpt>
      <trkpt lat="50.9516" lon="4.46019">
        <ele>7</ele>
      </trkpt>
      <trkpt lat="50.95136" lon="4.46025">
        <ele>7</ele>
      </trkpt>
      <trkpt lat="50.95044" lon="4.46065">
        <ele>7</ele>
      </trkpt>
      <trkpt lat="50.95016" lon="4.46071">
        <ele>7</ele>
      </trkpt>
      <trkpt lat="50.95004" lon="4.4607">
        <ele>7</ele>
      </trkpt>
      <trkpt lat="50.94995" lon="4.46067">
        <ele>7</ele>
      </trkpt>
      <trkpt lat="50.94988" lon="4.46068">
        <ele>7</ele>
      </trkpt>
      <trkpt lat="50.9494" lon="4.46063">
        <ele>8</ele>
      </trkpt>
      <trkpt lat="50.94893" lon="4.46055">
        <ele>8</ele>
      </trkpt>
      <trkpt lat="50.94884" lon="4.46055">
        <ele>8</ele>
      </trkpt>
      <trkpt lat="50.94884" lon="4.46057">
        <ele>8</ele>
      </trkpt>
      <trkpt lat="50.94883" lon="4.46063">
        <ele>8</ele>
      </trkpt>
      <trkpt lat="50.94879" lon="4.46069">
        <ele>8</ele>
      </trkpt>
      <trkpt lat="50.94881" lon="4.46078">
        <ele>8</ele>
      </trkpt>
      <trkpt lat="50.94911" lon="4.46117">
        <ele>8</ele>
      </trkpt>
      <trkpt lat="50.94923" lon="4.46135">
        <ele>8</ele>
      </trkpt>
      <trkpt lat="50.94937" lon="4.46164">
        <ele>8</ele>
      </trkpt>
      <trkpt lat="50.94961" lon="4.46235">
        <ele>8</ele>
      </trkpt>
      <trkpt lat="50.95" lon="4.46368">
        <ele>8</ele>
      </trkpt>
      <trkpt lat="50.95033" lon="4.46443">
        <ele>8</ele>
      </trkpt>
      <trkpt lat="50.95037" lon="4.46463">
        <ele>8</ele>
      </trkpt>
      <trkpt lat="50.95038" lon="4.46496">
        <ele>8</ele>
      </trkpt>
      <trkpt lat="50.95077" lon="4.46632">
        <ele>8</ele>
      </trkpt>
      <trkpt lat="50.95085" lon="4.46664">
        <ele>8</ele>
      </trkpt>
      <trkpt lat="50.9509" lon="4.46686">
        <ele>8</ele>
      </trkpt>
      <trkpt lat="50.95101" lon="4.46768">
        <ele>7</ele>
      </trkpt>
      <trkpt lat="50.95106" lon="4.46874">
        <ele>7</ele>
      </trkpt>
      <trkpt lat="50.95109" lon="4.46974">
        <ele>7</ele>
      </trkpt>
      <trkpt lat="50.95121" lon="4.47272">
        <ele>7</ele>
      </trkpt>
      <trkpt lat="50.95138" lon="4.47509">
        <ele>7</ele>
      </trkpt>
      <trkpt lat="50.95141" lon="4.47568">
        <ele>7</ele>
      </trkpt>
      <trkpt lat="50.95133" lon="4.47656">
        <ele>7</ele>
      </trkpt>
      <trkpt lat="50.95122" lon="4.47725">
        <ele>7</ele>
      </trkpt>
      <trkpt lat="50.95104" lon="4.4782">
        <ele>7</ele>
      </trkpt>
      <trkpt lat="50.95104" lon="4.47869">
        <ele>7</ele>
      </trkpt>
      <trkpt lat="50.95107" lon="4.479">
        <ele>7</ele>
      </trkpt>
      <trkpt lat="50.95128" lon="4.47994">
        <ele>8</ele>
      </trkpt>
      <trkpt lat="50.95108" lon="4.48012">
        <ele>8</ele>
      </trkpt>
      <trkpt lat="50.94891" lon="4.48225">
        <ele>7</ele>
      </trkpt>
      <trkpt lat="50.94817" lon="4.48289">
        <ele>8</ele>
      </trkpt>
      <trkpt lat="50.94807" lon="4.48297">
        <ele>8</ele>
      </trkpt>
      <trkpt lat="50.94801" lon="4.48298">
        <ele>8</ele>
      </trkpt>
      <trkpt lat="50.94551" lon="4.4812">
        <ele>9</ele>
      </trkpt>
      <trkpt lat="50.94488" lon="4.48069">
        <ele>12</ele>
      </trkpt>
      <trkpt lat="50.94294" lon="4.4789">
        <ele>15</ele>
      </trkpt>
      <trkpt lat="50.94266" lon="4.47867">
        <ele>14</ele>
      </trkpt>
      <trkpt lat="50.94111" lon="4.47773">
        <ele>10</ele>
      </trkpt>
      <trkpt lat="50.94085" lon="4.47756">
        <ele>10</ele>
      </trkpt>
      <trkpt lat="50.94034" lon="4.47718">
        <ele>10</ele>
      </trkpt>
      <trkpt lat="50.93988" lon="4.47672">
        <ele>10</ele>
      </trkpt>
      <trkpt lat="50.93845" lon="4.47497">
        <ele>11</ele>
      </trkpt>
      <trkpt lat="50.93792" lon="4.4744">
        <ele>10</ele>
      </trkpt>
      <trkpt lat="50.93734" lon="4.47393">
        <ele>11</ele>
      </trkpt>
      <trkpt lat="50.93703" lon="4.47375">
        <ele>11</ele>
      </trkpt>
      <trkpt lat="50.93669" lon="4.47359">
        <ele>12</ele>
      </trkpt>
      <trkpt lat="50.93466" lon="4.47269">
        <ele>14</ele>
      </trkpt>
      <trkpt lat="50.93446" lon="4.47255">
        <ele>14</ele>
      </trkpt>
      <trkpt lat="50.93428" lon="4.47238">
        <ele>14</ele>
      </trkpt>
      <trkpt lat="50.93373" lon="4.4717">
        <ele>15</ele>
      </trkpt>
      <trkpt lat="50.9322" lon="4.46948">
        <ele>16</ele>
      </trkpt>
      <trkpt lat="50.93129" lon="4.46801">
        <ele>18</ele>
      </trkpt>
      <trkpt lat="50.93107" lon="4.46768">
        <ele>18</ele>
      </trkpt>
      <trkpt lat="50.93069" lon="4.46725">
        <ele>18</ele>
      </trkpt>
      <trkpt lat="50.93061" lon="4.4672">
        <ele>18</ele>
      </trkpt>
      <trkpt lat="50.93055" lon="4.46721">
        <ele>18</ele>
      </trkpt>
      <trkpt lat="50.93065" lon="4.46773">
        <ele>17</ele>
      </trkpt>
      <trkpt lat="50.93066" lon="4.46801">
        <ele>18</ele>
      </trkpt>
      <trkpt lat="50.93065" lon="4.4681">
        <ele>18</ele>
      </trkpt>
      <trkpt lat="50.93058" lon="4.46829">
        <ele>17</ele>
      </trkpt>
      <trkpt lat="50.93056" lon="4.46835">
        <ele>17</ele>
      </trkpt>
      <trkpt lat="50.92671" lon="4.46559">
        <ele>19</ele>
      </trkpt>
      <trkpt lat="50.92597" lon="4.46499">
        <ele>20</ele>
      </trkpt>
      <trkpt lat="50.92564" lon="4.46467">
        <ele>19</ele>
      </trkpt>
      <trkpt lat="50.92535" lon="4.46436">
        <ele>19</ele>
      </trkpt>
      <trkpt lat="50.92508" lon="4.46401">
        <ele>19</ele>
      </trkpt>
      <trkpt lat="50.92473" lon="4.46351">
        <ele>19</ele>
      </trkpt>
      <trkpt lat="50.92477" lon="4.46343">
        <ele>19</ele>
      </trkpt>
      <trkpt lat="50.92468" lon="4.46329">
        <ele>19</ele>
      </trkpt>
      <trkpt lat="50.92443" lon="4.46287">
        <ele>18</ele>
      </trkpt>
      <trkpt lat="50.92412" lon="4.46224">
        <ele>16</ele>
      </trkpt>
      <trkpt lat="50.92388" lon="4.46166">
        <ele>16</ele>
      </trkpt>
      <trkpt lat="50.92366" lon="4.46104">
        <ele>16</ele>
      </trkpt>
      <trkpt lat="50.92341" lon="4.46019">
        <ele>16</ele>
      </trkpt>
      <trkpt lat="50.92306" lon="4.4587">
        <ele>15</ele>
      </trkpt>
      <trkpt lat="50.92181" lon="4.45319">
        <ele>16</ele>
      </trkpt>
      <trkpt lat="50.92178" lon="4.45322">
        <ele>16</ele>
      </trkpt>
      <trkpt lat="50.92167" lon="4.45289">
        <ele>16</ele>
      </trkpt>
      <trkpt lat="50.92157" lon="4.45256">
        <ele>16</ele>
      </trkpt>
      <trkpt lat="50.92149" lon="4.45236">
        <ele>16</ele>
      </trkpt>
      <trkpt lat="50.92093" lon="4.45118">
        <ele>17</ele>
      </trkpt>
      <trkpt lat="50.9208" lon="4.45101">
        <ele>17</ele>
      </trkpt>
      <trkpt lat="50.9206" lon="4.45083">
        <ele>17</ele>
      </trkpt>
      <trkpt lat="50.91984" lon="4.45025">
        <ele>18</ele>
      </trkpt>
      <trkpt lat="50.9197" lon="4.4501">
        <ele>18</ele>
      </trkpt>
      <trkpt lat="50.9196" lon="4.44994">
        <ele>18</ele>
      </trkpt>
      <trkpt lat="50.91866" lon="4.44809">
        <ele>18</ele>
      </trkpt>
      <trkpt lat="50.9186" lon="4.44792">
        <ele>18</ele>
      </trkpt>
      <trkpt lat="50.91809" lon="4.44622">
        <ele>19</ele>
      </trkpt>
      <trkpt lat="50.91801" lon="4.44631">
        <ele>19</ele>
      </trkpt>
      <trkpt lat="50.91777" lon="4.44664">
        <ele>19</ele>
      </trkpt>
      <trkpt lat="50.91722" lon="4.4474">
        <ele>19</ele>
      </trkpt>
      <trkpt lat="50.91661" lon="4.44817">
        <ele>21</ele>
      </trkpt>
      <trkpt lat="50.91654" lon="4.44822">
        <ele>21</ele>
      </trkpt>
      <trkpt lat="50.91626" lon="4.44805">
        <ele>21</ele>
      </trkpt>
      <trkpt lat="50.91501" lon="4.44716">
        <ele>23</ele>
      </trkpt>
      <trkpt lat="50.91286" lon="4.44567">
        <ele>25</ele>
      </trkpt>
      <trkpt lat="50.91256" lon="4.44546">
        <ele>26</ele>
      </trkpt>
      <trkpt lat="50.91222" lon="4.44519">
        <ele>26</ele>
      </trkpt>
      <trkpt lat="50.91195" lon="4.44493">
        <ele>27</ele>
      </trkpt>
      <trkpt lat="50.91162" lon="4.44478">
        <ele>28</ele>
      </trkpt>
      <trkpt lat="50.91105" lon="4.44459">
        <ele>29</ele>
      </trkpt>
      <trkpt lat="50.91072" lon="4.44456">
        <ele>29</ele>
      </trkpt>
      <trkpt lat="50.91058" lon="4.44458">
        <ele>29</ele>
      </trkpt>
      <trkpt lat="50.91056" lon="4.44456">
        <ele>29</ele>
      </trkpt>
      <trkpt lat="50.91052" lon="4.44452">
        <ele>29</ele>
      </trkpt>
      <trkpt lat="50.91051" lon="4.44444">
        <ele>29</ele>
      </trkpt>
      <trkpt lat="50.91053" lon="4.44437">
        <ele>29</ele>
      </trkpt>
      <trkpt lat="50.91057" lon="4.44433">
        <ele>29</ele>
      </trkpt>
      <trkpt lat="50.91056" lon="4.44329">
        <ele>30</ele>
      </trkpt>
      <trkpt lat="50.9106" lon="4.44273">
        <ele>30</ele>
      </trkpt>
      <trkpt lat="50.91068" lon="4.4422">
        <ele>29</ele>
      </trkpt>
      <trkpt lat="50.91087" lon="4.44136">
        <ele>28</ele>
      </trkpt>
      <trkpt lat="50.91214" lon="4.43721">
        <ele>21</ele>
      </trkpt>
      <trkpt lat="50.91221" lon="4.437">
        <ele>20</ele>
      </trkpt>
      <trkpt lat="50.91217" lon="4.43692">
        <ele>20</ele>
      </trkpt>
      <trkpt lat="50.9121" lon="4.43684">
        <ele>20</ele>
      </trkpt>
      <trkpt lat="50.9119" lon="4.43674">
        <ele>20</ele>
      </trkpt>
      <trkpt lat="50.91135" lon="4.43698">
        <ele>22</ele>
      </trkpt>
      <trkpt lat="50.91105" lon="4.43706">
        <ele>23</ele>
      </trkpt>
      <trkpt lat="50.91086" lon="4.43703">
        <ele>23</ele>
      </trkpt>
      <trkpt lat="50.91017" lon="4.43675">
        <ele>25</ele>
      </trkpt>
      <trkpt lat="50.90999" lon="4.43672">
        <ele>25</ele>
      </trkpt>
      <trkpt lat="50.90974" lon="4.43673">
        <ele>26</ele>
      </trkpt>
      <trkpt lat="50.9096" lon="4.43676">
        <ele>26</ele>
      </trkpt>
      <trkpt lat="50.90946" lon="4.43682">
        <ele>26</ele>
      </trkpt>
      <trkpt lat="50.9091" lon="4.43704">
        <ele>27</ele>
      </trkpt>
      <trkpt lat="50.90869" lon="4.43734">
        <ele>28</ele>
      </trkpt>
      <trkpt lat="50.90848" lon="4.43749">
        <ele>29</ele>
      </trkpt>
      <trkpt lat="50.90824" lon="4.4377">
        <ele>29</ele>
      </trkpt>
      <trkpt lat="50.90807" lon="4.43787">
        <ele>29</ele>
      </trkpt>
      <trkpt lat="50.90772" lon="4.43828">
        <ele>29</ele>
      </trkpt>
      <trkpt lat="50.90736" lon="4.43881">
        <ele>29</ele>
      </trkpt>
      <trkpt lat="50.90592" lon="4.4412">
        <ele>30</ele>
      </trkpt>
      <trkpt lat="50.90589" lon="4.44137">
        <ele>30</ele>
      </trkpt>
      <trkpt lat="50.90576" lon="4.4416">
        <ele>30</ele>
      </trkpt>
      <trkpt lat="50.90572" lon="4.44173">
        <ele>30</ele>
      </trkpt>
      <trkpt lat="50.90572" lon="4.44187">
        <ele>30</ele>
      </trkpt>
      <trkpt lat="50.9057" lon="4.44194">
        <ele>33</ele>
      </trkpt>
      <trkpt lat="50.9056" lon="4.44204">
        <ele>33</ele>
      </trkpt>
      <trkpt lat="50.90553" lon="4.44205">
        <ele>33</ele>
      </trkpt>
      <trkpt lat="50.90546" lon="4.44198">
        <ele>33</ele>
      </trkpt>
      <trkpt lat="50.90536" lon="4.44214">
        <ele>33</ele>
      </trkpt>
      <trkpt lat="50.90468" lon="4.44325">
        <ele>34</ele>
      </trkpt>
      <trkpt lat="50.90465" lon="4.44338">
        <ele>34</ele>
      </trkpt>
      <trkpt lat="50.90455" lon="4.44382">
        <ele>34</ele>
      </trkpt>
      <trkpt lat="50.90453" lon="4.4439">
        <ele>34</ele>
      </trkpt>
      <trkpt lat="50.90345" lon="4.44204">
        <ele>33</ele>
      </trkpt>
      <trkpt lat="50.90325" lon="4.44175">
        <ele>33</ele>
      </trkpt>
      <trkpt lat="50.90282" lon="4.44119">
        <ele>34</ele>
      </trkpt>
      <trkpt lat="50.90244" lon="4.44078">
        <ele>34</ele>
      </trkpt>
      <trkpt lat="50.9017" lon="4.4401">
        <ele>35</ele>
      </trkpt>
      <trkpt lat="50.9016" lon="4.44038">
        <ele>35</ele>
      </trkpt>
      <trkpt lat="50.90105" lon="4.43985">
        <ele>35</ele>
      </trkpt>
      <trkpt lat="50.90089" lon="4.43973">
        <ele>34</ele>
      </trkpt>
      <trkpt lat="50.90074" lon="4.43962">
        <ele>34</ele>
      </trkpt>
      <trkpt lat="50.90051" lon="4.43948">
        <ele>34</ele>
      </trkpt>
      <trkpt lat="50.90042" lon="4.43945">
        <ele>33</ele>
      </trkpt>
      <trkpt lat="50.90034" lon="4.43944">
        <ele>33</ele>
      </trkpt>
      <trkpt lat="50.90025" lon="4.43947">
        <ele>33</ele>
      </trkpt>
      <trkpt lat="50.90014" lon="4.43956">
        <ele>31</ele>
      </trkpt>
      <trkpt lat="50.9001" lon="4.43963">
        <ele>31</ele>
      </trkpt>
      <trkpt lat="50.89958" lon="4.44053">
        <ele>33</ele>
      </trkpt>
      <trkpt lat="50.89954" lon="4.44065">
        <ele>33</ele>
      </trkpt>
      <trkpt lat="50.89935" lon="4.441">
        <ele>34</ele>
      </trkpt>
      <trkpt lat="50.89932" lon="4.44103">
        <ele>34</ele>
      </trkpt>
      <trkpt lat="50.89915" lon="4.4415">
        <ele>33</ele>
      </trkpt>
      <trkpt lat="50.8988" lon="4.44237">
        <ele>35</ele>
      </trkpt>
      <trkpt lat="50.8984" lon="4.44318">
        <ele>35</ele>
      </trkpt>
      <trkpt lat="50.89832" lon="4.4434">
        <ele>36</ele>
      </trkpt>
      <trkpt lat="50.89707" lon="4.44603">
        <ele>36</ele>
      </trkpt>
      <trkpt lat="50.89679" lon="4.44672">
        <ele>36</ele>
      </trkpt>
      <trkpt lat="50.89448" lon="4.45293">
        <ele>31</ele>
      </trkpt>
      <trkpt lat="50.89365" lon="4.45612">
        <ele>33</ele>
      </trkpt>
      <trkpt lat="50.89363" lon="4.45623">
        <ele>33</ele>
      </trkpt>
      <trkpt lat="50.89363" lon="4.45638">
        <ele>33</ele>
      </trkpt>
      <trkpt lat="50.89368" lon="4.45648">
        <ele>33</ele>
      </trkpt>
      <trkpt lat="50.894" lon="4.45681">
        <ele>34</ele>
      </trkpt>
      <trkpt lat="50.89418" lon="4.45712">
        <ele>34</ele>
      </trkpt>
      <trkpt lat="50.89475" lon="4.45829">
        <ele>35</ele>
      </trkpt>
      <trkpt lat="50.89482" lon="4.45855">
        <ele>35</ele>
      </trkpt>
      <trkpt lat="50.89485" lon="4.45888">
        <ele>35</ele>
      </trkpt>
      <trkpt lat="50.89481" lon="4.45921">
        <ele>35</ele>
      </trkpt>
      <trkpt lat="50.89477" lon="4.45936">
        <ele>35</ele>
      </trkpt>
      <trkpt lat="50.89465" lon="4.45963">
        <ele>35</ele>
      </trkpt>
      <trkpt lat="50.89455" lon="4.45976">
        <ele>35</ele>
      </trkpt>
      <trkpt lat="50.89314" lon="4.46094">
        <ele>34</ele>
      </trkpt>
      <trkpt lat="50.8929" lon="4.46119">
        <ele>34</ele>
      </trkpt>
      <trkpt lat="50.89275" lon="4.4614">
        <ele>33</ele>
      </trkpt>
      <trkpt lat="50.89267" lon="4.46156">
        <ele>33</ele>
      </trkpt>
      <trkpt lat="50.89267" lon="4.46163">
        <ele>32</ele>
      </trkpt>
      <trkpt lat="50.89266" lon="4.46169">
        <ele>32</ele>
      </trkpt>
      <trkpt lat="50.89262" lon="4.46176">
        <ele>31</ele>
      </trkpt>
      <trkpt lat="50.89258" lon="4.46178">
        <ele>31</ele>
      </trkpt>
      <trkpt lat="50.89249" lon="4.46174">
        <ele>30</ele>
      </trkpt>
      <trkpt lat="50.89245" lon="4.46184">
        <ele>30</ele>
      </trkpt>
      <trkpt lat="50.89222" lon="4.46284">
        <ele>29</ele>
      </trkpt>
      <trkpt lat="50.89216" lon="4.46319">
        <ele>30</ele>
      </trkpt>
      <trkpt lat="50.8919" lon="4.46553">
        <ele>32</ele>
      </trkpt>
      <trkpt lat="50.89156" lon="4.46678">
        <ele>35</ele>
      </trkpt>
      <trkpt lat="50.89146" lon="4.46703">
        <ele>35</ele>
      </trkpt>
      <trkpt lat="50.89145" lon="4.46715">
        <ele>35</ele>
      </trkpt>
      <trkpt lat="50.89134" lon="4.46755">
        <ele>36</ele>
      </trkpt>
      <trkpt lat="50.8913" lon="4.46756">
        <ele>36</ele>
      </trkpt>
      <trkpt lat="50.89125" lon="4.46764">
        <ele>36</ele>
      </trkpt>
      <trkpt lat="50.89112" lon="4.46809">
        <ele>37</ele>
      </trkpt>
      <trkpt lat="50.891" lon="4.46849">
        <ele>37</ele>
      </trkpt>
      <trkpt lat="50.89101" lon="4.46853">
        <ele>37</ele>
      </trkpt>
      <trkpt lat="50.89101" lon="4.46866">
        <ele>38</ele>
      </trkpt>
      <trkpt lat="50.8908" lon="4.46911">
        <ele>38</ele>
      </trkpt>
      <trkpt lat="50.89049" lon="4.46986">
        <ele>38</ele>
      </trkpt>
      <trkpt lat="50.89017" lon="4.47056">
        <ele>39</ele>
      </trkpt>
      <trkpt lat="50.8901" lon="4.47083">
        <ele>40</ele>
      </trkpt>
      <trkpt lat="50.89001" lon="4.47082">
        <ele>40</ele>
      </trkpt>
      <trkpt lat="50.88992" lon="4.4709">
        <ele>40</ele>
      </trkpt>
      <trkpt lat="50.88989" lon="4.47099">
        <ele>40</ele>
      </trkpt>
      <trkpt lat="50.88988" lon="4.47109">
        <ele>40</ele>
      </trkpt>
      <trkpt lat="50.88989" lon="4.47119">
        <ele>40</ele>
      </trkpt>
      <trkpt lat="50.88994" lon="4.47128">
        <ele>40</ele>
      </trkpt>
      <trkpt lat="50.88947" lon="4.47216">
        <ele>41</ele>
      </trkpt>
      <trkpt lat="50.88914" lon="4.47274">
        <ele>42</ele>
      </trkpt>
      <trkpt lat="50.88882" lon="4.4731">
        <ele>42</ele>
      </trkpt>
      <trkpt lat="50.88777" lon="4.47364">
        <ele>44</ele>
      </trkpt>
      <trkpt lat="50.88667" lon="4.47398">
        <ele>45</ele>
      </trkpt>
      <trkpt lat="50.88536" lon="4.47425">
        <ele>46</ele>
      </trkpt>
      <trkpt lat="50.88518" lon="4.47426">
        <ele>45</ele>
      </trkpt>
      <trkpt lat="50.88261" lon="4.47402">
        <ele>45</ele>
      </trkpt>
      <trkpt lat="50.88235" lon="4.47403">
        <ele>45</ele>
      </trkpt>
      <trkpt lat="50.88153" lon="4.47436">
        <ele>44</ele>
      </trkpt>
      <trkpt lat="50.88121" lon="4.47463">
        <ele>43</ele>
      </trkpt>
      <trkpt lat="50.88102" lon="4.47471">
        <ele>43</ele>
      </trkpt>
      <trkpt lat="50.88089" lon="4.47474">
        <ele>41</ele>
      </trkpt>
      <trkpt lat="50.88074" lon="4.47474">
        <ele>41</ele>
      </trkpt>
      <trkpt lat="50.8805" lon="4.47466">
        <ele>40</ele>
      </trkpt>
      <trkpt lat="50.88044" lon="4.47462">
        <ele>40</ele>
      </trkpt>
      <trkpt lat="50.88038" lon="4.47474">
        <ele>40</ele>
      </trkpt>
      <trkpt lat="50.88038" lon="4.47477">
        <ele>40</ele>
      </trkpt>
      <trkpt lat="50.88039" lon="4.47493">
        <ele>40</ele>
      </trkpt>
      <trkpt lat="50.8807" lon="4.47571">
        <ele>40</ele>
      </trkpt>
      <trkpt lat="50.88094" lon="4.4764">
        <ele>41</ele>
      </trkpt>
      <trkpt lat="50.88103" lon="4.47671">
        <ele>41</ele>
      </trkpt>
      <trkpt lat="50.88115" lon="4.47721">
        <ele>42</ele>
      </trkpt>
      <trkpt lat="50.88156" lon="4.47956">
        <ele>41</ele>
      </trkpt>
      <trkpt lat="50.88159" lon="4.48001">
        <ele>41</ele>
      </trkpt>
      <trkpt lat="50.88159" lon="4.48056">
        <ele>41</ele>
      </trkpt>
      <trkpt lat="50.88157" lon="4.48067">
        <ele>41</ele>
      </trkpt>
      <trkpt lat="50.88156" lon="4.48071">
        <ele>41</ele>
      </trkpt>
      <trkpt lat="50.88149" lon="4.4808">
        <ele>41</ele>
      </trkpt>
      <trkpt lat="50.88116" lon="4.48114">
        <ele>40</ele>
      </trkpt>
      <trkpt lat="50.88107" lon="4.48129">
        <ele>41</ele>
      </trkpt>
      <trkpt lat="50.8798" lon="4.48362">
        <ele>47</ele>
      </trkpt>
      <trkpt lat="50.87969" lon="4.48377">
        <ele>47</ele>
      </trkpt>
      <trkpt lat="50.87941" lon="4.48402">
        <ele>47</ele>
      </trkpt>
      <trkpt lat="50.87917" lon="4.48413">
        <ele>49</ele>
      </trkpt>
      <trkpt lat="50.87897" lon="4.48417">
        <ele>49</ele>
      </trkpt>
      <trkpt lat="50.8781" lon="4.48413">
        <ele>52</ele>
      </trkpt>
      <trkpt lat="50.87741" lon="4.48418">
        <ele>55</ele>
      </trkpt>
      <trkpt lat="50.87676" lon="4.4843">
        <ele>57</ele>
      </trkpt>
      <trkpt lat="50.87636" lon="4.48443">
        <ele>57</ele>
      </trkpt>
      <trkpt lat="50.87439" lon="4.48522">
        <ele>62</ele>
      </trkpt>
      <trkpt lat="50.87404" lon="4.48537">
        <ele>64</ele>
      </trkpt>
      <trkpt lat="50.87339" lon="4.48571">
        <ele>65</ele>
      </trkpt>
      <trkpt lat="50.87242" lon="4.48625">
        <ele>66</ele>
      </trkpt>
      <trkpt lat="50.87229" lon="4.48637">
        <ele>66</ele>
      </trkpt>
      <trkpt lat="50.87198" lon="4.48656">
        <ele>66</ele>
      </trkpt>
      <trkpt lat="50.87182" lon="4.48676">
        <ele>66</ele>
      </trkpt>
      <trkpt lat="50.8715" lon="4.48726">
        <ele>66</ele>
      </trkpt>
      <trkpt lat="50.87122" lon="4.4879">
        <ele>66</ele>
      </trkpt>
      <trkpt lat="50.8707" lon="4.48937">
        <ele>68</ele>
      </trkpt>
      <trkpt lat="50.86987" lon="4.49173">
        <ele>68</ele>
      </trkpt>
      <trkpt lat="50.86982" lon="4.49204">
        <ele>67</ele>
      </trkpt>
      <trkpt lat="50.86979" lon="4.49299">
        <ele>67</ele>
      </trkpt>
      <trkpt lat="50.86976" lon="4.49621">
        <ele>68</ele>
      </trkpt>
      <trkpt lat="50.86975" lon="4.49637">
        <ele>68</ele>
      </trkpt>
      <trkpt lat="50.86973" lon="4.49661">
        <ele>68</ele>
      </trkpt>
      <trkpt lat="50.86969" lon="4.50022">
        <ele>67</ele>
      </trkpt>
      <trkpt lat="50.86974" lon="4.50416">
        <ele>65</ele>
      </trkpt>
      <trkpt lat="50.86987" lon="4.50569">
        <ele>65</ele>
      </trkpt>
      <trkpt lat="50.87018" lon="4.50806">
        <ele>66</ele>
      </trkpt>
      <trkpt lat="50.87028" lon="4.50898">
        <ele>66</ele>
      </trkpt>
      <trkpt lat="50.87035" lon="4.51001">
        <ele>67</ele>
      </trkpt>
      <trkpt lat="50.87041" lon="4.51106">
        <ele>67</ele>
      </trkpt>
      <trkpt lat="50.87042" lon="4.51133">
        <ele>67</ele>
      </trkpt>
      <trkpt lat="50.87067" lon="4.51424">
        <ele>65</ele>
      </trkpt>
      <trkpt lat="50.87077" lon="4.51541">
        <ele>66</ele>
      </trkpt>
      <trkpt lat="50.87083" lon="4.51571">
        <ele>66</ele>
      </trkpt>
      <trkpt lat="50.87118" lon="4.51708">
        <ele>67</ele>
      </trkpt>
      <trkpt lat="50.87169" lon="4.5186">
        <ele>68</ele>
      </trkpt>
      <trkpt lat="50.87207" lon="4.52003">
        <ele>68</ele>
      </trkpt>
      <trkpt lat="50.87222" lon="4.52067">
        <ele>69</ele>
      </trkpt>
      <trkpt lat="50.87259" lon="4.52249">
        <ele>72</ele>
      </trkpt>
      <trkpt lat="50.87282" lon="4.52347">
        <ele>70</ele>
      </trkpt>
      <trkpt lat="50.87307" lon="4.52455">
        <ele>71</ele>
      </trkpt>
      <trkpt lat="50.87306" lon="4.52481">
        <ele>71</ele>
      </trkpt>
      <trkpt lat="50.87312" lon="4.52487">
        <ele>71</ele>
      </trkpt>
      <trkpt lat="50.87319" lon="4.52505">
        <ele>71</ele>
      </trkpt>
      <trkpt lat="50.87319" lon="4.52513">
        <ele>71</ele>
      </trkpt>
      <trkpt lat="50.87317" lon="4.52519">
        <ele>71</ele>
      </trkpt>
      <trkpt lat="50.87465" lon="4.53028">
        <ele>62</ele>
      </trkpt>
      <trkpt lat="50.8749" lon="4.53105">
        <ele>61</ele>
      </trkpt>
      <trkpt lat="50.87587" lon="4.53349">
        <ele>55</ele>
      </trkpt>
      <trkpt lat="50.87604" lon="4.53404">
        <ele>53</ele>
      </trkpt>
      <trkpt lat="50.87616" lon="4.53445">
        <ele>53</ele>
      </trkpt>
      <trkpt lat="50.87626" lon="4.53497">
        <ele>53</ele>
      </trkpt>
      <trkpt lat="50.87634" lon="4.53553">
        <ele>53</ele>
      </trkpt>
      <trkpt lat="50.87654" lon="4.53717">
        <ele>55</ele>
      </trkpt>
      <trkpt lat="50.87657" lon="4.53812">
        <ele>55</ele>
      </trkpt>
      <trkpt lat="50.87652" lon="4.53904">
        <ele>56</ele>
      </trkpt>
      <trkpt lat="50.87645" lon="4.53964">
        <ele>56</ele>
      </trkpt>
      <trkpt lat="50.87638" lon="4.54028">
        <ele>56</ele>
      </trkpt>
      <trkpt lat="50.87634" lon="4.54054">
        <ele>57</ele>
      </trkpt>
      <trkpt lat="50.87622" lon="4.54087">
        <ele>59</ele>
      </trkpt>
      <trkpt lat="50.87605" lon="4.54126">
        <ele>59</ele>
      </trkpt>
      <trkpt lat="50.87598" lon="4.54159">
        <ele>60</ele>
      </trkpt>
      <trkpt lat="50.87594" lon="4.54184">
        <ele>62</ele>
      </trkpt>
      <trkpt lat="50.87593" lon="4.5421">
        <ele>62</ele>
      </trkpt>
      <trkpt lat="50.87596" lon="4.54242">
        <ele>62</ele>
      </trkpt>
      <trkpt lat="50.87604" lon="4.54284">
        <ele>63</ele>
      </trkpt>
      <trkpt lat="50.8763" lon="4.54378">
        <ele>62</ele>
      </trkpt>
      <trkpt lat="50.87635" lon="4.54377">
        <ele>62</ele>
      </trkpt>
      <trkpt lat="50.87637" lon="4.54381">
        <ele>62</ele>
      </trkpt>
      <trkpt lat="50.87644" lon="4.54395">
        <ele>62</ele>
      </trkpt>
      <trkpt lat="50.87645" lon="4.544">
        <ele>62</ele>
      </trkpt>
      <trkpt lat="50.87722" lon="4.54561">
        <ele>60</ele>
      </trkpt>
      <trkpt lat="50.87759" lon="4.54667">
        <ele>59</ele>
      </trkpt>
      <trkpt lat="50.87783" lon="4.54728">
        <ele>65</ele>
      </trkpt>
      <trkpt lat="50.87805" lon="4.54777">
        <ele>61</ele>
      </trkpt>
      <trkpt lat="50.87825" lon="4.5483">
        <ele>60</ele>
      </trkpt>
      <trkpt lat="50.87847" lon="4.54906">
        <ele>60</ele>
      </trkpt>
      <trkpt lat="50.87859" lon="4.54962">
        <ele>62</ele>
      </trkpt>
      <trkpt lat="50.8788" lon="4.55086">
        <ele>55</ele>
      </trkpt>
      <trkpt lat="50.87886" lon="4.55139">
        <ele>54</ele>
      </trkpt>
    </trkseg>
  </trk>
</gpx>