<?xml version='1.0' encoding='UTF-8'?>
<gpx xmlns="http://www.topografix.com/GPX/1/1" xmlns:xsi="http://www.w3.org/2001/XMLSchema-instance" creator="RouteYou" version="1.1" xsi:schemaLocation="http://www.topografix.com/GPX/1/1 http://www.topografix.com/GPX/1/1/gpx.xsd">
  <trk>
    <name>Sint-Brixus-Rode 2025</name>
    <desc />
    <trkseg>
      <trkpt lat="50.8789" lon="4.55169">
        <ele>53</ele>
      </trkpt>
      <trkpt lat="50.87926" lon="4.5547">
        <ele>51</ele>
      </trkpt>
      <trkpt lat="50.87936" lon="4.5553">
        <ele>54</ele>
      </trkpt>
      <trkpt lat="50.87985" lon="4.55718">
        <ele>55</ele>
      </trkpt>
      <trkpt lat="50.88046" lon="4.5608">
        <ele>59</ele>
      </trkpt>
      <trkpt lat="50.88051" lon="4.56137">
        <ele>59</ele>
      </trkpt>
      <trkpt lat="50.88048" lon="4.56195">
        <ele>59</ele>
      </trkpt>
      <trkpt lat="50.88007" lon="4.56408">
        <ele>51</ele>
      </trkpt>
      <trkpt lat="50.88005" lon="4.56437">
        <ele>49</ele>
      </trkpt>
      <trkpt lat="50.88009" lon="4.56619">
        <ele>46</ele>
      </trkpt>
      <trkpt lat="50.88016" lon="4.56621">
        <ele>48</ele>
      </trkpt>
      <trkpt lat="50.8802" lon="4.56633">
        <ele>48</ele>
      </trkpt>
      <trkpt lat="50.88018" lon="4.56641">
        <ele>48</ele>
      </trkpt>
      <trkpt lat="50.88012" lon="4.56647">
        <ele>46</ele>
      </trkpt>
      <trkpt lat="50.88013" lon="4.5667">
        <ele>46</ele>
      </trkpt>
      <trkpt lat="50.88012" lon="4.56689">
        <ele>46</ele>
      </trkpt>
      <trkpt lat="50.8802" lon="4.56788">
        <ele>46</ele>
      </trkpt>
      <trkpt lat="50.88014" lon="4.56811">
        <ele>46</ele>
      </trkpt>
      <trkpt lat="50.87954" lon="4.56903">
        <ele>46</ele>
      </trkpt>
      <trkpt lat="50.87914" lon="4.56977">
        <ele>48</ele>
      </trkpt>
      <trkpt lat="50.87911" lon="4.56987">
        <ele>48</ele>
      </trkpt>
      <trkpt lat="50.8792" lon="4.57054">
        <ele>49</ele>
      </trkpt>
      <trkpt lat="50.87899" lon="4.57089">
        <ele>49</ele>
      </trkpt>
      <trkpt lat="50.87882" lon="4.57121">
        <ele>48</ele>
      </trkpt>
      <trkpt lat="50.87931" lon="4.57211">
        <ele>47</ele>
      </trkpt>
      <trkpt lat="50.8799" lon="4.57392">
        <ele>44</ele>
      </trkpt>
      <trkpt lat="50.88015" lon="4.57443">
        <ele>42</ele>
      </trkpt>
      <trkpt lat="50.88125" lon="4.57644">
        <ele>40</ele>
      </trkpt>
      <trkpt lat="50.88194" lon="4.57805">
        <ele>37</ele>
      </trkpt>
      <trkpt lat="50.8826" lon="4.58019">
        <ele>37</ele>
      </trkpt>
      <trkpt lat="50.88302" lon="4.58173">
        <ele>39</ele>
      </trkpt>
      <trkpt lat="50.88308" lon="4.58191">
        <ele>40</ele>
      </trkpt>
      <trkpt lat="50.88307" lon="4.58192">
        <ele>40</ele>
      </trkpt>
      <trkpt lat="50.88308" lon="4.5819">
        <ele>40</ele>
      </trkpt>
      <trkpt lat="50.88349" lon="4.58118">
        <ele>38</ele>
      </trkpt>
      <trkpt lat="50.88429" lon="4.58019">
        <ele>38</ele>
      </trkpt>
      <trkpt lat="50.88431" lon="4.58015">
        <ele>38</ele>
      </trkpt>
      <trkpt lat="50.8845" lon="4.57997">
        <ele>38</ele>
      </trkpt>
      <trkpt lat="50.88539" lon="4.57908">
        <ele>42</ele>
      </trkpt>
      <trkpt lat="50.88543" lon="4.57905">
        <ele>42</ele>
      </trkpt>
      <trkpt lat="50.88543" lon="4.57905">
        <ele>42</ele>
      </trkpt>
      <trkpt lat="50.88574" lon="4.57875">
        <ele>43</ele>
      </trkpt>
      <trkpt lat="50.88625" lon="4.57824">
        <ele>44</ele>
      </trkpt>
      <trkpt lat="50.88683" lon="4.57761">
        <ele>43</ele>
      </trkpt>
      <trkpt lat="50.88719" lon="4.57718">
        <ele>44</ele>
      </trkpt>
      <trkpt lat="50.8873" lon="4.57701">
        <ele>44</ele>
      </trkpt>
      <trkpt lat="50.88743" lon="4.5768">
        <ele>44</ele>
      </trkpt>
      <trkpt lat="50.88757" lon="4.5765">
        <ele>44</ele>
      </trkpt>
      <trkpt lat="50.88812" lon="4.57506">
        <ele>41</ele>
      </trkpt>
      <trkpt lat="50.8883" lon="4.57475">
        <ele>42</ele>
      </trkpt>
      <trkpt lat="50.88849" lon="4.57447">
        <ele>39</ele>
      </trkpt>
      <trkpt lat="50.88868" lon="4.57422">
        <ele>39</ele>
      </trkpt>
      <trkpt lat="50.88887" lon="4.57403">
        <ele>40</ele>
      </trkpt>
      <trkpt lat="50.88957" lon="4.57331">
        <ele>38</ele>
      </trkpt>
      <trkpt lat="50.88971" lon="4.57319">
        <ele>38</ele>
      </trkpt>
      <trkpt lat="50.89021" lon="4.57267">
        <ele>37</ele>
      </trkpt>
      <trkpt lat="50.8905" lon="4.57229">
        <ele>37</ele>
      </trkpt>
      <trkpt lat="50.89078" lon="4.57185">
        <ele>37</ele>
      </trkpt>
      <trkpt lat="50.89084" lon="4.57174">
        <ele>37</ele>
      </trkpt>
      <trkpt lat="50.89088" lon="4.57167">
        <ele>37</ele>
      </trkpt>
      <trkpt lat="50.89097" lon="4.57141">
        <ele>36</ele>
      </trkpt>
      <trkpt lat="50.89102" lon="4.57116">
        <ele>36</ele>
      </trkpt>
      <trkpt lat="50.89107" lon="4.57084">
        <ele>36</ele>
      </trkpt>
      <trkpt lat="50.89122" lon="4.57053">
        <ele>36</ele>
      </trkpt>
      <trkpt lat="50.8913" lon="4.57043">
        <ele>35</ele>
      </trkpt>
      <trkpt lat="50.89138" lon="4.57017">
        <ele>35</ele>
      </trkpt>
      <trkpt lat="50.89139" lon="4.57004">
        <ele>35</ele>
      </trkpt>
      <trkpt lat="50.89157" lon="4.56998">
        <ele>35</ele>
      </trkpt>
      <trkpt lat="50.89158" lon="4.57006">
        <ele>35</ele>
      </trkpt>
      <trkpt lat="50.8916" lon="4.57011">
        <ele>35</ele>
      </trkpt>
      <trkpt lat="50.89167" lon="4.57015">
        <ele>35</ele>
      </trkpt>
      <trkpt lat="50.89172" lon="4.57022">
        <ele>35</ele>
      </trkpt>
      <trkpt lat="50.89179" lon="4.57023">
        <ele>35</ele>
      </trkpt>
      <trkpt lat="50.89192" lon="4.57015">
        <ele>35</ele>
      </trkpt>
      <trkpt lat="50.89265" lon="4.56915">
        <ele>34</ele>
      </trkpt>
      <trkpt lat="50.89299" lon="4.56873">
        <ele>34</ele>
      </trkpt>
      <trkpt lat="50.89385" lon="4.56778">
        <ele>36</ele>
      </trkpt>
      <trkpt lat="50.89474" lon="4.56666">
        <ele>37</ele>
      </trkpt>
      <trkpt lat="50.89511" lon="4.56632">
        <ele>37</ele>
      </trkpt>
      <trkpt lat="50.89516" lon="4.56629">
        <ele>37</ele>
      </trkpt>
      <trkpt lat="50.8961" lon="4.56542">
        <ele>37</ele>
      </trkpt>
      <trkpt lat="50.89624" lon="4.56534">
        <ele>37</ele>
      </trkpt>
      <trkpt lat="50.89716" lon="4.5644">
        <ele>37</ele>
      </trkpt>
      <trkpt lat="50.90171" lon="4.55956">
        <ele>33</ele>
      </trkpt>
      <trkpt lat="50.90184" lon="4.5594">
        <ele>33</ele>
      </trkpt>
      <trkpt lat="50.90218" lon="4.55979">
        <ele>33</ele>
      </trkpt>
      <trkpt lat="50.90274" lon="4.55918">
        <ele>34</ele>
      </trkpt>
      <trkpt lat="50.90347" lon="4.55854">
        <ele>35</ele>
      </trkpt>
      <trkpt lat="50.9035" lon="4.55846">
        <ele>36</ele>
      </trkpt>
      <trkpt lat="50.90351" lon="4.5584">
        <ele>36</ele>
      </trkpt>
      <trkpt lat="50.90345" lon="4.55807">
        <ele>36</ele>
      </trkpt>
      <trkpt lat="50.90347" lon="4.55777">
        <ele>36</ele>
      </trkpt>
      <trkpt lat="50.90351" lon="4.55764">
        <ele>36</ele>
      </trkpt>
      <trkpt lat="50.90379" lon="4.55741">
        <ele>37</ele>
      </trkpt>
      <trkpt lat="50.90383" lon="4.55733">
        <ele>37</ele>
      </trkpt>
      <trkpt lat="50.90394" lon="4.55725">
        <ele>37</ele>
      </trkpt>
      <trkpt lat="50.90401" lon="4.55719">
        <ele>37</ele>
      </trkpt>
      <trkpt lat="50.90437" lon="4.55799">
        <ele>36</ele>
      </trkpt>
      <trkpt lat="50.90442" lon="4.55815">
        <ele>36</ele>
      </trkpt>
      <trkpt lat="50.90466" lon="4.55907">
        <ele>35</ele>
      </trkpt>
      <trkpt lat="50.90515" lon="4.56057">
        <ele>34</ele>
      </trkpt>
      <trkpt lat="50.90543" lon="4.56132">
        <ele>32</ele>
      </trkpt>
      <trkpt lat="50.90551" lon="4.5615">
        <ele>32</ele>
      </trkpt>
      <trkpt lat="50.90667" lon="4.5632">
        <ele>29</ele>
      </trkpt>
      <trkpt lat="50.90796" lon="4.56501">
        <ele>27</ele>
      </trkpt>
      <trkpt lat="50.90795" lon="4.56503">
        <ele>28</ele>
      </trkpt>
      <trkpt lat="50.90796" lon="4.56501">
        <ele>28</ele>
      </trkpt>
      <trkpt lat="50.9082" lon="4.56533">
        <ele>28</ele>
      </trkpt>
      <trkpt lat="50.90839" lon="4.56542">
        <ele>27</ele>
      </trkpt>
      <trkpt lat="50.90861" lon="4.56546">
        <ele>27</ele>
      </trkpt>
      <trkpt lat="50.90995" lon="4.56434">
        <ele>27</ele>
      </trkpt>
      <trkpt lat="50.91083" lon="4.56358">
        <ele>27</ele>
      </trkpt>
      <trkpt lat="50.91119" lon="4.56338">
        <ele>27</ele>
      </trkpt>
      <trkpt lat="50.91141" lon="4.56334">
        <ele>27</ele>
      </trkpt>
      <trkpt lat="50.91152" lon="4.56331">
        <ele>27</ele>
      </trkpt>
      <trkpt lat="50.91255" lon="4.56356">
        <ele>28</ele>
      </trkpt>
      <trkpt lat="50.91366" lon="4.56385">
        <ele>27</ele>
      </trkpt>
      <trkpt lat="50.91369" lon="4.56385">
        <ele>27</ele>
      </trkpt>
      <trkpt lat="50.91543" lon="4.56431">
        <ele>26</ele>
      </trkpt>
      <trkpt lat="50.9156" lon="4.56434">
        <ele>25</ele>
      </trkpt>
      <trkpt lat="50.91572" lon="4.56435">
        <ele>25</ele>
      </trkpt>
      <trkpt lat="50.91587" lon="4.56434">
        <ele>25</ele>
      </trkpt>
      <trkpt lat="50.916" lon="4.56433">
        <ele>25</ele>
      </trkpt>
      <trkpt lat="50.91616" lon="4.56428">
        <ele>25</ele>
      </trkpt>
      <trkpt lat="50.91639" lon="4.56416">
        <ele>25</ele>
      </trkpt>
      <trkpt lat="50.91661" lon="4.56403">
        <ele>25</ele>
      </trkpt>
      <trkpt lat="50.91693" lon="4.56379">
        <ele>25</ele>
      </trkpt>
      <trkpt lat="50.91762" lon="4.56329">
        <ele>25</ele>
      </trkpt>
      <trkpt lat="50.91774" lon="4.56321">
        <ele>24</ele>
      </trkpt>
      <trkpt lat="50.91789" lon="4.56313">
        <ele>24</ele>
      </trkpt>
      <trkpt lat="50.91803" lon="4.56307">
        <ele>24</ele>
      </trkpt>
      <trkpt lat="50.91821" lon="4.56304">
        <ele>24</ele>
      </trkpt>
      <trkpt lat="50.91836" lon="4.56303">
        <ele>24</ele>
      </trkpt>
      <trkpt lat="50.91858" lon="4.56304">
        <ele>24</ele>
      </trkpt>
      <trkpt lat="50.91934" lon="4.56254">
        <ele>23</ele>
      </trkpt>
      <trkpt lat="50.91937" lon="4.56251">
        <ele>23</ele>
      </trkpt>
      <trkpt lat="50.91969" lon="4.56222">
        <ele>22</ele>
      </trkpt>
      <trkpt lat="50.91983" lon="4.56209">
        <ele>22</ele>
      </trkpt>
      <trkpt lat="50.91987" lon="4.56205">
        <ele>22</ele>
      </trkpt>
      <trkpt lat="50.91988" lon="4.56204">
        <ele>22</ele>
      </trkpt>
      <trkpt lat="50.91989" lon="4.56201">
        <ele>22</ele>
      </trkpt>
      <trkpt lat="50.91992" lon="4.56196">
        <ele>22</ele>
      </trkpt>
      <trkpt lat="50.91993" lon="4.56195">
        <ele>22</ele>
      </trkpt>
      <trkpt lat="50.91994" lon="4.56191">
        <ele>22</ele>
      </trkpt>
      <trkpt lat="50.91995" lon="4.56183">
        <ele>22</ele>
      </trkpt>
      <trkpt lat="50.91996" lon="4.56178">
        <ele>22</ele>
      </trkpt>
      <trkpt lat="50.91997" lon="4.56173">
        <ele>22</ele>
      </trkpt>
      <trkpt lat="50.91998" lon="4.56164">
        <ele>22</ele>
      </trkpt>
      <trkpt lat="50.92" lon="4.56155">
        <ele>22</ele>
      </trkpt>
      <trkpt lat="50.92002" lon="4.56147">
        <ele>22</ele>
      </trkpt>
      <trkpt lat="50.92005" lon="4.56141">
        <ele>22</ele>
      </trkpt>
      <trkpt lat="50.92008" lon="4.56133">
        <ele>22</ele>
      </trkpt>
      <trkpt lat="50.92012" lon="4.56128">
        <ele>22</ele>
      </trkpt>
      <trkpt lat="50.92016" lon="4.56122">
        <ele>21</ele>
      </trkpt>
      <trkpt lat="50.92021" lon="4.56114">
        <ele>21</ele>
      </trkpt>
      <trkpt lat="50.92028" lon="4.56102">
        <ele>21</ele>
      </trkpt>
      <trkpt lat="50.92034" lon="4.56093">
        <ele>21</ele>
      </trkpt>
      <trkpt lat="50.9204" lon="4.56084">
        <ele>21</ele>
      </trkpt>
      <trkpt lat="50.92045" lon="4.56075">
        <ele>21</ele>
      </trkpt>
      <trkpt lat="50.92047" lon="4.5607">
        <ele>21</ele>
      </trkpt>
      <trkpt lat="50.92049" lon="4.56065">
        <ele>21</ele>
      </trkpt>
      <trkpt lat="50.9205" lon="4.5606">
        <ele>21</ele>
      </trkpt>
      <trkpt lat="50.9205" lon="4.56055">
        <ele>21</ele>
      </trkpt>
      <trkpt lat="50.92049" lon="4.56048">
        <ele>21</ele>
      </trkpt>
      <trkpt lat="50.92047" lon="4.56042">
        <ele>21</ele>
      </trkpt>
      <trkpt lat="50.92044" lon="4.56034">
        <ele>21</ele>
      </trkpt>
      <trkpt lat="50.92042" lon="4.56032">
        <ele>21</ele>
      </trkpt>
      <trkpt lat="50.92036" lon="4.5602">
        <ele>21</ele>
      </trkpt>
      <trkpt lat="50.92028" lon="4.56007">
        <ele>21</ele>
      </trkpt>
      <trkpt lat="50.92014" lon="4.55984">
        <ele>22</ele>
      </trkpt>
      <trkpt lat="50.92011" lon="4.55978">
        <ele>22</ele>
      </trkpt>
      <trkpt lat="50.92008" lon="4.55972">
        <ele>22</ele>
      </trkpt>
      <trkpt lat="50.92006" lon="4.55965">
        <ele>22</ele>
      </trkpt>
      <trkpt lat="50.92006" lon="4.55954">
        <ele>22</ele>
      </trkpt>
      <trkpt lat="50.92007" lon="4.55943">
        <ele>22</ele>
      </trkpt>
      <trkpt lat="50.92009" lon="4.55933">
        <ele>22</ele>
      </trkpt>
      <trkpt lat="50.92012" lon="4.5592">
        <ele>22</ele>
      </trkpt>
      <trkpt lat="50.92016" lon="4.559">
        <ele>22</ele>
      </trkpt>
      <trkpt lat="50.9202" lon="4.55882">
        <ele>22</ele>
      </trkpt>
      <trkpt lat="50.92023" lon="4.55867">
        <ele>22</ele>
      </trkpt>
      <trkpt lat="50.92026" lon="4.55855">
        <ele>22</ele>
      </trkpt>
      <trkpt lat="50.92028" lon="4.55844">
        <ele>22</ele>
      </trkpt>
      <trkpt lat="50.9203" lon="4.55836">
        <ele>22</ele>
      </trkpt>
      <trkpt lat="50.92031" lon="4.5583">
        <ele>22</ele>
      </trkpt>
      <trkpt lat="50.92034" lon="4.55819">
        <ele>23</ele>
      </trkpt>
      <trkpt lat="50.92036" lon="4.55809">
        <ele>23</ele>
      </trkpt>
      <trkpt lat="50.9204" lon="4.55798">
        <ele>23</ele>
      </trkpt>
      <trkpt lat="50.92043" lon="4.55786">
        <ele>23</ele>
      </trkpt>
      <trkpt lat="50.92047" lon="4.55773">
        <ele>23</ele>
      </trkpt>
      <trkpt lat="50.92052" lon="4.55759">
        <ele>23</ele>
      </trkpt>
      <trkpt lat="50.92056" lon="4.55747">
        <ele>23</ele>
      </trkpt>
      <trkpt lat="50.92062" lon="4.55732">
        <ele>24</ele>
      </trkpt>
      <trkpt lat="50.92066" lon="4.55719">
        <ele>24</ele>
      </trkpt>
      <trkpt lat="50.9207" lon="4.55709">
        <ele>24</ele>
      </trkpt>
      <trkpt lat="50.92077" lon="4.55691">
        <ele>24</ele>
      </trkpt>
      <trkpt lat="50.92085" lon="4.55669">
        <ele>24</ele>
      </trkpt>
      <trkpt lat="50.92089" lon="4.55655">
        <ele>24</ele>
      </trkpt>
      <trkpt lat="50.92105" lon="4.55614">
        <ele>24</ele>
      </trkpt>
      <trkpt lat="50.92107" lon="4.55606">
        <ele>24</ele>
      </trkpt>
      <trkpt lat="50.92112" lon="4.55593">
        <ele>24</ele>
      </trkpt>
      <trkpt lat="50.92118" lon="4.55574">
        <ele>24</ele>
      </trkpt>
      <trkpt lat="50.92126" lon="4.55551">
        <ele>24</ele>
      </trkpt>
      <trkpt lat="50.92127" lon="4.55548">
        <ele>24</ele>
      </trkpt>
      <trkpt lat="50.9213" lon="4.55542">
        <ele>24</ele>
      </trkpt>
      <trkpt lat="50.92141" lon="4.55511">
        <ele>24</ele>
      </trkpt>
      <trkpt lat="50.9215" lon="4.55486">
        <ele>25</ele>
      </trkpt>
      <trkpt lat="50.92152" lon="4.5548">
        <ele>25</ele>
      </trkpt>
      <trkpt lat="50.92159" lon="4.55461">
        <ele>25</ele>
      </trkpt>
      <trkpt lat="50.92168" lon="4.55437">
        <ele>25</ele>
      </trkpt>
      <trkpt lat="50.92169" lon="4.55434">
        <ele>25</ele>
      </trkpt>
      <trkpt lat="50.92171" lon="4.55429">
        <ele>25</ele>
      </trkpt>
      <trkpt lat="50.9218" lon="4.55398">
        <ele>25</ele>
      </trkpt>
      <trkpt lat="50.92183" lon="4.55393">
        <ele>24</ele>
      </trkpt>
      <trkpt lat="50.92195" lon="4.55362">
        <ele>24</ele>
      </trkpt>
      <trkpt lat="50.92197" lon="4.55354">
        <ele>24</ele>
      </trkpt>
      <trkpt lat="50.922" lon="4.55344">
        <ele>23</ele>
      </trkpt>
      <trkpt lat="50.92203" lon="4.55331">
        <ele>23</ele>
      </trkpt>
      <trkpt lat="50.92204" lon="4.55322">
        <ele>23</ele>
      </trkpt>
      <trkpt lat="50.92205" lon="4.55308">
        <ele>23</ele>
      </trkpt>
      <trkpt lat="50.92204" lon="4.55295">
        <ele>23</ele>
      </trkpt>
      <trkpt lat="50.92202" lon="4.55281">
        <ele>23</ele>
      </trkpt>
      <trkpt lat="50.92201" lon="4.55277">
        <ele>23</ele>
      </trkpt>
      <trkpt lat="50.922" lon="4.55269">
        <ele>23</ele>
      </trkpt>
      <trkpt lat="50.92199" lon="4.55258">
        <ele>23</ele>
      </trkpt>
      <trkpt lat="50.92198" lon="4.55242">
        <ele>23</ele>
      </trkpt>
      <trkpt lat="50.92198" lon="4.55228">
        <ele>23</ele>
      </trkpt>
      <trkpt lat="50.92199" lon="4.55213">
        <ele>23</ele>
      </trkpt>
      <trkpt lat="50.922" lon="4.55203">
        <ele>23</ele>
      </trkpt>
      <trkpt lat="50.92201" lon="4.55195">
        <ele>23</ele>
      </trkpt>
      <trkpt lat="50.92204" lon="4.55167">
        <ele>22</ele>
      </trkpt>
      <trkpt lat="50.92205" lon="4.55164">
        <ele>22</ele>
      </trkpt>
      <trkpt lat="50.9221" lon="4.55117">
        <ele>23</ele>
      </trkpt>
      <trkpt lat="50.92214" lon="4.55088">
        <ele>22</ele>
      </trkpt>
      <trkpt lat="50.92216" lon="4.55077">
        <ele>22</ele>
      </trkpt>
      <trkpt lat="50.92217" lon="4.55063">
        <ele>22</ele>
      </trkpt>
      <trkpt lat="50.92218" lon="4.55062">
        <ele>22</ele>
      </trkpt>
      <trkpt lat="50.92219" lon="4.5505">
        <ele>22</ele>
      </trkpt>
      <trkpt lat="50.92219" lon="4.55043">
        <ele>22</ele>
      </trkpt>
      <trkpt lat="50.9222" lon="4.55036">
        <ele>23</ele>
      </trkpt>
      <trkpt lat="50.9222" lon="4.55029">
        <ele>23</ele>
      </trkpt>
      <trkpt lat="50.9222" lon="4.55025">
        <ele>23</ele>
      </trkpt>
      <trkpt lat="50.9222" lon="4.55014">
        <ele>22</ele>
      </trkpt>
      <trkpt lat="50.9222" lon="4.54999">
        <ele>22</ele>
      </trkpt>
      <trkpt lat="50.9222" lon="4.54989">
        <ele>22</ele>
      </trkpt>
      <trkpt lat="50.9222" lon="4.5497">
        <ele>22</ele>
      </trkpt>
      <trkpt lat="50.9222" lon="4.54958">
        <ele>22</ele>
      </trkpt>
      <trkpt lat="50.9222" lon="4.54944">
        <ele>22</ele>
      </trkpt>
      <trkpt lat="50.9222" lon="4.54939">
        <ele>22</ele>
      </trkpt>
      <trkpt lat="50.9222" lon="4.5493">
        <ele>22</ele>
      </trkpt>
      <trkpt lat="50.92221" lon="4.54916">
        <ele>22</ele>
      </trkpt>
      <trkpt lat="50.92221" lon="4.54902">
        <ele>22</ele>
      </trkpt>
      <trkpt lat="50.92221" lon="4.549">
        <ele>22</ele>
      </trkpt>
      <trkpt lat="50.92222" lon="4.5489">
        <ele>22</ele>
      </trkpt>
      <trkpt lat="50.92223" lon="4.54879">
        <ele>22</ele>
      </trkpt>
      <trkpt lat="50.92224" lon="4.5487">
        <ele>22</ele>
      </trkpt>
      <trkpt lat="50.92226" lon="4.54857">
        <ele>22</ele>
      </trkpt>
      <trkpt lat="50.92228" lon="4.54845">
        <ele>22</ele>
      </trkpt>
      <trkpt lat="50.92231" lon="4.54827">
        <ele>21</ele>
      </trkpt>
      <trkpt lat="50.92234" lon="4.54809">
        <ele>21</ele>
      </trkpt>
      <trkpt lat="50.92234" lon="4.54808">
        <ele>21</ele>
      </trkpt>
      <trkpt lat="50.92341" lon="4.54813">
        <ele>19</ele>
      </trkpt>
      <trkpt lat="50.92407" lon="4.54809">
        <ele>18</ele>
      </trkpt>
      <trkpt lat="50.92432" lon="4.54822">
        <ele>18</ele>
      </trkpt>
      <trkpt lat="50.92454" lon="4.54849">
        <ele>17</ele>
      </trkpt>
      <trkpt lat="50.92468" lon="4.5489">
        <ele>17</ele>
      </trkpt>
      <trkpt lat="50.92484" lon="4.54931">
        <ele>17</ele>
      </trkpt>
      <trkpt lat="50.9253" lon="4.54989">
        <ele>18</ele>
      </trkpt>
      <trkpt lat="50.92556" lon="4.55003">
        <ele>19</ele>
      </trkpt>
      <trkpt lat="50.92582" lon="4.55008">
        <ele>20</ele>
      </trkpt>
      <trkpt lat="50.92716" lon="4.55026">
        <ele>20</ele>
      </trkpt>
      <trkpt lat="50.92755" lon="4.5503">
        <ele>20</ele>
      </trkpt>
      <trkpt lat="50.92778" lon="4.55026">
        <ele>18</ele>
      </trkpt>
      <trkpt lat="50.92802" lon="4.55016">
        <ele>17</ele>
      </trkpt>
      <trkpt lat="50.92825" lon="4.54999">
        <ele>17</ele>
      </trkpt>
      <trkpt lat="50.92848" lon="4.54975">
        <ele>17</ele>
      </trkpt>
      <trkpt lat="50.92872" lon="4.54944">
        <ele>16</ele>
      </trkpt>
      <trkpt lat="50.92875" lon="4.54939">
        <ele>16</ele>
      </trkpt>
      <trkpt lat="50.92878" lon="4.54935">
        <ele>16</ele>
      </trkpt>
      <trkpt lat="50.9289" lon="4.54918">
        <ele>16</ele>
      </trkpt>
      <trkpt lat="50.92922" lon="4.54876">
        <ele>16</ele>
      </trkpt>
      <trkpt lat="50.92934" lon="4.54861">
        <ele>16</ele>
      </trkpt>
      <trkpt lat="50.92961" lon="4.54831">
        <ele>16</ele>
      </trkpt>
      <trkpt lat="50.92971" lon="4.54818">
        <ele>16</ele>
      </trkpt>
      <trkpt lat="50.9298" lon="4.548">
        <ele>16</ele>
      </trkpt>
      <trkpt lat="50.92985" lon="4.54786">
        <ele>16</ele>
      </trkpt>
      <trkpt lat="50.92993" lon="4.54751">
        <ele>15</ele>
      </trkpt>
      <trkpt lat="50.92993" lon="4.54749">
        <ele>15</ele>
      </trkpt>
      <trkpt lat="50.92999" lon="4.54719">
        <ele>16</ele>
      </trkpt>
      <trkpt lat="50.93001" lon="4.54713">
        <ele>16</ele>
      </trkpt>
      <trkpt lat="50.93014" lon="4.54655">
        <ele>16</ele>
      </trkpt>
      <trkpt lat="50.93018" lon="4.54639">
        <ele>16</ele>
      </trkpt>
      <trkpt lat="50.93018" lon="4.54637">
        <ele>16</ele>
      </trkpt>
      <trkpt lat="50.93021" lon="4.54624">
        <ele>16</ele>
      </trkpt>
      <trkpt lat="50.9303" lon="4.54587">
        <ele>16</ele>
      </trkpt>
      <trkpt lat="50.93035" lon="4.54558">
        <ele>17</ele>
      </trkpt>
      <trkpt lat="50.93037" lon="4.54531">
        <ele>17</ele>
      </trkpt>
      <trkpt lat="50.93037" lon="4.54507">
        <ele>18</ele>
      </trkpt>
      <trkpt lat="50.93036" lon="4.54502">
        <ele>18</ele>
      </trkpt>
      <trkpt lat="50.93033" lon="4.54472">
        <ele>18</ele>
      </trkpt>
      <trkpt lat="50.93031" lon="4.54449">
        <ele>19</ele>
      </trkpt>
      <trkpt lat="50.9303" lon="4.54426">
        <ele>19</ele>
      </trkpt>
      <trkpt lat="50.93033" lon="4.54374">
        <ele>19</ele>
      </trkpt>
      <trkpt lat="50.93036" lon="4.54349">
        <ele>19</ele>
      </trkpt>
      <trkpt lat="50.93038" lon="4.54336">
        <ele>20</ele>
      </trkpt>
      <trkpt lat="50.9304" lon="4.54326">
        <ele>20</ele>
      </trkpt>
      <trkpt lat="50.93053" lon="4.54273">
        <ele>20</ele>
      </trkpt>
      <trkpt lat="50.93073" lon="4.542">
        <ele>20</ele>
      </trkpt>
      <trkpt lat="50.93077" lon="4.54187">
        <ele>20</ele>
      </trkpt>
      <trkpt lat="50.93083" lon="4.54156">
        <ele>20</ele>
      </trkpt>
      <trkpt lat="50.93086" lon="4.54142">
        <ele>20</ele>
      </trkpt>
      <trkpt lat="50.93087" lon="4.54129">
        <ele>20</ele>
      </trkpt>
      <trkpt lat="50.93086" lon="4.54108">
        <ele>20</ele>
      </trkpt>
      <trkpt lat="50.93086" lon="4.54106">
        <ele>20</ele>
      </trkpt>
      <trkpt lat="50.93084" lon="4.5408">
        <ele>20</ele>
      </trkpt>
      <trkpt lat="50.93083" lon="4.54066">
        <ele>19</ele>
      </trkpt>
      <trkpt lat="50.93081" lon="4.5403">
        <ele>19</ele>
      </trkpt>
      <trkpt lat="50.93081" lon="4.54012">
        <ele>19</ele>
      </trkpt>
      <trkpt lat="50.93085" lon="4.53985">
        <ele>18</ele>
      </trkpt>
      <trkpt lat="50.93089" lon="4.53967">
        <ele>18</ele>
      </trkpt>
      <trkpt lat="50.93095" lon="4.5394">
        <ele>18</ele>
      </trkpt>
      <trkpt lat="50.93109" lon="4.53899">
        <ele>17</ele>
      </trkpt>
      <trkpt lat="50.93126" lon="4.53852">
        <ele>17</ele>
      </trkpt>
      <trkpt lat="50.93152" lon="4.53786">
        <ele>16</ele>
      </trkpt>
      <trkpt lat="50.93156" lon="4.53774">
        <ele>16</ele>
      </trkpt>
      <trkpt lat="50.93161" lon="4.53768">
        <ele>16</ele>
      </trkpt>
      <trkpt lat="50.93184" lon="4.53735">
        <ele>15</ele>
      </trkpt>
      <trkpt lat="50.93192" lon="4.53726">
        <ele>15</ele>
      </trkpt>
      <trkpt lat="50.93213" lon="4.53701">
        <ele>15</ele>
      </trkpt>
      <trkpt lat="50.93215" lon="4.53697">
        <ele>15</ele>
      </trkpt>
      <trkpt lat="50.93248" lon="4.53798">
        <ele>16</ele>
      </trkpt>
      <trkpt lat="50.93249" lon="4.53794">
        <ele>16</ele>
      </trkpt>
      <trkpt lat="50.93251" lon="4.538">
        <ele>16</ele>
      </trkpt>
      <trkpt lat="50.93263" lon="4.5384">
        <ele>16</ele>
      </trkpt>
      <trkpt lat="50.93267" lon="4.53852">
        <ele>15</ele>
      </trkpt>
      <trkpt lat="50.93278" lon="4.53883">
        <ele>15</ele>
      </trkpt>
      <trkpt lat="50.9328" lon="4.5389">
        <ele>15</ele>
      </trkpt>
      <trkpt lat="50.93281" lon="4.53892">
        <ele>15</ele>
      </trkpt>
      <trkpt lat="50.93286" lon="4.53908">
        <ele>15</ele>
      </trkpt>
      <trkpt lat="50.93287" lon="4.5391">
        <ele>15</ele>
      </trkpt>
      <trkpt lat="50.93291" lon="4.53908">
        <ele>16</ele>
      </trkpt>
      <trkpt lat="50.93316" lon="4.53899">
        <ele>15</ele>
      </trkpt>
      <trkpt lat="50.93341" lon="4.5389">
        <ele>15</ele>
      </trkpt>
      <trkpt lat="50.93346" lon="4.53888">
        <ele>15</ele>
      </trkpt>
      <trkpt lat="50.93351" lon="4.53885">
        <ele>14</ele>
      </trkpt>
      <trkpt lat="50.9338" lon="4.53873">
        <ele>14</ele>
      </trkpt>
      <trkpt lat="50.9341" lon="4.53862">
        <ele>14</ele>
      </trkpt>
      <trkpt lat="50.93428" lon="4.53854">
        <ele>14</ele>
      </trkpt>
      <trkpt lat="50.93446" lon="4.53849">
        <ele>14</ele>
      </trkpt>
      <trkpt lat="50.93459" lon="4.53845">
        <ele>14</ele>
      </trkpt>
      <trkpt lat="50.9347" lon="4.53844">
        <ele>14</ele>
      </trkpt>
      <trkpt lat="50.93486" lon="4.53843">
        <ele>14</ele>
      </trkpt>
      <trkpt lat="50.93501" lon="4.53843">
        <ele>14</ele>
      </trkpt>
      <trkpt lat="50.93521" lon="4.53844">
        <ele>14</ele>
      </trkpt>
      <trkpt lat="50.93522" lon="4.53844">
        <ele>14</ele>
      </trkpt>
      <trkpt lat="50.93526" lon="4.53844">
        <ele>14</ele>
      </trkpt>
      <trkpt lat="50.93538" lon="4.53845">
        <ele>14</ele>
      </trkpt>
      <trkpt lat="50.93553" lon="4.53846">
        <ele>14</ele>
      </trkpt>
      <trkpt lat="50.93571" lon="4.53845">
        <ele>14</ele>
      </trkpt>
      <trkpt lat="50.93584" lon="4.53844">
        <ele>13</ele>
      </trkpt>
      <trkpt lat="50.93606" lon="4.5384">
        <ele>13</ele>
      </trkpt>
      <trkpt lat="50.93613" lon="4.53837">
        <ele>13</ele>
      </trkpt>
      <trkpt lat="50.93622" lon="4.53835">
        <ele>13</ele>
      </trkpt>
      <trkpt lat="50.93624" lon="4.53834">
        <ele>13</ele>
      </trkpt>
      <trkpt lat="50.9363" lon="4.53831">
        <ele>13</ele>
      </trkpt>
      <trkpt lat="50.93656" lon="4.53822">
        <ele>13</ele>
      </trkpt>
      <trkpt lat="50.9366" lon="4.5382">
        <ele>13</ele>
      </trkpt>
      <trkpt lat="50.93671" lon="4.53816">
        <ele>13</ele>
      </trkpt>
      <trkpt lat="50.93672" lon="4.53814">
        <ele>13</ele>
      </trkpt>
      <trkpt lat="50.93674" lon="4.53814">
        <ele>13</ele>
      </trkpt>
      <trkpt lat="50.93691" lon="4.53807">
        <ele>13</ele>
      </trkpt>
      <trkpt lat="50.93693" lon="4.53805">
        <ele>13</ele>
      </trkpt>
      <trkpt lat="50.93739" lon="4.53784">
        <ele>13</ele>
      </trkpt>
      <trkpt lat="50.93754" lon="4.53777">
        <ele>13</ele>
      </trkpt>
      <trkpt lat="50.93758" lon="4.53775">
        <ele>13</ele>
      </trkpt>
      <trkpt lat="50.93765" lon="4.53772">
        <ele>13</ele>
      </trkpt>
      <trkpt lat="50.93772" lon="4.53768">
        <ele>13</ele>
      </trkpt>
      <trkpt lat="50.93774" lon="4.53768">
        <ele>13</ele>
      </trkpt>
      <trkpt lat="50.93776" lon="4.53766">
        <ele>13</ele>
      </trkpt>
      <trkpt lat="50.9379" lon="4.53759">
        <ele>13</ele>
      </trkpt>
      <trkpt lat="50.93807" lon="4.53748">
        <ele>13</ele>
      </trkpt>
      <trkpt lat="50.93841" lon="4.53728">
        <ele>13</ele>
      </trkpt>
      <trkpt lat="50.93868" lon="4.53706">
        <ele>13</ele>
      </trkpt>
      <trkpt lat="50.93886" lon="4.53694">
        <ele>13</ele>
      </trkpt>
      <trkpt lat="50.93901" lon="4.53683">
        <ele>13</ele>
      </trkpt>
      <trkpt lat="50.93919" lon="4.53669">
        <ele>13</ele>
      </trkpt>
      <trkpt lat="50.93921" lon="4.53666">
        <ele>13</ele>
      </trkpt>
      <trkpt lat="50.93953" lon="4.53639">
        <ele>12</ele>
      </trkpt>
      <trkpt lat="50.93982" lon="4.53611">
        <ele>12</ele>
      </trkpt>
      <trkpt lat="50.94003" lon="4.53589">
        <ele>12</ele>
      </trkpt>
      <trkpt lat="50.94005" lon="4.53588">
        <ele>12</ele>
      </trkpt>
      <trkpt lat="50.94033" lon="4.53557">
        <ele>11</ele>
      </trkpt>
      <trkpt lat="50.9404" lon="4.53548">
        <ele>11</ele>
      </trkpt>
      <trkpt lat="50.94061" lon="4.53523">
        <ele>11</ele>
      </trkpt>
      <trkpt lat="50.94087" lon="4.53493">
        <ele>11</ele>
      </trkpt>
      <trkpt lat="50.94099" lon="4.53477">
        <ele>11</ele>
      </trkpt>
      <trkpt lat="50.94109" lon="4.53466">
        <ele>11</ele>
      </trkpt>
      <trkpt lat="50.94111" lon="4.53462">
        <ele>11</ele>
      </trkpt>
      <trkpt lat="50.94114" lon="4.53459">
        <ele>11</ele>
      </trkpt>
      <trkpt lat="50.94135" lon="4.53435">
        <ele>11</ele>
      </trkpt>
      <trkpt lat="50.94151" lon="4.53418">
        <ele>11</ele>
      </trkpt>
      <trkpt lat="50.94164" lon="4.53402">
        <ele>11</ele>
      </trkpt>
      <trkpt lat="50.94166" lon="4.53399">
        <ele>11</ele>
      </trkpt>
      <trkpt lat="50.94188" lon="4.53381">
        <ele>11</ele>
      </trkpt>
      <trkpt lat="50.9419" lon="4.5338">
        <ele>11</ele>
      </trkpt>
      <trkpt lat="50.94197" lon="4.53372">
        <ele>11</ele>
      </trkpt>
      <trkpt lat="50.942" lon="4.53369">
        <ele>11</ele>
      </trkpt>
      <trkpt lat="50.94206" lon="4.53364">
        <ele>11</ele>
      </trkpt>
      <trkpt lat="50.94218" lon="4.53354">
        <ele>11</ele>
      </trkpt>
      <trkpt lat="50.94216" lon="4.53342">
        <ele>12</ele>
      </trkpt>
      <trkpt lat="50.94215" lon="4.53324">
        <ele>12</ele>
      </trkpt>
      <trkpt lat="50.94212" lon="4.53292">
        <ele>12</ele>
      </trkpt>
      <trkpt lat="50.94212" lon="4.53276">
        <ele>12</ele>
      </trkpt>
      <trkpt lat="50.94211" lon="4.53263">
        <ele>12</ele>
      </trkpt>
      <trkpt lat="50.94211" lon="4.53255">
        <ele>12</ele>
      </trkpt>
      <trkpt lat="50.94211" lon="4.53223">
        <ele>12</ele>
      </trkpt>
      <trkpt lat="50.9421" lon="4.53184">
        <ele>12</ele>
      </trkpt>
      <trkpt lat="50.9421" lon="4.53178">
        <ele>12</ele>
      </trkpt>
      <trkpt lat="50.94209" lon="4.53155">
        <ele>12</ele>
      </trkpt>
      <trkpt lat="50.94209" lon="4.53138">
        <ele>12</ele>
      </trkpt>
      <trkpt lat="50.94209" lon="4.53124">
        <ele>12</ele>
      </trkpt>
      <trkpt lat="50.94209" lon="4.53108">
        <ele>12</ele>
      </trkpt>
      <trkpt lat="50.94209" lon="4.53098">
        <ele>12</ele>
      </trkpt>
      <trkpt lat="50.94209" lon="4.5308">
        <ele>12</ele>
      </trkpt>
      <trkpt lat="50.94209" lon="4.53072">
        <ele>12</ele>
      </trkpt>
      <trkpt lat="50.9421" lon="4.5306">
        <ele>12</ele>
      </trkpt>
      <trkpt lat="50.94211" lon="4.53042">
        <ele>12</ele>
      </trkpt>
      <trkpt lat="50.94212" lon="4.5303">
        <ele>12</ele>
      </trkpt>
      <trkpt lat="50.94213" lon="4.53012">
        <ele>12</ele>
      </trkpt>
      <trkpt lat="50.94214" lon="4.52994">
        <ele>12</ele>
      </trkpt>
      <trkpt lat="50.94216" lon="4.52981">
        <ele>12</ele>
      </trkpt>
      <trkpt lat="50.94217" lon="4.52967">
        <ele>12</ele>
      </trkpt>
      <trkpt lat="50.94218" lon="4.52955">
        <ele>13</ele>
      </trkpt>
      <trkpt lat="50.94219" lon="4.52953">
        <ele>13</ele>
      </trkpt>
      <trkpt lat="50.94219" lon="4.52949">
        <ele>13</ele>
      </trkpt>
      <trkpt lat="50.94221" lon="4.52939">
        <ele>12</ele>
      </trkpt>
      <trkpt lat="50.94222" lon="4.5293">
        <ele>12</ele>
      </trkpt>
      <trkpt lat="50.94223" lon="4.52922">
        <ele>12</ele>
      </trkpt>
      <trkpt lat="50.94225" lon="4.52909">
        <ele>12</ele>
      </trkpt>
      <trkpt lat="50.94227" lon="4.52892">
        <ele>12</ele>
      </trkpt>
      <trkpt lat="50.94232" lon="4.52868">
        <ele>13</ele>
      </trkpt>
      <trkpt lat="50.94238" lon="4.52845">
        <ele>12</ele>
      </trkpt>
      <trkpt lat="50.94243" lon="4.5282">
        <ele>12</ele>
      </trkpt>
      <trkpt lat="50.94248" lon="4.52801">
        <ele>12</ele>
      </trkpt>
      <trkpt lat="50.94249" lon="4.528">
        <ele>12</ele>
      </trkpt>
      <trkpt lat="50.94249" lon="4.52798">
        <ele>12</ele>
      </trkpt>
      <trkpt lat="50.94254" lon="4.52781">
        <ele>12</ele>
      </trkpt>
      <trkpt lat="50.94262" lon="4.52755">
        <ele>12</ele>
      </trkpt>
      <trkpt lat="50.94265" lon="4.52746">
        <ele>12</ele>
      </trkpt>
      <trkpt lat="50.94278" lon="4.52706">
        <ele>12</ele>
      </trkpt>
      <trkpt lat="50.94279" lon="4.52703">
        <ele>12</ele>
      </trkpt>
      <trkpt lat="50.94282" lon="4.52697">
        <ele>12</ele>
      </trkpt>
      <trkpt lat="50.94283" lon="4.52693">
        <ele>12</ele>
      </trkpt>
      <trkpt lat="50.94288" lon="4.52681">
        <ele>12</ele>
      </trkpt>
      <trkpt lat="50.94289" lon="4.52681">
        <ele>12</ele>
      </trkpt>
      <trkpt lat="50.94291" lon="4.52674">
        <ele>11</ele>
      </trkpt>
      <trkpt lat="50.94297" lon="4.52656">
        <ele>11</ele>
      </trkpt>
      <trkpt lat="50.94301" lon="4.52647">
        <ele>11</ele>
      </trkpt>
      <trkpt lat="50.94307" lon="4.52633">
        <ele>11</ele>
      </trkpt>
      <trkpt lat="50.94317" lon="4.5261">
        <ele>11</ele>
      </trkpt>
      <trkpt lat="50.94323" lon="4.52593">
        <ele>11</ele>
      </trkpt>
      <trkpt lat="50.94324" lon="4.52592">
        <ele>11</ele>
      </trkpt>
      <trkpt lat="50.94324" lon="4.52591">
        <ele>11</ele>
      </trkpt>
      <trkpt lat="50.94324" lon="4.52589">
        <ele>11</ele>
      </trkpt>
      <trkpt lat="50.94327" lon="4.52584">
        <ele>11</ele>
      </trkpt>
      <trkpt lat="50.94331" lon="4.52568">
        <ele>11</ele>
      </trkpt>
      <trkpt lat="50.94336" lon="4.52553">
        <ele>11</ele>
      </trkpt>
      <trkpt lat="50.94338" lon="4.52546">
        <ele>11</ele>
      </trkpt>
      <trkpt lat="50.9434" lon="4.52539">
        <ele>11</ele>
      </trkpt>
      <trkpt lat="50.94341" lon="4.52535">
        <ele>10</ele>
      </trkpt>
      <trkpt lat="50.94343" lon="4.52526">
        <ele>10</ele>
      </trkpt>
      <trkpt lat="50.94344" lon="4.52519">
        <ele>10</ele>
      </trkpt>
      <trkpt lat="50.94345" lon="4.52508">
        <ele>10</ele>
      </trkpt>
      <trkpt lat="50.94347" lon="4.52502">
        <ele>10</ele>
      </trkpt>
      <trkpt lat="50.94347" lon="4.52499">
        <ele>10</ele>
      </trkpt>
      <trkpt lat="50.94349" lon="4.52481">
        <ele>10</ele>
      </trkpt>
      <trkpt lat="50.9435" lon="4.52467">
        <ele>10</ele>
      </trkpt>
      <trkpt lat="50.9435" lon="4.52444">
        <ele>10</ele>
      </trkpt>
      <trkpt lat="50.94349" lon="4.52422">
        <ele>10</ele>
      </trkpt>
      <trkpt lat="50.94348" lon="4.52403">
        <ele>10</ele>
      </trkpt>
      <trkpt lat="50.94347" lon="4.52384">
        <ele>11</ele>
      </trkpt>
      <trkpt lat="50.94343" lon="4.52352">
        <ele>11</ele>
      </trkpt>
      <trkpt lat="50.94341" lon="4.52328">
        <ele>11</ele>
      </trkpt>
      <trkpt lat="50.9434" lon="4.52318">
        <ele>12</ele>
      </trkpt>
      <trkpt lat="50.94347" lon="4.52323">
        <ele>12</ele>
      </trkpt>
      <trkpt lat="50.9434" lon="4.52318">
        <ele>12</ele>
      </trkpt>
      <trkpt lat="50.94336" lon="4.52287">
        <ele>12</ele>
      </trkpt>
      <trkpt lat="50.94336" lon="4.52282">
        <ele>12</ele>
      </trkpt>
      <trkpt lat="50.94335" lon="4.52264">
        <ele>12</ele>
      </trkpt>
      <trkpt lat="50.94334" lon="4.52249">
        <ele>12</ele>
      </trkpt>
      <trkpt lat="50.94333" lon="4.5222">
        <ele>14</ele>
      </trkpt>
      <trkpt lat="50.94333" lon="4.52219">
        <ele>14</ele>
      </trkpt>
      <trkpt lat="50.94333" lon="4.52198">
        <ele>14</ele>
      </trkpt>
      <trkpt lat="50.94333" lon="4.52174">
        <ele>14</ele>
      </trkpt>
      <trkpt lat="50.94333" lon="4.5217">
        <ele>14</ele>
      </trkpt>
      <trkpt lat="50.94333" lon="4.52169">
        <ele>14</ele>
      </trkpt>
      <trkpt lat="50.94335" lon="4.52156">
        <ele>15</ele>
      </trkpt>
      <trkpt lat="50.94335" lon="4.52151">
        <ele>15</ele>
      </trkpt>
      <trkpt lat="50.94336" lon="4.52141">
        <ele>15</ele>
      </trkpt>
      <trkpt lat="50.94339" lon="4.52116">
        <ele>15</ele>
      </trkpt>
      <trkpt lat="50.94341" lon="4.52097">
        <ele>15</ele>
      </trkpt>
      <trkpt lat="50.94341" lon="4.52094">
        <ele>15</ele>
      </trkpt>
      <trkpt lat="50.94345" lon="4.52064">
        <ele>16</ele>
      </trkpt>
      <trkpt lat="50.9435" lon="4.5203">
        <ele>17</ele>
      </trkpt>
      <trkpt lat="50.94352" lon="4.52017">
        <ele>17</ele>
      </trkpt>
      <trkpt lat="50.9436" lon="4.51963">
        <ele>17</ele>
      </trkpt>
      <trkpt lat="50.94365" lon="4.51931">
        <ele>17</ele>
      </trkpt>
      <trkpt lat="50.94368" lon="4.51901">
        <ele>16</ele>
      </trkpt>
      <trkpt lat="50.94371" lon="4.51878">
        <ele>16</ele>
      </trkpt>
      <trkpt lat="50.94373" lon="4.51847">
        <ele>15</ele>
      </trkpt>
      <trkpt lat="50.94374" lon="4.51824">
        <ele>14</ele>
      </trkpt>
      <trkpt lat="50.94375" lon="4.51822">
        <ele>14</ele>
      </trkpt>
      <trkpt lat="50.94375" lon="4.51818">
        <ele>14</ele>
      </trkpt>
      <trkpt lat="50.94376" lon="4.51799">
        <ele>14</ele>
      </trkpt>
      <trkpt lat="50.94376" lon="4.51797">
        <ele>14</ele>
      </trkpt>
      <trkpt lat="50.94376" lon="4.51786">
        <ele>14</ele>
      </trkpt>
      <trkpt lat="50.94377" lon="4.51779">
        <ele>13</ele>
      </trkpt>
      <trkpt lat="50.94384" lon="4.51657">
        <ele>11</ele>
      </trkpt>
      <trkpt lat="50.94386" lon="4.51619">
        <ele>10</ele>
      </trkpt>
      <trkpt lat="50.94386" lon="4.51616">
        <ele>10</ele>
      </trkpt>
      <trkpt lat="50.94388" lon="4.51585">
        <ele>11</ele>
      </trkpt>
      <trkpt lat="50.94388" lon="4.51584">
        <ele>11</ele>
      </trkpt>
      <trkpt lat="50.94387" lon="4.51562">
        <ele>10</ele>
      </trkpt>
      <trkpt lat="50.94387" lon="4.51544">
        <ele>10</ele>
      </trkpt>
      <trkpt lat="50.94386" lon="4.51535">
        <ele>10</ele>
      </trkpt>
      <trkpt lat="50.94386" lon="4.51529">
        <ele>10</ele>
      </trkpt>
      <trkpt lat="50.94384" lon="4.51514">
        <ele>10</ele>
      </trkpt>
      <trkpt lat="50.94382" lon="4.51499">
        <ele>10</ele>
      </trkpt>
      <trkpt lat="50.94381" lon="4.51499">
        <ele>10</ele>
      </trkpt>
      <trkpt lat="50.94381" lon="4.51494">
        <ele>10</ele>
      </trkpt>
      <trkpt lat="50.94379" lon="4.51481">
        <ele>9</ele>
      </trkpt>
      <trkpt lat="50.94375" lon="4.51463">
        <ele>9</ele>
      </trkpt>
      <trkpt lat="50.94368" lon="4.51436">
        <ele>9</ele>
      </trkpt>
      <trkpt lat="50.94365" lon="4.51427">
        <ele>9</ele>
      </trkpt>
      <trkpt lat="50.94358" lon="4.514">
        <ele>10</ele>
      </trkpt>
      <trkpt lat="50.94352" lon="4.51376">
        <ele>10</ele>
      </trkpt>
      <trkpt lat="50.94348" lon="4.51359">
        <ele>10</ele>
      </trkpt>
      <trkpt lat="50.94346" lon="4.51354">
        <ele>10</ele>
      </trkpt>
      <trkpt lat="50.94349" lon="4.51349">
        <ele>10</ele>
      </trkpt>
      <trkpt lat="50.94352" lon="4.51346">
        <ele>10</ele>
      </trkpt>
      <trkpt lat="50.94368" lon="4.51328">
        <ele>10</ele>
      </trkpt>
      <trkpt lat="50.94381" lon="4.51314">
        <ele>10</ele>
      </trkpt>
      <trkpt lat="50.9439" lon="4.51304">
        <ele>10</ele>
      </trkpt>
      <trkpt lat="50.94407" lon="4.51287">
        <ele>10</ele>
      </trkpt>
      <trkpt lat="50.94497" lon="4.51188">
        <ele>9</ele>
      </trkpt>
      <trkpt lat="50.94523" lon="4.51161">
        <ele>9</ele>
      </trkpt>
      <trkpt lat="50.94566" lon="4.51116">
        <ele>8</ele>
      </trkpt>
      <trkpt lat="50.94611" lon="4.51073">
        <ele>9</ele>
      </trkpt>
      <trkpt lat="50.94657" lon="4.51035">
        <ele>9</ele>
      </trkpt>
      <trkpt lat="50.94778" lon="4.50938">
        <ele>10</ele>
      </trkpt>
      <trkpt lat="50.94789" lon="4.50932">
        <ele>10</ele>
      </trkpt>
      <trkpt lat="50.94796" lon="4.50938">
        <ele>10</ele>
      </trkpt>
      <trkpt lat="50.94806" lon="4.50955">
        <ele>10</ele>
      </trkpt>
      <trkpt lat="50.94811" lon="4.50956">
        <ele>10</ele>
      </trkpt>
      <trkpt lat="50.94871" lon="4.50944">
        <ele>10</ele>
      </trkpt>
      <trkpt lat="50.9491" lon="4.50936">
        <ele>10</ele>
      </trkpt>
      <trkpt lat="50.94954" lon="4.50928">
        <ele>10</ele>
      </trkpt>
      <trkpt lat="50.94961" lon="4.50927">
        <ele>10</ele>
      </trkpt>
      <trkpt lat="50.94984" lon="4.50923">
        <ele>10</ele>
      </trkpt>
      <trkpt lat="50.94994" lon="4.50923">
        <ele>10</ele>
      </trkpt>
      <trkpt lat="50.95021" lon="4.50923">
        <ele>10</ele>
      </trkpt>
      <trkpt lat="50.95076" lon="4.50914">
        <ele>10</ele>
      </trkpt>
      <trkpt lat="50.95117" lon="4.50908">
        <ele>9</ele>
      </trkpt>
      <trkpt lat="50.95147" lon="4.509">
        <ele>9</ele>
      </trkpt>
      <trkpt lat="50.95163" lon="4.50895">
        <ele>9</ele>
      </trkpt>
      <trkpt lat="50.95179" lon="4.50883">
        <ele>9</ele>
      </trkpt>
      <trkpt lat="50.95184" lon="4.5088">
        <ele>9</ele>
      </trkpt>
      <trkpt lat="50.95185" lon="4.5088">
        <ele>9</ele>
      </trkpt>
      <trkpt lat="50.952" lon="4.50869">
        <ele>9</ele>
      </trkpt>
      <trkpt lat="50.95217" lon="4.50857">
        <ele>9</ele>
      </trkpt>
      <trkpt lat="50.95238" lon="4.50844">
        <ele>9</ele>
      </trkpt>
      <trkpt lat="50.95321" lon="4.50784">
        <ele>9</ele>
      </trkpt>
      <trkpt lat="50.95398" lon="4.50722">
        <ele>9</ele>
      </trkpt>
      <trkpt lat="50.95426" lon="4.50707">
        <ele>9</ele>
      </trkpt>
      <trkpt lat="50.95498" lon="4.50688">
        <ele>9</ele>
      </trkpt>
      <trkpt lat="50.95507" lon="4.5068">
        <ele>8</ele>
      </trkpt>
      <trkpt lat="50.95513" lon="4.50666">
        <ele>8</ele>
      </trkpt>
      <trkpt lat="50.95539" lon="4.50854">
        <ele>13</ele>
      </trkpt>
      <trkpt lat="50.95551" lon="4.50852">
        <ele>13</ele>
      </trkpt>
      <trkpt lat="50.9569" lon="4.50819">
        <ele>11</ele>
      </trkpt>
      <trkpt lat="50.95704" lon="4.50817">
        <ele>10</ele>
      </trkpt>
      <trkpt lat="50.95741" lon="4.50841">
        <ele>12</ele>
      </trkpt>
      <trkpt lat="50.95762" lon="4.50855">
        <ele>12</ele>
      </trkpt>
      <trkpt lat="50.95831" lon="4.50901">
        <ele>10</ele>
      </trkpt>
      <trkpt lat="50.95836" lon="4.50905">
        <ele>10</ele>
      </trkpt>
      <trkpt lat="50.95943" lon="4.50963">
        <ele>9</ele>
      </trkpt>
      <trkpt lat="50.95944" lon="4.5096">
        <ele>9</ele>
      </trkpt>
      <trkpt lat="50.96074" lon="4.51027">
        <ele>8</ele>
      </trkpt>
      <trkpt lat="50.96091" lon="4.51037">
        <ele>8</ele>
      </trkpt>
      <trkpt lat="50.96093" lon="4.51039">
        <ele>8</ele>
      </trkpt>
      <trkpt lat="50.96104" lon="4.51044">
        <ele>8</ele>
      </trkpt>
      <trkpt lat="50.96108" lon="4.51051">
        <ele>8</ele>
      </trkpt>
      <trkpt lat="50.96131" lon="4.51085">
        <ele>8</ele>
      </trkpt>
      <trkpt lat="50.96133" lon="4.51089">
        <ele>8</ele>
      </trkpt>
      <trkpt lat="50.96148" lon="4.511">
        <ele>8</ele>
      </trkpt>
      <trkpt lat="50.96167" lon="4.51107">
        <ele>8</ele>
      </trkpt>
      <trkpt lat="50.96188" lon="4.51099">
        <ele>8</ele>
      </trkpt>
      <trkpt lat="50.96201" lon="4.51088">
        <ele>8</ele>
      </trkpt>
      <trkpt lat="50.96226" lon="4.51054">
        <ele>8</ele>
      </trkpt>
      <trkpt lat="50.96247" lon="4.51024">
        <ele>8</ele>
      </trkpt>
      <trkpt lat="50.96264" lon="4.50999">
        <ele>8</ele>
      </trkpt>
      <trkpt lat="50.96281" lon="4.50985">
        <ele>8</ele>
      </trkpt>
      <trkpt lat="50.96347" lon="4.50938">
        <ele>8</ele>
      </trkpt>
      <trkpt lat="50.96354" lon="4.50932">
        <ele>8</ele>
      </trkpt>
      <trkpt lat="50.96353" lon="4.50909">
        <ele>8</ele>
      </trkpt>
      <trkpt lat="50.9636" lon="4.50905">
        <ele>8</ele>
      </trkpt>
      <trkpt lat="50.96427" lon="4.50866">
        <ele>8</ele>
      </trkpt>
      <trkpt lat="50.96446" lon="4.50855">
        <ele>8</ele>
      </trkpt>
      <trkpt lat="50.96525" lon="4.50808">
        <ele>8</ele>
      </trkpt>
      <trkpt lat="50.96537" lon="4.50801">
        <ele>8</ele>
      </trkpt>
      <trkpt lat="50.96463" lon="4.50562">
        <ele>8</ele>
      </trkpt>
      <trkpt lat="50.96451" lon="4.5052">
        <ele>8</ele>
      </trkpt>
      <trkpt lat="50.9644" lon="4.50482">
        <ele>8</ele>
      </trkpt>
      <trkpt lat="50.96429" lon="4.5045">
        <ele>8</ele>
      </trkpt>
      <trkpt lat="50.96428" lon="4.50446">
        <ele>8</ele>
      </trkpt>
      <trkpt lat="50.96407" lon="4.50378">
        <ele>8</ele>
      </trkpt>
      <trkpt lat="50.96401" lon="4.50359">
        <ele>8</ele>
      </trkpt>
      <trkpt lat="50.96376" lon="4.5028">
        <ele>8</ele>
      </trkpt>
      <trkpt lat="50.96373" lon="4.50265">
        <ele>8</ele>
      </trkpt>
      <trkpt lat="50.9637" lon="4.50255">
        <ele>8</ele>
      </trkpt>
      <trkpt lat="50.96368" lon="4.50239">
        <ele>8</ele>
      </trkpt>
      <trkpt lat="50.96365" lon="4.50176">
        <ele>8</ele>
      </trkpt>
      <trkpt lat="50.96365" lon="4.50169">
        <ele>8</ele>
      </trkpt>
      <trkpt lat="50.96362" lon="4.50134">
        <ele>8</ele>
      </trkpt>
      <trkpt lat="50.9636" lon="4.50097">
        <ele>8</ele>
      </trkpt>
      <trkpt lat="50.96359" lon="4.50079">
        <ele>8</ele>
      </trkpt>
      <trkpt lat="50.96356" lon="4.50036">
        <ele>8</ele>
      </trkpt>
      <trkpt lat="50.96353" lon="4.50014">
        <ele>8</ele>
      </trkpt>
      <trkpt lat="50.96352" lon="4.50009">
        <ele>8</ele>
      </trkpt>
      <trkpt lat="50.96342" lon="4.49981">
        <ele>8</ele>
      </trkpt>
      <trkpt lat="50.96337" lon="4.49967">
        <ele>8</ele>
      </trkpt>
      <trkpt lat="50.96309" lon="4.49893">
        <ele>8</ele>
      </trkpt>
      <trkpt lat="50.96291" lon="4.49846">
        <ele>8</ele>
      </trkpt>
      <trkpt lat="50.96293" lon="4.49843">
        <ele>8</ele>
      </trkpt>
      <trkpt lat="50.96291" lon="4.49846">
        <ele>8</ele>
      </trkpt>
      <trkpt lat="50.96286" lon="4.49836">
        <ele>8</ele>
      </trkpt>
      <trkpt lat="50.96284" lon="4.49829">
        <ele>8</ele>
      </trkpt>
      <trkpt lat="50.96256" lon="4.49765">
        <ele>9</ele>
      </trkpt>
      <trkpt lat="50.96252" lon="4.49756">
        <ele>9</ele>
      </trkpt>
      <trkpt lat="50.9625" lon="4.49751">
        <ele>9</ele>
      </trkpt>
      <trkpt lat="50.96248" lon="4.49747">
        <ele>9</ele>
      </trkpt>
      <trkpt lat="50.96226" lon="4.49691">
        <ele>9</ele>
      </trkpt>
      <trkpt lat="50.96223" lon="4.4968">
        <ele>9</ele>
      </trkpt>
      <trkpt lat="50.96208" lon="4.49635">
        <ele>8</ele>
      </trkpt>
      <trkpt lat="50.96204" lon="4.49611">
        <ele>8</ele>
      </trkpt>
      <trkpt lat="50.96203" lon="4.49605">
        <ele>8</ele>
      </trkpt>
      <trkpt lat="50.96203" lon="4.49602">
        <ele>8</ele>
      </trkpt>
      <trkpt lat="50.96205" lon="4.49587">
        <ele>8</ele>
      </trkpt>
      <trkpt lat="50.96208" lon="4.49571">
        <ele>8</ele>
      </trkpt>
      <trkpt lat="50.96208" lon="4.49567">
        <ele>8</ele>
      </trkpt>
      <trkpt lat="50.96215" lon="4.49532">
        <ele>7</ele>
      </trkpt>
      <trkpt lat="50.96218" lon="4.4952">
        <ele>7</ele>
      </trkpt>
      <trkpt lat="50.96225" lon="4.49488">
        <ele>8</ele>
      </trkpt>
      <trkpt lat="50.9624" lon="4.49439">
        <ele>8</ele>
      </trkpt>
      <trkpt lat="50.96252" lon="4.49412">
        <ele>8</ele>
      </trkpt>
      <trkpt lat="50.9627" lon="4.4937">
        <ele>7</ele>
      </trkpt>
      <trkpt lat="50.96284" lon="4.49342">
        <ele>7</ele>
      </trkpt>
      <trkpt lat="50.96291" lon="4.49328">
        <ele>7</ele>
      </trkpt>
      <trkpt lat="50.96299" lon="4.49311">
        <ele>8</ele>
      </trkpt>
      <trkpt lat="50.96307" lon="4.49296">
        <ele>8</ele>
      </trkpt>
      <trkpt lat="50.96399" lon="4.49121">
        <ele>8</ele>
      </trkpt>
      <trkpt lat="50.96458" lon="4.49004">
        <ele>8</ele>
      </trkpt>
      <trkpt lat="50.96463" lon="4.48991">
        <ele>8</ele>
      </trkpt>
      <trkpt lat="50.96512" lon="4.48887">
        <ele>7</ele>
      </trkpt>
      <trkpt lat="50.96531" lon="4.48848">
        <ele>6</ele>
      </trkpt>
      <trkpt lat="50.96538" lon="4.48829">
        <ele>6</ele>
      </trkpt>
      <trkpt lat="50.96541" lon="4.48811">
        <ele>6</ele>
      </trkpt>
      <trkpt lat="50.96543" lon="4.48793">
        <ele>6</ele>
      </trkpt>
      <trkpt lat="50.96542" lon="4.4878">
        <ele>6</ele>
      </trkpt>
      <trkpt lat="50.96542" lon="4.4877">
        <ele>6</ele>
      </trkpt>
      <trkpt lat="50.96541" lon="4.48764">
        <ele>6</ele>
      </trkpt>
      <trkpt lat="50.96535" lon="4.48725">
        <ele>6</ele>
      </trkpt>
      <trkpt lat="50.96459" lon="4.48521">
        <ele>9</ele>
      </trkpt>
      <trkpt lat="50.96453" lon="4.48505">
        <ele>9</ele>
      </trkpt>
      <trkpt lat="50.96448" lon="4.48506">
        <ele>9</ele>
      </trkpt>
      <trkpt lat="50.96439" lon="4.48482">
        <ele>10</ele>
      </trkpt>
      <trkpt lat="50.9642" lon="4.48429">
        <ele>10</ele>
      </trkpt>
      <trkpt lat="50.96404" lon="4.48388">
        <ele>12</ele>
      </trkpt>
      <trkpt lat="50.96393" lon="4.48362">
        <ele>12</ele>
      </trkpt>
      <trkpt lat="50.96369" lon="4.48306">
        <ele>15</ele>
      </trkpt>
      <trkpt lat="50.96339" lon="4.48234">
        <ele>15</ele>
      </trkpt>
      <trkpt lat="50.96308" lon="4.48162">
        <ele>15</ele>
      </trkpt>
      <trkpt lat="50.96274" lon="4.48081">
        <ele>14</ele>
      </trkpt>
      <trkpt lat="50.96265" lon="4.48062">
        <ele>11</ele>
      </trkpt>
      <trkpt lat="50.96239" lon="4.48">
        <ele>9</ele>
      </trkpt>
      <trkpt lat="50.96218" lon="4.4795">
        <ele>7</ele>
      </trkpt>
      <trkpt lat="50.96198" lon="4.47901">
        <ele>7</ele>
      </trkpt>
      <trkpt lat="50.96168" lon="4.47833">
        <ele>6</ele>
      </trkpt>
      <trkpt lat="50.96141" lon="4.47762">
        <ele>6</ele>
      </trkpt>
      <trkpt lat="50.96133" lon="4.47743">
        <ele>6</ele>
      </trkpt>
      <trkpt lat="50.96138" lon="4.47738">
        <ele>6</ele>
      </trkpt>
      <trkpt lat="50.96131" lon="4.47717">
        <ele>7</ele>
      </trkpt>
      <trkpt lat="50.96126" lon="4.47702">
        <ele>7</ele>
      </trkpt>
      <trkpt lat="50.96118" lon="4.47676">
        <ele>7</ele>
      </trkpt>
      <trkpt lat="50.96103" lon="4.47617">
        <ele>8</ele>
      </trkpt>
      <trkpt lat="50.96099" lon="4.47603">
        <ele>9</ele>
      </trkpt>
      <trkpt lat="50.96094" lon="4.47581">
        <ele>9</ele>
      </trkpt>
      <trkpt lat="50.96088" lon="4.47554">
        <ele>10</ele>
      </trkpt>
      <trkpt lat="50.96084" lon="4.47532">
        <ele>10</ele>
      </trkpt>
      <trkpt lat="50.96052" lon="4.4724">
        <ele>12</ele>
      </trkpt>
      <trkpt lat="50.96051" lon="4.47226">
        <ele>12</ele>
      </trkpt>
      <trkpt lat="50.96056" lon="4.47226">
        <ele>12</ele>
      </trkpt>
      <trkpt lat="50.96054" lon="4.47203">
        <ele>12</ele>
      </trkpt>
      <trkpt lat="50.96053" lon="4.47185">
        <ele>12</ele>
      </trkpt>
      <trkpt lat="50.96053" lon="4.47154">
        <ele>11</ele>
      </trkpt>
      <trkpt lat="50.96056" lon="4.47105">
        <ele>10</ele>
      </trkpt>
      <trkpt lat="50.96057" lon="4.4709">
        <ele>10</ele>
      </trkpt>
      <trkpt lat="50.96059" lon="4.47055">
        <ele>9</ele>
      </trkpt>
      <trkpt lat="50.96062" lon="4.46996">
        <ele>9</ele>
      </trkpt>
      <trkpt lat="50.96065" lon="4.4695">
        <ele>8</ele>
      </trkpt>
      <trkpt lat="50.96064" lon="4.46934">
        <ele>8</ele>
      </trkpt>
      <trkpt lat="50.9606" lon="4.46936">
        <ele>8</ele>
      </trkpt>
      <trkpt lat="50.9606" lon="4.46916">
        <ele>8</ele>
      </trkpt>
      <trkpt lat="50.96058" lon="4.469">
        <ele>8</ele>
      </trkpt>
      <trkpt lat="50.96049" lon="4.46858">
        <ele>8</ele>
      </trkpt>
      <trkpt lat="50.96035" lon="4.46803">
        <ele>8</ele>
      </trkpt>
      <trkpt lat="50.96023" lon="4.46758">
        <ele>8</ele>
      </trkpt>
      <trkpt lat="50.96017" lon="4.46722">
        <ele>8</ele>
      </trkpt>
      <trkpt lat="50.96015" lon="4.46705">
        <ele>7</ele>
      </trkpt>
      <trkpt lat="50.96012" lon="4.46684">
        <ele>7</ele>
      </trkpt>
      <trkpt lat="50.96007" lon="4.46645">
        <ele>7</ele>
      </trkpt>
      <trkpt lat="50.96004" lon="4.46555">
        <ele>6</ele>
      </trkpt>
      <trkpt lat="50.96001" lon="4.4647">
        <ele>6</ele>
      </trkpt>
      <trkpt lat="50.95995" lon="4.46323">
        <ele>6</ele>
      </trkpt>
      <trkpt lat="50.95983" lon="4.46117">
        <ele>7</ele>
      </trkpt>
      <trkpt lat="50.95976" lon="4.45949">
        <ele>8</ele>
      </trkpt>
      <trkpt lat="50.95974" lon="4.45906">
        <ele>8</ele>
      </trkpt>
      <trkpt lat="50.95971" lon="4.45825">
        <ele>8</ele>
      </trkpt>
      <trkpt lat="50.95968" lon="4.45759">
        <ele>8</ele>
      </trkpt>
      <trkpt lat="50.95964" lon="4.45693">
        <ele>8</ele>
      </trkpt>
      <trkpt lat="50.95962" lon="4.45678">
        <ele>8</ele>
      </trkpt>
      <trkpt lat="50.95962" lon="4.4567">
        <ele>8</ele>
      </trkpt>
      <trkpt lat="50.9596" lon="4.45654">
        <ele>8</ele>
      </trkpt>
      <trkpt lat="50.9597" lon="4.45651">
        <ele>8</ele>
      </trkpt>
      <trkpt lat="50.95981" lon="4.45646">
        <ele>8</ele>
      </trkpt>
      <trkpt lat="50.95992" lon="4.45639">
        <ele>8</ele>
      </trkpt>
      <trkpt lat="50.9602" lon="4.4561">
        <ele>8</ele>
      </trkpt>
      <trkpt lat="50.96034" lon="4.45599">
        <ele>8</ele>
      </trkpt>
      <trkpt lat="50.9604" lon="4.45591">
        <ele>8</ele>
      </trkpt>
      <trkpt lat="50.96061" lon="4.4557">
        <ele>9</ele>
      </trkpt>
      <trkpt lat="50.96118" lon="4.4551">
        <ele>10</ele>
      </trkpt>
      <trkpt lat="50.9613" lon="4.45498">
        <ele>10</ele>
      </trkpt>
      <trkpt lat="50.96136" lon="4.45492">
        <ele>10</ele>
      </trkpt>
      <trkpt lat="50.96144" lon="4.45487">
        <ele>10</ele>
      </trkpt>
      <trkpt lat="50.96156" lon="4.45478">
        <ele>11</ele>
      </trkpt>
      <trkpt lat="50.96172" lon="4.45473">
        <ele>11</ele>
      </trkpt>
      <trkpt lat="50.96186" lon="4.45473">
        <ele>11</ele>
      </trkpt>
      <trkpt lat="50.96196" lon="4.45474">
        <ele>11</ele>
      </trkpt>
      <trkpt lat="50.96198" lon="4.45477">
        <ele>11</ele>
      </trkpt>
      <trkpt lat="50.96213" lon="4.45483">
        <ele>11</ele>
      </trkpt>
      <trkpt lat="50.96225" lon="4.45491">
        <ele>11</ele>
      </trkpt>
      <trkpt lat="50.96246" lon="4.45502">
        <ele>11</ele>
      </trkpt>
      <trkpt lat="50.96249" lon="4.45505">
        <ele>11</ele>
      </trkpt>
      <trkpt lat="50.96255" lon="4.45509">
        <ele>11</ele>
      </trkpt>
      <trkpt lat="50.96259" lon="4.45501">
        <ele>11</ele>
      </trkpt>
      <trkpt lat="50.96261" lon="4.45498">
        <ele>11</ele>
      </trkpt>
      <trkpt lat="50.96266" lon="4.45488">
        <ele>11</ele>
      </trkpt>
      <trkpt lat="50.96302" lon="4.45433">
        <ele>10</ele>
      </trkpt>
      <trkpt lat="50.96331" lon="4.4539">
        <ele>10</ele>
      </trkpt>
      <trkpt lat="50.96345" lon="4.45369">
        <ele>9</ele>
      </trkpt>
      <trkpt lat="50.96357" lon="4.45349">
        <ele>9</ele>
      </trkpt>
      <trkpt lat="50.9637" lon="4.45327">
        <ele>9</ele>
      </trkpt>
      <trkpt lat="50.96384" lon="4.45304">
        <ele>9</ele>
      </trkpt>
      <trkpt lat="50.96411" lon="4.45258">
        <ele>9</ele>
      </trkpt>
      <trkpt lat="50.96445" lon="4.45199">
        <ele>9</ele>
      </trkpt>
      <trkpt lat="50.96474" lon="4.45149">
        <ele>9</ele>
      </trkpt>
      <trkpt lat="50.96477" lon="4.45145">
        <ele>9</ele>
      </trkpt>
      <trkpt lat="50.96472" lon="4.45139">
        <ele>9</ele>
      </trkpt>
      <trkpt lat="50.96477" lon="4.45145">
        <ele>9</ele>
      </trkpt>
      <trkpt lat="50.96507" lon="4.45091">
        <ele>9</ele>
      </trkpt>
      <trkpt lat="50.9651" lon="4.45086">
        <ele>9</ele>
      </trkpt>
      <trkpt lat="50.96523" lon="4.45063">
        <ele>9</ele>
      </trkpt>
      <trkpt lat="50.96531" lon="4.4505">
        <ele>9</ele>
      </trkpt>
      <trkpt lat="50.96538" lon="4.45037">
        <ele>9</ele>
      </trkpt>
      <trkpt lat="50.96551" lon="4.45017">
        <ele>9</ele>
      </trkpt>
      <trkpt lat="50.96556" lon="4.45008">
        <ele>9</ele>
      </trkpt>
      <trkpt lat="50.96568" lon="4.44987">
        <ele>9</ele>
      </trkpt>
      <trkpt lat="50.96573" lon="4.44978">
        <ele>9</ele>
      </trkpt>
      <trkpt lat="50.96586" lon="4.44952">
        <ele>9</ele>
      </trkpt>
      <trkpt lat="50.96593" lon="4.44934">
        <ele>9</ele>
      </trkpt>
      <trkpt lat="50.9661" lon="4.44898">
        <ele>9</ele>
      </trkpt>
      <trkpt lat="50.9662" lon="4.44874">
        <ele>9</ele>
      </trkpt>
      <trkpt lat="50.96631" lon="4.44847">
        <ele>9</ele>
      </trkpt>
      <trkpt lat="50.96638" lon="4.4483">
        <ele>9</ele>
      </trkpt>
      <trkpt lat="50.9666" lon="4.44785">
        <ele>9</ele>
      </trkpt>
      <trkpt lat="50.9667" lon="4.44767">
        <ele>9</ele>
      </trkpt>
      <trkpt lat="50.9668" lon="4.44749">
        <ele>10</ele>
      </trkpt>
      <trkpt lat="50.967" lon="4.44706">
        <ele>10</ele>
      </trkpt>
      <trkpt lat="50.96721" lon="4.44664">
        <ele>10</ele>
      </trkpt>
      <trkpt lat="50.9673" lon="4.44644">
        <ele>10</ele>
      </trkpt>
      <trkpt lat="50.96741" lon="4.44616">
        <ele>10</ele>
      </trkpt>
      <trkpt lat="50.96747" lon="4.44603">
        <ele>10</ele>
      </trkpt>
      <trkpt lat="50.96759" lon="4.44576">
        <ele>10</ele>
      </trkpt>
      <trkpt lat="50.96768" lon="4.44551">
        <ele>10</ele>
      </trkpt>
      <trkpt lat="50.96825" lon="4.44398">
        <ele>10</ele>
      </trkpt>
      <trkpt lat="50.96826" lon="4.44397">
        <ele>10</ele>
      </trkpt>
      <trkpt lat="50.96879" lon="4.44252">
        <ele>11</ele>
      </trkpt>
      <trkpt lat="50.96986" lon="4.43964">
        <ele>11</ele>
      </trkpt>
      <trkpt lat="50.97012" lon="4.43897">
        <ele>11</ele>
      </trkpt>
      <trkpt lat="50.9703" lon="4.43844">
        <ele>11</ele>
      </trkpt>
      <trkpt lat="50.97049" lon="4.43807">
        <ele>11</ele>
      </trkpt>
      <trkpt lat="50.9707" lon="4.43769">
        <ele>11</ele>
      </trkpt>
      <trkpt lat="50.97087" lon="4.43742">
        <ele>11</ele>
      </trkpt>
      <trkpt lat="50.97093" lon="4.43736">
        <ele>11</ele>
      </trkpt>
      <trkpt lat="50.97104" lon="4.43722">
        <ele>10</ele>
      </trkpt>
      <trkpt lat="50.97126" lon="4.43695">
        <ele>10</ele>
      </trkpt>
      <trkpt lat="50.97147" lon="4.43678">
        <ele>10</ele>
      </trkpt>
      <trkpt lat="50.9718" lon="4.43659">
        <ele>10</ele>
      </trkpt>
      <trkpt lat="50.97202" lon="4.43646">
        <ele>10</ele>
      </trkpt>
      <trkpt lat="50.97219" lon="4.43631">
        <ele>10</ele>
      </trkpt>
      <trkpt lat="50.97242" lon="4.43606">
        <ele>10</ele>
      </trkpt>
      <trkpt lat="50.97264" lon="4.43575">
        <ele>10</ele>
      </trkpt>
      <trkpt lat="50.97288" lon="4.43538">
        <ele>10</ele>
      </trkpt>
      <trkpt lat="50.97299" lon="4.43521">
        <ele>10</ele>
      </trkpt>
      <trkpt lat="50.97301" lon="4.43517">
        <ele>10</ele>
      </trkpt>
      <trkpt lat="50.97398" lon="4.43362">
        <ele>11</ele>
      </trkpt>
      <trkpt lat="50.97416" lon="4.43334">
        <ele>11</ele>
      </trkpt>
      <trkpt lat="50.97428" lon="4.43313">
        <ele>11</ele>
      </trkpt>
      <trkpt lat="50.97447" lon="4.43273">
        <ele>11</ele>
      </trkpt>
      <trkpt lat="50.97452" lon="4.43255">
        <ele>10</ele>
      </trkpt>
      <trkpt lat="50.97455" lon="4.43247">
        <ele>10</ele>
      </trkpt>
      <trkpt lat="50.97458" lon="4.43222">
        <ele>10</ele>
      </trkpt>
      <trkpt lat="50.9746" lon="4.43174">
        <ele>10</ele>
      </trkpt>
      <trkpt lat="50.9746" lon="4.43114">
        <ele>9</ele>
      </trkpt>
      <trkpt lat="50.97461" lon="4.43046">
        <ele>9</ele>
      </trkpt>
      <trkpt lat="50.97462" lon="4.43021">
        <ele>9</ele>
      </trkpt>
      <trkpt lat="50.97464" lon="4.43002">
        <ele>9</ele>
      </trkpt>
      <trkpt lat="50.97469" lon="4.42984">
        <ele>9</ele>
      </trkpt>
      <trkpt lat="50.97481" lon="4.42958">
        <ele>9</ele>
      </trkpt>
      <trkpt lat="50.97497" lon="4.42934">
        <ele>9</ele>
      </trkpt>
      <trkpt lat="50.97518" lon="4.42907">
        <ele>9</ele>
      </trkpt>
      <trkpt lat="50.97537" lon="4.42881">
        <ele>9</ele>
      </trkpt>
      <trkpt lat="50.97561" lon="4.42853">
        <ele>9</ele>
      </trkpt>
      <trkpt lat="50.97593" lon="4.42809">
        <ele>9</ele>
      </trkpt>
      <trkpt lat="50.97619" lon="4.42773">
        <ele>10</ele>
      </trkpt>
      <trkpt lat="50.97636" lon="4.42742">
        <ele>10</ele>
      </trkpt>
      <trkpt lat="50.97643" lon="4.42722">
        <ele>10</ele>
      </trkpt>
      <trkpt lat="50.97644" lon="4.42709">
        <ele>10</ele>
      </trkpt>
      <trkpt lat="50.97646" lon="4.42687">
        <ele>10</ele>
      </trkpt>
      <trkpt lat="50.97648" lon="4.42647">
        <ele>10</ele>
      </trkpt>
      <trkpt lat="50.9765" lon="4.42592">
        <ele>10</ele>
      </trkpt>
      <trkpt lat="50.97657" lon="4.42536">
        <ele>10</ele>
      </trkpt>
      <trkpt lat="50.9766" lon="4.42515">
        <ele>10</ele>
      </trkpt>
      <trkpt lat="50.97662" lon="4.42506">
        <ele>10</ele>
      </trkpt>
      <trkpt lat="50.97665" lon="4.42491">
        <ele>10</ele>
      </trkpt>
      <trkpt lat="50.97676" lon="4.42443">
        <ele>10</ele>
      </trkpt>
      <trkpt lat="50.97691" lon="4.42386">
        <ele>10</ele>
      </trkpt>
      <trkpt lat="50.97709" lon="4.42327">
        <ele>10</ele>
      </trkpt>
      <trkpt lat="50.97724" lon="4.42295">
        <ele>10</ele>
      </trkpt>
      <trkpt lat="50.97743" lon="4.4226">
        <ele>10</ele>
      </trkpt>
      <trkpt lat="50.97763" lon="4.42227">
        <ele>10</ele>
      </trkpt>
      <trkpt lat="50.97783" lon="4.42187">
        <ele>10</ele>
      </trkpt>
      <trkpt lat="50.978" lon="4.42142">
        <ele>11</ele>
      </trkpt>
      <trkpt lat="50.97821" lon="4.42087">
        <ele>11</ele>
      </trkpt>
      <trkpt lat="50.97823" lon="4.42083">
        <ele>11</ele>
      </trkpt>
      <trkpt lat="50.97853" lon="4.42011">
        <ele>11</ele>
      </trkpt>
      <trkpt lat="50.97854" lon="4.4201">
        <ele>11</ele>
      </trkpt>
      <trkpt lat="50.97857" lon="4.42002">
        <ele>11</ele>
      </trkpt>
      <trkpt lat="50.97866" lon="4.41984">
        <ele>11</ele>
      </trkpt>
      <trkpt lat="50.97883" lon="4.41952">
        <ele>11</ele>
      </trkpt>
      <trkpt lat="50.97906" lon="4.41914">
        <ele>11</ele>
      </trkpt>
      <trkpt lat="50.97912" lon="4.41902">
        <ele>11</ele>
      </trkpt>
      <trkpt lat="50.97918" lon="4.4189">
        <ele>11</ele>
      </trkpt>
      <trkpt lat="50.97927" lon="4.41875">
        <ele>11</ele>
      </trkpt>
      <trkpt lat="50.97936" lon="4.41857">
        <ele>10</ele>
      </trkpt>
      <trkpt lat="50.97971" lon="4.41793">
        <ele>10</ele>
      </trkpt>
      <trkpt lat="50.98003" lon="4.41732">
        <ele>10</ele>
      </trkpt>
      <trkpt lat="50.98029" lon="4.41688">
        <ele>9</ele>
      </trkpt>
      <trkpt lat="50.98031" lon="4.41683">
        <ele>9</ele>
      </trkpt>
      <trkpt lat="50.98042" lon="4.41668">
        <ele>9</ele>
      </trkpt>
      <trkpt lat="50.98056" lon="4.41653">
        <ele>9</ele>
      </trkpt>
      <trkpt lat="50.98069" lon="4.41642">
        <ele>9</ele>
      </trkpt>
      <trkpt lat="50.98072" lon="4.41641">
        <ele>9</ele>
      </trkpt>
      <trkpt lat="50.98089" lon="4.41629">
        <ele>9</ele>
      </trkpt>
      <trkpt lat="50.98095" lon="4.41625">
        <ele>9</ele>
      </trkpt>
      <trkpt lat="50.98107" lon="4.41617">
        <ele>9</ele>
      </trkpt>
      <trkpt lat="50.98127" lon="4.41607">
        <ele>9</ele>
      </trkpt>
      <trkpt lat="50.98145" lon="4.41598">
        <ele>9</ele>
      </trkpt>
      <trkpt lat="50.98167" lon="4.41592">
        <ele>9</ele>
      </trkpt>
      <trkpt lat="50.98171" lon="4.4159">
        <ele>9</ele>
      </trkpt>
      <trkpt lat="50.98186" lon="4.41587">
        <ele>9</ele>
      </trkpt>
      <trkpt lat="50.9819" lon="4.41586">
        <ele>9</ele>
      </trkpt>
      <trkpt lat="50.98206" lon="4.41584">
        <ele>9</ele>
      </trkpt>
      <trkpt lat="50.9821" lon="4.41583">
        <ele>9</ele>
      </trkpt>
      <trkpt lat="50.98232" lon="4.41579">
        <ele>9</ele>
      </trkpt>
      <trkpt lat="50.98245" lon="4.41578">
        <ele>9</ele>
      </trkpt>
      <trkpt lat="50.98296" lon="4.41571">
        <ele>9</ele>
      </trkpt>
      <trkpt lat="50.98325" lon="4.41566">
        <ele>9</ele>
      </trkpt>
      <trkpt lat="50.98327" lon="4.41566">
        <ele>9</ele>
      </trkpt>
      <trkpt lat="50.98342" lon="4.41565">
        <ele>9</ele>
      </trkpt>
      <trkpt lat="50.98359" lon="4.41561">
        <ele>9</ele>
      </trkpt>
      <trkpt lat="50.98361" lon="4.41561">
        <ele>9</ele>
      </trkpt>
      <trkpt lat="50.98372" lon="4.41559">
        <ele>9</ele>
      </trkpt>
      <trkpt lat="50.98384" lon="4.41556">
        <ele>9</ele>
      </trkpt>
      <trkpt lat="50.98397" lon="4.41551">
        <ele>9</ele>
      </trkpt>
      <trkpt lat="50.98411" lon="4.41543">
        <ele>9</ele>
      </trkpt>
      <trkpt lat="50.98427" lon="4.41536">
        <ele>9</ele>
      </trkpt>
      <trkpt lat="50.98441" lon="4.4153">
        <ele>8</ele>
      </trkpt>
      <trkpt lat="50.98459" lon="4.41521">
        <ele>8</ele>
      </trkpt>
      <trkpt lat="50.98478" lon="4.41512">
        <ele>8</ele>
      </trkpt>
      <trkpt lat="50.98492" lon="4.41507">
        <ele>8</ele>
      </trkpt>
      <trkpt lat="50.98507" lon="4.41502">
        <ele>8</ele>
      </trkpt>
      <trkpt lat="50.98522" lon="4.41498">
        <ele>8</ele>
      </trkpt>
      <trkpt lat="50.9854" lon="4.41493">
        <ele>8</ele>
      </trkpt>
      <trkpt lat="50.98554" lon="4.41489">
        <ele>8</ele>
      </trkpt>
      <trkpt lat="50.98564" lon="4.41489">
        <ele>8</ele>
      </trkpt>
      <trkpt lat="50.98565" lon="4.41488">
        <ele>8</ele>
      </trkpt>
      <trkpt lat="50.98583" lon="4.41485">
        <ele>8</ele>
      </trkpt>
      <trkpt lat="50.986" lon="4.41481">
        <ele>9</ele>
      </trkpt>
      <trkpt lat="50.98618" lon="4.41476">
        <ele>9</ele>
      </trkpt>
      <trkpt lat="50.98631" lon="4.41473">
        <ele>9</ele>
      </trkpt>
      <trkpt lat="50.98639" lon="4.41473">
        <ele>9</ele>
      </trkpt>
      <trkpt lat="50.98651" lon="4.41475">
        <ele>9</ele>
      </trkpt>
      <trkpt lat="50.98662" lon="4.41479">
        <ele>9</ele>
      </trkpt>
      <trkpt lat="50.9867" lon="4.41481">
        <ele>9</ele>
      </trkpt>
      <trkpt lat="50.98676" lon="4.41484">
        <ele>9</ele>
      </trkpt>
      <trkpt lat="50.98691" lon="4.41489">
        <ele>9</ele>
      </trkpt>
      <trkpt lat="50.98698" lon="4.4149">
        <ele>9</ele>
      </trkpt>
      <trkpt lat="50.98703" lon="4.41493">
        <ele>9</ele>
      </trkpt>
      <trkpt lat="50.98711" lon="4.41493">
        <ele>9</ele>
      </trkpt>
      <trkpt lat="50.9873" lon="4.41489">
        <ele>9</ele>
      </trkpt>
      <trkpt lat="50.9875" lon="4.41487">
        <ele>9</ele>
      </trkpt>
      <trkpt lat="50.98765" lon="4.41487">
        <ele>9</ele>
      </trkpt>
      <trkpt lat="50.98776" lon="4.41488">
        <ele>9</ele>
      </trkpt>
      <trkpt lat="50.98781" lon="4.41489">
        <ele>9</ele>
      </trkpt>
      <trkpt lat="50.9879" lon="4.41499">
        <ele>9</ele>
      </trkpt>
      <trkpt lat="50.98802" lon="4.41517">
        <ele>8</ele>
      </trkpt>
      <trkpt lat="50.98815" lon="4.41539">
        <ele>8</ele>
      </trkpt>
      <trkpt lat="50.98821" lon="4.41552">
        <ele>8</ele>
      </trkpt>
      <trkpt lat="50.98825" lon="4.41559">
        <ele>9</ele>
      </trkpt>
      <trkpt lat="50.98836" lon="4.41575">
        <ele>9</ele>
      </trkpt>
      <trkpt lat="50.98843" lon="4.41584">
        <ele>9</ele>
      </trkpt>
      <trkpt lat="50.98851" lon="4.41592">
        <ele>9</ele>
      </trkpt>
      <trkpt lat="50.98882" lon="4.41604">
        <ele>9</ele>
      </trkpt>
      <trkpt lat="50.98896" lon="4.41606">
        <ele>9</ele>
      </trkpt>
      <trkpt lat="50.98907" lon="4.41608">
        <ele>9</ele>
      </trkpt>
      <trkpt lat="50.98925" lon="4.41608">
        <ele>9</ele>
      </trkpt>
      <trkpt lat="50.98939" lon="4.41607">
        <ele>9</ele>
      </trkpt>
      <trkpt lat="50.9895" lon="4.41605">
        <ele>9</ele>
      </trkpt>
      <trkpt lat="50.98961" lon="4.41601">
        <ele>9</ele>
      </trkpt>
      <trkpt lat="50.98969" lon="4.41593">
        <ele>9</ele>
      </trkpt>
      <trkpt lat="50.98972" lon="4.41589">
        <ele>9</ele>
      </trkpt>
      <trkpt lat="50.99007" lon="4.41559">
        <ele>9</ele>
      </trkpt>
      <trkpt lat="50.99015" lon="4.41552">
        <ele>9</ele>
      </trkpt>
      <trkpt lat="50.99035" lon="4.41534">
        <ele>9</ele>
      </trkpt>
      <trkpt lat="50.99045" lon="4.41525">
        <ele>9</ele>
      </trkpt>
      <trkpt lat="50.99074" lon="4.41503">
        <ele>9</ele>
      </trkpt>
      <trkpt lat="50.99089" lon="4.41491">
        <ele>9</ele>
      </trkpt>
      <trkpt lat="50.99113" lon="4.41473">
        <ele>9</ele>
      </trkpt>
      <trkpt lat="50.99114" lon="4.41472">
        <ele>9</ele>
      </trkpt>
      <trkpt lat="50.9915" lon="4.41444">
        <ele>8</ele>
      </trkpt>
      <trkpt lat="50.99161" lon="4.41435">
        <ele>9</ele>
      </trkpt>
      <trkpt lat="50.99189" lon="4.41416">
        <ele>9</ele>
      </trkpt>
      <trkpt lat="50.99187" lon="4.41412">
        <ele>9</ele>
      </trkpt>
      <trkpt lat="50.99186" lon="4.41409">
        <ele>9</ele>
      </trkpt>
      <trkpt lat="50.9918" lon="4.41399">
        <ele>9</ele>
      </trkpt>
      <trkpt lat="50.99173" lon="4.41385">
        <ele>9</ele>
      </trkpt>
      <trkpt lat="50.99159" lon="4.41358">
        <ele>8</ele>
      </trkpt>
      <trkpt lat="50.99152" lon="4.41347">
        <ele>8</ele>
      </trkpt>
      <trkpt lat="50.99142" lon="4.41331">
        <ele>8</ele>
      </trkpt>
      <trkpt lat="50.99139" lon="4.41327">
        <ele>8</ele>
      </trkpt>
      <trkpt lat="50.9913" lon="4.41311">
        <ele>8</ele>
      </trkpt>
      <trkpt lat="50.99118" lon="4.41293">
        <ele>8</ele>
      </trkpt>
      <trkpt lat="50.99113" lon="4.41286">
        <ele>8</ele>
      </trkpt>
      <trkpt lat="50.9911" lon="4.41278">
        <ele>8</ele>
      </trkpt>
      <trkpt lat="50.99109" lon="4.41277">
        <ele>8</ele>
      </trkpt>
      <trkpt lat="50.99098" lon="4.41254">
        <ele>8</ele>
      </trkpt>
      <trkpt lat="50.99092" lon="4.41238">
        <ele>8</ele>
      </trkpt>
      <trkpt lat="50.99091" lon="4.41237">
        <ele>8</ele>
      </trkpt>
      <trkpt lat="50.99088" lon="4.41228">
        <ele>8</ele>
      </trkpt>
      <trkpt lat="50.9908" lon="4.41205">
        <ele>8</ele>
      </trkpt>
      <trkpt lat="50.99071" lon="4.41179">
        <ele>8</ele>
      </trkpt>
      <trkpt lat="50.99069" lon="4.41173">
        <ele>8</ele>
      </trkpt>
      <trkpt lat="50.99067" lon="4.41166">
        <ele>8</ele>
      </trkpt>
      <trkpt lat="50.99064" lon="4.41154">
        <ele>9</ele>
      </trkpt>
      <trkpt lat="50.99059" lon="4.41142">
        <ele>9</ele>
      </trkpt>
      <trkpt lat="50.99053" lon="4.41124">
        <ele>9</ele>
      </trkpt>
      <trkpt lat="50.99046" lon="4.41111">
        <ele>9</ele>
      </trkpt>
      <trkpt lat="50.99039" lon="4.41097">
        <ele>9</ele>
      </trkpt>
      <trkpt lat="50.99037" lon="4.41093">
        <ele>9</ele>
      </trkpt>
      <trkpt lat="50.99028" lon="4.41077">
        <ele>9</ele>
      </trkpt>
      <trkpt lat="50.99019" lon="4.41062">
        <ele>9</ele>
      </trkpt>
      <trkpt lat="50.99014" lon="4.41055">
        <ele>9</ele>
      </trkpt>
      <trkpt lat="50.98994" lon="4.41021">
        <ele>9</ele>
      </trkpt>
      <trkpt lat="50.98984" lon="4.41004">
        <ele>9</ele>
      </trkpt>
      <trkpt lat="50.98969" lon="4.4098">
        <ele>9</ele>
      </trkpt>
      <trkpt lat="50.98969" lon="4.4098">
        <ele>9</ele>
      </trkpt>
      <trkpt lat="50.98945" lon="4.40939">
        <ele>9</ele>
      </trkpt>
      <trkpt lat="50.98941" lon="4.40931">
        <ele>9</ele>
      </trkpt>
      <trkpt lat="50.98935" lon="4.4092">
        <ele>9</ele>
      </trkpt>
      <trkpt lat="50.98927" lon="4.40904">
        <ele>9</ele>
      </trkpt>
      <trkpt lat="50.98926" lon="4.409">
        <ele>9</ele>
      </trkpt>
      <trkpt lat="50.98921" lon="4.4089">
        <ele>9</ele>
      </trkpt>
      <trkpt lat="50.9892" lon="4.40887">
        <ele>9</ele>
      </trkpt>
      <trkpt lat="50.98915" lon="4.40873">
        <ele>9</ele>
      </trkpt>
      <trkpt lat="50.98914" lon="4.40872">
        <ele>9</ele>
      </trkpt>
      <trkpt lat="50.98902" lon="4.40836">
        <ele>9</ele>
      </trkpt>
      <trkpt lat="50.98901" lon="4.40832">
        <ele>9</ele>
      </trkpt>
      <trkpt lat="50.98893" lon="4.40809">
        <ele>10</ele>
      </trkpt>
      <trkpt lat="50.98887" lon="4.40795">
        <ele>10</ele>
      </trkpt>
      <trkpt lat="50.98879" lon="4.40773">
        <ele>10</ele>
      </trkpt>
      <trkpt lat="50.98869" lon="4.40746">
        <ele>10</ele>
      </trkpt>
      <trkpt lat="50.98863" lon="4.40732">
        <ele>10</ele>
      </trkpt>
      <trkpt lat="50.98851" lon="4.40704">
        <ele>10</ele>
      </trkpt>
      <trkpt lat="50.98845" lon="4.40683">
        <ele>9</ele>
      </trkpt>
      <trkpt lat="50.98841" lon="4.40664">
        <ele>9</ele>
      </trkpt>
      <trkpt lat="50.9884" lon="4.40661">
        <ele>9</ele>
      </trkpt>
      <trkpt lat="50.98839" lon="4.40651">
        <ele>9</ele>
      </trkpt>
      <trkpt lat="50.98838" lon="4.40639">
        <ele>8</ele>
      </trkpt>
      <trkpt lat="50.98834" lon="4.40619">
        <ele>8</ele>
      </trkpt>
      <trkpt lat="50.9883" lon="4.40611">
        <ele>8</ele>
      </trkpt>
      <trkpt lat="50.98826" lon="4.40598">
        <ele>8</ele>
      </trkpt>
      <trkpt lat="50.98816" lon="4.40579">
        <ele>8</ele>
      </trkpt>
      <trkpt lat="50.98807" lon="4.40565">
        <ele>8</ele>
      </trkpt>
      <trkpt lat="50.988" lon="4.40548">
        <ele>8</ele>
      </trkpt>
      <trkpt lat="50.98794" lon="4.40531">
        <ele>8</ele>
      </trkpt>
      <trkpt lat="50.98789" lon="4.40512">
        <ele>8</ele>
      </trkpt>
      <trkpt lat="50.98785" lon="4.4049">
        <ele>8</ele>
      </trkpt>
      <trkpt lat="50.98784" lon="4.40476">
        <ele>8</ele>
      </trkpt>
      <trkpt lat="50.98782" lon="4.40461">
        <ele>8</ele>
      </trkpt>
      <trkpt lat="50.9878" lon="4.40448">
        <ele>8</ele>
      </trkpt>
      <trkpt lat="50.98778" lon="4.40434">
        <ele>8</ele>
      </trkpt>
      <trkpt lat="50.98773" lon="4.40412">
        <ele>8</ele>
      </trkpt>
      <trkpt lat="50.98769" lon="4.40394">
        <ele>8</ele>
      </trkpt>
      <trkpt lat="50.98762" lon="4.40365">
        <ele>8</ele>
      </trkpt>
      <trkpt lat="50.98753" lon="4.40338">
        <ele>8</ele>
      </trkpt>
      <trkpt lat="50.98748" lon="4.40323">
        <ele>8</ele>
      </trkpt>
      <trkpt lat="50.98742" lon="4.40301">
        <ele>8</ele>
      </trkpt>
      <trkpt lat="50.98735" lon="4.40277">
        <ele>8</ele>
      </trkpt>
      <trkpt lat="50.98731" lon="4.40251">
        <ele>8</ele>
      </trkpt>
      <trkpt lat="50.98729" lon="4.40224">
        <ele>8</ele>
      </trkpt>
      <trkpt lat="50.98728" lon="4.40196">
        <ele>8</ele>
      </trkpt>
      <trkpt lat="50.98727" lon="4.40173">
        <ele>8</ele>
      </trkpt>
      <trkpt lat="50.98725" lon="4.40157">
        <ele>8</ele>
      </trkpt>
      <trkpt lat="50.98722" lon="4.40143">
        <ele>8</ele>
      </trkpt>
      <trkpt lat="50.98716" lon="4.40116">
        <ele>8</ele>
      </trkpt>
      <trkpt lat="50.98709" lon="4.40093">
        <ele>8</ele>
      </trkpt>
      <trkpt lat="50.98696" lon="4.40041">
        <ele>8</ele>
      </trkpt>
      <trkpt lat="50.98695" lon="4.40039">
        <ele>8</ele>
      </trkpt>
      <trkpt lat="50.98689" lon="4.40021">
        <ele>8</ele>
      </trkpt>
      <trkpt lat="50.98684" lon="4.40002">
        <ele>8</ele>
      </trkpt>
      <trkpt lat="50.98671" lon="4.39967">
        <ele>9</ele>
      </trkpt>
      <trkpt lat="50.98669" lon="4.39962">
        <ele>9</ele>
      </trkpt>
      <trkpt lat="50.98654" lon="4.39924">
        <ele>9</ele>
      </trkpt>
      <trkpt lat="50.98647" lon="4.39906">
        <ele>9</ele>
      </trkpt>
      <trkpt lat="50.98644" lon="4.399">
        <ele>9</ele>
      </trkpt>
      <trkpt lat="50.98639" lon="4.39886">
        <ele>9</ele>
      </trkpt>
      <trkpt lat="50.98634" lon="4.39877">
        <ele>9</ele>
      </trkpt>
      <trkpt lat="50.98626" lon="4.39857">
        <ele>9</ele>
      </trkpt>
      <trkpt lat="50.9862" lon="4.39842">
        <ele>9</ele>
      </trkpt>
      <trkpt lat="50.98613" lon="4.39825">
        <ele>9</ele>
      </trkpt>
      <trkpt lat="50.98603" lon="4.39795">
        <ele>9</ele>
      </trkpt>
      <trkpt lat="50.98593" lon="4.39758">
        <ele>9</ele>
      </trkpt>
      <trkpt lat="50.9859" lon="4.39735">
        <ele>9</ele>
      </trkpt>
      <trkpt lat="50.98584" lon="4.39714">
        <ele>9</ele>
      </trkpt>
      <trkpt lat="50.98577" lon="4.39687">
        <ele>9</ele>
      </trkpt>
      <trkpt lat="50.98565" lon="4.39661">
        <ele>9</ele>
      </trkpt>
      <trkpt lat="50.98553" lon="4.39642">
        <ele>9</ele>
      </trkpt>
      <trkpt lat="50.98548" lon="4.39636">
        <ele>9</ele>
      </trkpt>
      <trkpt lat="50.98539" lon="4.39629">
        <ele>9</ele>
      </trkpt>
      <trkpt lat="50.98532" lon="4.39624">
        <ele>9</ele>
      </trkpt>
      <trkpt lat="50.98524" lon="4.39616">
        <ele>9</ele>
      </trkpt>
      <trkpt lat="50.98507" lon="4.396">
        <ele>9</ele>
      </trkpt>
      <trkpt lat="50.98492" lon="4.39585">
        <ele>9</ele>
      </trkpt>
      <trkpt lat="50.98491" lon="4.39584">
        <ele>9</ele>
      </trkpt>
      <trkpt lat="50.98474" lon="4.39569">
        <ele>9</ele>
      </trkpt>
      <trkpt lat="50.9846" lon="4.39552">
        <ele>9</ele>
      </trkpt>
      <trkpt lat="50.98456" lon="4.39546">
        <ele>9</ele>
      </trkpt>
      <trkpt lat="50.98449" lon="4.39539">
        <ele>9</ele>
      </trkpt>
      <trkpt lat="50.98442" lon="4.39526">
        <ele>9</ele>
      </trkpt>
      <trkpt lat="50.98437" lon="4.39512">
        <ele>9</ele>
      </trkpt>
      <trkpt lat="50.98432" lon="4.39494">
        <ele>10</ele>
      </trkpt>
      <trkpt lat="50.98423" lon="4.39476">
        <ele>9</ele>
      </trkpt>
      <trkpt lat="50.98418" lon="4.39464">
        <ele>9</ele>
      </trkpt>
      <trkpt lat="50.98408" lon="4.39446">
        <ele>10</ele>
      </trkpt>
      <trkpt lat="50.98392" lon="4.39418">
        <ele>9</ele>
      </trkpt>
      <trkpt lat="50.98369" lon="4.39377">
        <ele>9</ele>
      </trkpt>
      <trkpt lat="50.98347" lon="4.39341">
        <ele>9</ele>
      </trkpt>
      <trkpt lat="50.98331" lon="4.39314">
        <ele>9</ele>
      </trkpt>
      <trkpt lat="50.9832" lon="4.39297">
        <ele>9</ele>
      </trkpt>
      <trkpt lat="50.98319" lon="4.39296">
        <ele>9</ele>
      </trkpt>
      <trkpt lat="50.98309" lon="4.39284">
        <ele>9</ele>
      </trkpt>
      <trkpt lat="50.98307" lon="4.39283">
        <ele>9</ele>
      </trkpt>
      <trkpt lat="50.983" lon="4.39277">
        <ele>9</ele>
      </trkpt>
      <trkpt lat="50.98295" lon="4.39273">
        <ele>9</ele>
      </trkpt>
      <trkpt lat="50.98287" lon="4.39268">
        <ele>9</ele>
      </trkpt>
      <trkpt lat="50.9828" lon="4.39264">
        <ele>9</ele>
      </trkpt>
      <trkpt lat="50.98263" lon="4.39256">
        <ele>10</ele>
      </trkpt>
      <trkpt lat="50.98257" lon="4.39251">
        <ele>10</ele>
      </trkpt>
      <trkpt lat="50.98251" lon="4.39246">
        <ele>10</ele>
      </trkpt>
      <trkpt lat="50.98249" lon="4.39243">
        <ele>10</ele>
      </trkpt>
      <trkpt lat="50.98237" lon="4.39233">
        <ele>10</ele>
      </trkpt>
      <trkpt lat="50.98221" lon="4.3922">
        <ele>10</ele>
      </trkpt>
      <trkpt lat="50.98215" lon="4.39212">
        <ele>10</ele>
      </trkpt>
      <trkpt lat="50.98213" lon="4.39211">
        <ele>10</ele>
      </trkpt>
      <trkpt lat="50.98208" lon="4.39206">
        <ele>10</ele>
      </trkpt>
      <trkpt lat="50.98204" lon="4.39202">
        <ele>10</ele>
      </trkpt>
      <trkpt lat="50.98196" lon="4.39197">
        <ele>10</ele>
      </trkpt>
      <trkpt lat="50.98189" lon="4.39192">
        <ele>10</ele>
      </trkpt>
      <trkpt lat="50.9818" lon="4.39186">
        <ele>10</ele>
      </trkpt>
      <trkpt lat="50.98099" lon="4.3914">
        <ele>11</ele>
      </trkpt>
      <trkpt lat="50.97978" lon="4.39066">
        <ele>11</ele>
      </trkpt>
      <trkpt lat="50.97968" lon="4.39062">
        <ele>11</ele>
      </trkpt>
      <trkpt lat="50.97887" lon="4.39125">
        <ele>12</ele>
      </trkpt>
      <trkpt lat="50.97876" lon="4.3913">
        <ele>12</ele>
      </trkpt>
      <trkpt lat="50.97861" lon="4.39116">
        <ele>12</ele>
      </trkpt>
      <trkpt lat="50.97845" lon="4.39066">
        <ele>12</ele>
      </trkpt>
      <trkpt lat="50.97841" lon="4.39053">
        <ele>12</ele>
      </trkpt>
      <trkpt lat="50.97826" lon="4.39008">
        <ele>12</ele>
      </trkpt>
      <trkpt lat="50.97821" lon="4.38993">
        <ele>12</ele>
      </trkpt>
      <trkpt lat="50.9781" lon="4.38975">
        <ele>12</ele>
      </trkpt>
      <trkpt lat="50.97799" lon="4.38967">
        <ele>12</ele>
      </trkpt>
      <trkpt lat="50.97647" lon="4.38868">
        <ele>11</ele>
      </trkpt>
      <trkpt lat="50.97614" lon="4.38843">
        <ele>12</ele>
      </trkpt>
      <trkpt lat="50.97613" lon="4.38841">
        <ele>12</ele>
      </trkpt>
      <trkpt lat="50.97608" lon="4.38837">
        <ele>12</ele>
      </trkpt>
      <trkpt lat="50.976" lon="4.38836">
        <ele>12</ele>
      </trkpt>
      <trkpt lat="50.97595" lon="4.38832">
        <ele>13</ele>
      </trkpt>
      <trkpt lat="50.97591" lon="4.38828">
        <ele>13</ele>
      </trkpt>
      <trkpt lat="50.97506" lon="4.38769">
        <ele>13</ele>
      </trkpt>
      <trkpt lat="50.97505" lon="4.38764">
        <ele>13</ele>
      </trkpt>
      <trkpt lat="50.97494" lon="4.38755">
        <ele>14</ele>
      </trkpt>
      <trkpt lat="50.97488" lon="4.38743">
        <ele>14</ele>
      </trkpt>
      <trkpt lat="50.97485" lon="4.38742">
        <ele>14</ele>
      </trkpt>
      <trkpt lat="50.97484" lon="4.38738">
        <ele>14</ele>
      </trkpt>
      <trkpt lat="50.97391" lon="4.38629">
        <ele>14</ele>
      </trkpt>
      <trkpt lat="50.97362" lon="4.38609">
        <ele>14</ele>
      </trkpt>
      <trkpt lat="50.97346" lon="4.38599">
        <ele>15</ele>
      </trkpt>
      <trkpt lat="50.97333" lon="4.3859">
        <ele>15</ele>
      </trkpt>
      <trkpt lat="50.97315" lon="4.3858">
        <ele>15</ele>
      </trkpt>
      <trkpt lat="50.97289" lon="4.38562">
        <ele>15</ele>
      </trkpt>
      <trkpt lat="50.97231" lon="4.3853">
        <ele>16</ele>
      </trkpt>
      <trkpt lat="50.972" lon="4.38515">
        <ele>15</ele>
      </trkpt>
      <trkpt lat="50.9717" lon="4.38498">
        <ele>15</ele>
      </trkpt>
      <trkpt lat="50.97118" lon="4.38454">
        <ele>14</ele>
      </trkpt>
      <trkpt lat="50.97091" lon="4.38425">
        <ele>15</ele>
      </trkpt>
      <trkpt lat="50.97078" lon="4.3841">
        <ele>15</ele>
      </trkpt>
      <trkpt lat="50.97066" lon="4.38395">
        <ele>15</ele>
      </trkpt>
      <trkpt lat="50.97012" lon="4.38314">
        <ele>16</ele>
      </trkpt>
      <trkpt lat="50.96949" lon="4.38256">
        <ele>16</ele>
      </trkpt>
      <trkpt lat="50.96935" lon="4.38243">
        <ele>16</ele>
      </trkpt>
      <trkpt lat="50.96913" lon="4.38222">
        <ele>17</ele>
      </trkpt>
      <trkpt lat="50.96897" lon="4.38207">
        <ele>17</ele>
      </trkpt>
      <trkpt lat="50.96892" lon="4.38202">
        <ele>17</ele>
      </trkpt>
      <trkpt lat="50.96857" lon="4.38161">
        <ele>17</ele>
      </trkpt>
      <trkpt lat="50.96829" lon="4.38116">
        <ele>17</ele>
      </trkpt>
      <trkpt lat="50.96798" lon="4.38045">
        <ele>17</ele>
      </trkpt>
      <trkpt lat="50.96793" lon="4.38031">
        <ele>17</ele>
      </trkpt>
      <trkpt lat="50.96773" lon="4.37986">
        <ele>17</ele>
      </trkpt>
      <trkpt lat="50.96769" lon="4.37975">
        <ele>17</ele>
      </trkpt>
      <trkpt lat="50.96665" lon="4.37717">
        <ele>17</ele>
      </trkpt>
      <trkpt lat="50.96655" lon="4.37702">
        <ele>17</ele>
      </trkpt>
      <trkpt lat="50.96643" lon="4.37692">
        <ele>16</ele>
      </trkpt>
      <trkpt lat="50.96578" lon="4.37671">
        <ele>18</ele>
      </trkpt>
      <trkpt lat="50.96573" lon="4.37666">
        <ele>18</ele>
      </trkpt>
      <trkpt lat="50.96568" lon="4.37657">
        <ele>18</ele>
      </trkpt>
      <trkpt lat="50.96527" lon="4.37544">
        <ele>18</ele>
      </trkpt>
      <trkpt lat="50.96493" lon="4.37458">
        <ele>20</ele>
      </trkpt>
      <trkpt lat="50.9645" lon="4.37351">
        <ele>20</ele>
      </trkpt>
      <trkpt lat="50.96416" lon="4.37257">
        <ele>22</ele>
      </trkpt>
      <trkpt lat="50.96391" lon="4.37193">
        <ele>22</ele>
      </trkpt>
      <trkpt lat="50.96343" lon="4.37108">
        <ele>22</ele>
      </trkpt>
      <trkpt lat="50.96333" lon="4.37089">
        <ele>22</ele>
      </trkpt>
      <trkpt lat="50.9632" lon="4.37068">
        <ele>21</ele>
      </trkpt>
      <trkpt lat="50.96312" lon="4.37054">
        <ele>21</ele>
      </trkpt>
      <trkpt lat="50.9629" lon="4.37015">
        <ele>21</ele>
      </trkpt>
      <trkpt lat="50.96277" lon="4.36986">
        <ele>21</ele>
      </trkpt>
      <trkpt lat="50.9624" lon="4.36825">
        <ele>22</ele>
      </trkpt>
      <trkpt lat="50.96196" lon="4.36622">
        <ele>23</ele>
      </trkpt>
      <trkpt lat="50.96172" lon="4.36534">
        <ele>24</ele>
      </trkpt>
      <trkpt lat="50.96174" lon="4.36533">
        <ele>24</ele>
      </trkpt>
      <trkpt lat="50.96114" lon="4.36306">
        <ele>25</ele>
      </trkpt>
      <trkpt lat="50.96097" lon="4.3625">
        <ele>26</ele>
      </trkpt>
      <trkpt lat="50.96088" lon="4.36225">
        <ele>26</ele>
      </trkpt>
      <trkpt lat="50.96085" lon="4.36226">
        <ele>26</ele>
      </trkpt>
      <trkpt lat="50.96083" lon="4.36223">
        <ele>26</ele>
      </trkpt>
      <trkpt lat="50.96082" lon="4.36218">
        <ele>26</ele>
      </trkpt>
      <trkpt lat="50.96084" lon="4.36215">
        <ele>26</ele>
      </trkpt>
      <trkpt lat="50.96086" lon="4.36214">
        <ele>26</ele>
      </trkpt>
      <trkpt lat="50.96089" lon="4.36217">
        <ele>26</ele>
      </trkpt>
      <trkpt lat="50.96102" lon="4.36207">
        <ele>25</ele>
      </trkpt>
      <trkpt lat="50.96203" lon="4.36148">
        <ele>24</ele>
      </trkpt>
      <trkpt lat="50.96224" lon="4.3614">
        <ele>24</ele>
      </trkpt>
      <trkpt lat="50.96249" lon="4.36134">
        <ele>24</ele>
      </trkpt>
      <trkpt lat="50.96271" lon="4.36132">
        <ele>25</ele>
      </trkpt>
      <trkpt lat="50.96428" lon="4.36137">
        <ele>26</ele>
      </trkpt>
      <trkpt lat="50.96479" lon="4.36136">
        <ele>26</ele>
      </trkpt>
      <trkpt lat="50.96741" lon="4.36106">
        <ele>21</ele>
      </trkpt>
      <trkpt lat="50.96783" lon="4.36098">
        <ele>20</ele>
      </trkpt>
      <trkpt lat="50.9686" lon="4.3608">
        <ele>20</ele>
      </trkpt>
      <trkpt lat="50.96942" lon="4.36081">
        <ele>19</ele>
      </trkpt>
      <trkpt lat="50.97031" lon="4.36088">
        <ele>18</ele>
      </trkpt>
      <trkpt lat="50.97094" lon="4.36081">
        <ele>18</ele>
      </trkpt>
      <trkpt lat="50.97158" lon="4.36058">
        <ele>17</ele>
      </trkpt>
      <trkpt lat="50.97203" lon="4.36037">
        <ele>17</ele>
      </trkpt>
      <trkpt lat="50.97287" lon="4.36005">
        <ele>16</ele>
      </trkpt>
      <trkpt lat="50.97338" lon="4.35982">
        <ele>15</ele>
      </trkpt>
      <trkpt lat="50.9738" lon="4.35959">
        <ele>15</ele>
      </trkpt>
      <trkpt lat="50.97389" lon="4.35951">
        <ele>15</ele>
      </trkpt>
      <trkpt lat="50.97436" lon="4.35909">
        <ele>14</ele>
      </trkpt>
      <trkpt lat="50.97475" lon="4.35853">
        <ele>14</ele>
      </trkpt>
      <trkpt lat="50.97544" lon="4.35739">
        <ele>13</ele>
      </trkpt>
      <trkpt lat="50.97546" lon="4.35742">
        <ele>13</ele>
      </trkpt>
      <trkpt lat="50.97577" lon="4.3569">
        <ele>13</ele>
      </trkpt>
      <trkpt lat="50.97613" lon="4.35631">
        <ele>14</ele>
      </trkpt>
      <trkpt lat="50.97611" lon="4.35628">
        <ele>14</ele>
      </trkpt>
      <trkpt lat="50.97675" lon="4.35523">
        <ele>14</ele>
      </trkpt>
      <trkpt lat="50.97691" lon="4.35498">
        <ele>15</ele>
      </trkpt>
      <trkpt lat="50.977" lon="4.35482">
        <ele>15</ele>
      </trkpt>
      <trkpt lat="50.97713" lon="4.35462">
        <ele>15</ele>
      </trkpt>
      <trkpt lat="50.97804" lon="4.35313">
        <ele>15</ele>
      </trkpt>
      <trkpt lat="50.97802" lon="4.35308">
        <ele>15</ele>
      </trkpt>
      <trkpt lat="50.97804" lon="4.35313">
        <ele>15</ele>
      </trkpt>
      <trkpt lat="50.97848" lon="4.35249">
        <ele>15</ele>
      </trkpt>
      <trkpt lat="50.97858" lon="4.35235">
        <ele>14</ele>
      </trkpt>
      <trkpt lat="50.97872" lon="4.35221">
        <ele>14</ele>
      </trkpt>
      <trkpt lat="50.9792" lon="4.35172">
        <ele>14</ele>
      </trkpt>
      <trkpt lat="50.97964" lon="4.35122">
        <ele>14</ele>
      </trkpt>
      <trkpt lat="50.97971" lon="4.35114">
        <ele>14</ele>
      </trkpt>
      <trkpt lat="50.97971" lon="4.35113">
        <ele>14</ele>
      </trkpt>
      <trkpt lat="50.97979" lon="4.35106">
        <ele>14</ele>
      </trkpt>
      <trkpt lat="50.98002" lon="4.35085">
        <ele>14</ele>
      </trkpt>
      <trkpt lat="50.98009" lon="4.35078">
        <ele>14</ele>
      </trkpt>
      <trkpt lat="50.98033" lon="4.35058">
        <ele>14</ele>
      </trkpt>
      <trkpt lat="50.98063" lon="4.35036">
        <ele>14</ele>
      </trkpt>
      <trkpt lat="50.98077" lon="4.35024">
        <ele>14</ele>
      </trkpt>
      <trkpt lat="50.98107" lon="4.35005">
        <ele>14</ele>
      </trkpt>
      <trkpt lat="50.98132" lon="4.34987">
        <ele>14</ele>
      </trkpt>
      <trkpt lat="50.98156" lon="4.34971">
        <ele>14</ele>
      </trkpt>
      <trkpt lat="50.98172" lon="4.3496">
        <ele>14</ele>
      </trkpt>
      <trkpt lat="50.98191" lon="4.34946">
        <ele>14</ele>
      </trkpt>
      <trkpt lat="50.98225" lon="4.34925">
        <ele>14</ele>
      </trkpt>
      <trkpt lat="50.98226" lon="4.34924">
        <ele>14</ele>
      </trkpt>
      <trkpt lat="50.98243" lon="4.34914">
        <ele>14</ele>
      </trkpt>
      <trkpt lat="50.98252" lon="4.34905">
        <ele>14</ele>
      </trkpt>
      <trkpt lat="50.98256" lon="4.34901">
        <ele>14</ele>
      </trkpt>
      <trkpt lat="50.98267" lon="4.34889">
        <ele>14</ele>
      </trkpt>
      <trkpt lat="50.98286" lon="4.34869">
        <ele>14</ele>
      </trkpt>
      <trkpt lat="50.98406" lon="4.3473">
        <ele>14</ele>
      </trkpt>
      <trkpt lat="50.98371" lon="4.34636">
        <ele>13</ele>
      </trkpt>
      <trkpt lat="50.98344" lon="4.34546">
        <ele>12</ele>
      </trkpt>
      <trkpt lat="50.9833" lon="4.34469">
        <ele>12</ele>
      </trkpt>
      <trkpt lat="50.98325" lon="4.3443">
        <ele>13</ele>
      </trkpt>
      <trkpt lat="50.98289" lon="4.34162">
        <ele>12</ele>
      </trkpt>
      <trkpt lat="50.98278" lon="4.34103">
        <ele>12</ele>
      </trkpt>
      <trkpt lat="50.98263" lon="4.34054">
        <ele>12</ele>
      </trkpt>
      <trkpt lat="50.98245" lon="4.34015">
        <ele>12</ele>
      </trkpt>
      <trkpt lat="50.98101" lon="4.3377">
        <ele>13</ele>
      </trkpt>
      <trkpt lat="50.98064" lon="4.33708">
        <ele>13</ele>
      </trkpt>
      <trkpt lat="50.98062" lon="4.33706">
        <ele>13</ele>
      </trkpt>
      <trkpt lat="50.9806" lon="4.33708">
        <ele>13</ele>
      </trkpt>
      <trkpt lat="50.98011" lon="4.33628">
        <ele>13</ele>
      </trkpt>
      <trkpt lat="50.97903" lon="4.33511">
        <ele>14</ele>
      </trkpt>
      <trkpt lat="50.97858" lon="4.33447">
        <ele>14</ele>
      </trkpt>
      <trkpt lat="50.97783" lon="4.33377">
        <ele>15</ele>
      </trkpt>
      <trkpt lat="50.9773" lon="4.33334">
        <ele>15</ele>
      </trkpt>
      <trkpt lat="50.97654" lon="4.33271">
        <ele>15</ele>
      </trkpt>
      <trkpt lat="50.97625" lon="4.33247">
        <ele>15</ele>
      </trkpt>
      <trkpt lat="50.97516" lon="4.33154">
        <ele>15</ele>
      </trkpt>
      <trkpt lat="50.97412" lon="4.33072">
        <ele>16</ele>
      </trkpt>
      <trkpt lat="50.97386" lon="4.33057">
        <ele>16</ele>
      </trkpt>
      <trkpt lat="50.97299" lon="4.33006">
        <ele>17</ele>
      </trkpt>
      <trkpt lat="50.97244" lon="4.32971">
        <ele>17</ele>
      </trkpt>
      <trkpt lat="50.97213" lon="4.32947">
        <ele>17</ele>
      </trkpt>
      <trkpt lat="50.97177" lon="4.32911">
        <ele>17</ele>
      </trkpt>
      <trkpt lat="50.97043" lon="4.3273">
        <ele>17</ele>
      </trkpt>
      <trkpt lat="50.96939" lon="4.32542">
        <ele>19</ele>
      </trkpt>
      <trkpt lat="50.969" lon="4.3249">
        <ele>20</ele>
      </trkpt>
      <trkpt lat="50.96875" lon="4.32469">
        <ele>21</ele>
      </trkpt>
      <trkpt lat="50.96682" lon="4.32321">
        <ele>22</ele>
      </trkpt>
      <trkpt lat="50.96657" lon="4.3231">
        <ele>21</ele>
      </trkpt>
      <trkpt lat="50.9658" lon="4.32275">
        <ele>20</ele>
      </trkpt>
      <trkpt lat="50.96502" lon="4.3224">
        <ele>21</ele>
      </trkpt>
      <trkpt lat="50.96484" lon="4.3222">
        <ele>21</ele>
      </trkpt>
      <trkpt lat="50.96421" lon="4.32132">
        <ele>22</ele>
      </trkpt>
      <trkpt lat="50.9641" lon="4.32113">
        <ele>22</ele>
      </trkpt>
      <trkpt lat="50.96366" lon="4.32114">
        <ele>22</ele>
      </trkpt>
      <trkpt lat="50.96312" lon="4.32105">
        <ele>22</ele>
      </trkpt>
      <trkpt lat="50.9627" lon="4.32088">
        <ele>23</ele>
      </trkpt>
      <trkpt lat="50.96147" lon="4.32013">
        <ele>25</ele>
      </trkpt>
      <trkpt lat="50.95996" lon="4.31915">
        <ele>27</ele>
      </trkpt>
      <trkpt lat="50.9596" lon="4.31885">
        <ele>27</ele>
      </trkpt>
      <trkpt lat="50.95915" lon="4.31839">
        <ele>28</ele>
      </trkpt>
      <trkpt lat="50.9591" lon="4.31848">
        <ele>28</ele>
      </trkpt>
      <trkpt lat="50.95901" lon="4.31848">
        <ele>28</ele>
      </trkpt>
      <trkpt lat="50.95895" lon="4.31839">
        <ele>28</ele>
      </trkpt>
      <trkpt lat="50.95894" lon="4.31824">
        <ele>28</ele>
      </trkpt>
      <trkpt lat="50.95852" lon="4.31794">
        <ele>28</ele>
      </trkpt>
      <trkpt lat="50.95799" lon="4.31754">
        <ele>29</ele>
      </trkpt>
      <trkpt lat="50.95738" lon="4.31677">
        <ele>29</ele>
      </trkpt>
      <trkpt lat="50.95727" lon="4.31663">
        <ele>29</ele>
      </trkpt>
      <trkpt lat="50.95662" lon="4.3157">
        <ele>28</ele>
      </trkpt>
      <trkpt lat="50.95562" lon="4.3157">
        <ele>28</ele>
      </trkpt>
      <trkpt lat="50.95492" lon="4.31574">
        <ele>30</ele>
      </trkpt>
      <trkpt lat="50.95492" lon="4.3157">
        <ele>30</ele>
      </trkpt>
      <trkpt lat="50.95484" lon="4.31572">
        <ele>30</ele>
      </trkpt>
      <trkpt lat="50.95472" lon="4.31573">
        <ele>30</ele>
      </trkpt>
      <trkpt lat="50.95461" lon="4.31574">
        <ele>30</ele>
      </trkpt>
      <trkpt lat="50.9545" lon="4.31575">
        <ele>30</ele>
      </trkpt>
      <trkpt lat="50.95438" lon="4.31578">
        <ele>30</ele>
      </trkpt>
      <trkpt lat="50.95427" lon="4.31578">
        <ele>31</ele>
      </trkpt>
      <trkpt lat="50.95426" lon="4.31579">
        <ele>31</ele>
      </trkpt>
      <trkpt lat="50.95416" lon="4.31581">
        <ele>31</ele>
      </trkpt>
      <trkpt lat="50.95405" lon="4.31583">
        <ele>31</ele>
      </trkpt>
      <trkpt lat="50.95393" lon="4.31585">
        <ele>32</ele>
      </trkpt>
      <trkpt lat="50.95382" lon="4.31587">
        <ele>32</ele>
      </trkpt>
      <trkpt lat="50.95369" lon="4.31591">
        <ele>32</ele>
      </trkpt>
      <trkpt lat="50.95358" lon="4.31593">
        <ele>32</ele>
      </trkpt>
      <trkpt lat="50.95347" lon="4.31596">
        <ele>33</ele>
      </trkpt>
      <trkpt lat="50.95334" lon="4.31601">
        <ele>33</ele>
      </trkpt>
      <trkpt lat="50.95324" lon="4.31603">
        <ele>33</ele>
      </trkpt>
      <trkpt lat="50.95312" lon="4.31606">
        <ele>34</ele>
      </trkpt>
      <trkpt lat="50.953" lon="4.3161">
        <ele>34</ele>
      </trkpt>
      <trkpt lat="50.95281" lon="4.31618">
        <ele>33</ele>
      </trkpt>
      <trkpt lat="50.95269" lon="4.31621">
        <ele>33</ele>
      </trkpt>
      <trkpt lat="50.95249" lon="4.31629">
        <ele>34</ele>
      </trkpt>
      <trkpt lat="50.95235" lon="4.31636">
        <ele>34</ele>
      </trkpt>
      <trkpt lat="50.95225" lon="4.31639">
        <ele>34</ele>
      </trkpt>
      <trkpt lat="50.95215" lon="4.31645">
        <ele>34</ele>
      </trkpt>
      <trkpt lat="50.95204" lon="4.3165">
        <ele>34</ele>
      </trkpt>
      <trkpt lat="50.95192" lon="4.31655">
        <ele>34</ele>
      </trkpt>
      <trkpt lat="50.95173" lon="4.31664">
        <ele>34</ele>
      </trkpt>
      <trkpt lat="50.95159" lon="4.31673">
        <ele>34</ele>
      </trkpt>
      <trkpt lat="50.95142" lon="4.31682">
        <ele>34</ele>
      </trkpt>
      <trkpt lat="50.95131" lon="4.31689">
        <ele>34</ele>
      </trkpt>
      <trkpt lat="50.9512" lon="4.31695">
        <ele>34</ele>
      </trkpt>
      <trkpt lat="50.95099" lon="4.31708">
        <ele>36</ele>
      </trkpt>
      <trkpt lat="50.95079" lon="4.3172">
        <ele>36</ele>
      </trkpt>
      <trkpt lat="50.95065" lon="4.31731">
        <ele>36</ele>
      </trkpt>
      <trkpt lat="50.95056" lon="4.31736">
        <ele>36</ele>
      </trkpt>
      <trkpt lat="50.95045" lon="4.31745">
        <ele>35</ele>
      </trkpt>
      <trkpt lat="50.95035" lon="4.31752">
        <ele>35</ele>
      </trkpt>
      <trkpt lat="50.95027" lon="4.31758">
        <ele>35</ele>
      </trkpt>
      <trkpt lat="50.95017" lon="4.31765">
        <ele>36</ele>
      </trkpt>
      <trkpt lat="50.95006" lon="4.31774">
        <ele>37</ele>
      </trkpt>
      <trkpt lat="50.94996" lon="4.31782">
        <ele>37</ele>
      </trkpt>
      <trkpt lat="50.94986" lon="4.3179">
        <ele>37</ele>
      </trkpt>
      <trkpt lat="50.94976" lon="4.31799">
        <ele>37</ele>
      </trkpt>
      <trkpt lat="50.94967" lon="4.31808">
        <ele>37</ele>
      </trkpt>
      <trkpt lat="50.94957" lon="4.31817">
        <ele>37</ele>
      </trkpt>
      <trkpt lat="50.94947" lon="4.31825">
        <ele>37</ele>
      </trkpt>
      <trkpt lat="50.94937" lon="4.31834">
        <ele>37</ele>
      </trkpt>
      <trkpt lat="50.94927" lon="4.31844">
        <ele>38</ele>
      </trkpt>
      <trkpt lat="50.94909" lon="4.31861">
        <ele>39</ele>
      </trkpt>
      <trkpt lat="50.94898" lon="4.31871">
        <ele>39</ele>
      </trkpt>
      <trkpt lat="50.9489" lon="4.3188">
        <ele>39</ele>
      </trkpt>
      <trkpt lat="50.9488" lon="4.31889">
        <ele>39</ele>
      </trkpt>
      <trkpt lat="50.94875" lon="4.31896">
        <ele>39</ele>
      </trkpt>
      <trkpt lat="50.94867" lon="4.31905">
        <ele>40</ele>
      </trkpt>
      <trkpt lat="50.94862" lon="4.31911">
        <ele>40</ele>
      </trkpt>
      <trkpt lat="50.94853" lon="4.3192">
        <ele>40</ele>
      </trkpt>
      <trkpt lat="50.94844" lon="4.31932">
        <ele>41</ele>
      </trkpt>
      <trkpt lat="50.94834" lon="4.31943">
        <ele>43</ele>
      </trkpt>
      <trkpt lat="50.94827" lon="4.31954">
        <ele>43</ele>
      </trkpt>
      <trkpt lat="50.94818" lon="4.31966">
        <ele>43</ele>
      </trkpt>
      <trkpt lat="50.9481" lon="4.31979">
        <ele>43</ele>
      </trkpt>
      <trkpt lat="50.94802" lon="4.3199">
        <ele>43</ele>
      </trkpt>
      <trkpt lat="50.94794" lon="4.32002">
        <ele>44</ele>
      </trkpt>
      <trkpt lat="50.94786" lon="4.32015">
        <ele>44</ele>
      </trkpt>
      <trkpt lat="50.94779" lon="4.32029">
        <ele>44</ele>
      </trkpt>
      <trkpt lat="50.94771" lon="4.32042">
        <ele>44</ele>
      </trkpt>
      <trkpt lat="50.94764" lon="4.32055">
        <ele>46</ele>
      </trkpt>
      <trkpt lat="50.94756" lon="4.32069">
        <ele>47</ele>
      </trkpt>
      <trkpt lat="50.9475" lon="4.32083">
        <ele>48</ele>
      </trkpt>
      <trkpt lat="50.94746" lon="4.32089">
        <ele>48</ele>
      </trkpt>
      <trkpt lat="50.94743" lon="4.32096">
        <ele>48</ele>
      </trkpt>
      <trkpt lat="50.94737" lon="4.3211">
        <ele>48</ele>
      </trkpt>
      <trkpt lat="50.94732" lon="4.32121">
        <ele>48</ele>
      </trkpt>
      <trkpt lat="50.94731" lon="4.32123">
        <ele>48</ele>
      </trkpt>
      <trkpt lat="50.94725" lon="4.32137">
        <ele>48</ele>
      </trkpt>
      <trkpt lat="50.94722" lon="4.32144">
        <ele>48</ele>
      </trkpt>
      <trkpt lat="50.94721" lon="4.32146">
        <ele>48</ele>
      </trkpt>
      <trkpt lat="50.94716" lon="4.32159">
        <ele>48</ele>
      </trkpt>
      <trkpt lat="50.94715" lon="4.3216">
        <ele>48</ele>
      </trkpt>
      <trkpt lat="50.9471" lon="4.32173">
        <ele>48</ele>
      </trkpt>
      <trkpt lat="50.94707" lon="4.32181">
        <ele>48</ele>
      </trkpt>
      <trkpt lat="50.94701" lon="4.32197">
        <ele>49</ele>
      </trkpt>
      <trkpt lat="50.94697" lon="4.32209">
        <ele>49</ele>
      </trkpt>
      <trkpt lat="50.94696" lon="4.32212">
        <ele>49</ele>
      </trkpt>
      <trkpt lat="50.94694" lon="4.32218">
        <ele>49</ele>
      </trkpt>
      <trkpt lat="50.94693" lon="4.32223">
        <ele>49</ele>
      </trkpt>
      <trkpt lat="50.94689" lon="4.32236">
        <ele>49</ele>
      </trkpt>
      <trkpt lat="50.94684" lon="4.32249">
        <ele>50</ele>
      </trkpt>
      <trkpt lat="50.9468" lon="4.32263">
        <ele>52</ele>
      </trkpt>
      <trkpt lat="50.94677" lon="4.32272">
        <ele>53</ele>
      </trkpt>
      <trkpt lat="50.94675" lon="4.32281">
        <ele>53</ele>
      </trkpt>
      <trkpt lat="50.94672" lon="4.32289">
        <ele>53</ele>
      </trkpt>
      <trkpt lat="50.94669" lon="4.32299">
        <ele>53</ele>
      </trkpt>
      <trkpt lat="50.94666" lon="4.32308">
        <ele>53</ele>
      </trkpt>
      <trkpt lat="50.94662" lon="4.32317">
        <ele>53</ele>
      </trkpt>
      <trkpt lat="50.94659" lon="4.32325">
        <ele>53</ele>
      </trkpt>
      <trkpt lat="50.94656" lon="4.3233">
        <ele>53</ele>
      </trkpt>
      <trkpt lat="50.94651" lon="4.32335">
        <ele>53</ele>
      </trkpt>
      <trkpt lat="50.94646" lon="4.32343">
        <ele>54</ele>
      </trkpt>
      <trkpt lat="50.9464" lon="4.32348">
        <ele>54</ele>
      </trkpt>
      <trkpt lat="50.94633" lon="4.32353">
        <ele>54</ele>
      </trkpt>
      <trkpt lat="50.94625" lon="4.32357">
        <ele>54</ele>
      </trkpt>
      <trkpt lat="50.94617" lon="4.32359">
        <ele>54</ele>
      </trkpt>
      <trkpt lat="50.94615" lon="4.32359">
        <ele>54</ele>
      </trkpt>
      <trkpt lat="50.94608" lon="4.32361">
        <ele>54</ele>
      </trkpt>
      <trkpt lat="50.94604" lon="4.32361">
        <ele>54</ele>
      </trkpt>
      <trkpt lat="50.94601" lon="4.32359">
        <ele>54</ele>
      </trkpt>
      <trkpt lat="50.946" lon="4.32359">
        <ele>54</ele>
      </trkpt>
      <trkpt lat="50.94597" lon="4.32358">
        <ele>54</ele>
      </trkpt>
      <trkpt lat="50.94586" lon="4.32355">
        <ele>57</ele>
      </trkpt>
      <trkpt lat="50.94581" lon="4.32353">
        <ele>57</ele>
      </trkpt>
      <trkpt lat="50.94566" lon="4.32338">
        <ele>58</ele>
      </trkpt>
      <trkpt lat="50.94558" lon="4.3233">
        <ele>58</ele>
      </trkpt>
      <trkpt lat="50.94557" lon="4.32331">
        <ele>58</ele>
      </trkpt>
      <trkpt lat="50.94552" lon="4.32344">
        <ele>58</ele>
      </trkpt>
      <trkpt lat="50.94553" lon="4.32358">
        <ele>57</ele>
      </trkpt>
      <trkpt lat="50.9455" lon="4.32368">
        <ele>57</ele>
      </trkpt>
      <trkpt lat="50.94516" lon="4.32464">
        <ele>57</ele>
      </trkpt>
      <trkpt lat="50.94504" lon="4.325">
        <ele>58</ele>
      </trkpt>
      <trkpt lat="50.94501" lon="4.32509">
        <ele>58</ele>
      </trkpt>
      <trkpt lat="50.945" lon="4.3251">
        <ele>58</ele>
      </trkpt>
      <trkpt lat="50.94503" lon="4.32512">
        <ele>58</ele>
      </trkpt>
      <trkpt lat="50.94506" lon="4.32515">
        <ele>58</ele>
      </trkpt>
      <trkpt lat="50.94509" lon="4.32518">
        <ele>58</ele>
      </trkpt>
      <trkpt lat="50.94512" lon="4.3252">
        <ele>57</ele>
      </trkpt>
      <trkpt lat="50.94513" lon="4.32523">
        <ele>57</ele>
      </trkpt>
      <trkpt lat="50.94515" lon="4.32528">
        <ele>57</ele>
      </trkpt>
      <trkpt lat="50.94517" lon="4.32532">
        <ele>57</ele>
      </trkpt>
      <trkpt lat="50.9452" lon="4.32537">
        <ele>56</ele>
      </trkpt>
      <trkpt lat="50.94524" lon="4.32546">
        <ele>56</ele>
      </trkpt>
      <trkpt lat="50.94526" lon="4.3255">
        <ele>56</ele>
      </trkpt>
      <trkpt lat="50.94526" lon="4.32551">
        <ele>56</ele>
      </trkpt>
      <trkpt lat="50.94527" lon="4.32551">
        <ele>56</ele>
      </trkpt>
      <trkpt lat="50.94534" lon="4.32566">
        <ele>56</ele>
      </trkpt>
      <trkpt lat="50.94551" lon="4.32599">
        <ele>55</ele>
      </trkpt>
      <trkpt lat="50.94552" lon="4.32601">
        <ele>55</ele>
      </trkpt>
      <trkpt lat="50.94553" lon="4.32602">
        <ele>55</ele>
      </trkpt>
      <trkpt lat="50.94559" lon="4.32613">
        <ele>55</ele>
      </trkpt>
      <trkpt lat="50.94563" lon="4.3262">
        <ele>55</ele>
      </trkpt>
      <trkpt lat="50.94572" lon="4.32636">
        <ele>55</ele>
      </trkpt>
      <trkpt lat="50.9458" lon="4.3265">
        <ele>54</ele>
      </trkpt>
      <trkpt lat="50.94591" lon="4.32665">
        <ele>54</ele>
      </trkpt>
      <trkpt lat="50.94592" lon="4.32668">
        <ele>54</ele>
      </trkpt>
      <trkpt lat="50.94594" lon="4.32671">
        <ele>54</ele>
      </trkpt>
      <trkpt lat="50.946" lon="4.32681">
        <ele>53</ele>
      </trkpt>
      <trkpt lat="50.94611" lon="4.32699">
        <ele>52</ele>
      </trkpt>
      <trkpt lat="50.94623" lon="4.32718">
        <ele>52</ele>
      </trkpt>
      <trkpt lat="50.94634" lon="4.32736">
        <ele>51</ele>
      </trkpt>
      <trkpt lat="50.94638" lon="4.3274">
        <ele>51</ele>
      </trkpt>
      <trkpt lat="50.94639" lon="4.32741">
        <ele>51</ele>
      </trkpt>
      <trkpt lat="50.94644" lon="4.32746">
        <ele>51</ele>
      </trkpt>
      <trkpt lat="50.94649" lon="4.32749">
        <ele>51</ele>
      </trkpt>
      <trkpt lat="50.94655" lon="4.32753">
        <ele>51</ele>
      </trkpt>
      <trkpt lat="50.94661" lon="4.32753">
        <ele>51</ele>
      </trkpt>
      <trkpt lat="50.94662" lon="4.32753">
        <ele>51</ele>
      </trkpt>
      <trkpt lat="50.94666" lon="4.32753">
        <ele>51</ele>
      </trkpt>
      <trkpt lat="50.94672" lon="4.32753">
        <ele>51</ele>
      </trkpt>
      <trkpt lat="50.94677" lon="4.3275">
        <ele>50</ele>
      </trkpt>
      <trkpt lat="50.94683" lon="4.32748">
        <ele>49</ele>
      </trkpt>
      <trkpt lat="50.94695" lon="4.32739">
        <ele>49</ele>
      </trkpt>
      <trkpt lat="50.94722" lon="4.32722">
        <ele>49</ele>
      </trkpt>
      <trkpt lat="50.94727" lon="4.32717">
        <ele>49</ele>
      </trkpt>
      <trkpt lat="50.94743" lon="4.32705">
        <ele>48</ele>
      </trkpt>
      <trkpt lat="50.94754" lon="4.32698">
        <ele>48</ele>
      </trkpt>
      <trkpt lat="50.94762" lon="4.32692">
        <ele>48</ele>
      </trkpt>
      <trkpt lat="50.94775" lon="4.32686">
        <ele>46</ele>
      </trkpt>
      <trkpt lat="50.94784" lon="4.32681">
        <ele>46</ele>
      </trkpt>
      <trkpt lat="50.94788" lon="4.32678">
        <ele>46</ele>
      </trkpt>
      <trkpt lat="50.94792" lon="4.32676">
        <ele>46</ele>
      </trkpt>
      <trkpt lat="50.94799" lon="4.32672">
        <ele>46</ele>
      </trkpt>
      <trkpt lat="50.948" lon="4.32671">
        <ele>46</ele>
      </trkpt>
      <trkpt lat="50.9481" lon="4.32663">
        <ele>46</ele>
      </trkpt>
      <trkpt lat="50.94813" lon="4.32662">
        <ele>46</ele>
      </trkpt>
      <trkpt lat="50.94828" lon="4.32647">
        <ele>46</ele>
      </trkpt>
      <trkpt lat="50.94836" lon="4.3264">
        <ele>46</ele>
      </trkpt>
      <trkpt lat="50.9484" lon="4.32636">
        <ele>46</ele>
      </trkpt>
      <trkpt lat="50.94844" lon="4.32633">
        <ele>46</ele>
      </trkpt>
      <trkpt lat="50.94848" lon="4.32632">
        <ele>46</ele>
      </trkpt>
      <trkpt lat="50.94851" lon="4.32632">
        <ele>46</ele>
      </trkpt>
      <trkpt lat="50.94853" lon="4.32632">
        <ele>45</ele>
      </trkpt>
      <trkpt lat="50.94854" lon="4.32633">
        <ele>45</ele>
      </trkpt>
      <trkpt lat="50.94857" lon="4.32636">
        <ele>45</ele>
      </trkpt>
      <trkpt lat="50.94858" lon="4.32636">
        <ele>45</ele>
      </trkpt>
      <trkpt lat="50.94859" lon="4.32637">
        <ele>45</ele>
      </trkpt>
      <trkpt lat="50.9486" lon="4.3264">
        <ele>45</ele>
      </trkpt>
      <trkpt lat="50.94863" lon="4.32644">
        <ele>45</ele>
      </trkpt>
      <trkpt lat="50.94867" lon="4.3265">
        <ele>45</ele>
      </trkpt>
      <trkpt lat="50.94872" lon="4.32658">
        <ele>44</ele>
      </trkpt>
      <trkpt lat="50.94877" lon="4.32668">
        <ele>44</ele>
      </trkpt>
      <trkpt lat="50.94884" lon="4.3268">
        <ele>44</ele>
      </trkpt>
      <trkpt lat="50.94889" lon="4.32689">
        <ele>43</ele>
      </trkpt>
      <trkpt lat="50.94891" lon="4.32692">
        <ele>43</ele>
      </trkpt>
      <trkpt lat="50.94894" lon="4.32698">
        <ele>43</ele>
      </trkpt>
      <trkpt lat="50.94898" lon="4.32704">
        <ele>43</ele>
      </trkpt>
      <trkpt lat="50.94901" lon="4.32708">
        <ele>43</ele>
      </trkpt>
      <trkpt lat="50.94903" lon="4.3271">
        <ele>44</ele>
      </trkpt>
      <trkpt lat="50.94914" lon="4.32723">
        <ele>44</ele>
      </trkpt>
      <trkpt lat="50.94918" lon="4.3273">
        <ele>44</ele>
      </trkpt>
      <trkpt lat="50.9492" lon="4.32734">
        <ele>44</ele>
      </trkpt>
      <trkpt lat="50.94928" lon="4.32744">
        <ele>43</ele>
      </trkpt>
      <trkpt lat="50.94939" lon="4.32761">
        <ele>41</ele>
      </trkpt>
      <trkpt lat="50.94947" lon="4.32771">
        <ele>41</ele>
      </trkpt>
      <trkpt lat="50.94952" lon="4.32776">
        <ele>41</ele>
      </trkpt>
      <trkpt lat="50.94954" lon="4.32776">
        <ele>41</ele>
      </trkpt>
      <trkpt lat="50.94957" lon="4.32776">
        <ele>41</ele>
      </trkpt>
      <trkpt lat="50.9496" lon="4.32775">
        <ele>41</ele>
      </trkpt>
      <trkpt lat="50.94963" lon="4.32772">
        <ele>41</ele>
      </trkpt>
      <trkpt lat="50.94967" lon="4.32768">
        <ele>41</ele>
      </trkpt>
      <trkpt lat="50.94971" lon="4.32762">
        <ele>41</ele>
      </trkpt>
      <trkpt lat="50.94977" lon="4.32757">
        <ele>41</ele>
      </trkpt>
      <trkpt lat="50.94984" lon="4.32746">
        <ele>41</ele>
      </trkpt>
      <trkpt lat="50.94991" lon="4.32736">
        <ele>41</ele>
      </trkpt>
      <trkpt lat="50.94996" lon="4.32731">
        <ele>41</ele>
      </trkpt>
      <trkpt lat="50.95002" lon="4.32727">
        <ele>41</ele>
      </trkpt>
      <trkpt lat="50.95004" lon="4.32727">
        <ele>41</ele>
      </trkpt>
      <trkpt lat="50.95006" lon="4.32727">
        <ele>41</ele>
      </trkpt>
      <trkpt lat="50.95011" lon="4.3273">
        <ele>41</ele>
      </trkpt>
      <trkpt lat="50.95014" lon="4.32731">
        <ele>41</ele>
      </trkpt>
      <trkpt lat="50.95017" lon="4.32735">
        <ele>40</ele>
      </trkpt>
      <trkpt lat="50.95028" lon="4.32744">
        <ele>38</ele>
      </trkpt>
      <trkpt lat="50.9504" lon="4.32757">
        <ele>38</ele>
      </trkpt>
      <trkpt lat="50.95047" lon="4.32763">
        <ele>38</ele>
      </trkpt>
      <trkpt lat="50.95048" lon="4.32766">
        <ele>38</ele>
      </trkpt>
      <trkpt lat="50.95054" lon="4.32771">
        <ele>38</ele>
      </trkpt>
      <trkpt lat="50.95068" lon="4.32782">
        <ele>38</ele>
      </trkpt>
      <trkpt lat="50.95073" lon="4.32788">
        <ele>38</ele>
      </trkpt>
      <trkpt lat="50.9508" lon="4.32791">
        <ele>38</ele>
      </trkpt>
      <trkpt lat="50.95084" lon="4.32794">
        <ele>38</ele>
      </trkpt>
      <trkpt lat="50.95086" lon="4.32796">
        <ele>38</ele>
      </trkpt>
      <trkpt lat="50.95093" lon="4.32799">
        <ele>37</ele>
      </trkpt>
      <trkpt lat="50.951" lon="4.32803">
        <ele>36</ele>
      </trkpt>
      <trkpt lat="50.95108" lon="4.32804">
        <ele>36</ele>
      </trkpt>
      <trkpt lat="50.95116" lon="4.32807">
        <ele>36</ele>
      </trkpt>
      <trkpt lat="50.95123" lon="4.32808">
        <ele>36</ele>
      </trkpt>
      <trkpt lat="50.95125" lon="4.32808">
        <ele>36</ele>
      </trkpt>
      <trkpt lat="50.95134" lon="4.32811">
        <ele>36</ele>
      </trkpt>
      <trkpt lat="50.95137" lon="4.32812">
        <ele>36</ele>
      </trkpt>
      <trkpt lat="50.95145" lon="4.32813">
        <ele>36</ele>
      </trkpt>
      <trkpt lat="50.95151" lon="4.32815">
        <ele>36</ele>
      </trkpt>
      <trkpt lat="50.95154" lon="4.32815">
        <ele>36</ele>
      </trkpt>
      <trkpt lat="50.95172" lon="4.32817">
        <ele>36</ele>
      </trkpt>
      <trkpt lat="50.95184" lon="4.32817">
        <ele>35</ele>
      </trkpt>
      <trkpt lat="50.95194" lon="4.32817">
        <ele>35</ele>
      </trkpt>
      <trkpt lat="50.95203" lon="4.32817">
        <ele>35</ele>
      </trkpt>
      <trkpt lat="50.95211" lon="4.32816">
        <ele>35</ele>
      </trkpt>
      <trkpt lat="50.9522" lon="4.32812">
        <ele>35</ele>
      </trkpt>
      <trkpt lat="50.95231" lon="4.32811">
        <ele>35</ele>
      </trkpt>
      <trkpt lat="50.95243" lon="4.32807">
        <ele>35</ele>
      </trkpt>
      <trkpt lat="50.95271" lon="4.32799">
        <ele>34</ele>
      </trkpt>
      <trkpt lat="50.95274" lon="4.32799">
        <ele>34</ele>
      </trkpt>
      <trkpt lat="50.95275" lon="4.32799">
        <ele>34</ele>
      </trkpt>
      <trkpt lat="50.9529" lon="4.32794">
        <ele>33</ele>
      </trkpt>
      <trkpt lat="50.95316" lon="4.32786">
        <ele>33</ele>
      </trkpt>
      <trkpt lat="50.95325" lon="4.32785">
        <ele>33</ele>
      </trkpt>
      <trkpt lat="50.95362" lon="4.32773">
        <ele>32</ele>
      </trkpt>
      <trkpt lat="50.95364" lon="4.32772">
        <ele>32</ele>
      </trkpt>
      <trkpt lat="50.9538" lon="4.32768">
        <ele>32</ele>
      </trkpt>
      <trkpt lat="50.95392" lon="4.32764">
        <ele>32</ele>
      </trkpt>
      <trkpt lat="50.95417" lon="4.32757">
        <ele>32</ele>
      </trkpt>
      <trkpt lat="50.95424" lon="4.32754">
        <ele>32</ele>
      </trkpt>
      <trkpt lat="50.95442" lon="4.32749">
        <ele>31</ele>
      </trkpt>
      <trkpt lat="50.95443" lon="4.32748">
        <ele>31</ele>
      </trkpt>
      <trkpt lat="50.95445" lon="4.32748">
        <ele>31</ele>
      </trkpt>
      <trkpt lat="50.95456" lon="4.32744">
        <ele>31</ele>
      </trkpt>
      <trkpt lat="50.95461" lon="4.32743">
        <ele>31</ele>
      </trkpt>
      <trkpt lat="50.95462" lon="4.32743">
        <ele>31</ele>
      </trkpt>
      <trkpt lat="50.95479" lon="4.32736">
        <ele>31</ele>
      </trkpt>
      <trkpt lat="50.95525" lon="4.32722">
        <ele>29</ele>
      </trkpt>
      <trkpt lat="50.9556" lon="4.32712">
        <ele>29</ele>
      </trkpt>
      <trkpt lat="50.9558" lon="4.32704">
        <ele>29</ele>
      </trkpt>
      <trkpt lat="50.95592" lon="4.327">
        <ele>29</ele>
      </trkpt>
      <trkpt lat="50.95598" lon="4.32699">
        <ele>28</ele>
      </trkpt>
      <trkpt lat="50.95616" lon="4.32696">
        <ele>27</ele>
      </trkpt>
      <trkpt lat="50.95637" lon="4.32686">
        <ele>27</ele>
      </trkpt>
      <trkpt lat="50.95689" lon="4.32623">
        <ele>25</ele>
      </trkpt>
      <trkpt lat="50.95802" lon="4.32777">
        <ele>23</ele>
      </trkpt>
      <trkpt lat="50.95882" lon="4.32902">
        <ele>23</ele>
      </trkpt>
      <trkpt lat="50.95961" lon="4.33011">
        <ele>23</ele>
      </trkpt>
      <trkpt lat="50.9603" lon="4.33121">
        <ele>24</ele>
      </trkpt>
      <trkpt lat="50.96046" lon="4.33149">
        <ele>23</ele>
      </trkpt>
      <trkpt lat="50.96048" lon="4.33159">
        <ele>22</ele>
      </trkpt>
      <trkpt lat="50.96046" lon="4.3317">
        <ele>22</ele>
      </trkpt>
      <trkpt lat="50.96048" lon="4.33172">
        <ele>22</ele>
      </trkpt>
      <trkpt lat="50.96026" lon="4.33221">
        <ele>22</ele>
      </trkpt>
      <trkpt lat="50.96012" lon="4.33248">
        <ele>23</ele>
      </trkpt>
      <trkpt lat="50.95992" lon="4.33287">
        <ele>24</ele>
      </trkpt>
      <trkpt lat="50.95964" lon="4.33343">
        <ele>25</ele>
      </trkpt>
      <trkpt lat="50.95927" lon="4.33419">
        <ele>25</ele>
      </trkpt>
      <trkpt lat="50.9592" lon="4.33438">
        <ele>25</ele>
      </trkpt>
      <trkpt lat="50.95916" lon="4.33449">
        <ele>25</ele>
      </trkpt>
      <trkpt lat="50.95909" lon="4.33488">
        <ele>25</ele>
      </trkpt>
      <trkpt lat="50.95911" lon="4.33526">
        <ele>24</ele>
      </trkpt>
      <trkpt lat="50.95918" lon="4.33563">
        <ele>24</ele>
      </trkpt>
      <trkpt lat="50.95994" lon="4.33735">
        <ele>23</ele>
      </trkpt>
      <trkpt lat="50.96004" lon="4.33761">
        <ele>23</ele>
      </trkpt>
      <trkpt lat="50.96045" lon="4.33852">
        <ele>22</ele>
      </trkpt>
      <trkpt lat="50.96074" lon="4.33938">
        <ele>22</ele>
      </trkpt>
      <trkpt lat="50.96095" lon="4.34032">
        <ele>23</ele>
      </trkpt>
      <trkpt lat="50.96107" lon="4.34106">
        <ele>25</ele>
      </trkpt>
      <trkpt lat="50.96117" lon="4.34187">
        <ele>25</ele>
      </trkpt>
      <trkpt lat="50.96132" lon="4.34311">
        <ele>25</ele>
      </trkpt>
      <trkpt lat="50.96134" lon="4.34351">
        <ele>24</ele>
      </trkpt>
      <trkpt lat="50.96127" lon="4.34424">
        <ele>25</ele>
      </trkpt>
      <trkpt lat="50.96118" lon="4.34457">
        <ele>25</ele>
      </trkpt>
      <trkpt lat="50.96105" lon="4.34482">
        <ele>25</ele>
      </trkpt>
      <trkpt lat="50.96095" lon="4.34478">
        <ele>26</ele>
      </trkpt>
      <trkpt lat="50.96054" lon="4.34455">
        <ele>26</ele>
      </trkpt>
      <trkpt lat="50.96051" lon="4.34515">
        <ele>27</ele>
      </trkpt>
      <trkpt lat="50.96051" lon="4.3455">
        <ele>27</ele>
      </trkpt>
      <trkpt lat="50.96049" lon="4.34582">
        <ele>27</ele>
      </trkpt>
      <trkpt lat="50.96029" lon="4.34627">
        <ele>27</ele>
      </trkpt>
      <trkpt lat="50.96028" lon="4.3463">
        <ele>27</ele>
      </trkpt>
      <trkpt lat="50.96022" lon="4.3464">
        <ele>27</ele>
      </trkpt>
      <trkpt lat="50.9601" lon="4.34663">
        <ele>27</ele>
      </trkpt>
      <trkpt lat="50.95982" lon="4.34718">
        <ele>28</ele>
      </trkpt>
      <trkpt lat="50.95958" lon="4.34784">
        <ele>28</ele>
      </trkpt>
      <trkpt lat="50.95955" lon="4.34787">
        <ele>28</ele>
      </trkpt>
      <trkpt lat="50.95873" lon="4.34883">
        <ele>28</ele>
      </trkpt>
      <trkpt lat="50.95867" lon="4.3489">
        <ele>28</ele>
      </trkpt>
      <trkpt lat="50.95867" lon="4.34901">
        <ele>28</ele>
      </trkpt>
      <trkpt lat="50.9588" lon="4.34974">
        <ele>28</ele>
      </trkpt>
      <trkpt lat="50.95881" lon="4.34998">
        <ele>29</ele>
      </trkpt>
      <trkpt lat="50.95877" lon="4.3507">
        <ele>29</ele>
      </trkpt>
      <trkpt lat="50.95881" lon="4.35145">
        <ele>29</ele>
      </trkpt>
      <trkpt lat="50.95882" lon="4.35199">
        <ele>29</ele>
      </trkpt>
      <trkpt lat="50.95882" lon="4.35214">
        <ele>29</ele>
      </trkpt>
      <trkpt lat="50.9586" lon="4.35255">
        <ele>30</ele>
      </trkpt>
      <trkpt lat="50.95833" lon="4.35305">
        <ele>30</ele>
      </trkpt>
      <trkpt lat="50.95831" lon="4.3532">
        <ele>30</ele>
      </trkpt>
      <trkpt lat="50.9584" lon="4.35403">
        <ele>30</ele>
      </trkpt>
      <trkpt lat="50.95858" lon="4.35631">
        <ele>29</ele>
      </trkpt>
      <trkpt lat="50.95875" lon="4.35705">
        <ele>29</ele>
      </trkpt>
      <trkpt lat="50.95886" lon="4.35742">
        <ele>28</ele>
      </trkpt>
      <trkpt lat="50.95901" lon="4.35776">
        <ele>29</ele>
      </trkpt>
      <trkpt lat="50.95927" lon="4.35817">
        <ele>28</ele>
      </trkpt>
      <trkpt lat="50.95943" lon="4.35887">
        <ele>27</ele>
      </trkpt>
      <trkpt lat="50.95952" lon="4.35903">
        <ele>27</ele>
      </trkpt>
      <trkpt lat="50.95974" lon="4.35932">
        <ele>27</ele>
      </trkpt>
      <trkpt lat="50.9598" lon="4.35946">
        <ele>27</ele>
      </trkpt>
      <trkpt lat="50.95987" lon="4.35974">
        <ele>27</ele>
      </trkpt>
      <trkpt lat="50.95989" lon="4.36003">
        <ele>27</ele>
      </trkpt>
      <trkpt lat="50.95971" lon="4.35995">
        <ele>27</ele>
      </trkpt>
      <trkpt lat="50.95946" lon="4.35998">
        <ele>28</ele>
      </trkpt>
      <trkpt lat="50.95681" lon="4.36075">
        <ele>32</ele>
      </trkpt>
      <trkpt lat="50.95491" lon="4.36123">
        <ele>33</ele>
      </trkpt>
      <trkpt lat="50.95466" lon="4.36132">
        <ele>33</ele>
      </trkpt>
      <trkpt lat="50.9538" lon="4.36192">
        <ele>34</ele>
      </trkpt>
      <trkpt lat="50.95366" lon="4.36205">
        <ele>33</ele>
      </trkpt>
      <trkpt lat="50.95325" lon="4.36261">
        <ele>33</ele>
      </trkpt>
      <trkpt lat="50.95288" lon="4.3629">
        <ele>33</ele>
      </trkpt>
      <trkpt lat="50.95232" lon="4.3632">
        <ele>34</ele>
      </trkpt>
      <trkpt lat="50.9521" lon="4.36328">
        <ele>33</ele>
      </trkpt>
      <trkpt lat="50.95175" lon="4.36337">
        <ele>34</ele>
      </trkpt>
      <trkpt lat="50.95106" lon="4.36372">
        <ele>34</ele>
      </trkpt>
      <trkpt lat="50.94928" lon="4.36466">
        <ele>35</ele>
      </trkpt>
      <trkpt lat="50.94929" lon="4.36469">
        <ele>35</ele>
      </trkpt>
      <trkpt lat="50.94744" lon="4.36571">
        <ele>37</ele>
      </trkpt>
      <trkpt lat="50.9473" lon="4.36579">
        <ele>37</ele>
      </trkpt>
      <trkpt lat="50.94713" lon="4.36586">
        <ele>37</ele>
      </trkpt>
      <trkpt lat="50.94655" lon="4.36563">
        <ele>37</ele>
      </trkpt>
      <trkpt lat="50.94644" lon="4.36559">
        <ele>37</ele>
      </trkpt>
      <trkpt lat="50.94644" lon="4.36576">
        <ele>37</ele>
      </trkpt>
      <trkpt lat="50.9465" lon="4.36703">
        <ele>37</ele>
      </trkpt>
      <trkpt lat="50.94667" lon="4.36876">
        <ele>36</ele>
      </trkpt>
      <trkpt lat="50.94636" lon="4.36946">
        <ele>37</ele>
      </trkpt>
      <trkpt lat="50.94613" lon="4.36986">
        <ele>37</ele>
      </trkpt>
      <trkpt lat="50.94586" lon="4.37018">
        <ele>37</ele>
      </trkpt>
      <trkpt lat="50.94501" lon="4.37101">
        <ele>36</ele>
      </trkpt>
      <trkpt lat="50.94493" lon="4.37111">
        <ele>36</ele>
      </trkpt>
      <trkpt lat="50.94449" lon="4.37185">
        <ele>35</ele>
      </trkpt>
      <trkpt lat="50.94397" lon="4.37256">
        <ele>33</ele>
      </trkpt>
      <trkpt lat="50.94358" lon="4.37297">
        <ele>33</ele>
      </trkpt>
      <trkpt lat="50.94318" lon="4.37336">
        <ele>32</ele>
      </trkpt>
      <trkpt lat="50.94293" lon="4.3736">
        <ele>32</ele>
      </trkpt>
      <trkpt lat="50.94251" lon="4.37364">
        <ele>32</ele>
      </trkpt>
      <trkpt lat="50.94144" lon="4.3736">
        <ele>31</ele>
      </trkpt>
      <trkpt lat="50.94079" lon="4.37357">
        <ele>31</ele>
      </trkpt>
      <trkpt lat="50.94071" lon="4.37357">
        <ele>31</ele>
      </trkpt>
      <trkpt lat="50.94003" lon="4.37355">
        <ele>33</ele>
      </trkpt>
      <trkpt lat="50.93951" lon="4.37354">
        <ele>33</ele>
      </trkpt>
      <trkpt lat="50.93894" lon="4.37351">
        <ele>32</ele>
      </trkpt>
      <trkpt lat="50.93837" lon="4.37348">
        <ele>30</ele>
      </trkpt>
      <trkpt lat="50.93818" lon="4.37355">
        <ele>31</ele>
      </trkpt>
      <trkpt lat="50.93798" lon="4.37364">
        <ele>31</ele>
      </trkpt>
      <trkpt lat="50.93749" lon="4.37392">
        <ele>26</ele>
      </trkpt>
      <trkpt lat="50.93671" lon="4.37445">
        <ele>22</ele>
      </trkpt>
      <trkpt lat="50.93636" lon="4.3745">
        <ele>21</ele>
      </trkpt>
      <trkpt lat="50.93628" lon="4.37451">
        <ele>21</ele>
      </trkpt>
      <trkpt lat="50.93617" lon="4.37453">
        <ele>21</ele>
      </trkpt>
      <trkpt lat="50.93597" lon="4.37456">
        <ele>21</ele>
      </trkpt>
      <trkpt lat="50.93528" lon="4.37487">
        <ele>21</ele>
      </trkpt>
      <trkpt lat="50.93495" lon="4.37503">
        <ele>23</ele>
      </trkpt>
      <trkpt lat="50.9345" lon="4.37526">
        <ele>23</ele>
      </trkpt>
      <trkpt lat="50.93444" lon="4.37534">
        <ele>23</ele>
      </trkpt>
      <trkpt lat="50.93439" lon="4.37544">
        <ele>23</ele>
      </trkpt>
      <trkpt lat="50.93434" lon="4.37559">
        <ele>23</ele>
      </trkpt>
      <trkpt lat="50.93427" lon="4.37586">
        <ele>25</ele>
      </trkpt>
      <trkpt lat="50.93427" lon="4.37597">
        <ele>25</ele>
      </trkpt>
      <trkpt lat="50.93431" lon="4.37662">
        <ele>24</ele>
      </trkpt>
      <trkpt lat="50.93431" lon="4.37669">
        <ele>24</ele>
      </trkpt>
      <trkpt lat="50.93432" lon="4.37715">
        <ele>24</ele>
      </trkpt>
      <trkpt lat="50.93432" lon="4.37752">
        <ele>23</ele>
      </trkpt>
      <trkpt lat="50.9343" lon="4.37779">
        <ele>23</ele>
      </trkpt>
      <trkpt lat="50.93428" lon="4.37831">
        <ele>23</ele>
      </trkpt>
      <trkpt lat="50.93426" lon="4.37879">
        <ele>23</ele>
      </trkpt>
      <trkpt lat="50.93425" lon="4.379">
        <ele>24</ele>
      </trkpt>
      <trkpt lat="50.93425" lon="4.37918">
        <ele>24</ele>
      </trkpt>
      <trkpt lat="50.93426" lon="4.37928">
        <ele>24</ele>
      </trkpt>
      <trkpt lat="50.93428" lon="4.37939">
        <ele>24</ele>
      </trkpt>
      <trkpt lat="50.93431" lon="4.37954">
        <ele>24</ele>
      </trkpt>
      <trkpt lat="50.93435" lon="4.37967">
        <ele>23</ele>
      </trkpt>
      <trkpt lat="50.93447" lon="4.37997">
        <ele>24</ele>
      </trkpt>
      <trkpt lat="50.9345" lon="4.38004">
        <ele>24</ele>
      </trkpt>
      <trkpt lat="50.93456" lon="4.38015">
        <ele>24</ele>
      </trkpt>
      <trkpt lat="50.93508" lon="4.38102">
        <ele>24</ele>
      </trkpt>
      <trkpt lat="50.93522" lon="4.38132">
        <ele>24</ele>
      </trkpt>
      <trkpt lat="50.93528" lon="4.38148">
        <ele>23</ele>
      </trkpt>
      <trkpt lat="50.93549" lon="4.3822">
        <ele>23</ele>
      </trkpt>
      <trkpt lat="50.93567" lon="4.38279">
        <ele>23</ele>
      </trkpt>
      <trkpt lat="50.93577" lon="4.3831">
        <ele>23</ele>
      </trkpt>
      <trkpt lat="50.93593" lon="4.3836">
        <ele>22</ele>
      </trkpt>
      <trkpt lat="50.93649" lon="4.38495">
        <ele>22</ele>
      </trkpt>
      <trkpt lat="50.93692" lon="4.38576">
        <ele>22</ele>
      </trkpt>
      <trkpt lat="50.93714" lon="4.38612">
        <ele>22</ele>
      </trkpt>
      <trkpt lat="50.93724" lon="4.38627">
        <ele>22</ele>
      </trkpt>
      <trkpt lat="50.93731" lon="4.38642">
        <ele>22</ele>
      </trkpt>
      <trkpt lat="50.93736" lon="4.38657">
        <ele>22</ele>
      </trkpt>
      <trkpt lat="50.93742" lon="4.38679">
        <ele>22</ele>
      </trkpt>
      <trkpt lat="50.9375" lon="4.3872">
        <ele>22</ele>
      </trkpt>
      <trkpt lat="50.93767" lon="4.3885">
        <ele>21</ele>
      </trkpt>
      <trkpt lat="50.93786" lon="4.39011">
        <ele>21</ele>
      </trkpt>
      <trkpt lat="50.93789" lon="4.39035">
        <ele>21</ele>
      </trkpt>
      <trkpt lat="50.9379" lon="4.3904">
        <ele>21</ele>
      </trkpt>
      <trkpt lat="50.93802" lon="4.3908">
        <ele>21</ele>
      </trkpt>
      <trkpt lat="50.93879" lon="4.39252">
        <ele>19</ele>
      </trkpt>
      <trkpt lat="50.94017" lon="4.39573">
        <ele>19</ele>
      </trkpt>
      <trkpt lat="50.94047" lon="4.39647">
        <ele>19</ele>
      </trkpt>
      <trkpt lat="50.9409" lon="4.39751">
        <ele>19</ele>
      </trkpt>
      <trkpt lat="50.94117" lon="4.39822">
        <ele>19</ele>
      </trkpt>
      <trkpt lat="50.94144" lon="4.399">
        <ele>20</ele>
      </trkpt>
      <trkpt lat="50.94179" lon="4.40021">
        <ele>20</ele>
      </trkpt>
      <trkpt lat="50.94183" lon="4.40031">
        <ele>19</ele>
      </trkpt>
      <trkpt lat="50.94202" lon="4.40202">
        <ele>19</ele>
      </trkpt>
      <trkpt lat="50.94207" lon="4.40251">
        <ele>18</ele>
      </trkpt>
      <trkpt lat="50.94206" lon="4.40272">
        <ele>18</ele>
      </trkpt>
      <trkpt lat="50.94209" lon="4.40272">
        <ele>18</ele>
      </trkpt>
      <trkpt lat="50.94209" lon="4.40277">
        <ele>19</ele>
      </trkpt>
      <trkpt lat="50.94197" lon="4.40386">
        <ele>18</ele>
      </trkpt>
      <trkpt lat="50.94203" lon="4.40482">
        <ele>17</ele>
      </trkpt>
      <trkpt lat="50.94245" lon="4.40529">
        <ele>16</ele>
      </trkpt>
      <trkpt lat="50.94291" lon="4.40606">
        <ele>16</ele>
      </trkpt>
      <trkpt lat="50.94368" lon="4.40731">
        <ele>15</ele>
      </trkpt>
      <trkpt lat="50.94425" lon="4.40832">
        <ele>15</ele>
      </trkpt>
      <trkpt lat="50.94432" lon="4.40882">
        <ele>15</ele>
      </trkpt>
      <trkpt lat="50.94451" lon="4.40885">
        <ele>14</ele>
      </trkpt>
      <trkpt lat="50.94457" lon="4.40895">
        <ele>14</ele>
      </trkpt>
      <trkpt lat="50.94369" lon="4.41015">
        <ele>16</ele>
      </trkpt>
      <trkpt lat="50.94458" lon="4.41195">
        <ele>15</ele>
      </trkpt>
      <trkpt lat="50.94622" lon="4.41393">
        <ele>13</ele>
      </trkpt>
      <trkpt lat="50.94712" lon="4.41334">
        <ele>11</ele>
      </trkpt>
      <trkpt lat="50.94735" lon="4.41314">
        <ele>11</ele>
      </trkpt>
      <trkpt lat="50.9474" lon="4.41304">
        <ele>11</ele>
      </trkpt>
      <trkpt lat="50.94741" lon="4.41302">
        <ele>11</ele>
      </trkpt>
      <trkpt lat="50.94743" lon="4.41301">
        <ele>11</ele>
      </trkpt>
      <trkpt lat="50.94755" lon="4.41286">
        <ele>11</ele>
      </trkpt>
      <trkpt lat="50.94764" lon="4.41282">
        <ele>11</ele>
      </trkpt>
      <trkpt lat="50.94775" lon="4.41289">
        <ele>11</ele>
      </trkpt>
      <trkpt lat="50.94778" lon="4.413">
        <ele>11</ele>
      </trkpt>
      <trkpt lat="50.94794" lon="4.41355">
        <ele>10</ele>
      </trkpt>
      <trkpt lat="50.94808" lon="4.41416">
        <ele>11</ele>
      </trkpt>
      <trkpt lat="50.94817" lon="4.41422">
        <ele>11</ele>
      </trkpt>
      <trkpt lat="50.94817" lon="4.41433">
        <ele>11</ele>
      </trkpt>
      <trkpt lat="50.94812" lon="4.41442">
        <ele>10</ele>
      </trkpt>
      <trkpt lat="50.94825" lon="4.41489">
        <ele>11</ele>
      </trkpt>
      <trkpt lat="50.94886" lon="4.41601">
        <ele>13</ele>
      </trkpt>
      <trkpt lat="50.94945" lon="4.41707">
        <ele>13</ele>
      </trkpt>
      <trkpt lat="50.94959" lon="4.41743">
        <ele>13</ele>
      </trkpt>
      <trkpt lat="50.94974" lon="4.41847">
        <ele>13</ele>
      </trkpt>
      <trkpt lat="50.94993" lon="4.41893">
        <ele>13</ele>
      </trkpt>
      <trkpt lat="50.95075" lon="4.41984">
        <ele>12</ele>
      </trkpt>
      <trkpt lat="50.9508" lon="4.41995">
        <ele>12</ele>
      </trkpt>
      <trkpt lat="50.95086" lon="4.42008">
        <ele>12</ele>
      </trkpt>
      <trkpt lat="50.9512" lon="4.4208">
        <ele>11</ele>
      </trkpt>
      <trkpt lat="50.95162" lon="4.42187">
        <ele>11</ele>
      </trkpt>
      <trkpt lat="50.95238" lon="4.42376">
        <ele>11</ele>
      </trkpt>
      <trkpt lat="50.95287" lon="4.4253">
        <ele>10</ele>
      </trkpt>
      <trkpt lat="50.95382" lon="4.42868">
        <ele>9</ele>
      </trkpt>
      <trkpt lat="50.95384" lon="4.42872">
        <ele>9</ele>
      </trkpt>
      <trkpt lat="50.95556" lon="4.43481">
        <ele>11</ele>
      </trkpt>
      <trkpt lat="50.95592" lon="4.4361">
        <ele>11</ele>
      </trkpt>
      <trkpt lat="50.95623" lon="4.43685">
        <ele>11</ele>
      </trkpt>
      <trkpt lat="50.95625" lon="4.43691">
        <ele>12</ele>
      </trkpt>
      <trkpt lat="50.95667" lon="4.43768">
        <ele>11</ele>
      </trkpt>
      <trkpt lat="50.95678" lon="4.4379">
        <ele>11</ele>
      </trkpt>
      <trkpt lat="50.95686" lon="4.43807">
        <ele>11</ele>
      </trkpt>
      <trkpt lat="50.95698" lon="4.43839">
        <ele>10</ele>
      </trkpt>
      <trkpt lat="50.95716" lon="4.43888">
        <ele>9</ele>
      </trkpt>
      <trkpt lat="50.95728" lon="4.4392">
        <ele>9</ele>
      </trkpt>
      <trkpt lat="50.95742" lon="4.43961">
        <ele>9</ele>
      </trkpt>
      <trkpt lat="50.95751" lon="4.43988">
        <ele>9</ele>
      </trkpt>
      <trkpt lat="50.95755" lon="4.44011">
        <ele>9</ele>
      </trkpt>
      <trkpt lat="50.95758" lon="4.4403">
        <ele>9</ele>
      </trkpt>
      <trkpt lat="50.9576" lon="4.4406">
        <ele>9</ele>
      </trkpt>
      <trkpt lat="50.95771" lon="4.44211">
        <ele>9</ele>
      </trkpt>
      <trkpt lat="50.95774" lon="4.4424">
        <ele>9</ele>
      </trkpt>
      <trkpt lat="50.95779" lon="4.44272">
        <ele>9</ele>
      </trkpt>
      <trkpt lat="50.95786" lon="4.4431">
        <ele>9</ele>
      </trkpt>
      <trkpt lat="50.95788" lon="4.44322">
        <ele>9</ele>
      </trkpt>
      <trkpt lat="50.95794" lon="4.44353">
        <ele>9</ele>
      </trkpt>
      <trkpt lat="50.95801" lon="4.4438">
        <ele>9</ele>
      </trkpt>
      <trkpt lat="50.9581" lon="4.44414">
        <ele>9</ele>
      </trkpt>
      <trkpt lat="50.95819" lon="4.44442">
        <ele>9</ele>
      </trkpt>
      <trkpt lat="50.95827" lon="4.44461">
        <ele>9</ele>
      </trkpt>
      <trkpt lat="50.95833" lon="4.44478">
        <ele>9</ele>
      </trkpt>
      <trkpt lat="50.95844" lon="4.44505">
        <ele>9</ele>
      </trkpt>
      <trkpt lat="50.95862" lon="4.44544">
        <ele>11</ele>
      </trkpt>
      <trkpt lat="50.95904" lon="4.44645">
        <ele>12</ele>
      </trkpt>
      <trkpt lat="50.95916" lon="4.44673">
        <ele>12</ele>
      </trkpt>
      <trkpt lat="50.96001" lon="4.44889">
        <ele>12</ele>
      </trkpt>
      <trkpt lat="50.96006" lon="4.44906">
        <ele>12</ele>
      </trkpt>
      <trkpt lat="50.96011" lon="4.44919">
        <ele>11</ele>
      </trkpt>
      <trkpt lat="50.96043" lon="4.45015">
        <ele>11</ele>
      </trkpt>
      <trkpt lat="50.96045" lon="4.45026">
        <ele>11</ele>
      </trkpt>
      <trkpt lat="50.96045" lon="4.45033">
        <ele>11</ele>
      </trkpt>
      <trkpt lat="50.96046" lon="4.45035">
        <ele>11</ele>
      </trkpt>
      <trkpt lat="50.96047" lon="4.45042">
        <ele>11</ele>
      </trkpt>
      <trkpt lat="50.96053" lon="4.45059">
        <ele>11</ele>
      </trkpt>
      <trkpt lat="50.96056" lon="4.4507">
        <ele>11</ele>
      </trkpt>
      <trkpt lat="50.96063" lon="4.45091">
        <ele>11</ele>
      </trkpt>
      <trkpt lat="50.96078" lon="4.45138">
        <ele>11</ele>
      </trkpt>
      <trkpt lat="50.96095" lon="4.45189">
        <ele>11</ele>
      </trkpt>
      <trkpt lat="50.96123" lon="4.45282">
        <ele>11</ele>
      </trkpt>
      <trkpt lat="50.96138" lon="4.45326">
        <ele>11</ele>
      </trkpt>
      <trkpt lat="50.96142" lon="4.45342">
        <ele>11</ele>
      </trkpt>
      <trkpt lat="50.9615" lon="4.45367">
        <ele>11</ele>
      </trkpt>
      <trkpt lat="50.96161" lon="4.45389">
        <ele>11</ele>
      </trkpt>
      <trkpt lat="50.96191" lon="4.45446">
        <ele>11</ele>
      </trkpt>
      <trkpt lat="50.96194" lon="4.45453">
        <ele>11</ele>
      </trkpt>
      <trkpt lat="50.96195" lon="4.45468">
        <ele>11</ele>
      </trkpt>
      <trkpt lat="50.96196" lon="4.45474">
        <ele>11</ele>
      </trkpt>
      <trkpt lat="50.96186" lon="4.45473">
        <ele>11</ele>
      </trkpt>
      <trkpt lat="50.96172" lon="4.45473">
        <ele>11</ele>
      </trkpt>
      <trkpt lat="50.96156" lon="4.45478">
        <ele>11</ele>
      </trkpt>
      <trkpt lat="50.96144" lon="4.45487">
        <ele>11</ele>
      </trkpt>
      <trkpt lat="50.96136" lon="4.45492">
        <ele>10</ele>
      </trkpt>
      <trkpt lat="50.9613" lon="4.45498">
        <ele>10</ele>
      </trkpt>
      <trkpt lat="50.96118" lon="4.4551">
        <ele>10</ele>
      </trkpt>
      <trkpt lat="50.96061" lon="4.4557">
        <ele>9</ele>
      </trkpt>
      <trkpt lat="50.9604" lon="4.45591">
        <ele>8</ele>
      </trkpt>
      <trkpt lat="50.96034" lon="4.45599">
        <ele>8</ele>
      </trkpt>
      <trkpt lat="50.9602" lon="4.4561">
        <ele>8</ele>
      </trkpt>
      <trkpt lat="50.95992" lon="4.45639">
        <ele>8</ele>
      </trkpt>
      <trkpt lat="50.95981" lon="4.45646">
        <ele>8</ele>
      </trkpt>
      <trkpt lat="50.9597" lon="4.45651">
        <ele>8</ele>
      </trkpt>
      <trkpt lat="50.9596" lon="4.45654">
        <ele>8</ele>
      </trkpt>
      <trkpt lat="50.95962" lon="4.4567">
        <ele>8</ele>
      </trkpt>
      <trkpt lat="50.95962" lon="4.45678">
        <ele>8</ele>
      </trkpt>
      <trkpt lat="50.95964" lon="4.45693">
        <ele>8</ele>
      </trkpt>
      <trkpt lat="50.95968" lon="4.45759">
        <ele>8</ele>
      </trkpt>
      <trkpt lat="50.95969" lon="4.45788">
        <ele>8</ele>
      </trkpt>
      <trkpt lat="50.95971" lon="4.45825">
        <ele>8</ele>
      </trkpt>
      <trkpt lat="50.95974" lon="4.45906">
        <ele>8</ele>
      </trkpt>
      <trkpt lat="50.95971" lon="4.45906">
        <ele>8</ele>
      </trkpt>
      <trkpt lat="50.95969" lon="4.45906">
        <ele>8</ele>
      </trkpt>
      <trkpt lat="50.95957" lon="4.45902">
        <ele>8</ele>
      </trkpt>
      <trkpt lat="50.95947" lon="4.45895">
        <ele>8</ele>
      </trkpt>
      <trkpt lat="50.95936" lon="4.45888">
        <ele>8</ele>
      </trkpt>
      <trkpt lat="50.95904" lon="4.45864">
        <ele>9</ele>
      </trkpt>
      <trkpt lat="50.95891" lon="4.45857">
        <ele>9</ele>
      </trkpt>
      <trkpt lat="50.95884" lon="4.4585">
        <ele>9</ele>
      </trkpt>
      <trkpt lat="50.95874" lon="4.45846">
        <ele>8</ele>
      </trkpt>
      <trkpt lat="50.95862" lon="4.45846">
        <ele>8</ele>
      </trkpt>
      <trkpt lat="50.9585" lon="4.45848">
        <ele>8</ele>
      </trkpt>
      <trkpt lat="50.95839" lon="4.45853">
        <ele>8</ele>
      </trkpt>
      <trkpt lat="50.95834" lon="4.45857">
        <ele>8</ele>
      </trkpt>
      <trkpt lat="50.95812" lon="4.45874">
        <ele>8</ele>
      </trkpt>
      <trkpt lat="50.95793" lon="4.45888">
        <ele>8</ele>
      </trkpt>
      <trkpt lat="50.95775" lon="4.45902">
        <ele>8</ele>
      </trkpt>
      <trkpt lat="50.95746" lon="4.45924">
        <ele>7</ele>
      </trkpt>
      <trkpt lat="50.95731" lon="4.45936">
        <ele>7</ele>
      </trkpt>
      <trkpt lat="50.95712" lon="4.45949">
        <ele>7</ele>
      </trkpt>
      <trkpt lat="50.95699" lon="4.45956">
        <ele>7</ele>
      </trkpt>
      <trkpt lat="50.95658" lon="4.45978">
        <ele>7</ele>
      </trkpt>
      <trkpt lat="50.95634" lon="4.45991">
        <ele>6</ele>
      </trkpt>
      <trkpt lat="50.9561" lon="4.46003">
        <ele>6</ele>
      </trkpt>
      <trkpt lat="50.95604" lon="4.46006">
        <ele>6</ele>
      </trkpt>
      <trkpt lat="50.95576" lon="4.4602">
        <ele>6</ele>
      </trkpt>
      <trkpt lat="50.95542" lon="4.46028">
        <ele>6</ele>
      </trkpt>
      <trkpt lat="50.95515" lon="4.46027">
        <ele>6</ele>
      </trkpt>
      <trkpt lat="50.95513" lon="4.46027">
        <ele>6</ele>
      </trkpt>
      <trkpt lat="50.95456" lon="4.46023">
        <ele>6</ele>
      </trkpt>
      <trkpt lat="50.95437" lon="4.46021">
        <ele>6</ele>
      </trkpt>
      <trkpt lat="50.95366" lon="4.46018">
        <ele>6</ele>
      </trkpt>
      <trkpt lat="50.9535" lon="4.46018">
        <ele>7</ele>
      </trkpt>
      <trkpt lat="50.95333" lon="4.46018">
        <ele>7</ele>
      </trkpt>
      <trkpt lat="50.95328" lon="4.46018">
        <ele>7</ele>
      </trkpt>
      <trkpt lat="50.95234" lon="4.46012">
        <ele>9</ele>
      </trkpt>
      <trkpt lat="50.95213" lon="4.46012">
        <ele>9</ele>
      </trkpt>
      <trkpt lat="50.9519" lon="4.46014">
        <ele>8</ele>
      </trkpt>
      <trkpt lat="50.9516" lon="4.46019">
        <ele>8</ele>
      </trkpt>
      <trkpt lat="50.95115" lon="4.46032">
        <ele>8</ele>
      </trkpt>
      <trkpt lat="50.95072" lon="4.46051">
        <ele>8</ele>
      </trkpt>
      <trkpt lat="50.95044" lon="4.46064">
        <ele>8</ele>
      </trkpt>
      <trkpt lat="50.95018" lon="4.46071">
        <ele>8</ele>
      </trkpt>
      <trkpt lat="50.95004" lon="4.46069">
        <ele>8</ele>
      </trkpt>
      <trkpt lat="50.94994" lon="4.46068">
        <ele>8</ele>
      </trkpt>
      <trkpt lat="50.94953" lon="4.46064">
        <ele>8</ele>
      </trkpt>
      <trkpt lat="50.94912" lon="4.46059">
        <ele>9</ele>
      </trkpt>
      <trkpt lat="50.94904" lon="4.46058">
        <ele>9</ele>
      </trkpt>
      <trkpt lat="50.94893" lon="4.46055">
        <ele>9</ele>
      </trkpt>
      <trkpt lat="50.94893" lon="4.46059">
        <ele>9</ele>
      </trkpt>
      <trkpt lat="50.94884" lon="4.46082">
        <ele>10</ele>
      </trkpt>
      <trkpt lat="50.94913" lon="4.46118">
        <ele>9</ele>
      </trkpt>
      <trkpt lat="50.94923" lon="4.46135">
        <ele>9</ele>
      </trkpt>
      <trkpt lat="50.94937" lon="4.46163">
        <ele>9</ele>
      </trkpt>
      <trkpt lat="50.94955" lon="4.46217">
        <ele>9</ele>
      </trkpt>
      <trkpt lat="50.94958" lon="4.46224">
        <ele>9</ele>
      </trkpt>
      <trkpt lat="50.94961" lon="4.46235">
        <ele>9</ele>
      </trkpt>
      <trkpt lat="50.94974" lon="4.46276">
        <ele>8</ele>
      </trkpt>
      <trkpt lat="50.95002" lon="4.46375">
        <ele>9</ele>
      </trkpt>
      <trkpt lat="50.95004" lon="4.46384">
        <ele>9</ele>
      </trkpt>
      <trkpt lat="50.95006" lon="4.46391">
        <ele>9</ele>
      </trkpt>
      <trkpt lat="50.95011" lon="4.46411">
        <ele>9</ele>
      </trkpt>
      <trkpt lat="50.95027" lon="4.4646">
        <ele>9</ele>
      </trkpt>
      <trkpt lat="50.95039" lon="4.46501">
        <ele>9</ele>
      </trkpt>
      <trkpt lat="50.95043" lon="4.46514">
        <ele>9</ele>
      </trkpt>
      <trkpt lat="50.95047" lon="4.46524">
        <ele>9</ele>
      </trkpt>
      <trkpt lat="50.95083" lon="4.46654">
        <ele>9</ele>
      </trkpt>
      <trkpt lat="50.9509" lon="4.46685">
        <ele>9</ele>
      </trkpt>
      <trkpt lat="50.95095" lon="4.46726">
        <ele>9</ele>
      </trkpt>
      <trkpt lat="50.951" lon="4.46766">
        <ele>9</ele>
      </trkpt>
      <trkpt lat="50.95103" lon="4.46816">
        <ele>9</ele>
      </trkpt>
      <trkpt lat="50.95104" lon="4.46847">
        <ele>9</ele>
      </trkpt>
      <trkpt lat="50.95105" lon="4.46874">
        <ele>9</ele>
      </trkpt>
      <trkpt lat="50.95105" lon="4.46891">
        <ele>9</ele>
      </trkpt>
      <trkpt lat="50.95106" lon="4.46906">
        <ele>9</ele>
      </trkpt>
      <trkpt lat="50.95106" lon="4.46916">
        <ele>9</ele>
      </trkpt>
      <trkpt lat="50.95107" lon="4.46924">
        <ele>9</ele>
      </trkpt>
      <trkpt lat="50.95107" lon="4.46929">
        <ele>9</ele>
      </trkpt>
      <trkpt lat="50.95115" lon="4.47127">
        <ele>9</ele>
      </trkpt>
      <trkpt lat="50.95117" lon="4.47197">
        <ele>8</ele>
      </trkpt>
      <trkpt lat="50.95121" lon="4.47271">
        <ele>8</ele>
      </trkpt>
      <trkpt lat="50.95136" lon="4.47462">
        <ele>8</ele>
      </trkpt>
      <trkpt lat="50.95139" lon="4.47514">
        <ele>8</ele>
      </trkpt>
      <trkpt lat="50.9514" lon="4.47568">
        <ele>8</ele>
      </trkpt>
      <trkpt lat="50.95133" lon="4.47656">
        <ele>8</ele>
      </trkpt>
      <trkpt lat="50.95122" lon="4.47725">
        <ele>7</ele>
      </trkpt>
      <trkpt lat="50.95108" lon="4.47793">
        <ele>8</ele>
      </trkpt>
      <trkpt lat="50.95104" lon="4.4782">
        <ele>8</ele>
      </trkpt>
      <trkpt lat="50.95104" lon="4.47869">
        <ele>8</ele>
      </trkpt>
      <trkpt lat="50.95107" lon="4.479">
        <ele>8</ele>
      </trkpt>
      <trkpt lat="50.95115" lon="4.47935">
        <ele>8</ele>
      </trkpt>
      <trkpt lat="50.95124" lon="4.47975">
        <ele>8</ele>
      </trkpt>
      <trkpt lat="50.95128" lon="4.47993">
        <ele>8</ele>
      </trkpt>
      <trkpt lat="50.9512" lon="4.47999">
        <ele>8</ele>
      </trkpt>
      <trkpt lat="50.94969" lon="4.48149">
        <ele>7</ele>
      </trkpt>
      <trkpt lat="50.94904" lon="4.48212">
        <ele>7</ele>
      </trkpt>
      <trkpt lat="50.94817" lon="4.48288">
        <ele>8</ele>
      </trkpt>
      <trkpt lat="50.94807" lon="4.48297">
        <ele>8</ele>
      </trkpt>
      <trkpt lat="50.94801" lon="4.48297">
        <ele>8</ele>
      </trkpt>
      <trkpt lat="50.94797" lon="4.48294">
        <ele>8</ele>
      </trkpt>
      <trkpt lat="50.94787" lon="4.48288">
        <ele>8</ele>
      </trkpt>
      <trkpt lat="50.94551" lon="4.48119">
        <ele>9</ele>
      </trkpt>
      <trkpt lat="50.94488" lon="4.48068">
        <ele>12</ele>
      </trkpt>
      <trkpt lat="50.94387" lon="4.47975">
        <ele>15</ele>
      </trkpt>
      <trkpt lat="50.94309" lon="4.479">
        <ele>15</ele>
      </trkpt>
      <trkpt lat="50.94301" lon="4.47892">
        <ele>15</ele>
      </trkpt>
      <trkpt lat="50.94295" lon="4.47888">
        <ele>15</ele>
      </trkpt>
      <trkpt lat="50.94287" lon="4.47882">
        <ele>15</ele>
      </trkpt>
      <trkpt lat="50.94278" lon="4.47874">
        <ele>15</ele>
      </trkpt>
      <trkpt lat="50.94266" lon="4.47866">
        <ele>14</ele>
      </trkpt>
      <trkpt lat="50.94111" lon="4.47773">
        <ele>10</ele>
      </trkpt>
      <trkpt lat="50.94085" lon="4.47756">
        <ele>10</ele>
      </trkpt>
      <trkpt lat="50.94034" lon="4.47717">
        <ele>10</ele>
      </trkpt>
      <trkpt lat="50.93988" lon="4.47672">
        <ele>10</ele>
      </trkpt>
      <trkpt lat="50.93893" lon="4.47558">
        <ele>10</ele>
      </trkpt>
      <trkpt lat="50.93845" lon="4.47496">
        <ele>11</ele>
      </trkpt>
      <trkpt lat="50.9382" lon="4.47469">
        <ele>10</ele>
      </trkpt>
      <trkpt lat="50.93764" lon="4.47415">
        <ele>11</ele>
      </trkpt>
      <trkpt lat="50.93713" lon="4.47383">
        <ele>11</ele>
      </trkpt>
      <trkpt lat="50.93704" lon="4.47377">
        <ele>11</ele>
      </trkpt>
      <trkpt lat="50.93571" lon="4.47318">
        <ele>13</ele>
      </trkpt>
      <trkpt lat="50.93504" lon="4.47289">
        <ele>14</ele>
      </trkpt>
      <trkpt lat="50.93491" lon="4.47284">
        <ele>14</ele>
      </trkpt>
      <trkpt lat="50.93466" lon="4.47271">
        <ele>14</ele>
      </trkpt>
      <trkpt lat="50.93441" lon="4.47252">
        <ele>14</ele>
      </trkpt>
      <trkpt lat="50.93406" lon="4.47215">
        <ele>14</ele>
      </trkpt>
      <trkpt lat="50.93373" lon="4.47172">
        <ele>15</ele>
      </trkpt>
      <trkpt lat="50.93271" lon="4.47027">
        <ele>15</ele>
      </trkpt>
      <trkpt lat="50.93194" lon="4.46911">
        <ele>17</ele>
      </trkpt>
      <trkpt lat="50.93161" lon="4.46853">
        <ele>17</ele>
      </trkpt>
      <trkpt lat="50.93142" lon="4.46822">
        <ele>18</ele>
      </trkpt>
      <trkpt lat="50.93113" lon="4.46776">
        <ele>18</ele>
      </trkpt>
      <trkpt lat="50.93082" lon="4.46738">
        <ele>18</ele>
      </trkpt>
      <trkpt lat="50.93068" lon="4.46726">
        <ele>18</ele>
      </trkpt>
      <trkpt lat="50.93053" lon="4.46712">
        <ele>17</ele>
      </trkpt>
      <trkpt lat="50.93064" lon="4.46772">
        <ele>17</ele>
      </trkpt>
      <trkpt lat="50.93065" lon="4.46789">
        <ele>17</ele>
      </trkpt>
      <trkpt lat="50.93065" lon="4.46801">
        <ele>18</ele>
      </trkpt>
      <trkpt lat="50.93063" lon="4.46812">
        <ele>18</ele>
      </trkpt>
      <trkpt lat="50.9306" lon="4.4682">
        <ele>18</ele>
      </trkpt>
      <trkpt lat="50.93051" lon="4.46834">
        <ele>17</ele>
      </trkpt>
      <trkpt lat="50.93031" lon="4.4682">
        <ele>18</ele>
      </trkpt>
      <trkpt lat="50.92881" lon="4.46711">
        <ele>18</ele>
      </trkpt>
      <trkpt lat="50.92863" lon="4.46698">
        <ele>18</ele>
      </trkpt>
      <trkpt lat="50.92671" lon="4.4656">
        <ele>19</ele>
      </trkpt>
      <trkpt lat="50.9263" lon="4.46531">
        <ele>20</ele>
      </trkpt>
      <trkpt lat="50.92563" lon="4.46468">
        <ele>19</ele>
      </trkpt>
      <trkpt lat="50.92521" lon="4.46419">
        <ele>19</ele>
      </trkpt>
      <trkpt lat="50.92508" lon="4.46401">
        <ele>19</ele>
      </trkpt>
      <trkpt lat="50.92469" lon="4.4635">
        <ele>19</ele>
      </trkpt>
      <trkpt lat="50.92458" lon="4.4633">
        <ele>19</ele>
      </trkpt>
      <trkpt lat="50.92436" lon="4.46294">
        <ele>18</ele>
      </trkpt>
      <trkpt lat="50.92396" lon="4.4621">
        <ele>16</ele>
      </trkpt>
      <trkpt lat="50.92356" lon="4.46101">
        <ele>16</ele>
      </trkpt>
      <trkpt lat="50.92331" lon="4.46006">
        <ele>16</ele>
      </trkpt>
      <trkpt lat="50.92313" lon="4.4593">
        <ele>15</ele>
      </trkpt>
      <trkpt lat="50.923" lon="4.45871">
        <ele>15</ele>
      </trkpt>
      <trkpt lat="50.92258" lon="4.45687">
        <ele>18</ele>
      </trkpt>
      <trkpt lat="50.9222" lon="4.45524">
        <ele>19</ele>
      </trkpt>
      <trkpt lat="50.92195" lon="4.45417">
        <ele>17</ele>
      </trkpt>
      <trkpt lat="50.92187" lon="4.45369">
        <ele>16</ele>
      </trkpt>
      <trkpt lat="50.92181" lon="4.45344">
        <ele>17</ele>
      </trkpt>
      <trkpt lat="50.92176" lon="4.45321">
        <ele>16</ele>
      </trkpt>
      <trkpt lat="50.92166" lon="4.45291">
        <ele>16</ele>
      </trkpt>
      <trkpt lat="50.92163" lon="4.45277">
        <ele>16</ele>
      </trkpt>
      <trkpt lat="50.92156" lon="4.45258">
        <ele>16</ele>
      </trkpt>
      <trkpt lat="50.92148" lon="4.45239">
        <ele>16</ele>
      </trkpt>
      <trkpt lat="50.92127" lon="4.45191">
        <ele>16</ele>
      </trkpt>
      <trkpt lat="50.92105" lon="4.45144">
        <ele>16</ele>
      </trkpt>
      <trkpt lat="50.92098" lon="4.45129">
        <ele>17</ele>
      </trkpt>
      <trkpt lat="50.92092" lon="4.45119">
        <ele>17</ele>
      </trkpt>
      <trkpt lat="50.92086" lon="4.45109">
        <ele>17</ele>
      </trkpt>
      <trkpt lat="50.92072" lon="4.45095">
        <ele>17</ele>
      </trkpt>
      <trkpt lat="50.92045" lon="4.45074">
        <ele>17</ele>
      </trkpt>
      <trkpt lat="50.92008" lon="4.45046">
        <ele>18</ele>
      </trkpt>
      <trkpt lat="50.91985" lon="4.45028">
        <ele>18</ele>
      </trkpt>
      <trkpt lat="50.9197" lon="4.45012">
        <ele>18</ele>
      </trkpt>
      <trkpt lat="50.91959" lon="4.44996">
        <ele>18</ele>
      </trkpt>
      <trkpt lat="50.91942" lon="4.44964">
        <ele>18</ele>
      </trkpt>
      <trkpt lat="50.91916" lon="4.44911">
        <ele>18</ele>
      </trkpt>
      <trkpt lat="50.919" lon="4.44882">
        <ele>18</ele>
      </trkpt>
      <trkpt lat="50.9187" lon="4.44825">
        <ele>18</ele>
      </trkpt>
      <trkpt lat="50.9186" lon="4.44792">
        <ele>18</ele>
      </trkpt>
      <trkpt lat="50.91857" lon="4.44785">
        <ele>18</ele>
      </trkpt>
      <trkpt lat="50.91855" lon="4.44776">
        <ele>18</ele>
      </trkpt>
      <trkpt lat="50.91852" lon="4.44767">
        <ele>19</ele>
      </trkpt>
      <trkpt lat="50.91848" lon="4.44751">
        <ele>18</ele>
      </trkpt>
      <trkpt lat="50.91845" lon="4.44741">
        <ele>18</ele>
      </trkpt>
      <trkpt lat="50.91843" lon="4.44738">
        <ele>18</ele>
      </trkpt>
      <trkpt lat="50.91843" lon="4.44736">
        <ele>19</ele>
      </trkpt>
      <trkpt lat="50.91842" lon="4.44731">
        <ele>19</ele>
      </trkpt>
      <trkpt lat="50.91839" lon="4.44724">
        <ele>19</ele>
      </trkpt>
      <trkpt lat="50.91826" lon="4.44684">
        <ele>19</ele>
      </trkpt>
      <trkpt lat="50.91817" lon="4.44654">
        <ele>19</ele>
      </trkpt>
      <trkpt lat="50.91809" lon="4.44627">
        <ele>19</ele>
      </trkpt>
      <trkpt lat="50.91804" lon="4.44631">
        <ele>19</ele>
      </trkpt>
      <trkpt lat="50.91801" lon="4.44632">
        <ele>19</ele>
      </trkpt>
      <trkpt lat="50.91722" lon="4.4474">
        <ele>19</ele>
      </trkpt>
      <trkpt lat="50.91668" lon="4.44811">
        <ele>21</ele>
      </trkpt>
      <trkpt lat="50.91664" lon="4.44817">
        <ele>21</ele>
      </trkpt>
      <trkpt lat="50.91661" lon="4.44821">
        <ele>21</ele>
      </trkpt>
      <trkpt lat="50.91654" lon="4.44821">
        <ele>21</ele>
      </trkpt>
      <trkpt lat="50.91641" lon="4.44816">
        <ele>21</ele>
      </trkpt>
      <trkpt lat="50.91599" lon="4.44786">
        <ele>21</ele>
      </trkpt>
      <trkpt lat="50.91501" lon="4.44715">
        <ele>23</ele>
      </trkpt>
      <trkpt lat="50.91416" lon="4.44659">
        <ele>23</ele>
      </trkpt>
      <trkpt lat="50.91387" lon="4.44637">
        <ele>23</ele>
      </trkpt>
      <trkpt lat="50.91256" lon="4.44546">
        <ele>26</ele>
      </trkpt>
      <trkpt lat="50.91222" lon="4.44519">
        <ele>26</ele>
      </trkpt>
      <trkpt lat="50.912" lon="4.44496">
        <ele>27</ele>
      </trkpt>
      <trkpt lat="50.91192" lon="4.4449">
        <ele>27</ele>
      </trkpt>
      <trkpt lat="50.91185" lon="4.44487">
        <ele>27</ele>
      </trkpt>
      <trkpt lat="50.91162" lon="4.44478">
        <ele>28</ele>
      </trkpt>
      <trkpt lat="50.91138" lon="4.4447">
        <ele>29</ele>
      </trkpt>
      <trkpt lat="50.91105" lon="4.44459">
        <ele>29</ele>
      </trkpt>
      <trkpt lat="50.9109" lon="4.44456">
        <ele>30</ele>
      </trkpt>
      <trkpt lat="50.91072" lon="4.44456">
        <ele>29</ele>
      </trkpt>
      <trkpt lat="50.91063" lon="4.44456">
        <ele>29</ele>
      </trkpt>
      <trkpt lat="50.91061" lon="4.44456">
        <ele>29</ele>
      </trkpt>
      <trkpt lat="50.91058" lon="4.44457">
        <ele>29</ele>
      </trkpt>
      <trkpt lat="50.91055" lon="4.44456">
        <ele>29</ele>
      </trkpt>
      <trkpt lat="50.91053" lon="4.44453">
        <ele>29</ele>
      </trkpt>
      <trkpt lat="50.91052" lon="4.44452">
        <ele>29</ele>
      </trkpt>
      <trkpt lat="50.91047" lon="4.44448">
        <ele>29</ele>
      </trkpt>
      <trkpt lat="50.91045" lon="4.44447">
        <ele>29</ele>
      </trkpt>
      <trkpt lat="50.91032" lon="4.44441">
        <ele>30</ele>
      </trkpt>
      <trkpt lat="50.90892" lon="4.44397">
        <ele>32</ele>
      </trkpt>
      <trkpt lat="50.90887" lon="4.44396">
        <ele>32</ele>
      </trkpt>
      <trkpt lat="50.90813" lon="4.44367">
        <ele>31</ele>
      </trkpt>
      <trkpt lat="50.90793" lon="4.44361">
        <ele>31</ele>
      </trkpt>
      <trkpt lat="50.90766" lon="4.44348">
        <ele>31</ele>
      </trkpt>
      <trkpt lat="50.9074" lon="4.44335">
        <ele>31</ele>
      </trkpt>
      <trkpt lat="50.90702" lon="4.44308">
        <ele>31</ele>
      </trkpt>
      <trkpt lat="50.90696" lon="4.44303">
        <ele>31</ele>
      </trkpt>
      <trkpt lat="50.90622" lon="4.44247">
        <ele>32</ele>
      </trkpt>
      <trkpt lat="50.90595" lon="4.4422">
        <ele>33</ele>
      </trkpt>
      <trkpt lat="50.90568" lon="4.44193">
        <ele>33</ele>
      </trkpt>
      <trkpt lat="50.90567" lon="4.44191">
        <ele>33</ele>
      </trkpt>
      <trkpt lat="50.90565" lon="4.4419">
        <ele>33</ele>
      </trkpt>
      <trkpt lat="50.90562" lon="4.44192">
        <ele>33</ele>
      </trkpt>
      <trkpt lat="50.90559" lon="4.44195">
        <ele>33</ele>
      </trkpt>
      <trkpt lat="50.90556" lon="4.44195">
        <ele>33</ele>
      </trkpt>
      <trkpt lat="50.90553" lon="4.44195">
        <ele>33</ele>
      </trkpt>
      <trkpt lat="50.9055" lon="4.44191">
        <ele>33</ele>
      </trkpt>
      <trkpt lat="50.90545" lon="4.44199">
        <ele>33</ele>
      </trkpt>
      <trkpt lat="50.90543" lon="4.44202">
        <ele>33</ele>
      </trkpt>
      <trkpt lat="50.90477" lon="4.44313">
        <ele>34</ele>
      </trkpt>
      <trkpt lat="50.90467" lon="4.4433">
        <ele>34</ele>
      </trkpt>
      <trkpt lat="50.90452" lon="4.44327">
        <ele>34</ele>
      </trkpt>
      <trkpt lat="50.90449" lon="4.44327">
        <ele>34</ele>
      </trkpt>
      <trkpt lat="50.90438" lon="4.4433">
        <ele>34</ele>
      </trkpt>
      <trkpt lat="50.90434" lon="4.44333">
        <ele>34</ele>
      </trkpt>
      <trkpt lat="50.90431" lon="4.44326">
        <ele>34</ele>
      </trkpt>
      <trkpt lat="50.90403" lon="4.44281">
        <ele>33</ele>
      </trkpt>
      <trkpt lat="50.90393" lon="4.44263">
        <ele>34</ele>
      </trkpt>
      <trkpt lat="50.90371" lon="4.44227">
        <ele>33</ele>
      </trkpt>
      <trkpt lat="50.90353" lon="4.44195">
        <ele>33</ele>
      </trkpt>
      <trkpt lat="50.90351" lon="4.44194">
        <ele>33</ele>
      </trkpt>
      <trkpt lat="50.90332" lon="4.44168">
        <ele>33</ele>
      </trkpt>
      <trkpt lat="50.90278" lon="4.44101">
        <ele>34</ele>
      </trkpt>
      <trkpt lat="50.90245" lon="4.44065">
        <ele>34</ele>
      </trkpt>
      <trkpt lat="50.90226" lon="4.44045">
        <ele>34</ele>
      </trkpt>
      <trkpt lat="50.90175" lon="4.44">
        <ele>35</ele>
      </trkpt>
      <trkpt lat="50.9017" lon="4.4401">
        <ele>35</ele>
      </trkpt>
      <trkpt lat="50.90167" lon="4.44018">
        <ele>35</ele>
      </trkpt>
      <trkpt lat="50.90163" lon="4.44029">
        <ele>35</ele>
      </trkpt>
      <trkpt lat="50.90158" lon="4.44033">
        <ele>35</ele>
      </trkpt>
      <trkpt lat="50.90152" lon="4.44032">
        <ele>35</ele>
      </trkpt>
      <trkpt lat="50.90143" lon="4.44023">
        <ele>35</ele>
      </trkpt>
      <trkpt lat="50.90136" lon="4.44015">
        <ele>35</ele>
      </trkpt>
      <trkpt lat="50.90105" lon="4.43984">
        <ele>35</ele>
      </trkpt>
      <trkpt lat="50.90074" lon="4.43961">
        <ele>34</ele>
      </trkpt>
      <trkpt lat="50.90051" lon="4.43948">
        <ele>34</ele>
      </trkpt>
      <trkpt lat="50.90048" lon="4.43946">
        <ele>34</ele>
      </trkpt>
      <trkpt lat="50.90042" lon="4.43944">
        <ele>33</ele>
      </trkpt>
      <trkpt lat="50.90034" lon="4.43943">
        <ele>33</ele>
      </trkpt>
      <trkpt lat="50.90025" lon="4.43947">
        <ele>33</ele>
      </trkpt>
      <trkpt lat="50.90017" lon="4.43952">
        <ele>32</ele>
      </trkpt>
      <trkpt lat="50.90014" lon="4.43956">
        <ele>32</ele>
      </trkpt>
      <trkpt lat="50.90004" lon="4.4397">
        <ele>31</ele>
      </trkpt>
      <trkpt lat="50.89994" lon="4.43985">
        <ele>31</ele>
      </trkpt>
      <trkpt lat="50.89956" lon="4.44054">
        <ele>33</ele>
      </trkpt>
      <trkpt lat="50.89954" lon="4.44065">
        <ele>33</ele>
      </trkpt>
      <trkpt lat="50.89937" lon="4.44096">
        <ele>34</ele>
      </trkpt>
      <trkpt lat="50.89929" lon="4.44106">
        <ele>33</ele>
      </trkpt>
      <trkpt lat="50.89915" lon="4.4415">
        <ele>33</ele>
      </trkpt>
      <trkpt lat="50.8991" lon="4.44164">
        <ele>34</ele>
      </trkpt>
      <trkpt lat="50.89894" lon="4.44202">
        <ele>34</ele>
      </trkpt>
      <trkpt lat="50.8988" lon="4.44236">
        <ele>35</ele>
      </trkpt>
      <trkpt lat="50.89867" lon="4.44262">
        <ele>35</ele>
      </trkpt>
      <trkpt lat="50.89858" lon="4.44279">
        <ele>35</ele>
      </trkpt>
      <trkpt lat="50.89837" lon="4.44319">
        <ele>35</ele>
      </trkpt>
      <trkpt lat="50.89827" lon="4.44346">
        <ele>36</ele>
      </trkpt>
      <trkpt lat="50.89824" lon="4.44353">
        <ele>36</ele>
      </trkpt>
      <trkpt lat="50.89779" lon="4.44444">
        <ele>36</ele>
      </trkpt>
      <trkpt lat="50.89775" lon="4.44452">
        <ele>36</ele>
      </trkpt>
      <trkpt lat="50.89742" lon="4.44525">
        <ele>36</ele>
      </trkpt>
      <trkpt lat="50.89707" lon="4.44603">
        <ele>36</ele>
      </trkpt>
      <trkpt lat="50.89679" lon="4.44672">
        <ele>36</ele>
      </trkpt>
      <trkpt lat="50.89652" lon="4.4474">
        <ele>35</ele>
      </trkpt>
      <trkpt lat="50.89533" lon="4.4506">
        <ele>33</ele>
      </trkpt>
      <trkpt lat="50.89465" lon="4.45244">
        <ele>32</ele>
      </trkpt>
      <trkpt lat="50.89447" lon="4.45293">
        <ele>31</ele>
      </trkpt>
      <trkpt lat="50.89436" lon="4.45338">
        <ele>31</ele>
      </trkpt>
      <trkpt lat="50.89402" lon="4.45471">
        <ele>31</ele>
      </trkpt>
      <trkpt lat="50.89365" lon="4.45609">
        <ele>33</ele>
      </trkpt>
      <trkpt lat="50.89363" lon="4.45623">
        <ele>33</ele>
      </trkpt>
      <trkpt lat="50.89363" lon="4.45636">
        <ele>33</ele>
      </trkpt>
      <trkpt lat="50.89368" lon="4.45648">
        <ele>33</ele>
      </trkpt>
      <trkpt lat="50.89386" lon="4.45664">
        <ele>34</ele>
      </trkpt>
      <trkpt lat="50.89404" lon="4.45688">
        <ele>34</ele>
      </trkpt>
      <trkpt lat="50.89418" lon="4.45713">
        <ele>34</ele>
      </trkpt>
      <trkpt lat="50.89436" lon="4.45749">
        <ele>34</ele>
      </trkpt>
      <trkpt lat="50.89479" lon="4.45838">
        <ele>35</ele>
      </trkpt>
      <trkpt lat="50.89484" lon="4.4587">
        <ele>35</ele>
      </trkpt>
      <trkpt lat="50.89484" lon="4.45897">
        <ele>35</ele>
      </trkpt>
      <trkpt lat="50.89478" lon="4.45929">
        <ele>35</ele>
      </trkpt>
      <trkpt lat="50.89468" lon="4.45955">
        <ele>35</ele>
      </trkpt>
      <trkpt lat="50.89451" lon="4.45973">
        <ele>35</ele>
      </trkpt>
      <trkpt lat="50.89384" lon="4.4603">
        <ele>36</ele>
      </trkpt>
      <trkpt lat="50.89325" lon="4.46081">
        <ele>34</ele>
      </trkpt>
      <trkpt lat="50.89302" lon="4.46101">
        <ele>34</ele>
      </trkpt>
      <trkpt lat="50.89291" lon="4.46114">
        <ele>34</ele>
      </trkpt>
      <trkpt lat="50.8928" lon="4.46128">
        <ele>33</ele>
      </trkpt>
      <trkpt lat="50.89274" lon="4.46143">
        <ele>33</ele>
      </trkpt>
      <trkpt lat="50.89266" lon="4.46154">
        <ele>33</ele>
      </trkpt>
      <trkpt lat="50.89266" lon="4.46159">
        <ele>33</ele>
      </trkpt>
      <trkpt lat="50.89265" lon="4.46168">
        <ele>32</ele>
      </trkpt>
      <trkpt lat="50.89263" lon="4.46171">
        <ele>32</ele>
      </trkpt>
      <trkpt lat="50.8926" lon="4.46174">
        <ele>31</ele>
      </trkpt>
      <trkpt lat="50.89256" lon="4.46177">
        <ele>31</ele>
      </trkpt>
      <trkpt lat="50.89252" lon="4.46177">
        <ele>31</ele>
      </trkpt>
      <trkpt lat="50.89248" lon="4.46173">
        <ele>30</ele>
      </trkpt>
      <trkpt lat="50.89245" lon="4.46183">
        <ele>30</ele>
      </trkpt>
      <trkpt lat="50.89222" lon="4.46284">
        <ele>29</ele>
      </trkpt>
      <trkpt lat="50.89215" lon="4.46318">
        <ele>30</ele>
      </trkpt>
      <trkpt lat="50.89211" lon="4.46359">
        <ele>29</ele>
      </trkpt>
      <trkpt lat="50.89197" lon="4.46487">
        <ele>31</ele>
      </trkpt>
      <trkpt lat="50.89192" lon="4.46537">
        <ele>32</ele>
      </trkpt>
      <trkpt lat="50.8919" lon="4.46552">
        <ele>32</ele>
      </trkpt>
      <trkpt lat="50.89187" lon="4.46564">
        <ele>32</ele>
      </trkpt>
      <trkpt lat="50.8916" lon="4.46662">
        <ele>35</ele>
      </trkpt>
      <trkpt lat="50.89156" lon="4.46677">
        <ele>35</ele>
      </trkpt>
      <trkpt lat="50.89152" lon="4.46689">
        <ele>35</ele>
      </trkpt>
      <trkpt lat="50.89146" lon="4.46703">
        <ele>35</ele>
      </trkpt>
      <trkpt lat="50.89145" lon="4.46714">
        <ele>35</ele>
      </trkpt>
      <trkpt lat="50.89134" lon="4.46754">
        <ele>36</ele>
      </trkpt>
      <trkpt lat="50.8913" lon="4.46756">
        <ele>36</ele>
      </trkpt>
      <trkpt lat="50.89125" lon="4.46763">
        <ele>36</ele>
      </trkpt>
      <trkpt lat="50.89124" lon="4.46768">
        <ele>36</ele>
      </trkpt>
      <trkpt lat="50.891" lon="4.46848">
        <ele>37</ele>
      </trkpt>
      <trkpt lat="50.89101" lon="4.46852">
        <ele>37</ele>
      </trkpt>
      <trkpt lat="50.89101" lon="4.46866">
        <ele>38</ele>
      </trkpt>
      <trkpt lat="50.89099" lon="4.46869">
        <ele>38</ele>
      </trkpt>
      <trkpt lat="50.89087" lon="4.46896">
        <ele>38</ele>
      </trkpt>
      <trkpt lat="50.8908" lon="4.46911">
        <ele>38</ele>
      </trkpt>
      <trkpt lat="50.89075" lon="4.46923">
        <ele>38</ele>
      </trkpt>
      <trkpt lat="50.89049" lon="4.46986">
        <ele>38</ele>
      </trkpt>
      <trkpt lat="50.89016" lon="4.47055">
        <ele>39</ele>
      </trkpt>
      <trkpt lat="50.89014" lon="4.47064">
        <ele>39</ele>
      </trkpt>
      <trkpt lat="50.89013" lon="4.47072">
        <ele>39</ele>
      </trkpt>
      <trkpt lat="50.89011" lon="4.47077">
        <ele>39</ele>
      </trkpt>
      <trkpt lat="50.8901" lon="4.47082">
        <ele>39</ele>
      </trkpt>
      <trkpt lat="50.89005" lon="4.47082">
        <ele>40</ele>
      </trkpt>
      <trkpt lat="50.89" lon="4.47082">
        <ele>40</ele>
      </trkpt>
      <trkpt lat="50.88997" lon="4.47083">
        <ele>40</ele>
      </trkpt>
      <trkpt lat="50.88992" lon="4.4709">
        <ele>40</ele>
      </trkpt>
      <trkpt lat="50.88989" lon="4.471">
        <ele>40</ele>
      </trkpt>
      <trkpt lat="50.88988" lon="4.4711">
        <ele>40</ele>
      </trkpt>
      <trkpt lat="50.88989" lon="4.47118">
        <ele>40</ele>
      </trkpt>
      <trkpt lat="50.88992" lon="4.47125">
        <ele>40</ele>
      </trkpt>
      <trkpt lat="50.88994" lon="4.47127">
        <ele>40</ele>
      </trkpt>
      <trkpt lat="50.8899" lon="4.47136">
        <ele>40</ele>
      </trkpt>
      <trkpt lat="50.88986" lon="4.47144">
        <ele>40</ele>
      </trkpt>
      <trkpt lat="50.88948" lon="4.47213">
        <ele>41</ele>
      </trkpt>
      <trkpt lat="50.88944" lon="4.47221">
        <ele>41</ele>
      </trkpt>
      <trkpt lat="50.88937" lon="4.47235">
        <ele>41</ele>
      </trkpt>
      <trkpt lat="50.88914" lon="4.47274">
        <ele>42</ele>
      </trkpt>
      <trkpt lat="50.88882" lon="4.4731">
        <ele>42</ele>
      </trkpt>
      <trkpt lat="50.88777" lon="4.47364">
        <ele>44</ele>
      </trkpt>
      <trkpt lat="50.88667" lon="4.47398">
        <ele>45</ele>
      </trkpt>
      <trkpt lat="50.88546" lon="4.47422">
        <ele>46</ele>
      </trkpt>
      <trkpt lat="50.88496" lon="4.47426">
        <ele>45</ele>
      </trkpt>
      <trkpt lat="50.88244" lon="4.47402">
        <ele>45</ele>
      </trkpt>
      <trkpt lat="50.88235" lon="4.47403">
        <ele>45</ele>
      </trkpt>
      <trkpt lat="50.88153" lon="4.47436">
        <ele>44</ele>
      </trkpt>
      <trkpt lat="50.88121" lon="4.47463">
        <ele>43</ele>
      </trkpt>
      <trkpt lat="50.88102" lon="4.47471">
        <ele>43</ele>
      </trkpt>
      <trkpt lat="50.88089" lon="4.47474">
        <ele>41</ele>
      </trkpt>
      <trkpt lat="50.88074" lon="4.47474">
        <ele>41</ele>
      </trkpt>
      <trkpt lat="50.88059" lon="4.4747">
        <ele>40</ele>
      </trkpt>
      <trkpt lat="50.88037" lon="4.47455">
        <ele>40</ele>
      </trkpt>
      <trkpt lat="50.88029" lon="4.47469">
        <ele>40</ele>
      </trkpt>
      <trkpt lat="50.88029" lon="4.47474">
        <ele>40</ele>
      </trkpt>
      <trkpt lat="50.88028" lon="4.4748">
        <ele>40</ele>
      </trkpt>
      <trkpt lat="50.88034" lon="4.47498">
        <ele>40</ele>
      </trkpt>
      <trkpt lat="50.88067" lon="4.47575">
        <ele>40</ele>
      </trkpt>
      <trkpt lat="50.88091" lon="4.47643">
        <ele>41</ele>
      </trkpt>
      <trkpt lat="50.881" lon="4.47674">
        <ele>41</ele>
      </trkpt>
      <trkpt lat="50.88106" lon="4.47697">
        <ele>41</ele>
      </trkpt>
      <trkpt lat="50.88108" lon="4.47714">
        <ele>41</ele>
      </trkpt>
      <trkpt lat="50.88149" lon="4.47939">
        <ele>40</ele>
      </trkpt>
      <trkpt lat="50.88153" lon="4.47979">
        <ele>41</ele>
      </trkpt>
      <trkpt lat="50.88155" lon="4.48045">
        <ele>41</ele>
      </trkpt>
      <trkpt lat="50.88153" lon="4.48056">
        <ele>41</ele>
      </trkpt>
      <trkpt lat="50.88152" lon="4.48061">
        <ele>41</ele>
      </trkpt>
      <trkpt lat="50.88113" lon="4.48096">
        <ele>41</ele>
      </trkpt>
      <trkpt lat="50.88113" lon="4.48103">
        <ele>41</ele>
      </trkpt>
      <trkpt lat="50.88112" lon="4.48106">
        <ele>41</ele>
      </trkpt>
      <trkpt lat="50.88081" lon="4.48161">
        <ele>42</ele>
      </trkpt>
      <trkpt lat="50.8808" lon="4.4816">
        <ele>42</ele>
      </trkpt>
      <trkpt lat="50.88057" lon="4.48202">
        <ele>42</ele>
      </trkpt>
      <trkpt lat="50.88045" lon="4.48209">
        <ele>42</ele>
      </trkpt>
      <trkpt lat="50.88043" lon="4.48229">
        <ele>43</ele>
      </trkpt>
      <trkpt lat="50.87959" lon="4.48382">
        <ele>47</ele>
      </trkpt>
      <trkpt lat="50.87927" lon="4.48398">
        <ele>49</ele>
      </trkpt>
      <trkpt lat="50.87912" lon="4.48404">
        <ele>49</ele>
      </trkpt>
      <trkpt lat="50.87892" lon="4.48405">
        <ele>50</ele>
      </trkpt>
      <trkpt lat="50.87855" lon="4.48404">
        <ele>50</ele>
      </trkpt>
      <trkpt lat="50.87795" lon="4.48401">
        <ele>53</ele>
      </trkpt>
      <trkpt lat="50.87715" lon="4.48409">
        <ele>55</ele>
      </trkpt>
      <trkpt lat="50.87683" lon="4.48416">
        <ele>55</ele>
      </trkpt>
      <trkpt lat="50.87659" lon="4.48423">
        <ele>57</ele>
      </trkpt>
      <trkpt lat="50.87631" lon="4.48432">
        <ele>57</ele>
      </trkpt>
      <trkpt lat="50.87624" lon="4.48427">
        <ele>57</ele>
      </trkpt>
      <trkpt lat="50.8762" lon="4.48424">
        <ele>57</ele>
      </trkpt>
      <trkpt lat="50.87573" lon="4.48445">
        <ele>60</ele>
      </trkpt>
      <trkpt lat="50.87548" lon="4.48455">
        <ele>60</ele>
      </trkpt>
      <trkpt lat="50.87484" lon="4.48478">
        <ele>62</ele>
      </trkpt>
      <trkpt lat="50.87445" lon="4.48496">
        <ele>62</ele>
      </trkpt>
      <trkpt lat="50.87436" lon="4.485">
        <ele>62</ele>
      </trkpt>
      <trkpt lat="50.87438" lon="4.48514">
        <ele>62</ele>
      </trkpt>
      <trkpt lat="50.87439" lon="4.48522">
        <ele>62</ele>
      </trkpt>
      <trkpt lat="50.8742" lon="4.48528">
        <ele>63</ele>
      </trkpt>
      <trkpt lat="50.87404" lon="4.48536">
        <ele>64</ele>
      </trkpt>
      <trkpt lat="50.8737" lon="4.48553">
        <ele>64</ele>
      </trkpt>
      <trkpt lat="50.87353" lon="4.48563">
        <ele>64</ele>
      </trkpt>
      <trkpt lat="50.8734" lon="4.48569">
        <ele>65</ele>
      </trkpt>
      <trkpt lat="50.87336" lon="4.48572">
        <ele>65</ele>
      </trkpt>
      <trkpt lat="50.8732" lon="4.48581">
        <ele>65</ele>
      </trkpt>
      <trkpt lat="50.87315" lon="4.48584">
        <ele>65</ele>
      </trkpt>
      <trkpt lat="50.873" lon="4.48591">
        <ele>66</ele>
      </trkpt>
      <trkpt lat="50.87276" lon="4.48605">
        <ele>66</ele>
      </trkpt>
      <trkpt lat="50.87252" lon="4.48618">
        <ele>66</ele>
      </trkpt>
      <trkpt lat="50.87241" lon="4.48625">
        <ele>66</ele>
      </trkpt>
      <trkpt lat="50.87229" lon="4.48636">
        <ele>66</ele>
      </trkpt>
      <trkpt lat="50.87213" lon="4.48645">
        <ele>66</ele>
      </trkpt>
      <trkpt lat="50.87197" lon="4.48656">
        <ele>66</ele>
      </trkpt>
      <trkpt lat="50.87182" lon="4.48676">
        <ele>66</ele>
      </trkpt>
      <trkpt lat="50.8715" lon="4.48725">
        <ele>66</ele>
      </trkpt>
      <trkpt lat="50.87145" lon="4.48734">
        <ele>66</ele>
      </trkpt>
      <trkpt lat="50.87069" lon="4.48939">
        <ele>68</ele>
      </trkpt>
      <trkpt lat="50.87059" lon="4.48968">
        <ele>68</ele>
      </trkpt>
      <trkpt lat="50.87053" lon="4.48986">
        <ele>68</ele>
      </trkpt>
      <trkpt lat="50.87049" lon="4.48995">
        <ele>67</ele>
      </trkpt>
      <trkpt lat="50.8704" lon="4.49022">
        <ele>67</ele>
      </trkpt>
      <trkpt lat="50.87036" lon="4.49031">
        <ele>67</ele>
      </trkpt>
      <trkpt lat="50.87027" lon="4.49056">
        <ele>67</ele>
      </trkpt>
      <trkpt lat="50.86994" lon="4.49152">
        <ele>68</ele>
      </trkpt>
      <trkpt lat="50.86987" lon="4.49172">
        <ele>68</ele>
      </trkpt>
      <trkpt lat="50.86985" lon="4.49179">
        <ele>67</ele>
      </trkpt>
      <trkpt lat="50.8698" lon="4.49202">
        <ele>67</ele>
      </trkpt>
      <trkpt lat="50.86977" lon="4.49224">
        <ele>67</ele>
      </trkpt>
      <trkpt lat="50.86975" lon="4.49243">
        <ele>67</ele>
      </trkpt>
      <trkpt lat="50.86976" lon="4.49297">
        <ele>67</ele>
      </trkpt>
      <trkpt lat="50.86976" lon="4.4931">
        <ele>67</ele>
      </trkpt>
      <trkpt lat="50.86974" lon="4.49496">
        <ele>68</ele>
      </trkpt>
      <trkpt lat="50.86974" lon="4.49509">
        <ele>68</ele>
      </trkpt>
      <trkpt lat="50.86973" lon="4.49725">
        <ele>68</ele>
      </trkpt>
      <trkpt lat="50.86971" lon="4.4985">
        <ele>68</ele>
      </trkpt>
      <trkpt lat="50.8697" lon="4.50022">
        <ele>67</ele>
      </trkpt>
      <trkpt lat="50.86969" lon="4.50108">
        <ele>66</ele>
      </trkpt>
      <trkpt lat="50.86971" lon="4.50169">
        <ele>66</ele>
      </trkpt>
      <trkpt lat="50.86974" lon="4.50355">
        <ele>64</ele>
      </trkpt>
      <trkpt lat="50.86974" lon="4.50415">
        <ele>65</ele>
      </trkpt>
      <trkpt lat="50.86981" lon="4.50493">
        <ele>65</ele>
      </trkpt>
      <trkpt lat="50.86987" lon="4.50568">
        <ele>65</ele>
      </trkpt>
      <trkpt lat="50.86996" lon="4.50638">
        <ele>66</ele>
      </trkpt>
      <trkpt lat="50.87011" lon="4.50745">
        <ele>66</ele>
      </trkpt>
      <trkpt lat="50.87018" lon="4.50806">
        <ele>66</ele>
      </trkpt>
      <trkpt lat="50.87025" lon="4.50871">
        <ele>66</ele>
      </trkpt>
      <trkpt lat="50.87027" lon="4.50898">
        <ele>66</ele>
      </trkpt>
      <trkpt lat="50.87031" lon="4.50983">
        <ele>67</ele>
      </trkpt>
      <trkpt lat="50.87032" lon="4.50998">
        <ele>67</ele>
      </trkpt>
      <trkpt lat="50.87038" lon="4.5108">
        <ele>67</ele>
      </trkpt>
      <trkpt lat="50.8704" lon="4.51107">
        <ele>67</ele>
      </trkpt>
      <trkpt lat="50.87052" lon="4.51249">
        <ele>65</ele>
      </trkpt>
      <trkpt lat="50.87062" lon="4.51377">
        <ele>65</ele>
      </trkpt>
      <trkpt lat="50.87077" lon="4.51558">
        <ele>66</ele>
      </trkpt>
      <trkpt lat="50.8712" lon="4.51706">
        <ele>67</ele>
      </trkpt>
      <trkpt lat="50.87124" lon="4.5172">
        <ele>67</ele>
      </trkpt>
      <trkpt lat="50.87169" lon="4.51855">
        <ele>67</ele>
      </trkpt>
      <trkpt lat="50.87217" lon="4.52044">
        <ele>69</ele>
      </trkpt>
      <trkpt lat="50.87222" lon="4.52066">
        <ele>69</ele>
      </trkpt>
      <trkpt lat="50.87259" lon="4.52249">
        <ele>72</ele>
      </trkpt>
      <trkpt lat="50.87264" lon="4.52268">
        <ele>72</ele>
      </trkpt>
      <trkpt lat="50.87303" lon="4.52438">
        <ele>71</ele>
      </trkpt>
      <trkpt lat="50.87305" lon="4.52447">
        <ele>71</ele>
      </trkpt>
      <trkpt lat="50.87307" lon="4.52454">
        <ele>71</ele>
      </trkpt>
      <trkpt lat="50.87306" lon="4.52481">
        <ele>71</ele>
      </trkpt>
      <trkpt lat="50.87309" lon="4.52483">
        <ele>71</ele>
      </trkpt>
      <trkpt lat="50.87312" lon="4.52486">
        <ele>71</ele>
      </trkpt>
      <trkpt lat="50.87316" lon="4.52494">
        <ele>71</ele>
      </trkpt>
      <trkpt lat="50.87318" lon="4.52499">
        <ele>71</ele>
      </trkpt>
      <trkpt lat="50.87319" lon="4.52504">
        <ele>71</ele>
      </trkpt>
      <trkpt lat="50.87319" lon="4.52512">
        <ele>71</ele>
      </trkpt>
      <trkpt lat="50.87317" lon="4.52519">
        <ele>71</ele>
      </trkpt>
      <trkpt lat="50.87321" lon="4.52534">
        <ele>71</ele>
      </trkpt>
      <trkpt lat="50.87324" lon="4.52546">
        <ele>71</ele>
      </trkpt>
      <trkpt lat="50.87333" lon="4.52575">
        <ele>71</ele>
      </trkpt>
      <trkpt lat="50.87367" lon="4.52692">
        <ele>68</ele>
      </trkpt>
      <trkpt lat="50.87417" lon="4.52863">
        <ele>65</ele>
      </trkpt>
      <trkpt lat="50.87456" lon="4.52998">
        <ele>62</ele>
      </trkpt>
      <trkpt lat="50.87465" lon="4.53027">
        <ele>62</ele>
      </trkpt>
      <trkpt lat="50.87481" lon="4.53079">
        <ele>61</ele>
      </trkpt>
      <trkpt lat="50.8749" lon="4.53105">
        <ele>61</ele>
      </trkpt>
      <trkpt lat="50.87499" lon="4.53128">
        <ele>61</ele>
      </trkpt>
      <trkpt lat="50.87529" lon="4.53205">
        <ele>57</ele>
      </trkpt>
      <trkpt lat="50.87538" lon="4.53227">
        <ele>57</ele>
      </trkpt>
      <trkpt lat="50.87544" lon="4.5324">
        <ele>57</ele>
      </trkpt>
      <trkpt lat="50.87582" lon="4.53333">
        <ele>55</ele>
      </trkpt>
      <trkpt lat="50.87586" lon="4.53349">
        <ele>55</ele>
      </trkpt>
      <trkpt lat="50.87588" lon="4.53354">
        <ele>55</ele>
      </trkpt>
      <trkpt lat="50.87612" lon="4.5343">
        <ele>53</ele>
      </trkpt>
      <trkpt lat="50.87625" lon="4.53492">
        <ele>53</ele>
      </trkpt>
      <trkpt lat="50.8763" lon="4.53525">
        <ele>53</ele>
      </trkpt>
      <trkpt lat="50.87634" lon="4.53552">
        <ele>53</ele>
      </trkpt>
      <trkpt lat="50.87639" lon="4.53588">
        <ele>54</ele>
      </trkpt>
      <trkpt lat="50.87647" lon="4.53652">
        <ele>54</ele>
      </trkpt>
      <trkpt lat="50.87654" lon="4.53717">
        <ele>55</ele>
      </trkpt>
      <trkpt lat="50.87655" lon="4.53732">
        <ele>54</ele>
      </trkpt>
      <trkpt lat="50.87656" lon="4.53786">
        <ele>55</ele>
      </trkpt>
      <trkpt lat="50.87657" lon="4.53811">
        <ele>55</ele>
      </trkpt>
      <trkpt lat="50.87656" lon="4.53836">
        <ele>56</ele>
      </trkpt>
      <trkpt lat="50.87652" lon="4.53904">
        <ele>56</ele>
      </trkpt>
      <trkpt lat="50.87647" lon="4.53951">
        <ele>56</ele>
      </trkpt>
      <trkpt lat="50.87639" lon="4.54021">
        <ele>56</ele>
      </trkpt>
      <trkpt lat="50.87638" lon="4.54027">
        <ele>56</ele>
      </trkpt>
      <trkpt lat="50.87638" lon="4.54032">
        <ele>55</ele>
      </trkpt>
      <trkpt lat="50.87634" lon="4.54053">
        <ele>57</ele>
      </trkpt>
      <trkpt lat="50.87628" lon="4.54071">
        <ele>57</ele>
      </trkpt>
      <trkpt lat="50.87627" lon="4.54075">
        <ele>57</ele>
      </trkpt>
      <trkpt lat="50.87605" lon="4.54126">
        <ele>59</ele>
      </trkpt>
      <trkpt lat="50.87598" lon="4.54159">
        <ele>60</ele>
      </trkpt>
      <trkpt lat="50.87594" lon="4.54184">
        <ele>62</ele>
      </trkpt>
      <trkpt lat="50.87593" lon="4.5421">
        <ele>62</ele>
      </trkpt>
      <trkpt lat="50.87596" lon="4.54242">
        <ele>62</ele>
      </trkpt>
      <trkpt lat="50.87604" lon="4.54284">
        <ele>63</ele>
      </trkpt>
      <trkpt lat="50.8763" lon="4.54378">
        <ele>62</ele>
      </trkpt>
      <trkpt lat="50.87635" lon="4.54377">
        <ele>62</ele>
      </trkpt>
      <trkpt lat="50.87637" lon="4.54381">
        <ele>62</ele>
      </trkpt>
      <trkpt lat="50.87644" lon="4.54395">
        <ele>62</ele>
      </trkpt>
      <trkpt lat="50.87645" lon="4.544">
        <ele>62</ele>
      </trkpt>
      <trkpt lat="50.87722" lon="4.54561">
        <ele>60</ele>
      </trkpt>
      <trkpt lat="50.87759" lon="4.54667">
        <ele>59</ele>
      </trkpt>
      <trkpt lat="50.87783" lon="4.54728">
        <ele>65</ele>
      </trkpt>
      <trkpt lat="50.87805" lon="4.54777">
        <ele>61</ele>
      </trkpt>
      <trkpt lat="50.87825" lon="4.5483">
        <ele>60</ele>
      </trkpt>
      <trkpt lat="50.87847" lon="4.54906">
        <ele>60</ele>
      </trkpt>
      <trkpt lat="50.87859" lon="4.54962">
        <ele>62</ele>
      </trkpt>
      <trkpt lat="50.8788" lon="4.5509">
        <ele>55</ele>
      </trkpt>
      <trkpt lat="50.87889" lon="4.55167">
        <ele>53</ele>
      </trkpt>
    </trkseg>
  </trk>
</gpx>