<?xml version='1.0' encoding='UTF-8'?>
<gpx xmlns="http://www.topografix.com/GPX/1/1" xmlns:xsi="http://www.w3.org/2001/XMLSchema-instance" creator="RouteYou" version="1.1" xsi:schemaLocation="http://www.topografix.com/GPX/1/1 http://www.topografix.com/GPX/1/1/gpx.xsd">
  <trk>
    <name>Boom TML 2025</name>
    <desc />
    <trkseg>
      <trkpt lat="50.87873" lon="4.55045">
        <ele>49</ele>
      </trkpt>
      <trkpt lat="50.87859" lon="4.54962">
        <ele>49</ele>
      </trkpt>
      <trkpt lat="50.87847" lon="4.54906">
        <ele>50</ele>
      </trkpt>
      <trkpt lat="50.87825" lon="4.5483">
        <ele>51</ele>
      </trkpt>
      <trkpt lat="50.87805" lon="4.54777">
        <ele>52</ele>
      </trkpt>
      <trkpt lat="50.87783" lon="4.54728">
        <ele>53</ele>
      </trkpt>
      <trkpt lat="50.87759" lon="4.54667">
        <ele>53</ele>
      </trkpt>
      <trkpt lat="50.87722" lon="4.54561">
        <ele>52</ele>
      </trkpt>
      <trkpt lat="50.87645" lon="4.544">
        <ele>54</ele>
      </trkpt>
      <trkpt lat="50.87644" lon="4.54395">
        <ele>54</ele>
      </trkpt>
      <trkpt lat="50.87637" lon="4.54381">
        <ele>54</ele>
      </trkpt>
      <trkpt lat="50.87635" lon="4.54377">
        <ele>54</ele>
      </trkpt>
      <trkpt lat="50.8763" lon="4.54378">
        <ele>54</ele>
      </trkpt>
      <trkpt lat="50.87604" lon="4.54284">
        <ele>55</ele>
      </trkpt>
      <trkpt lat="50.87596" lon="4.54242">
        <ele>55</ele>
      </trkpt>
      <trkpt lat="50.87593" lon="4.5421">
        <ele>55</ele>
      </trkpt>
      <trkpt lat="50.87594" lon="4.54184">
        <ele>54</ele>
      </trkpt>
      <trkpt lat="50.87598" lon="4.54159">
        <ele>54</ele>
      </trkpt>
      <trkpt lat="50.87605" lon="4.54126">
        <ele>53</ele>
      </trkpt>
      <trkpt lat="50.87622" lon="4.54087">
        <ele>52</ele>
      </trkpt>
      <trkpt lat="50.8763" lon="4.5409">
        <ele>52</ele>
      </trkpt>
      <trkpt lat="50.87639" lon="4.54091">
        <ele>52</ele>
      </trkpt>
      <trkpt lat="50.87645" lon="4.54087">
        <ele>52</ele>
      </trkpt>
      <trkpt lat="50.87667" lon="4.54082">
        <ele>51</ele>
      </trkpt>
      <trkpt lat="50.87749" lon="4.54065">
        <ele>49</ele>
      </trkpt>
      <trkpt lat="50.87808" lon="4.54071">
        <ele>49</ele>
      </trkpt>
      <trkpt lat="50.87902" lon="4.54059">
        <ele>48</ele>
      </trkpt>
      <trkpt lat="50.87914" lon="4.54061">
        <ele>48</ele>
      </trkpt>
      <trkpt lat="50.87918" lon="4.54064">
        <ele>48</ele>
      </trkpt>
      <trkpt lat="50.87983" lon="4.54199">
        <ele>47</ele>
      </trkpt>
      <trkpt lat="50.87999" lon="4.54219">
        <ele>47</ele>
      </trkpt>
      <trkpt lat="50.88088" lon="4.54312">
        <ele>45</ele>
      </trkpt>
      <trkpt lat="50.88131" lon="4.54363">
        <ele>45</ele>
      </trkpt>
      <trkpt lat="50.88145" lon="4.54371">
        <ele>45</ele>
      </trkpt>
      <trkpt lat="50.88204" lon="4.54379">
        <ele>44</ele>
      </trkpt>
      <trkpt lat="50.88212" lon="4.54384">
        <ele>44</ele>
      </trkpt>
      <trkpt lat="50.88219" lon="4.54394">
        <ele>44</ele>
      </trkpt>
      <trkpt lat="50.88235" lon="4.54441">
        <ele>45</ele>
      </trkpt>
      <trkpt lat="50.88248" lon="4.54453">
        <ele>45</ele>
      </trkpt>
      <trkpt lat="50.8826" lon="4.54456">
        <ele>45</ele>
      </trkpt>
      <trkpt lat="50.88344" lon="4.54456">
        <ele>42</ele>
      </trkpt>
      <trkpt lat="50.8835" lon="4.54458">
        <ele>42</ele>
      </trkpt>
      <trkpt lat="50.88397" lon="4.54496">
        <ele>41</ele>
      </trkpt>
      <trkpt lat="50.88432" lon="4.54511">
        <ele>41</ele>
      </trkpt>
      <trkpt lat="50.88494" lon="4.54523">
        <ele>41</ele>
      </trkpt>
      <trkpt lat="50.88538" lon="4.54537">
        <ele>41</ele>
      </trkpt>
      <trkpt lat="50.88554" lon="4.54532">
        <ele>41</ele>
      </trkpt>
      <trkpt lat="50.88837" lon="4.54401">
        <ele>43</ele>
      </trkpt>
      <trkpt lat="50.88839" lon="4.54409">
        <ele>44</ele>
      </trkpt>
      <trkpt lat="50.88868" lon="4.5439">
        <ele>44</ele>
      </trkpt>
      <trkpt lat="50.88915" lon="4.54366">
        <ele>44</ele>
      </trkpt>
      <trkpt lat="50.89228" lon="4.5422">
        <ele>42</ele>
      </trkpt>
      <trkpt lat="50.89247" lon="4.54211">
        <ele>43</ele>
      </trkpt>
      <trkpt lat="50.89253" lon="4.54205">
        <ele>43</ele>
      </trkpt>
      <trkpt lat="50.89258" lon="4.54196">
        <ele>43</ele>
      </trkpt>
      <trkpt lat="50.89261" lon="4.54177">
        <ele>42</ele>
      </trkpt>
      <trkpt lat="50.89254" lon="4.54097">
        <ele>41</ele>
      </trkpt>
      <trkpt lat="50.89246" lon="4.54032">
        <ele>44</ele>
      </trkpt>
      <trkpt lat="50.89235" lon="4.53964">
        <ele>47</ele>
      </trkpt>
      <trkpt lat="50.89233" lon="4.53947">
        <ele>43</ele>
      </trkpt>
      <trkpt lat="50.89234" lon="4.5392">
        <ele>41</ele>
      </trkpt>
      <trkpt lat="50.8924" lon="4.53895">
        <ele>43</ele>
      </trkpt>
      <trkpt lat="50.89248" lon="4.53874">
        <ele>43</ele>
      </trkpt>
      <trkpt lat="50.89258" lon="4.5386">
        <ele>42</ele>
      </trkpt>
      <trkpt lat="50.89273" lon="4.53847">
        <ele>42</ele>
      </trkpt>
      <trkpt lat="50.89288" lon="4.53842">
        <ele>42</ele>
      </trkpt>
      <trkpt lat="50.89299" lon="4.53842">
        <ele>45</ele>
      </trkpt>
      <trkpt lat="50.89327" lon="4.53848">
        <ele>46</ele>
      </trkpt>
      <trkpt lat="50.89344" lon="4.53844">
        <ele>45</ele>
      </trkpt>
      <trkpt lat="50.89348" lon="4.53836">
        <ele>45</ele>
      </trkpt>
      <trkpt lat="50.89352" lon="4.53835">
        <ele>45</ele>
      </trkpt>
      <trkpt lat="50.89355" lon="4.53834">
        <ele>45</ele>
      </trkpt>
      <trkpt lat="50.89359" lon="4.53836">
        <ele>45</ele>
      </trkpt>
      <trkpt lat="50.89363" lon="4.53845">
        <ele>45</ele>
      </trkpt>
      <trkpt lat="50.89363" lon="4.53854">
        <ele>45</ele>
      </trkpt>
      <trkpt lat="50.8936" lon="4.53862">
        <ele>44</ele>
      </trkpt>
      <trkpt lat="50.89382" lon="4.539">
        <ele>43</ele>
      </trkpt>
      <trkpt lat="50.8959" lon="4.54252">
        <ele>41</ele>
      </trkpt>
      <trkpt lat="50.8963" lon="4.54318">
        <ele>40</ele>
      </trkpt>
      <trkpt lat="50.89666" lon="4.54372">
        <ele>40</ele>
      </trkpt>
      <trkpt lat="50.89751" lon="4.54483">
        <ele>39</ele>
      </trkpt>
      <trkpt lat="50.89775" lon="4.54499">
        <ele>39</ele>
      </trkpt>
      <trkpt lat="50.89793" lon="4.54517">
        <ele>39</ele>
      </trkpt>
      <trkpt lat="50.89882" lon="4.54596">
        <ele>38</ele>
      </trkpt>
      <trkpt lat="50.899" lon="4.54615">
        <ele>38</ele>
      </trkpt>
      <trkpt lat="50.89919" lon="4.54636">
        <ele>38</ele>
      </trkpt>
      <trkpt lat="50.89941" lon="4.54655">
        <ele>39</ele>
      </trkpt>
      <trkpt lat="50.90037" lon="4.54762">
        <ele>39</ele>
      </trkpt>
      <trkpt lat="50.90064" lon="4.54806">
        <ele>39</ele>
      </trkpt>
      <trkpt lat="50.90076" lon="4.54831">
        <ele>39</ele>
      </trkpt>
      <trkpt lat="50.90169" lon="4.55053">
        <ele>37</ele>
      </trkpt>
      <trkpt lat="50.90228" lon="4.5522">
        <ele>36</ele>
      </trkpt>
      <trkpt lat="50.90278" lon="4.55344">
        <ele>37</ele>
      </trkpt>
      <trkpt lat="50.90287" lon="4.55359">
        <ele>37</ele>
      </trkpt>
      <trkpt lat="50.90338" lon="4.55512">
        <ele>36</ele>
      </trkpt>
      <trkpt lat="50.90368" lon="4.55614">
        <ele>35</ele>
      </trkpt>
      <trkpt lat="50.90401" lon="4.55719">
        <ele>35</ele>
      </trkpt>
      <trkpt lat="50.90433" lon="4.55788">
        <ele>34</ele>
      </trkpt>
      <trkpt lat="50.90442" lon="4.55815">
        <ele>34</ele>
      </trkpt>
      <trkpt lat="50.90466" lon="4.55907">
        <ele>34</ele>
      </trkpt>
      <trkpt lat="50.90513" lon="4.56051">
        <ele>32</ele>
      </trkpt>
      <trkpt lat="50.90543" lon="4.56132">
        <ele>31</ele>
      </trkpt>
      <trkpt lat="50.90551" lon="4.5615">
        <ele>31</ele>
      </trkpt>
      <trkpt lat="50.90651" lon="4.56297">
        <ele>29</ele>
      </trkpt>
      <trkpt lat="50.90793" lon="4.56497">
        <ele>27</ele>
      </trkpt>
      <trkpt lat="50.90796" lon="4.5651">
        <ele>27</ele>
      </trkpt>
      <trkpt lat="50.90795" lon="4.56515">
        <ele>27</ele>
      </trkpt>
      <trkpt lat="50.90839" lon="4.56543">
        <ele>27</ele>
      </trkpt>
      <trkpt lat="50.90864" lon="4.56544">
        <ele>27</ele>
      </trkpt>
      <trkpt lat="50.9088" lon="4.56534">
        <ele>27</ele>
      </trkpt>
      <trkpt lat="50.91071" lon="4.56368">
        <ele>28</ele>
      </trkpt>
      <trkpt lat="50.91099" lon="4.56348">
        <ele>28</ele>
      </trkpt>
      <trkpt lat="50.91121" lon="4.56339">
        <ele>28</ele>
      </trkpt>
      <trkpt lat="50.91151" lon="4.56333">
        <ele>28</ele>
      </trkpt>
      <trkpt lat="50.91172" lon="4.56335">
        <ele>28</ele>
      </trkpt>
      <trkpt lat="50.91543" lon="4.56432">
        <ele>26</ele>
      </trkpt>
      <trkpt lat="50.91575" lon="4.56434">
        <ele>25</ele>
      </trkpt>
      <trkpt lat="50.91608" lon="4.5643">
        <ele>25</ele>
      </trkpt>
      <trkpt lat="50.9164" lon="4.56416">
        <ele>25</ele>
      </trkpt>
      <trkpt lat="50.91661" lon="4.56403">
        <ele>25</ele>
      </trkpt>
      <trkpt lat="50.91738" lon="4.56346">
        <ele>24</ele>
      </trkpt>
      <trkpt lat="50.91786" lon="4.56314">
        <ele>24</ele>
      </trkpt>
      <trkpt lat="50.91811" lon="4.56305">
        <ele>24</ele>
      </trkpt>
      <trkpt lat="50.91837" lon="4.56303">
        <ele>24</ele>
      </trkpt>
      <trkpt lat="50.91858" lon="4.56305">
        <ele>24</ele>
      </trkpt>
      <trkpt lat="50.91869" lon="4.56301">
        <ele>23</ele>
      </trkpt>
      <trkpt lat="50.91934" lon="4.56254">
        <ele>23</ele>
      </trkpt>
      <trkpt lat="50.91987" lon="4.56206">
        <ele>22</ele>
      </trkpt>
      <trkpt lat="50.91992" lon="4.56197">
        <ele>22</ele>
      </trkpt>
      <trkpt lat="50.91999" lon="4.56156">
        <ele>21</ele>
      </trkpt>
      <trkpt lat="50.92008" lon="4.56133">
        <ele>21</ele>
      </trkpt>
      <trkpt lat="50.92034" lon="4.56095">
        <ele>20</ele>
      </trkpt>
      <trkpt lat="50.92043" lon="4.5608">
        <ele>20</ele>
      </trkpt>
      <trkpt lat="50.92052" lon="4.56057">
        <ele>20</ele>
      </trkpt>
      <trkpt lat="50.92043" lon="4.56031">
        <ele>20</ele>
      </trkpt>
      <trkpt lat="50.92022" lon="4.55994">
        <ele>20</ele>
      </trkpt>
      <trkpt lat="50.92" lon="4.55964">
        <ele>20</ele>
      </trkpt>
      <trkpt lat="50.92015" lon="4.55893">
        <ele>21</ele>
      </trkpt>
      <trkpt lat="50.92029" lon="4.55835">
        <ele>21</ele>
      </trkpt>
      <trkpt lat="50.92057" lon="4.55744">
        <ele>22</ele>
      </trkpt>
      <trkpt lat="50.92109" lon="4.556">
        <ele>24</ele>
      </trkpt>
      <trkpt lat="50.92191" lon="4.55366">
        <ele>24</ele>
      </trkpt>
      <trkpt lat="50.92208" lon="4.55325">
        <ele>24</ele>
      </trkpt>
      <trkpt lat="50.92204" lon="4.55318">
        <ele>24</ele>
      </trkpt>
      <trkpt lat="50.92204" lon="4.5531">
        <ele>24</ele>
      </trkpt>
      <trkpt lat="50.92208" lon="4.55303">
        <ele>23</ele>
      </trkpt>
      <trkpt lat="50.92211" lon="4.55302">
        <ele>23</ele>
      </trkpt>
      <trkpt lat="50.92203" lon="4.55284">
        <ele>24</ele>
      </trkpt>
      <trkpt lat="50.92199" lon="4.55264">
        <ele>24</ele>
      </trkpt>
      <trkpt lat="50.92199" lon="4.55216">
        <ele>23</ele>
      </trkpt>
      <trkpt lat="50.92217" lon="4.55047">
        <ele>23</ele>
      </trkpt>
      <trkpt lat="50.92219" lon="4.55016">
        <ele>23</ele>
      </trkpt>
      <trkpt lat="50.92219" lon="4.54961">
        <ele>22</ele>
      </trkpt>
      <trkpt lat="50.9222" lon="4.549">
        <ele>22</ele>
      </trkpt>
      <trkpt lat="50.92223" lon="4.54867">
        <ele>22</ele>
      </trkpt>
      <trkpt lat="50.92234" lon="4.54809">
        <ele>22</ele>
      </trkpt>
      <trkpt lat="50.92248" lon="4.54811">
        <ele>21</ele>
      </trkpt>
      <trkpt lat="50.92286" lon="4.54816">
        <ele>20</ele>
      </trkpt>
      <trkpt lat="50.92404" lon="4.54807">
        <ele>16</ele>
      </trkpt>
      <trkpt lat="50.92422" lon="4.54814">
        <ele>16</ele>
      </trkpt>
      <trkpt lat="50.92441" lon="4.54831">
        <ele>16</ele>
      </trkpt>
      <trkpt lat="50.92454" lon="4.5485">
        <ele>15</ele>
      </trkpt>
      <trkpt lat="50.92461" lon="4.54867">
        <ele>15</ele>
      </trkpt>
      <trkpt lat="50.92478" lon="4.54915">
        <ele>15</ele>
      </trkpt>
      <trkpt lat="50.92486" lon="4.54932">
        <ele>15</ele>
      </trkpt>
      <trkpt lat="50.9253" lon="4.5499">
        <ele>15</ele>
      </trkpt>
      <trkpt lat="50.92556" lon="4.55004">
        <ele>15</ele>
      </trkpt>
      <trkpt lat="50.92582" lon="4.55009">
        <ele>15</ele>
      </trkpt>
      <trkpt lat="50.92755" lon="4.55031">
        <ele>14</ele>
      </trkpt>
      <trkpt lat="50.92778" lon="4.55027">
        <ele>14</ele>
      </trkpt>
      <trkpt lat="50.92803" lon="4.55017">
        <ele>13</ele>
      </trkpt>
      <trkpt lat="50.92825" lon="4.55">
        <ele>13</ele>
      </trkpt>
      <trkpt lat="50.92848" lon="4.54975">
        <ele>13</ele>
      </trkpt>
      <trkpt lat="50.92934" lon="4.54861">
        <ele>13</ele>
      </trkpt>
      <trkpt lat="50.92972" lon="4.54818">
        <ele>14</ele>
      </trkpt>
      <trkpt lat="50.9298" lon="4.54801">
        <ele>14</ele>
      </trkpt>
      <trkpt lat="50.92985" lon="4.54786">
        <ele>14</ele>
      </trkpt>
      <trkpt lat="50.93002" lon="4.54712">
        <ele>15</ele>
      </trkpt>
      <trkpt lat="50.93035" lon="4.54559">
        <ele>17</ele>
      </trkpt>
      <trkpt lat="50.93037" lon="4.54533">
        <ele>17</ele>
      </trkpt>
      <trkpt lat="50.93036" lon="4.54503">
        <ele>17</ele>
      </trkpt>
      <trkpt lat="50.93031" lon="4.5445">
        <ele>18</ele>
      </trkpt>
      <trkpt lat="50.9303" lon="4.54427">
        <ele>18</ele>
      </trkpt>
      <trkpt lat="50.93033" lon="4.54374">
        <ele>18</ele>
      </trkpt>
      <trkpt lat="50.93038" lon="4.54337">
        <ele>19</ele>
      </trkpt>
      <trkpt lat="50.93053" lon="4.54274">
        <ele>19</ele>
      </trkpt>
      <trkpt lat="50.93077" lon="4.54187">
        <ele>20</ele>
      </trkpt>
      <trkpt lat="50.93083" lon="4.54157">
        <ele>20</ele>
      </trkpt>
      <trkpt lat="50.93087" lon="4.54129">
        <ele>20</ele>
      </trkpt>
      <trkpt lat="50.93086" lon="4.54081">
        <ele>20</ele>
      </trkpt>
      <trkpt lat="50.93081" lon="4.54013">
        <ele>19</ele>
      </trkpt>
      <trkpt lat="50.93096" lon="4.53942">
        <ele>18</ele>
      </trkpt>
      <trkpt lat="50.93126" lon="4.53852">
        <ele>16</ele>
      </trkpt>
      <trkpt lat="50.93139" lon="4.53821">
        <ele>16</ele>
      </trkpt>
      <trkpt lat="50.93157" lon="4.53777">
        <ele>16</ele>
      </trkpt>
      <trkpt lat="50.93164" lon="4.53764">
        <ele>15</ele>
      </trkpt>
      <trkpt lat="50.93181" lon="4.53739">
        <ele>15</ele>
      </trkpt>
      <trkpt lat="50.93215" lon="4.53698">
        <ele>15</ele>
      </trkpt>
      <trkpt lat="50.93256" lon="4.5382">
        <ele>15</ele>
      </trkpt>
      <trkpt lat="50.93286" lon="4.5391">
        <ele>16</ele>
      </trkpt>
      <trkpt lat="50.93405" lon="4.53864">
        <ele>15</ele>
      </trkpt>
      <trkpt lat="50.93411" lon="4.53867">
        <ele>15</ele>
      </trkpt>
      <trkpt lat="50.93444" lon="4.53856">
        <ele>15</ele>
      </trkpt>
      <trkpt lat="50.93467" lon="4.53851">
        <ele>15</ele>
      </trkpt>
      <trkpt lat="50.93505" lon="4.53852">
        <ele>15</ele>
      </trkpt>
      <trkpt lat="50.93576" lon="4.53853">
        <ele>14</ele>
      </trkpt>
      <trkpt lat="50.93594" lon="4.5385">
        <ele>14</ele>
      </trkpt>
      <trkpt lat="50.93631" lon="4.5384">
        <ele>14</ele>
      </trkpt>
      <trkpt lat="50.93652" lon="4.53832">
        <ele>14</ele>
      </trkpt>
      <trkpt lat="50.93774" lon="4.53774">
        <ele>14</ele>
      </trkpt>
      <trkpt lat="50.93772" lon="4.53769">
        <ele>14</ele>
      </trkpt>
      <trkpt lat="50.93841" lon="4.53728">
        <ele>14</ele>
      </trkpt>
      <trkpt lat="50.93915" lon="4.53672">
        <ele>14</ele>
      </trkpt>
      <trkpt lat="50.93973" lon="4.53622">
        <ele>14</ele>
      </trkpt>
      <trkpt lat="50.94025" lon="4.53566">
        <ele>13</ele>
      </trkpt>
      <trkpt lat="50.94104" lon="4.53472">
        <ele>12</ele>
      </trkpt>
      <trkpt lat="50.9417" lon="4.53395">
        <ele>12</ele>
      </trkpt>
      <trkpt lat="50.9421" lon="4.53358">
        <ele>12</ele>
      </trkpt>
      <trkpt lat="50.94213" lon="4.53349">
        <ele>12</ele>
      </trkpt>
      <trkpt lat="50.94209" lon="4.53119">
        <ele>12</ele>
      </trkpt>
      <trkpt lat="50.94211" lon="4.53046">
        <ele>12</ele>
      </trkpt>
      <trkpt lat="50.94218" lon="4.52956">
        <ele>12</ele>
      </trkpt>
      <trkpt lat="50.94225" lon="4.52908">
        <ele>12</ele>
      </trkpt>
      <trkpt lat="50.94242" lon="4.52825">
        <ele>11</ele>
      </trkpt>
      <trkpt lat="50.94248" lon="4.52801">
        <ele>11</ele>
      </trkpt>
      <trkpt lat="50.94269" lon="4.52733">
        <ele>11</ele>
      </trkpt>
      <trkpt lat="50.94333" lon="4.52566">
        <ele>11</ele>
      </trkpt>
      <trkpt lat="50.9434" lon="4.52541">
        <ele>11</ele>
      </trkpt>
      <trkpt lat="50.94347" lon="4.52501">
        <ele>11</ele>
      </trkpt>
      <trkpt lat="50.9435" lon="4.52477">
        <ele>11</ele>
      </trkpt>
      <trkpt lat="50.9435" lon="4.52422">
        <ele>10</ele>
      </trkpt>
      <trkpt lat="50.94333" lon="4.52237">
        <ele>10</ele>
      </trkpt>
      <trkpt lat="50.94333" lon="4.5217">
        <ele>10</ele>
      </trkpt>
      <trkpt lat="50.9434" lon="4.52107">
        <ele>10</ele>
      </trkpt>
      <trkpt lat="50.9437" lon="4.51886">
        <ele>10</ele>
      </trkpt>
      <trkpt lat="50.94388" lon="4.51588">
        <ele>10</ele>
      </trkpt>
      <trkpt lat="50.94386" lon="4.51538">
        <ele>10</ele>
      </trkpt>
      <trkpt lat="50.94382" lon="4.51496">
        <ele>10</ele>
      </trkpt>
      <trkpt lat="50.94347" lon="4.51356">
        <ele>10</ele>
      </trkpt>
      <trkpt lat="50.94352" lon="4.51346">
        <ele>10</ele>
      </trkpt>
      <trkpt lat="50.94401" lon="4.51293">
        <ele>11</ele>
      </trkpt>
      <trkpt lat="50.94497" lon="4.51189">
        <ele>10</ele>
      </trkpt>
      <trkpt lat="50.94566" lon="4.51117">
        <ele>10</ele>
      </trkpt>
      <trkpt lat="50.94611" lon="4.51074">
        <ele>10</ele>
      </trkpt>
      <trkpt lat="50.94778" lon="4.50939">
        <ele>9</ele>
      </trkpt>
      <trkpt lat="50.9479" lon="4.50932">
        <ele>9</ele>
      </trkpt>
      <trkpt lat="50.94806" lon="4.50956">
        <ele>9</ele>
      </trkpt>
      <trkpt lat="50.94811" lon="4.50956">
        <ele>9</ele>
      </trkpt>
      <trkpt lat="50.94954" lon="4.50929">
        <ele>9</ele>
      </trkpt>
      <trkpt lat="50.94994" lon="4.50923">
        <ele>9</ele>
      </trkpt>
      <trkpt lat="50.95021" lon="4.50923">
        <ele>9</ele>
      </trkpt>
      <trkpt lat="50.95117" lon="4.50908">
        <ele>9</ele>
      </trkpt>
      <trkpt lat="50.95163" lon="4.50895">
        <ele>9</ele>
      </trkpt>
      <trkpt lat="50.95408" lon="4.50719">
        <ele>8</ele>
      </trkpt>
      <trkpt lat="50.95417" lon="4.50714">
        <ele>8</ele>
      </trkpt>
      <trkpt lat="50.9543" lon="4.5071">
        <ele>8</ele>
      </trkpt>
      <trkpt lat="50.95433" lon="4.50724">
        <ele>8</ele>
      </trkpt>
      <trkpt lat="50.95485" lon="4.50854">
        <ele>8</ele>
      </trkpt>
      <trkpt lat="50.95491" lon="4.50864">
        <ele>8</ele>
      </trkpt>
      <trkpt lat="50.95502" lon="4.50869">
        <ele>8</ele>
      </trkpt>
      <trkpt lat="50.95682" lon="4.50818">
        <ele>8</ele>
      </trkpt>
      <trkpt lat="50.95697" lon="4.50819">
        <ele>8</ele>
      </trkpt>
      <trkpt lat="50.95764" lon="4.50863">
        <ele>7</ele>
      </trkpt>
      <trkpt lat="50.95889" lon="4.50931">
        <ele>7</ele>
      </trkpt>
      <trkpt lat="50.96074" lon="4.51028">
        <ele>7</ele>
      </trkpt>
      <trkpt lat="50.96104" lon="4.51045">
        <ele>7</ele>
      </trkpt>
      <trkpt lat="50.96133" lon="4.5109">
        <ele>7</ele>
      </trkpt>
      <trkpt lat="50.96148" lon="4.51101">
        <ele>7</ele>
      </trkpt>
      <trkpt lat="50.96167" lon="4.51108">
        <ele>8</ele>
      </trkpt>
      <trkpt lat="50.96188" lon="4.511">
        <ele>8</ele>
      </trkpt>
      <trkpt lat="50.96201" lon="4.51088">
        <ele>8</ele>
      </trkpt>
      <trkpt lat="50.96264" lon="4.51">
        <ele>8</ele>
      </trkpt>
      <trkpt lat="50.96281" lon="4.50985">
        <ele>8</ele>
      </trkpt>
      <trkpt lat="50.96354" lon="4.50933">
        <ele>7</ele>
      </trkpt>
      <trkpt lat="50.96353" lon="4.5091">
        <ele>7</ele>
      </trkpt>
      <trkpt lat="50.96503" lon="4.50821">
        <ele>7</ele>
      </trkpt>
      <trkpt lat="50.96537" lon="4.50801">
        <ele>7</ele>
      </trkpt>
      <trkpt lat="50.96463" lon="4.50562">
        <ele>7</ele>
      </trkpt>
      <trkpt lat="50.9644" lon="4.50483">
        <ele>7</ele>
      </trkpt>
      <trkpt lat="50.96373" lon="4.50266">
        <ele>7</ele>
      </trkpt>
      <trkpt lat="50.96368" lon="4.5024">
        <ele>7</ele>
      </trkpt>
      <trkpt lat="50.96365" lon="4.50169">
        <ele>7</ele>
      </trkpt>
      <trkpt lat="50.96356" lon="4.50036">
        <ele>6</ele>
      </trkpt>
      <trkpt lat="50.96353" lon="4.50015">
        <ele>6</ele>
      </trkpt>
      <trkpt lat="50.96337" lon="4.49967">
        <ele>6</ele>
      </trkpt>
      <trkpt lat="50.96291" lon="4.49846">
        <ele>6</ele>
      </trkpt>
      <trkpt lat="50.96252" lon="4.49756">
        <ele>6</ele>
      </trkpt>
      <trkpt lat="50.96223" lon="4.49681">
        <ele>6</ele>
      </trkpt>
      <trkpt lat="50.96206" lon="4.49626">
        <ele>6</ele>
      </trkpt>
      <trkpt lat="50.96203" lon="4.49602">
        <ele>6</ele>
      </trkpt>
      <trkpt lat="50.96205" lon="4.49588">
        <ele>7</ele>
      </trkpt>
      <trkpt lat="50.96221" lon="4.49509">
        <ele>6</ele>
      </trkpt>
      <trkpt lat="50.96235" lon="4.49453">
        <ele>6</ele>
      </trkpt>
      <trkpt lat="50.96251" lon="4.49411">
        <ele>6</ele>
      </trkpt>
      <trkpt lat="50.96513" lon="4.48889">
        <ele>11</ele>
      </trkpt>
      <trkpt lat="50.96531" lon="4.4885">
        <ele>10</ele>
      </trkpt>
      <trkpt lat="50.96538" lon="4.48829">
        <ele>9</ele>
      </trkpt>
      <trkpt lat="50.96542" lon="4.48794">
        <ele>9</ele>
      </trkpt>
      <trkpt lat="50.96559" lon="4.48791">
        <ele>9</ele>
      </trkpt>
      <trkpt lat="50.96566" lon="4.48783">
        <ele>8</ele>
      </trkpt>
      <trkpt lat="50.96902" lon="4.48114">
        <ele>7</ele>
      </trkpt>
      <trkpt lat="50.96934" lon="4.48051">
        <ele>8</ele>
      </trkpt>
      <trkpt lat="50.96945" lon="4.48021">
        <ele>8</ele>
      </trkpt>
      <trkpt lat="50.96955" lon="4.47986">
        <ele>7</ele>
      </trkpt>
      <trkpt lat="50.96958" lon="4.47968">
        <ele>6</ele>
      </trkpt>
      <trkpt lat="50.96966" lon="4.47881">
        <ele>7</ele>
      </trkpt>
      <trkpt lat="50.9698" lon="4.47885">
        <ele>7</ele>
      </trkpt>
      <trkpt lat="50.97102" lon="4.48005">
        <ele>6</ele>
      </trkpt>
      <trkpt lat="50.97106" lon="4.48008">
        <ele>6</ele>
      </trkpt>
      <trkpt lat="50.97122" lon="4.4801">
        <ele>6</ele>
      </trkpt>
      <trkpt lat="50.97142" lon="4.48006">
        <ele>6</ele>
      </trkpt>
      <trkpt lat="50.9718" lon="4.4797">
        <ele>7</ele>
      </trkpt>
      <trkpt lat="50.97212" lon="4.47952">
        <ele>8</ele>
      </trkpt>
      <trkpt lat="50.97288" lon="4.4793">
        <ele>8</ele>
      </trkpt>
      <trkpt lat="50.97298" lon="4.47931">
        <ele>9</ele>
      </trkpt>
      <trkpt lat="50.97363" lon="4.47901">
        <ele>9</ele>
      </trkpt>
      <trkpt lat="50.97405" lon="4.47878">
        <ele>9</ele>
      </trkpt>
      <trkpt lat="50.97514" lon="4.47808">
        <ele>9</ele>
      </trkpt>
      <trkpt lat="50.97665" lon="4.47711">
        <ele>8</ele>
      </trkpt>
      <trkpt lat="50.97709" lon="4.47678">
        <ele>8</ele>
      </trkpt>
      <trkpt lat="50.9773" lon="4.47654">
        <ele>7</ele>
      </trkpt>
      <trkpt lat="50.97741" lon="4.47631">
        <ele>7</ele>
      </trkpt>
      <trkpt lat="50.97754" lon="4.47591">
        <ele>7</ele>
      </trkpt>
      <trkpt lat="50.97763" lon="4.4755">
        <ele>7</ele>
      </trkpt>
      <trkpt lat="50.97772" lon="4.47517">
        <ele>7</ele>
      </trkpt>
      <trkpt lat="50.97796" lon="4.47471">
        <ele>7</ele>
      </trkpt>
      <trkpt lat="50.97806" lon="4.47458">
        <ele>7</ele>
      </trkpt>
      <trkpt lat="50.97823" lon="4.47441">
        <ele>7</ele>
      </trkpt>
      <trkpt lat="50.97949" lon="4.47327">
        <ele>7</ele>
      </trkpt>
      <trkpt lat="50.9796" lon="4.47314">
        <ele>7</ele>
      </trkpt>
      <trkpt lat="50.97974" lon="4.47289">
        <ele>7</ele>
      </trkpt>
      <trkpt lat="50.97978" lon="4.47274">
        <ele>8</ele>
      </trkpt>
      <trkpt lat="50.97984" lon="4.47189">
        <ele>8</ele>
      </trkpt>
      <trkpt lat="50.97988" lon="4.47161">
        <ele>6</ele>
      </trkpt>
      <trkpt lat="50.97992" lon="4.47153">
        <ele>6</ele>
      </trkpt>
      <trkpt lat="50.98045" lon="4.47074">
        <ele>5</ele>
      </trkpt>
      <trkpt lat="50.98127" lon="4.46959">
        <ele>6</ele>
      </trkpt>
      <trkpt lat="50.98133" lon="4.46946">
        <ele>6</ele>
      </trkpt>
      <trkpt lat="50.98267" lon="4.46762">
        <ele>8</ele>
      </trkpt>
      <trkpt lat="50.98377" lon="4.46606">
        <ele>9</ele>
      </trkpt>
      <trkpt lat="50.98398" lon="4.46577">
        <ele>8</ele>
      </trkpt>
      <trkpt lat="50.98419" lon="4.46557">
        <ele>8</ele>
      </trkpt>
      <trkpt lat="50.98479" lon="4.46519">
        <ele>8</ele>
      </trkpt>
      <trkpt lat="50.98505" lon="4.46493">
        <ele>8</ele>
      </trkpt>
      <trkpt lat="50.9854" lon="4.46443">
        <ele>9</ele>
      </trkpt>
      <trkpt lat="50.98549" lon="4.46425">
        <ele>9</ele>
      </trkpt>
      <trkpt lat="50.98562" lon="4.46382">
        <ele>9</ele>
      </trkpt>
      <trkpt lat="50.98569" lon="4.46311">
        <ele>9</ele>
      </trkpt>
      <trkpt lat="50.98574" lon="4.46277">
        <ele>9</ele>
      </trkpt>
      <trkpt lat="50.98577" lon="4.46261">
        <ele>10</ele>
      </trkpt>
      <trkpt lat="50.98582" lon="4.46246">
        <ele>10</ele>
      </trkpt>
      <trkpt lat="50.98674" lon="4.46032">
        <ele>10</ele>
      </trkpt>
      <trkpt lat="50.98718" lon="4.4592">
        <ele>10</ele>
      </trkpt>
      <trkpt lat="50.98732" lon="4.45891">
        <ele>10</ele>
      </trkpt>
      <trkpt lat="50.98757" lon="4.45842">
        <ele>11</ele>
      </trkpt>
      <trkpt lat="50.98794" lon="4.45777">
        <ele>10</ele>
      </trkpt>
      <trkpt lat="50.98846" lon="4.45715">
        <ele>10</ele>
      </trkpt>
      <trkpt lat="50.98864" lon="4.45682">
        <ele>10</ele>
      </trkpt>
      <trkpt lat="50.98878" lon="4.45645">
        <ele>10</ele>
      </trkpt>
      <trkpt lat="50.98897" lon="4.45606">
        <ele>10</ele>
      </trkpt>
      <trkpt lat="50.98947" lon="4.45536">
        <ele>8</ele>
      </trkpt>
      <trkpt lat="50.98991" lon="4.45486">
        <ele>7</ele>
      </trkpt>
      <trkpt lat="50.99092" lon="4.45398">
        <ele>7</ele>
      </trkpt>
      <trkpt lat="50.99162" lon="4.45331">
        <ele>7</ele>
      </trkpt>
      <trkpt lat="50.99191" lon="4.4529">
        <ele>7</ele>
      </trkpt>
      <trkpt lat="50.99222" lon="4.4525">
        <ele>8</ele>
      </trkpt>
      <trkpt lat="50.99353" lon="4.45098">
        <ele>10</ele>
      </trkpt>
      <trkpt lat="50.99517" lon="4.44927">
        <ele>8</ele>
      </trkpt>
      <trkpt lat="50.9964" lon="4.44798">
        <ele>7</ele>
      </trkpt>
      <trkpt lat="50.99693" lon="4.4475">
        <ele>7</ele>
      </trkpt>
      <trkpt lat="50.9973" lon="4.44727">
        <ele>7</ele>
      </trkpt>
      <trkpt lat="50.99772" lon="4.4471">
        <ele>8</ele>
      </trkpt>
      <trkpt lat="50.99822" lon="4.44694">
        <ele>8</ele>
      </trkpt>
      <trkpt lat="50.99851" lon="4.44678">
        <ele>8</ele>
      </trkpt>
      <trkpt lat="50.99908" lon="4.44635">
        <ele>7</ele>
      </trkpt>
      <trkpt lat="50.99957" lon="4.44603">
        <ele>7</ele>
      </trkpt>
      <trkpt lat="50.99994" lon="4.44588">
        <ele>6</ele>
      </trkpt>
      <trkpt lat="51.00098" lon="4.44557">
        <ele>5</ele>
      </trkpt>
      <trkpt lat="51.00134" lon="4.44535">
        <ele>5</ele>
      </trkpt>
      <trkpt lat="51.00156" lon="4.44512">
        <ele>5</ele>
      </trkpt>
      <trkpt lat="51.00207" lon="4.44436">
        <ele>6</ele>
      </trkpt>
      <trkpt lat="51.00374" lon="4.44173">
        <ele>9</ele>
      </trkpt>
      <trkpt lat="51.00401" lon="4.44135">
        <ele>9</ele>
      </trkpt>
      <trkpt lat="51.00434" lon="4.44102">
        <ele>9</ele>
      </trkpt>
      <trkpt lat="51.00444" lon="4.44096">
        <ele>9</ele>
      </trkpt>
      <trkpt lat="51.00501" lon="4.44076">
        <ele>8</ele>
      </trkpt>
      <trkpt lat="51.00501" lon="4.44075">
        <ele>8</ele>
      </trkpt>
      <trkpt lat="51.00583" lon="4.44046">
        <ele>6</ele>
      </trkpt>
      <trkpt lat="51.00615" lon="4.44029">
        <ele>5</ele>
      </trkpt>
      <trkpt lat="51.00637" lon="4.44015">
        <ele>5</ele>
      </trkpt>
      <trkpt lat="51.00665" lon="4.4399">
        <ele>5</ele>
      </trkpt>
      <trkpt lat="51.00727" lon="4.4393">
        <ele>6</ele>
      </trkpt>
      <trkpt lat="51.00751" lon="4.43912">
        <ele>6</ele>
      </trkpt>
      <trkpt lat="51.00765" lon="4.43903">
        <ele>7</ele>
      </trkpt>
      <trkpt lat="51.00797" lon="4.43899">
        <ele>7</ele>
      </trkpt>
      <trkpt lat="51.00816" lon="4.43902">
        <ele>8</ele>
      </trkpt>
      <trkpt lat="51.00826" lon="4.43907">
        <ele>8</ele>
      </trkpt>
      <trkpt lat="51.00844" lon="4.43922">
        <ele>8</ele>
      </trkpt>
      <trkpt lat="51.00912" lon="4.43997">
        <ele>9</ele>
      </trkpt>
      <trkpt lat="51.00947" lon="4.4403">
        <ele>10</ele>
      </trkpt>
      <trkpt lat="51.00988" lon="4.44052">
        <ele>10</ele>
      </trkpt>
      <trkpt lat="51.01027" lon="4.44062">
        <ele>10</ele>
      </trkpt>
      <trkpt lat="51.01149" lon="4.44068">
        <ele>8</ele>
      </trkpt>
      <trkpt lat="51.01232" lon="4.44082">
        <ele>7</ele>
      </trkpt>
      <trkpt lat="51.01276" lon="4.44092">
        <ele>7</ele>
      </trkpt>
      <trkpt lat="51.01277" lon="4.44127">
        <ele>7</ele>
      </trkpt>
      <trkpt lat="51.01282" lon="4.44158">
        <ele>6</ele>
      </trkpt>
      <trkpt lat="51.01288" lon="4.44176">
        <ele>6</ele>
      </trkpt>
      <trkpt lat="51.01297" lon="4.44198">
        <ele>6</ele>
      </trkpt>
      <trkpt lat="51.014" lon="4.44376">
        <ele>4</ele>
      </trkpt>
      <trkpt lat="51.01417" lon="4.44399">
        <ele>4</ele>
      </trkpt>
      <trkpt lat="51.01438" lon="4.44414">
        <ele>4</ele>
      </trkpt>
      <trkpt lat="51.01466" lon="4.44458">
        <ele>4</ele>
      </trkpt>
      <trkpt lat="51.01475" lon="4.44473">
        <ele>4</ele>
      </trkpt>
      <trkpt lat="51.01479" lon="4.44484">
        <ele>4</ele>
      </trkpt>
      <trkpt lat="51.015" lon="4.44624">
        <ele>4</ele>
      </trkpt>
      <trkpt lat="51.01507" lon="4.44697">
        <ele>4</ele>
      </trkpt>
      <trkpt lat="51.01509" lon="4.44743">
        <ele>3</ele>
      </trkpt>
      <trkpt lat="51.0151" lon="4.44872">
        <ele>5</ele>
      </trkpt>
      <trkpt lat="51.0151" lon="4.44879">
        <ele>5</ele>
      </trkpt>
      <trkpt lat="51.01519" lon="4.4487">
        <ele>5</ele>
      </trkpt>
      <trkpt lat="51.0156" lon="4.44838">
        <ele>6</ele>
      </trkpt>
      <trkpt lat="51.0158" lon="4.44815">
        <ele>5</ele>
      </trkpt>
      <trkpt lat="51.01632" lon="4.44741">
        <ele>5</ele>
      </trkpt>
      <trkpt lat="51.0174" lon="4.44547">
        <ele>6</ele>
      </trkpt>
      <trkpt lat="51.0177" lon="4.44504">
        <ele>6</ele>
      </trkpt>
      <trkpt lat="51.01816" lon="4.44448">
        <ele>6</ele>
      </trkpt>
      <trkpt lat="51.01861" lon="4.444">
        <ele>5</ele>
      </trkpt>
      <trkpt lat="51.01952" lon="4.4432">
        <ele>6</ele>
      </trkpt>
      <trkpt lat="51.01999" lon="4.44291">
        <ele>6</ele>
      </trkpt>
      <trkpt lat="51.02052" lon="4.44262">
        <ele>6</ele>
      </trkpt>
      <trkpt lat="51.02109" lon="4.44238">
        <ele>6</ele>
      </trkpt>
      <trkpt lat="51.0216" lon="4.4422">
        <ele>6</ele>
      </trkpt>
      <trkpt lat="51.0229" lon="4.44183">
        <ele>5</ele>
      </trkpt>
      <trkpt lat="51.02315" lon="4.4417">
        <ele>6</ele>
      </trkpt>
      <trkpt lat="51.02338" lon="4.44143">
        <ele>5</ele>
      </trkpt>
      <trkpt lat="51.02348" lon="4.44116">
        <ele>4</ele>
      </trkpt>
      <trkpt lat="51.02357" lon="4.44084">
        <ele>5</ele>
      </trkpt>
      <trkpt lat="51.02378" lon="4.43937">
        <ele>5</ele>
      </trkpt>
      <trkpt lat="51.02393" lon="4.43886">
        <ele>5</ele>
      </trkpt>
      <trkpt lat="51.02407" lon="4.43847">
        <ele>5</ele>
      </trkpt>
      <trkpt lat="51.0243" lon="4.43809">
        <ele>5</ele>
      </trkpt>
      <trkpt lat="51.02455" lon="4.43784">
        <ele>6</ele>
      </trkpt>
      <trkpt lat="51.02479" lon="4.43765">
        <ele>6</ele>
      </trkpt>
      <trkpt lat="51.02516" lon="4.43745">
        <ele>5</ele>
      </trkpt>
      <trkpt lat="51.02623" lon="4.43704">
        <ele>6</ele>
      </trkpt>
      <trkpt lat="51.02653" lon="4.4369">
        <ele>6</ele>
      </trkpt>
      <trkpt lat="51.0269" lon="4.4367">
        <ele>5</ele>
      </trkpt>
      <trkpt lat="51.02731" lon="4.43634">
        <ele>5</ele>
      </trkpt>
      <trkpt lat="51.02769" lon="4.43586">
        <ele>5</ele>
      </trkpt>
      <trkpt lat="51.02801" lon="4.4354">
        <ele>5</ele>
      </trkpt>
      <trkpt lat="51.02823" lon="4.43505">
        <ele>5</ele>
      </trkpt>
      <trkpt lat="51.02843" lon="4.43471">
        <ele>5</ele>
      </trkpt>
      <trkpt lat="51.02876" lon="4.43406">
        <ele>5</ele>
      </trkpt>
      <trkpt lat="51.03012" lon="4.43108">
        <ele>5</ele>
      </trkpt>
      <trkpt lat="51.03029" lon="4.43059">
        <ele>4</ele>
      </trkpt>
      <trkpt lat="51.03038" lon="4.43024">
        <ele>5</ele>
      </trkpt>
      <trkpt lat="51.03045" lon="4.42975">
        <ele>4</ele>
      </trkpt>
      <trkpt lat="51.0305" lon="4.42917">
        <ele>4</ele>
      </trkpt>
      <trkpt lat="51.03055" lon="4.42748">
        <ele>5</ele>
      </trkpt>
      <trkpt lat="51.03061" lon="4.4268">
        <ele>5</ele>
      </trkpt>
      <trkpt lat="51.03066" lon="4.42647">
        <ele>5</ele>
      </trkpt>
      <trkpt lat="51.03078" lon="4.42588">
        <ele>5</ele>
      </trkpt>
      <trkpt lat="51.03096" lon="4.42529">
        <ele>5</ele>
      </trkpt>
      <trkpt lat="51.03112" lon="4.42489">
        <ele>5</ele>
      </trkpt>
      <trkpt lat="51.03135" lon="4.42444">
        <ele>5</ele>
      </trkpt>
      <trkpt lat="51.0317" lon="4.42384">
        <ele>5</ele>
      </trkpt>
      <trkpt lat="51.03199" lon="4.42345">
        <ele>5</ele>
      </trkpt>
      <trkpt lat="51.03231" lon="4.42309">
        <ele>5</ele>
      </trkpt>
      <trkpt lat="51.03271" lon="4.4227">
        <ele>5</ele>
      </trkpt>
      <trkpt lat="51.03344" lon="4.42219">
        <ele>6</ele>
      </trkpt>
      <trkpt lat="51.03373" lon="4.42203">
        <ele>5</ele>
      </trkpt>
      <trkpt lat="51.03407" lon="4.42192">
        <ele>5</ele>
      </trkpt>
      <trkpt lat="51.03473" lon="4.42177">
        <ele>4</ele>
      </trkpt>
      <trkpt lat="51.03492" lon="4.42184">
        <ele>5</ele>
      </trkpt>
      <trkpt lat="51.03521" lon="4.42171">
        <ele>4</ele>
      </trkpt>
      <trkpt lat="51.03534" lon="4.4216">
        <ele>5</ele>
      </trkpt>
      <trkpt lat="51.03649" lon="4.42125">
        <ele>5</ele>
      </trkpt>
      <trkpt lat="51.03682" lon="4.42108">
        <ele>5</ele>
      </trkpt>
      <trkpt lat="51.03712" lon="4.42086">
        <ele>6</ele>
      </trkpt>
      <trkpt lat="51.03739" lon="4.42058">
        <ele>5</ele>
      </trkpt>
      <trkpt lat="51.03771" lon="4.42013">
        <ele>4</ele>
      </trkpt>
      <trkpt lat="51.03836" lon="4.41909">
        <ele>5</ele>
      </trkpt>
      <trkpt lat="51.03863" lon="4.41873">
        <ele>5</ele>
      </trkpt>
      <trkpt lat="51.03889" lon="4.41849">
        <ele>5</ele>
      </trkpt>
      <trkpt lat="51.03919" lon="4.41829">
        <ele>5</ele>
      </trkpt>
      <trkpt lat="51.03939" lon="4.4182">
        <ele>5</ele>
      </trkpt>
      <trkpt lat="51.0396" lon="4.41814">
        <ele>5</ele>
      </trkpt>
      <trkpt lat="51.03985" lon="4.41811">
        <ele>5</ele>
      </trkpt>
      <trkpt lat="51.04039" lon="4.41816">
        <ele>5</ele>
      </trkpt>
      <trkpt lat="51.04116" lon="4.41829">
        <ele>5</ele>
      </trkpt>
      <trkpt lat="51.04203" lon="4.41867">
        <ele>6</ele>
      </trkpt>
      <trkpt lat="51.04262" lon="4.41899">
        <ele>5</ele>
      </trkpt>
      <trkpt lat="51.04318" lon="4.41935">
        <ele>5</ele>
      </trkpt>
      <trkpt lat="51.04362" lon="4.41966">
        <ele>5</ele>
      </trkpt>
      <trkpt lat="51.0447" lon="4.42057">
        <ele>5</ele>
      </trkpt>
      <trkpt lat="51.04569" lon="4.42159">
        <ele>6</ele>
      </trkpt>
      <trkpt lat="51.04574" lon="4.42167">
        <ele>5</ele>
      </trkpt>
      <trkpt lat="51.04604" lon="4.42202">
        <ele>5</ele>
      </trkpt>
      <trkpt lat="51.0463" lon="4.42231">
        <ele>5</ele>
      </trkpt>
      <trkpt lat="51.0464" lon="4.42226">
        <ele>4</ele>
      </trkpt>
      <trkpt lat="51.04656" lon="4.42194">
        <ele>3</ele>
      </trkpt>
      <trkpt lat="51.04668" lon="4.42181">
        <ele>3</ele>
      </trkpt>
      <trkpt lat="51.04674" lon="4.42193">
        <ele>4</ele>
      </trkpt>
      <trkpt lat="51.04682" lon="4.42202">
        <ele>4</ele>
      </trkpt>
      <trkpt lat="51.04692" lon="4.42207">
        <ele>4</ele>
      </trkpt>
      <trkpt lat="51.04705" lon="4.42204">
        <ele>4</ele>
      </trkpt>
      <trkpt lat="51.04712" lon="4.42199">
        <ele>4</ele>
      </trkpt>
      <trkpt lat="51.04722" lon="4.4219">
        <ele>4</ele>
      </trkpt>
      <trkpt lat="51.04808" lon="4.42121">
        <ele>3</ele>
      </trkpt>
      <trkpt lat="51.04823" lon="4.42104">
        <ele>3</ele>
      </trkpt>
      <trkpt lat="51.04833" lon="4.42087">
        <ele>3</ele>
      </trkpt>
      <trkpt lat="51.04861" lon="4.42047">
        <ele>4</ele>
      </trkpt>
      <trkpt lat="51.04906" lon="4.41968">
        <ele>4</ele>
      </trkpt>
      <trkpt lat="51.04921" lon="4.41935">
        <ele>3</ele>
      </trkpt>
      <trkpt lat="51.0495" lon="4.41866">
        <ele>3</ele>
      </trkpt>
      <trkpt lat="51.04962" lon="4.41845">
        <ele>3</ele>
      </trkpt>
      <trkpt lat="51.05027" lon="4.41739">
        <ele>2</ele>
      </trkpt>
      <trkpt lat="51.05135" lon="4.41557">
        <ele>2</ele>
      </trkpt>
      <trkpt lat="51.05163" lon="4.41513">
        <ele>2</ele>
      </trkpt>
      <trkpt lat="51.05186" lon="4.41483">
        <ele>2</ele>
      </trkpt>
      <trkpt lat="51.05293" lon="4.41356">
        <ele>2</ele>
      </trkpt>
      <trkpt lat="51.05338" lon="4.413">
        <ele>1</ele>
      </trkpt>
      <trkpt lat="51.0555" lon="4.41049">
        <ele>1</ele>
      </trkpt>
      <trkpt lat="51.0559" lon="4.41011">
        <ele>1</ele>
      </trkpt>
      <trkpt lat="51.05644" lon="4.4098">
        <ele>1</ele>
      </trkpt>
      <trkpt lat="51.0571" lon="4.40965">
        <ele>0</ele>
      </trkpt>
      <trkpt lat="51.05826" lon="4.40961">
        <ele>0</ele>
      </trkpt>
      <trkpt lat="51.05878" lon="4.4094">
        <ele>0</ele>
      </trkpt>
      <trkpt lat="51.05916" lon="4.40913">
        <ele>0</ele>
      </trkpt>
      <trkpt lat="51.0596" lon="4.40864">
        <ele>0</ele>
      </trkpt>
      <trkpt lat="51.06091" lon="4.40688">
        <ele>0</ele>
      </trkpt>
      <trkpt lat="51.06153" lon="4.40605">
        <ele>0</ele>
      </trkpt>
      <trkpt lat="51.06181" lon="4.40586">
        <ele>0</ele>
      </trkpt>
      <trkpt lat="51.06215" lon="4.4057">
        <ele>0</ele>
      </trkpt>
      <trkpt lat="51.0624" lon="4.40565">
        <ele>0</ele>
      </trkpt>
      <trkpt lat="51.06257" lon="4.40566">
        <ele>0</ele>
      </trkpt>
      <trkpt lat="51.06294" lon="4.40573">
        <ele>0</ele>
      </trkpt>
      <trkpt lat="51.06487" lon="4.40616">
        <ele>0</ele>
      </trkpt>
      <trkpt lat="51.0651" lon="4.40613">
        <ele>0</ele>
      </trkpt>
      <trkpt lat="51.06541" lon="4.40605">
        <ele>0</ele>
      </trkpt>
      <trkpt lat="51.0657" lon="4.40608">
        <ele>0</ele>
      </trkpt>
      <trkpt lat="51.06589" lon="4.40614">
        <ele>0</ele>
      </trkpt>
      <trkpt lat="51.06607" lon="4.40626">
        <ele>0</ele>
      </trkpt>
      <trkpt lat="51.06651" lon="4.40664">
        <ele>0</ele>
      </trkpt>
      <trkpt lat="51.06664" lon="4.40674">
        <ele>0</ele>
      </trkpt>
      <trkpt lat="51.0667" lon="4.40672">
        <ele>0</ele>
      </trkpt>
      <trkpt lat="51.06676" lon="4.40664">
        <ele>0</ele>
      </trkpt>
      <trkpt lat="51.06716" lon="4.40559">
        <ele>0</ele>
      </trkpt>
      <trkpt lat="51.06725" lon="4.40521">
        <ele>0</ele>
      </trkpt>
      <trkpt lat="51.06731" lon="4.40488">
        <ele>0</ele>
      </trkpt>
      <trkpt lat="51.06734" lon="4.4044">
        <ele>0</ele>
      </trkpt>
      <trkpt lat="51.06727" lon="4.40309">
        <ele>0</ele>
      </trkpt>
      <trkpt lat="51.06726" lon="4.40265">
        <ele>0</ele>
      </trkpt>
      <trkpt lat="51.06727" lon="4.4023">
        <ele>0</ele>
      </trkpt>
      <trkpt lat="51.06732" lon="4.40191">
        <ele>0</ele>
      </trkpt>
      <trkpt lat="51.06739" lon="4.40148">
        <ele>0</ele>
      </trkpt>
      <trkpt lat="51.06755" lon="4.40085">
        <ele>0</ele>
      </trkpt>
      <trkpt lat="51.06763" lon="4.40043">
        <ele>0</ele>
      </trkpt>
      <trkpt lat="51.06768" lon="4.3999">
        <ele>0</ele>
      </trkpt>
      <trkpt lat="51.0677" lon="4.39932">
        <ele>0</ele>
      </trkpt>
      <trkpt lat="51.06769" lon="4.39907">
        <ele>0</ele>
      </trkpt>
      <trkpt lat="51.06766" lon="4.39877">
        <ele>0</ele>
      </trkpt>
      <trkpt lat="51.06757" lon="4.39815">
        <ele>0</ele>
      </trkpt>
      <trkpt lat="51.06753" lon="4.39778">
        <ele>0</ele>
      </trkpt>
      <trkpt lat="51.06755" lon="4.39723">
        <ele>0</ele>
      </trkpt>
      <trkpt lat="51.06763" lon="4.39662">
        <ele>0</ele>
      </trkpt>
      <trkpt lat="51.06771" lon="4.39634">
        <ele>1</ele>
      </trkpt>
      <trkpt lat="51.06789" lon="4.39583">
        <ele>0</ele>
      </trkpt>
      <trkpt lat="51.06814" lon="4.39543">
        <ele>0</ele>
      </trkpt>
      <trkpt lat="51.06841" lon="4.39513">
        <ele>0</ele>
      </trkpt>
      <trkpt lat="51.06865" lon="4.39498">
        <ele>0</ele>
      </trkpt>
      <trkpt lat="51.06945" lon="4.39461">
        <ele>0</ele>
      </trkpt>
      <trkpt lat="51.06967" lon="4.39441">
        <ele>0</ele>
      </trkpt>
      <trkpt lat="51.07009" lon="4.39403">
        <ele>0</ele>
      </trkpt>
      <trkpt lat="51.07023" lon="4.39386">
        <ele>0</ele>
      </trkpt>
      <trkpt lat="51.07039" lon="4.39361">
        <ele>0</ele>
      </trkpt>
      <trkpt lat="51.07052" lon="4.39329">
        <ele>0</ele>
      </trkpt>
      <trkpt lat="51.07056" lon="4.39303">
        <ele>0</ele>
      </trkpt>
      <trkpt lat="51.07059" lon="4.3891">
        <ele>0</ele>
      </trkpt>
      <trkpt lat="51.07064" lon="4.38547">
        <ele>0</ele>
      </trkpt>
      <trkpt lat="51.07067" lon="4.38512">
        <ele>0</ele>
      </trkpt>
      <trkpt lat="51.07168" lon="4.37942">
        <ele>0</ele>
      </trkpt>
      <trkpt lat="51.07202" lon="4.37753">
        <ele>0</ele>
      </trkpt>
      <trkpt lat="51.07205" lon="4.37703">
        <ele>0</ele>
      </trkpt>
      <trkpt lat="51.07205" lon="4.37678">
        <ele>0</ele>
      </trkpt>
      <trkpt lat="51.07201" lon="4.37636">
        <ele>0</ele>
      </trkpt>
      <trkpt lat="51.07198" lon="4.3762">
        <ele>0</ele>
      </trkpt>
      <trkpt lat="51.07194" lon="4.37599">
        <ele>0</ele>
      </trkpt>
      <trkpt lat="51.07183" lon="4.3756">
        <ele>0</ele>
      </trkpt>
      <trkpt lat="51.07175" lon="4.37539">
        <ele>0</ele>
      </trkpt>
      <trkpt lat="51.07209" lon="4.37459">
        <ele>0</ele>
      </trkpt>
      <trkpt lat="51.07209" lon="4.37446">
        <ele>0</ele>
      </trkpt>
      <trkpt lat="51.07203" lon="4.37429">
        <ele>0</ele>
      </trkpt>
      <trkpt lat="51.07204" lon="4.37417">
        <ele>0</ele>
      </trkpt>
      <trkpt lat="51.07234" lon="4.37331">
        <ele>0</ele>
      </trkpt>
      <trkpt lat="51.07271" lon="4.37246">
        <ele>0</ele>
      </trkpt>
      <trkpt lat="51.07305" lon="4.3711">
        <ele>1</ele>
      </trkpt>
      <trkpt lat="51.07314" lon="4.37085">
        <ele>1</ele>
      </trkpt>
      <trkpt lat="51.07389" lon="4.36944">
        <ele>2</ele>
      </trkpt>
      <trkpt lat="51.07404" lon="4.36907">
        <ele>2</ele>
      </trkpt>
      <trkpt lat="51.07427" lon="4.36859">
        <ele>3</ele>
      </trkpt>
      <trkpt lat="51.07472" lon="4.36744">
        <ele>2</ele>
      </trkpt>
      <trkpt lat="51.07481" lon="4.36736">
        <ele>2</ele>
      </trkpt>
      <trkpt lat="51.07495" lon="4.36727">
        <ele>2</ele>
      </trkpt>
      <trkpt lat="51.07552" lon="4.36728">
        <ele>1</ele>
      </trkpt>
      <trkpt lat="51.07583" lon="4.36705">
        <ele>1</ele>
      </trkpt>
      <trkpt lat="51.07591" lon="4.36701">
        <ele>2</ele>
      </trkpt>
      <trkpt lat="51.07598" lon="4.36701">
        <ele>2</ele>
      </trkpt>
      <trkpt lat="51.07715" lon="4.36723">
        <ele>2</ele>
      </trkpt>
      <trkpt lat="51.07759" lon="4.36728">
        <ele>2</ele>
      </trkpt>
      <trkpt lat="51.07784" lon="4.36709">
        <ele>1</ele>
      </trkpt>
      <trkpt lat="51.07792" lon="4.36705">
        <ele>2</ele>
      </trkpt>
      <trkpt lat="51.07824" lon="4.3671">
        <ele>2</ele>
      </trkpt>
      <trkpt lat="51.07835" lon="4.36704">
        <ele>2</ele>
      </trkpt>
      <trkpt lat="51.07917" lon="4.36714">
        <ele>2</ele>
      </trkpt>
      <trkpt lat="51.07988" lon="4.36722">
        <ele>2</ele>
      </trkpt>
      <trkpt lat="51.08007" lon="4.36729">
        <ele>2</ele>
      </trkpt>
      <trkpt lat="51.08042" lon="4.36723">
        <ele>2</ele>
      </trkpt>
      <trkpt lat="51.08083" lon="4.36706">
        <ele>3</ele>
      </trkpt>
      <trkpt lat="51.08087" lon="4.36649">
        <ele>3</ele>
      </trkpt>
      <trkpt lat="51.08096" lon="4.36638">
        <ele>2</ele>
      </trkpt>
      <trkpt lat="51.08101" lon="4.36631">
        <ele>2</ele>
      </trkpt>
      <trkpt lat="51.08132" lon="4.36619">
        <ele>2</ele>
      </trkpt>
      <trkpt lat="51.0817" lon="4.36606">
        <ele>3</ele>
      </trkpt>
      <trkpt lat="51.08173" lon="4.36608">
        <ele>3</ele>
      </trkpt>
      <trkpt lat="51.08191" lon="4.36616">
        <ele>5</ele>
      </trkpt>
      <trkpt lat="51.08201" lon="4.36571">
        <ele>4</ele>
      </trkpt>
      <trkpt lat="51.08204" lon="4.36539">
        <ele>4</ele>
      </trkpt>
      <trkpt lat="51.08206" lon="4.36474">
        <ele>5</ele>
      </trkpt>
      <trkpt lat="51.08219" lon="4.36398">
        <ele>4</ele>
      </trkpt>
      <trkpt lat="51.0823" lon="4.36359">
        <ele>5</ele>
      </trkpt>
      <trkpt lat="51.08273" lon="4.36261">
        <ele>4</ele>
      </trkpt>
      <trkpt lat="51.08316" lon="4.36093">
        <ele>4</ele>
      </trkpt>
      <trkpt lat="51.08335" lon="4.3602">
        <ele>5</ele>
      </trkpt>
      <trkpt lat="51.08339" lon="4.35991">
        <ele>6</ele>
      </trkpt>
      <trkpt lat="51.08338" lon="4.35981">
        <ele>9</ele>
      </trkpt>
      <trkpt lat="51.08336" lon="4.35974">
        <ele>10</ele>
      </trkpt>
      <trkpt lat="51.08355" lon="4.35967">
        <ele>6</ele>
      </trkpt>
      <trkpt lat="51.08358" lon="4.35956">
        <ele>8</ele>
      </trkpt>
      <trkpt lat="51.08532" lon="4.36109">
        <ele>4</ele>
      </trkpt>
      <trkpt lat="51.0862" lon="4.36179">
        <ele>8</ele>
      </trkpt>
      <trkpt lat="51.08649" lon="4.36206">
        <ele>10</ele>
      </trkpt>
      <trkpt lat="51.08691" lon="4.3624">
        <ele>9</ele>
      </trkpt>
      <trkpt lat="51.08707" lon="4.36244">
        <ele>9</ele>
      </trkpt>
      <trkpt lat="51.08749" lon="4.36279">
        <ele>7</ele>
      </trkpt>
      <trkpt lat="51.0879" lon="4.36319">
        <ele>7</ele>
      </trkpt>
      <trkpt lat="51.08856" lon="4.36378">
        <ele>7</ele>
      </trkpt>
      <trkpt lat="51.08931" lon="4.36442">
        <ele>8</ele>
      </trkpt>
      <trkpt lat="51.08932" lon="4.3644">
        <ele>7</ele>
      </trkpt>
      <trkpt lat="51.08932" lon="4.36442">
        <ele>8</ele>
      </trkpt>
      <trkpt lat="51.0896" lon="4.36466">
        <ele>8</ele>
      </trkpt>
      <trkpt lat="51.08956" lon="4.36483">
        <ele>8</ele>
      </trkpt>
      <trkpt lat="51.08969" lon="4.36493">
        <ele>8</ele>
      </trkpt>
      <trkpt lat="51.08964" lon="4.36506">
        <ele>8</ele>
      </trkpt>
      <trkpt lat="51.08954" lon="4.36513">
        <ele>8</ele>
      </trkpt>
      <trkpt lat="51.08818" lon="4.36546">
        <ele>8</ele>
      </trkpt>
      <trkpt lat="51.0878" lon="4.36562">
        <ele>8</ele>
      </trkpt>
      <trkpt lat="51.08794" lon="4.36665">
        <ele>8</ele>
      </trkpt>
      <trkpt lat="51.08794" lon="4.36679">
        <ele>8</ele>
      </trkpt>
      <trkpt lat="51.08773" lon="4.36728">
        <ele>8</ele>
      </trkpt>
      <trkpt lat="51.0869" lon="4.36925">
        <ele>8</ele>
      </trkpt>
      <trkpt lat="51.08687" lon="4.36937">
        <ele>8</ele>
      </trkpt>
      <trkpt lat="51.08684" lon="4.36967">
        <ele>7</ele>
      </trkpt>
      <trkpt lat="51.08683" lon="4.37011">
        <ele>7</ele>
      </trkpt>
      <trkpt lat="51.08684" lon="4.37011">
        <ele>7</ele>
      </trkpt>
      <trkpt lat="51.08713" lon="4.37095">
        <ele>8</ele>
      </trkpt>
      <trkpt lat="51.08722" lon="4.37114">
        <ele>8</ele>
      </trkpt>
      <trkpt lat="51.08737" lon="4.37138">
        <ele>9</ele>
      </trkpt>
      <trkpt lat="51.08786" lon="4.37201">
        <ele>9</ele>
      </trkpt>
      <trkpt lat="51.08808" lon="4.37226">
        <ele>10</ele>
      </trkpt>
      <trkpt lat="51.0882" lon="4.37242">
        <ele>10</ele>
      </trkpt>
      <trkpt lat="51.08924" lon="4.37362">
        <ele>11</ele>
      </trkpt>
      <trkpt lat="51.09009" lon="4.37456">
        <ele>13</ele>
      </trkpt>
      <trkpt lat="51.09009" lon="4.37455">
        <ele>13</ele>
      </trkpt>
      <trkpt lat="51.09009" lon="4.37456">
        <ele>13</ele>
      </trkpt>
      <trkpt lat="51.09051" lon="4.37491">
        <ele>14</ele>
      </trkpt>
      <trkpt lat="51.09055" lon="4.37484">
        <ele>14</ele>
      </trkpt>
      <trkpt lat="51.09074" lon="4.37469">
        <ele>14</ele>
      </trkpt>
      <trkpt lat="51.09082" lon="4.37468">
        <ele>14</ele>
      </trkpt>
      <trkpt lat="51.09088" lon="4.37476">
        <ele>14</ele>
      </trkpt>
      <trkpt lat="51.09089" lon="4.37485">
        <ele>14</ele>
      </trkpt>
      <trkpt lat="51.09085" lon="4.37497">
        <ele>14</ele>
      </trkpt>
      <trkpt lat="51.09065" lon="4.37515">
        <ele>14</ele>
      </trkpt>
      <trkpt lat="51.09059" lon="4.37516">
        <ele>14</ele>
      </trkpt>
      <trkpt lat="51.09054" lon="4.37531">
        <ele>14</ele>
      </trkpt>
      <trkpt lat="51.09045" lon="4.37552">
        <ele>14</ele>
      </trkpt>
      <trkpt lat="51.09035" lon="4.37567">
        <ele>13</ele>
      </trkpt>
      <trkpt lat="51.09021" lon="4.37579">
        <ele>13</ele>
      </trkpt>
      <trkpt lat="51.09008" lon="4.37586">
        <ele>13</ele>
      </trkpt>
      <trkpt lat="51.0899" lon="4.37587">
        <ele>13</ele>
      </trkpt>
      <trkpt lat="51.08981" lon="4.37585">
        <ele>13</ele>
      </trkpt>
      <trkpt lat="51.08963" lon="4.37574">
        <ele>12</ele>
      </trkpt>
      <trkpt lat="51.08955" lon="4.37567">
        <ele>12</ele>
      </trkpt>
      <trkpt lat="51.08948" lon="4.37562">
        <ele>12</ele>
      </trkpt>
      <trkpt lat="51.08933" lon="4.37604">
        <ele>13</ele>
      </trkpt>
      <trkpt lat="51.08923" lon="4.37627">
        <ele>13</ele>
      </trkpt>
      <trkpt lat="51.08882" lon="4.37742">
        <ele>13</ele>
      </trkpt>
      <trkpt lat="51.08876" lon="4.37741">
        <ele>13</ele>
      </trkpt>
      <trkpt lat="51.08869" lon="4.37759">
        <ele>13</ele>
      </trkpt>
      <trkpt lat="51.08862" lon="4.37775">
        <ele>13</ele>
      </trkpt>
      <trkpt lat="51.08853" lon="4.37766">
        <ele>13</ele>
      </trkpt>
      <trkpt lat="51.08842" lon="4.37766">
        <ele>12</ele>
      </trkpt>
      <trkpt lat="51.08791" lon="4.37729">
        <ele>11</ele>
      </trkpt>
      <trkpt lat="51.08739" lon="4.37693">
        <ele>10</ele>
      </trkpt>
      <trkpt lat="51.08713" lon="4.37667">
        <ele>9</ele>
      </trkpt>
      <trkpt lat="51.08704" lon="4.3765">
        <ele>9</ele>
      </trkpt>
      <trkpt lat="51.08688" lon="4.37632">
        <ele>8</ele>
      </trkpt>
      <trkpt lat="51.08685" lon="4.37647">
        <ele>7</ele>
      </trkpt>
      <trkpt lat="51.08701" lon="4.37662">
        <ele>8</ele>
      </trkpt>
      <trkpt lat="51.08708" lon="4.37676">
        <ele>7</ele>
      </trkpt>
      <trkpt lat="51.08805" lon="4.37765">
        <ele>5</ele>
      </trkpt>
      <trkpt lat="51.08827" lon="4.37787">
        <ele>5</ele>
      </trkpt>
      <trkpt lat="51.08834" lon="4.37808">
        <ele>2</ele>
      </trkpt>
      <trkpt lat="51.08846" lon="4.37822">
        <ele>2</ele>
      </trkpt>
      <trkpt lat="51.08843" lon="4.37835">
        <ele>2</ele>
      </trkpt>
      <trkpt lat="51.08852" lon="4.37884">
        <ele>2</ele>
      </trkpt>
      <trkpt lat="51.08862" lon="4.37942">
        <ele>2</ele>
      </trkpt>
      <trkpt lat="51.08863" lon="4.37949">
        <ele>2</ele>
      </trkpt>
      <trkpt lat="51.08864" lon="4.37955">
        <ele>2</ele>
      </trkpt>
      <trkpt lat="51.08852" lon="4.37972">
        <ele>2</ele>
      </trkpt>
      <trkpt lat="51.08844" lon="4.37964">
        <ele>2</ele>
      </trkpt>
      <trkpt lat="51.08787" lon="4.37907">
        <ele>2</ele>
      </trkpt>
      <trkpt lat="51.08769" lon="4.37888">
        <ele>2</ele>
      </trkpt>
      <trkpt lat="51.08762" lon="4.37905">
        <ele>1</ele>
      </trkpt>
      <trkpt lat="51.08699" lon="4.38057">
        <ele>1</ele>
      </trkpt>
      <trkpt lat="51.08685" lon="4.3809">
        <ele>1</ele>
      </trkpt>
      <trkpt lat="51.08737" lon="4.38118">
        <ele>1</ele>
      </trkpt>
      <trkpt lat="51.08783" lon="4.38143">
        <ele>2</ele>
      </trkpt>
      <trkpt lat="51.08784" lon="4.3814">
        <ele>2</ele>
      </trkpt>
      <trkpt lat="51.08803" lon="4.38151">
        <ele>2</ele>
      </trkpt>
      <trkpt lat="51.08882" lon="4.38208">
        <ele>5</ele>
      </trkpt>
      <trkpt lat="51.08964" lon="4.3827">
        <ele>4</ele>
      </trkpt>
      <trkpt lat="51.08984" lon="4.38281">
        <ele>5</ele>
      </trkpt>
      <trkpt lat="51.09005" lon="4.38288">
        <ele>6</ele>
      </trkpt>
      <trkpt lat="51.09012" lon="4.38288">
        <ele>5</ele>
      </trkpt>
      <trkpt lat="51.09034" lon="4.38288">
        <ele>4</ele>
      </trkpt>
      <trkpt lat="51.09052" lon="4.38285">
        <ele>3</ele>
      </trkpt>
      <trkpt lat="51.09059" lon="4.38288">
        <ele>3</ele>
      </trkpt>
      <trkpt lat="51.09064" lon="4.38291">
        <ele>3</ele>
      </trkpt>
      <trkpt lat="51.09077" lon="4.38316">
        <ele>2</ele>
      </trkpt>
      <trkpt lat="51.09096" lon="4.38343">
        <ele>4</ele>
      </trkpt>
      <trkpt lat="51.09113" lon="4.38358">
        <ele>3</ele>
      </trkpt>
      <trkpt lat="51.09125" lon="4.38365">
        <ele>3</ele>
      </trkpt>
      <trkpt lat="51.0912" lon="4.38403">
        <ele>5</ele>
      </trkpt>
      <trkpt lat="51.09139" lon="4.38408">
        <ele>6</ele>
      </trkpt>
      <trkpt lat="51.09147" lon="4.38412">
        <ele>7</ele>
      </trkpt>
      <trkpt lat="51.09188" lon="4.38446">
        <ele>10</ele>
      </trkpt>
      <trkpt lat="51.09201" lon="4.3845">
        <ele>10</ele>
      </trkpt>
      <trkpt lat="51.09208" lon="4.38443">
        <ele>11</ele>
      </trkpt>
      <trkpt lat="51.09225" lon="4.38403">
        <ele>11</ele>
      </trkpt>
      <trkpt lat="51.09238" lon="4.3839">
        <ele>12</ele>
      </trkpt>
      <trkpt lat="51.09247" lon="4.38387">
        <ele>12</ele>
      </trkpt>
      <trkpt lat="51.09255" lon="4.38389">
        <ele>13</ele>
      </trkpt>
      <trkpt lat="51.09263" lon="4.38397">
        <ele>14</ele>
      </trkpt>
      <trkpt lat="51.09276" lon="4.38418">
        <ele>15</ele>
      </trkpt>
      <trkpt lat="51.09291" lon="4.38456">
        <ele>17</ele>
      </trkpt>
      <trkpt lat="51.09296" lon="4.3847">
        <ele>18</ele>
      </trkpt>
      <trkpt lat="51.093" lon="4.38498">
        <ele>19</ele>
      </trkpt>
      <trkpt lat="51.093" lon="4.38509">
        <ele>19</ele>
      </trkpt>
      <trkpt lat="51.093" lon="4.38516">
        <ele>19</ele>
      </trkpt>
      <trkpt lat="51.09302" lon="4.38542">
        <ele>20</ele>
      </trkpt>
      <trkpt lat="51.09307" lon="4.38563">
        <ele>20</ele>
      </trkpt>
      <trkpt lat="51.09313" lon="4.38575">
        <ele>20</ele>
      </trkpt>
      <trkpt lat="51.09317" lon="4.38579">
        <ele>20</ele>
      </trkpt>
      <trkpt lat="51.09344" lon="4.38595">
        <ele>21</ele>
      </trkpt>
      <trkpt lat="51.09352" lon="4.38607">
        <ele>21</ele>
      </trkpt>
      <trkpt lat="51.09359" lon="4.38636">
        <ele>21</ele>
      </trkpt>
      <trkpt lat="51.09369" lon="4.38667">
        <ele>21</ele>
      </trkpt>
      <trkpt lat="51.09365" lon="4.38671">
        <ele>21</ele>
      </trkpt>
      <trkpt lat="51.09355" lon="4.38681">
        <ele>21</ele>
      </trkpt>
      <trkpt lat="51.09342" lon="4.38702">
        <ele>21</ele>
      </trkpt>
      <trkpt lat="51.09333" lon="4.38722">
        <ele>21</ele>
      </trkpt>
      <trkpt lat="51.09266" lon="4.38934">
        <ele>22</ele>
      </trkpt>
      <trkpt lat="51.09238" lon="4.39026">
        <ele>22</ele>
      </trkpt>
      <trkpt lat="51.09232" lon="4.39055">
        <ele>22</ele>
      </trkpt>
      <trkpt lat="51.09227" lon="4.39088">
        <ele>23</ele>
      </trkpt>
      <trkpt lat="51.09224" lon="4.39154">
        <ele>23</ele>
      </trkpt>
      <trkpt lat="51.09206" lon="4.39511">
        <ele>25</ele>
      </trkpt>
      <trkpt lat="51.09206" lon="4.39516">
        <ele>25</ele>
      </trkpt>
      <trkpt lat="51.09166" lon="4.39481">
        <ele>26</ele>
      </trkpt>
      <trkpt lat="51.09143" lon="4.39471">
        <ele>26</ele>
      </trkpt>
      <trkpt lat="51.09121" lon="4.39458">
        <ele>26</ele>
      </trkpt>
      <trkpt lat="51.09097" lon="4.39451">
        <ele>26</ele>
      </trkpt>
      <trkpt lat="51.09007" lon="4.39417">
        <ele>27</ele>
      </trkpt>
      <trkpt lat="51.08971" lon="4.39401">
        <ele>27</ele>
      </trkpt>
      <trkpt lat="51.08969" lon="4.39395">
        <ele>27</ele>
      </trkpt>
      <trkpt lat="51.08975" lon="4.39124">
        <ele>26</ele>
      </trkpt>
      <trkpt lat="51.08975" lon="4.39117">
        <ele>26</ele>
      </trkpt>
      <trkpt lat="51.08966" lon="4.39114">
        <ele>26</ele>
      </trkpt>
      <trkpt lat="51.08927" lon="4.39075">
        <ele>26</ele>
      </trkpt>
      <trkpt lat="51.08854" lon="4.38985">
        <ele>25</ele>
      </trkpt>
      <trkpt lat="51.08818" lon="4.38956">
        <ele>24</ele>
      </trkpt>
      <trkpt lat="51.08682" lon="4.3883">
        <ele>18</ele>
      </trkpt>
      <trkpt lat="51.08669" lon="4.38817">
        <ele>17</ele>
      </trkpt>
      <trkpt lat="51.0865" lon="4.38791">
        <ele>17</ele>
      </trkpt>
      <trkpt lat="51.08638" lon="4.38765">
        <ele>16</ele>
      </trkpt>
      <trkpt lat="51.08625" lon="4.38718">
        <ele>15</ele>
      </trkpt>
      <trkpt lat="51.08622" lon="4.38688">
        <ele>12</ele>
      </trkpt>
      <trkpt lat="51.08622" lon="4.38653">
        <ele>13</ele>
      </trkpt>
      <trkpt lat="51.08621" lon="4.38618">
        <ele>13</ele>
      </trkpt>
      <trkpt lat="51.08619" lon="4.38603">
        <ele>12</ele>
      </trkpt>
      <trkpt lat="51.08613" lon="4.38578">
        <ele>12</ele>
      </trkpt>
      <trkpt lat="51.08606" lon="4.3856">
        <ele>11</ele>
      </trkpt>
      <trkpt lat="51.08591" lon="4.38544">
        <ele>10</ele>
      </trkpt>
      <trkpt lat="51.08563" lon="4.38526">
        <ele>9</ele>
      </trkpt>
      <trkpt lat="51.08546" lon="4.38515">
        <ele>8</ele>
      </trkpt>
      <trkpt lat="51.08523" lon="4.38504">
        <ele>7</ele>
      </trkpt>
      <trkpt lat="51.08508" lon="4.38499">
        <ele>6</ele>
      </trkpt>
      <trkpt lat="51.08484" lon="4.385">
        <ele>5</ele>
      </trkpt>
      <trkpt lat="51.08457" lon="4.38494">
        <ele>5</ele>
      </trkpt>
      <trkpt lat="51.08469" lon="4.38429">
        <ele>4</ele>
      </trkpt>
      <trkpt lat="51.08477" lon="4.38378">
        <ele>5</ele>
      </trkpt>
      <trkpt lat="51.08496" lon="4.38194">
        <ele>6</ele>
      </trkpt>
      <trkpt lat="51.08511" lon="4.381">
        <ele>7</ele>
      </trkpt>
      <trkpt lat="51.08522" lon="4.38008">
        <ele>9</ele>
      </trkpt>
      <trkpt lat="51.08535" lon="4.37876">
        <ele>10</ele>
      </trkpt>
      <trkpt lat="51.08547" lon="4.37659">
        <ele>9</ele>
      </trkpt>
      <trkpt lat="51.08553" lon="4.37576">
        <ele>8</ele>
      </trkpt>
      <trkpt lat="51.08559" lon="4.37519">
        <ele>8</ele>
      </trkpt>
      <trkpt lat="51.08552" lon="4.37517">
        <ele>8</ele>
      </trkpt>
      <trkpt lat="51.08554" lon="4.37499">
        <ele>8</ele>
      </trkpt>
      <trkpt lat="51.08544" lon="4.37495">
        <ele>8</ele>
      </trkpt>
      <trkpt lat="51.08447" lon="4.37457">
        <ele>4</ele>
      </trkpt>
      <trkpt lat="51.08415" lon="4.37438">
        <ele>4</ele>
      </trkpt>
      <trkpt lat="51.08386" lon="4.37417">
        <ele>4</ele>
      </trkpt>
      <trkpt lat="51.0837" lon="4.37405">
        <ele>4</ele>
      </trkpt>
      <trkpt lat="51.08362" lon="4.37414">
        <ele>4</ele>
      </trkpt>
      <trkpt lat="51.0833" lon="4.37486">
        <ele>3</ele>
      </trkpt>
      <trkpt lat="51.08325" lon="4.37492">
        <ele>3</ele>
      </trkpt>
      <trkpt lat="51.0832" lon="4.37496">
        <ele>3</ele>
      </trkpt>
      <trkpt lat="51.08286" lon="4.37492">
        <ele>4</ele>
      </trkpt>
      <trkpt lat="51.0828" lon="4.37497">
        <ele>4</ele>
      </trkpt>
      <trkpt lat="51.08265" lon="4.37653">
        <ele>5</ele>
      </trkpt>
      <trkpt lat="51.08253" lon="4.3781">
        <ele>5</ele>
      </trkpt>
      <trkpt lat="51.08254" lon="4.37837">
        <ele>5</ele>
      </trkpt>
      <trkpt lat="51.08251" lon="4.37926">
        <ele>5</ele>
      </trkpt>
      <trkpt lat="51.08246" lon="4.38136">
        <ele>4</ele>
      </trkpt>
      <trkpt lat="51.08239" lon="4.38205">
        <ele>5</ele>
      </trkpt>
      <trkpt lat="51.0822" lon="4.38323">
        <ele>4</ele>
      </trkpt>
      <trkpt lat="51.08209" lon="4.38366">
        <ele>4</ele>
      </trkpt>
      <trkpt lat="51.08191" lon="4.38433">
        <ele>5</ele>
      </trkpt>
      <trkpt lat="51.08173" lon="4.38494">
        <ele>5</ele>
      </trkpt>
      <trkpt lat="51.0813" lon="4.38589">
        <ele>5</ele>
      </trkpt>
      <trkpt lat="51.08111" lon="4.38635">
        <ele>4</ele>
      </trkpt>
      <trkpt lat="51.08098" lon="4.38673">
        <ele>5</ele>
      </trkpt>
      <trkpt lat="51.08028" lon="4.38871">
        <ele>5</ele>
      </trkpt>
      <trkpt lat="51.0802" lon="4.38889">
        <ele>4</ele>
      </trkpt>
      <trkpt lat="51.07999" lon="4.38931">
        <ele>5</ele>
      </trkpt>
      <trkpt lat="51.0795" lon="4.38998">
        <ele>5</ele>
      </trkpt>
      <trkpt lat="51.07876" lon="4.3916">
        <ele>4</ele>
      </trkpt>
      <trkpt lat="51.07816" lon="4.3931">
        <ele>5</ele>
      </trkpt>
      <trkpt lat="51.07793" lon="4.39378">
        <ele>5</ele>
      </trkpt>
      <trkpt lat="51.07783" lon="4.39403">
        <ele>5</ele>
      </trkpt>
      <trkpt lat="51.07716" lon="4.39536">
        <ele>5</ele>
      </trkpt>
      <trkpt lat="51.07662" lon="4.39647">
        <ele>4</ele>
      </trkpt>
      <trkpt lat="51.07632" lon="4.39731">
        <ele>4</ele>
      </trkpt>
      <trkpt lat="51.07607" lon="4.39825">
        <ele>3</ele>
      </trkpt>
      <trkpt lat="51.07593" lon="4.399">
        <ele>4</ele>
      </trkpt>
      <trkpt lat="51.07587" lon="4.3995">
        <ele>4</ele>
      </trkpt>
      <trkpt lat="51.07585" lon="4.39987">
        <ele>3</ele>
      </trkpt>
      <trkpt lat="51.07588" lon="4.40076">
        <ele>4</ele>
      </trkpt>
      <trkpt lat="51.0759" lon="4.40151">
        <ele>4</ele>
      </trkpt>
      <trkpt lat="51.07594" lon="4.40194">
        <ele>4</ele>
      </trkpt>
      <trkpt lat="51.07596" lon="4.40206">
        <ele>4</ele>
      </trkpt>
      <trkpt lat="51.07607" lon="4.40247">
        <ele>4</ele>
      </trkpt>
      <trkpt lat="51.07637" lon="4.40322">
        <ele>5</ele>
      </trkpt>
      <trkpt lat="51.07653" lon="4.40341">
        <ele>5</ele>
      </trkpt>
      <trkpt lat="51.07711" lon="4.40387">
        <ele>4</ele>
      </trkpt>
      <trkpt lat="51.07728" lon="4.40407">
        <ele>4</ele>
      </trkpt>
      <trkpt lat="51.07754" lon="4.40449">
        <ele>5</ele>
      </trkpt>
      <trkpt lat="51.07766" lon="4.40473">
        <ele>5</ele>
      </trkpt>
      <trkpt lat="51.078" lon="4.40523">
        <ele>5</ele>
      </trkpt>
      <trkpt lat="51.07844" lon="4.40563">
        <ele>4</ele>
      </trkpt>
      <trkpt lat="51.07865" lon="4.40596">
        <ele>4</ele>
      </trkpt>
      <trkpt lat="51.07917" lon="4.40725">
        <ele>5</ele>
      </trkpt>
      <trkpt lat="51.07931" lon="4.40775">
        <ele>5</ele>
      </trkpt>
      <trkpt lat="51.07949" lon="4.40858">
        <ele>5</ele>
      </trkpt>
      <trkpt lat="51.07956" lon="4.40881">
        <ele>5</ele>
      </trkpt>
      <trkpt lat="51.07969" lon="4.40907">
        <ele>4</ele>
      </trkpt>
      <trkpt lat="51.07986" lon="4.40928">
        <ele>4</ele>
      </trkpt>
      <trkpt lat="51.0799" lon="4.40943">
        <ele>4</ele>
      </trkpt>
      <trkpt lat="51.07992" lon="4.4096">
        <ele>5</ele>
      </trkpt>
      <trkpt lat="51.07993" lon="4.40977">
        <ele>5</ele>
      </trkpt>
      <trkpt lat="51.07991" lon="4.41019">
        <ele>6</ele>
      </trkpt>
      <trkpt lat="51.07998" lon="4.41069">
        <ele>6</ele>
      </trkpt>
      <trkpt lat="51.08001" lon="4.41079">
        <ele>5</ele>
      </trkpt>
      <trkpt lat="51.08013" lon="4.41101">
        <ele>5</ele>
      </trkpt>
      <trkpt lat="51.08013" lon="4.41109">
        <ele>5</ele>
      </trkpt>
      <trkpt lat="51.08012" lon="4.41119">
        <ele>5</ele>
      </trkpt>
      <trkpt lat="51.08007" lon="4.41127">
        <ele>5</ele>
      </trkpt>
      <trkpt lat="51.07996" lon="4.41136">
        <ele>6</ele>
      </trkpt>
      <trkpt lat="51.07993" lon="4.41142">
        <ele>5</ele>
      </trkpt>
      <trkpt lat="51.07991" lon="4.4115">
        <ele>5</ele>
      </trkpt>
      <trkpt lat="51.0799" lon="4.41206">
        <ele>5</ele>
      </trkpt>
      <trkpt lat="51.0798" lon="4.41282">
        <ele>5</ele>
      </trkpt>
      <trkpt lat="51.07968" lon="4.41354">
        <ele>5</ele>
      </trkpt>
      <trkpt lat="51.07966" lon="4.41385">
        <ele>5</ele>
      </trkpt>
      <trkpt lat="51.07951" lon="4.41444">
        <ele>5</ele>
      </trkpt>
      <trkpt lat="51.07941" lon="4.41474">
        <ele>5</ele>
      </trkpt>
      <trkpt lat="51.07933" lon="4.41488">
        <ele>5</ele>
      </trkpt>
      <trkpt lat="51.07906" lon="4.41549">
        <ele>5</ele>
      </trkpt>
      <trkpt lat="51.07885" lon="4.41591">
        <ele>4</ele>
      </trkpt>
      <trkpt lat="51.07876" lon="4.41591">
        <ele>4</ele>
      </trkpt>
      <trkpt lat="51.07734" lon="4.418">
        <ele>5</ele>
      </trkpt>
      <trkpt lat="51.07733" lon="4.41804">
        <ele>5</ele>
      </trkpt>
      <trkpt lat="51.07734" lon="4.41822">
        <ele>5</ele>
      </trkpt>
      <trkpt lat="51.07645" lon="4.41901">
        <ele>4</ele>
      </trkpt>
      <trkpt lat="51.07548" lon="4.41981">
        <ele>5</ele>
      </trkpt>
      <trkpt lat="51.07539" lon="4.42032">
        <ele>3</ele>
      </trkpt>
      <trkpt lat="51.07533" lon="4.42024">
        <ele>3</ele>
      </trkpt>
      <trkpt lat="51.07527" lon="4.4202">
        <ele>3</ele>
      </trkpt>
      <trkpt lat="51.07505" lon="4.42022">
        <ele>4</ele>
      </trkpt>
      <trkpt lat="51.07499" lon="4.4202">
        <ele>4</ele>
      </trkpt>
      <trkpt lat="51.07476" lon="4.42034">
        <ele>4</ele>
      </trkpt>
      <trkpt lat="51.07442" lon="4.4206">
        <ele>4</ele>
      </trkpt>
      <trkpt lat="51.07422" lon="4.42095">
        <ele>4</ele>
      </trkpt>
      <trkpt lat="51.07405" lon="4.42133">
        <ele>5</ele>
      </trkpt>
      <trkpt lat="51.0739" lon="4.42178">
        <ele>4</ele>
      </trkpt>
      <trkpt lat="51.0738" lon="4.42226">
        <ele>3</ele>
      </trkpt>
      <trkpt lat="51.07377" lon="4.42247">
        <ele>4</ele>
      </trkpt>
      <trkpt lat="51.07375" lon="4.42297">
        <ele>4</ele>
      </trkpt>
      <trkpt lat="51.07375" lon="4.42316">
        <ele>4</ele>
      </trkpt>
      <trkpt lat="51.07416" lon="4.42544">
        <ele>5</ele>
      </trkpt>
      <trkpt lat="51.07411" lon="4.42538">
        <ele>5</ele>
      </trkpt>
      <trkpt lat="51.07409" lon="4.42531">
        <ele>5</ele>
      </trkpt>
      <trkpt lat="51.07395" lon="4.42451">
        <ele>5</ele>
      </trkpt>
      <trkpt lat="51.07344" lon="4.42444">
        <ele>0</ele>
      </trkpt>
      <trkpt lat="51.07259" lon="4.42431">
        <ele>5</ele>
      </trkpt>
      <trkpt lat="51.07251" lon="4.42437">
        <ele>4</ele>
      </trkpt>
      <trkpt lat="51.07297" lon="4.42444">
        <ele>5</ele>
      </trkpt>
      <trkpt lat="51.07304" lon="4.42447">
        <ele>4</ele>
      </trkpt>
      <trkpt lat="51.07308" lon="4.42455">
        <ele>4</ele>
      </trkpt>
      <trkpt lat="51.07337" lon="4.42637">
        <ele>4</ele>
      </trkpt>
      <trkpt lat="51.07345" lon="4.42675">
        <ele>4</ele>
      </trkpt>
      <trkpt lat="51.07363" lon="4.42747">
        <ele>4</ele>
      </trkpt>
      <trkpt lat="51.07386" lon="4.4281">
        <ele>4</ele>
      </trkpt>
      <trkpt lat="51.07412" lon="4.42877">
        <ele>5</ele>
      </trkpt>
      <trkpt lat="51.07429" lon="4.42918">
        <ele>4</ele>
      </trkpt>
      <trkpt lat="51.07447" lon="4.42952">
        <ele>4</ele>
      </trkpt>
      <trkpt lat="51.07506" lon="4.43027">
        <ele>4</ele>
      </trkpt>
      <trkpt lat="51.0756" lon="4.43081">
        <ele>4</ele>
      </trkpt>
      <trkpt lat="51.0763" lon="4.43146">
        <ele>4</ele>
      </trkpt>
      <trkpt lat="51.07656" lon="4.43174">
        <ele>4</ele>
      </trkpt>
      <trkpt lat="51.0768" lon="4.43206">
        <ele>4</ele>
      </trkpt>
      <trkpt lat="51.07701" lon="4.43237">
        <ele>4</ele>
      </trkpt>
      <trkpt lat="51.07727" lon="4.43284">
        <ele>4</ele>
      </trkpt>
      <trkpt lat="51.0776" lon="4.4336">
        <ele>4</ele>
      </trkpt>
      <trkpt lat="51.07771" lon="4.43392">
        <ele>4</ele>
      </trkpt>
      <trkpt lat="51.07789" lon="4.43462">
        <ele>4</ele>
      </trkpt>
      <trkpt lat="51.07805" lon="4.43562">
        <ele>4</ele>
      </trkpt>
      <trkpt lat="51.07811" lon="4.43638">
        <ele>4</ele>
      </trkpt>
      <trkpt lat="51.07809" lon="4.43715">
        <ele>4</ele>
      </trkpt>
      <trkpt lat="51.07803" lon="4.43792">
        <ele>4</ele>
      </trkpt>
      <trkpt lat="51.07791" lon="4.43868">
        <ele>3</ele>
      </trkpt>
      <trkpt lat="51.07785" lon="4.43899">
        <ele>3</ele>
      </trkpt>
      <trkpt lat="51.07773" lon="4.43946">
        <ele>3</ele>
      </trkpt>
      <trkpt lat="51.0776" lon="4.43984">
        <ele>4</ele>
      </trkpt>
      <trkpt lat="51.07746" lon="4.4402">
        <ele>4</ele>
      </trkpt>
      <trkpt lat="51.07702" lon="4.44102">
        <ele>4</ele>
      </trkpt>
      <trkpt lat="51.07674" lon="4.44139">
        <ele>4</ele>
      </trkpt>
      <trkpt lat="51.07625" lon="4.44198">
        <ele>4</ele>
      </trkpt>
      <trkpt lat="51.0759" lon="4.44228">
        <ele>5</ele>
      </trkpt>
      <trkpt lat="51.07481" lon="4.44308">
        <ele>4</ele>
      </trkpt>
      <trkpt lat="51.07425" lon="4.44345">
        <ele>5</ele>
      </trkpt>
      <trkpt lat="51.07388" lon="4.44376">
        <ele>12</ele>
      </trkpt>
      <trkpt lat="51.07355" lon="4.4441">
        <ele>11</ele>
      </trkpt>
      <trkpt lat="51.07298" lon="4.44465">
        <ele>4</ele>
      </trkpt>
      <trkpt lat="51.07262" lon="4.44515">
        <ele>4</ele>
      </trkpt>
      <trkpt lat="51.07248" lon="4.44538">
        <ele>5</ele>
      </trkpt>
      <trkpt lat="51.07208" lon="4.44617">
        <ele>4</ele>
      </trkpt>
      <trkpt lat="51.07194" lon="4.44651">
        <ele>3</ele>
      </trkpt>
      <trkpt lat="51.07179" lon="4.44692">
        <ele>4</ele>
      </trkpt>
      <trkpt lat="51.07161" lon="4.44752">
        <ele>4</ele>
      </trkpt>
      <trkpt lat="51.07144" lon="4.44826">
        <ele>4</ele>
      </trkpt>
      <trkpt lat="51.07136" lon="4.44876">
        <ele>3</ele>
      </trkpt>
      <trkpt lat="51.07129" lon="4.4493">
        <ele>4</ele>
      </trkpt>
      <trkpt lat="51.0712" lon="4.45037">
        <ele>4</ele>
      </trkpt>
      <trkpt lat="51.07118" lon="4.4509">
        <ele>3</ele>
      </trkpt>
      <trkpt lat="51.07123" lon="4.45188">
        <ele>3</ele>
      </trkpt>
      <trkpt lat="51.07129" lon="4.45251">
        <ele>4</ele>
      </trkpt>
      <trkpt lat="51.07126" lon="4.45258">
        <ele>5</ele>
      </trkpt>
      <trkpt lat="51.07127" lon="4.45264">
        <ele>6</ele>
      </trkpt>
      <trkpt lat="51.07132" lon="4.45262">
        <ele>5</ele>
      </trkpt>
      <trkpt lat="51.07134" lon="4.45273">
        <ele>5</ele>
      </trkpt>
      <trkpt lat="51.07093" lon="4.45298">
        <ele>6</ele>
      </trkpt>
      <trkpt lat="51.07027" lon="4.45354">
        <ele>3</ele>
      </trkpt>
      <trkpt lat="51.07024" lon="4.45357">
        <ele>3</ele>
      </trkpt>
      <trkpt lat="51.07033" lon="4.45364">
        <ele>3</ele>
      </trkpt>
      <trkpt lat="51.07082" lon="4.45327">
        <ele>3</ele>
      </trkpt>
      <trkpt lat="51.07134" lon="4.45303">
        <ele>4</ele>
      </trkpt>
      <trkpt lat="51.07139" lon="4.45304">
        <ele>4</ele>
      </trkpt>
      <trkpt lat="51.07142" lon="4.4531">
        <ele>4</ele>
      </trkpt>
      <trkpt lat="51.07149" lon="4.45353">
        <ele>4</ele>
      </trkpt>
      <trkpt lat="51.0715" lon="4.45359">
        <ele>4</ele>
      </trkpt>
      <trkpt lat="51.07156" lon="4.45372">
        <ele>4</ele>
      </trkpt>
      <trkpt lat="51.07184" lon="4.45479">
        <ele>4</ele>
      </trkpt>
      <trkpt lat="51.07207" lon="4.45544">
        <ele>4</ele>
      </trkpt>
      <trkpt lat="51.07288" lon="4.45751">
        <ele>5</ele>
      </trkpt>
      <trkpt lat="51.0731" lon="4.45818">
        <ele>4</ele>
      </trkpt>
      <trkpt lat="51.07327" lon="4.45883">
        <ele>3</ele>
      </trkpt>
      <trkpt lat="51.0734" lon="4.45954">
        <ele>4</ele>
      </trkpt>
      <trkpt lat="51.07348" lon="4.46008">
        <ele>4</ele>
      </trkpt>
      <trkpt lat="51.07353" lon="4.46058">
        <ele>4</ele>
      </trkpt>
      <trkpt lat="51.07353" lon="4.46113">
        <ele>4</ele>
      </trkpt>
      <trkpt lat="51.07353" lon="4.46154">
        <ele>4</ele>
      </trkpt>
      <trkpt lat="51.07348" lon="4.46212">
        <ele>4</ele>
      </trkpt>
      <trkpt lat="51.07343" lon="4.46248">
        <ele>3</ele>
      </trkpt>
      <trkpt lat="51.07329" lon="4.46325">
        <ele>4</ele>
      </trkpt>
      <trkpt lat="51.07301" lon="4.46453">
        <ele>4</ele>
      </trkpt>
      <trkpt lat="51.07286" lon="4.46524">
        <ele>3</ele>
      </trkpt>
      <trkpt lat="51.07256" lon="4.4668">
        <ele>4</ele>
      </trkpt>
      <trkpt lat="51.07249" lon="4.46739">
        <ele>3</ele>
      </trkpt>
      <trkpt lat="51.07246" lon="4.46803">
        <ele>3</ele>
      </trkpt>
      <trkpt lat="51.07248" lon="4.46859">
        <ele>4</ele>
      </trkpt>
      <trkpt lat="51.07266" lon="4.47052">
        <ele>4</ele>
      </trkpt>
      <trkpt lat="51.07274" lon="4.47121">
        <ele>3</ele>
      </trkpt>
      <trkpt lat="51.0729" lon="4.47234">
        <ele>4</ele>
      </trkpt>
      <trkpt lat="51.07317" lon="4.47405">
        <ele>5</ele>
      </trkpt>
      <trkpt lat="51.07349" lon="4.4753">
        <ele>4</ele>
      </trkpt>
      <trkpt lat="51.07374" lon="4.47598">
        <ele>4</ele>
      </trkpt>
      <trkpt lat="51.07428" lon="4.47713">
        <ele>5</ele>
      </trkpt>
      <trkpt lat="51.07454" lon="4.47761">
        <ele>4</ele>
      </trkpt>
      <trkpt lat="51.07529" lon="4.47878">
        <ele>5</ele>
      </trkpt>
      <trkpt lat="51.07595" lon="4.4797">
        <ele>5</ele>
      </trkpt>
      <trkpt lat="51.07658" lon="4.48046">
        <ele>4</ele>
      </trkpt>
      <trkpt lat="51.07721" lon="4.48127">
        <ele>3</ele>
      </trkpt>
      <trkpt lat="51.07814" lon="4.48262">
        <ele>3</ele>
      </trkpt>
      <trkpt lat="51.07864" lon="4.4834">
        <ele>5</ele>
      </trkpt>
      <trkpt lat="51.07938" lon="4.48466">
        <ele>4</ele>
      </trkpt>
      <trkpt lat="51.07981" lon="4.48535">
        <ele>4</ele>
      </trkpt>
      <trkpt lat="51.0805" lon="4.48633">
        <ele>4</ele>
      </trkpt>
      <trkpt lat="51.08115" lon="4.48718">
        <ele>5</ele>
      </trkpt>
      <trkpt lat="51.08283" lon="4.48915">
        <ele>4</ele>
      </trkpt>
      <trkpt lat="51.08314" lon="4.48955">
        <ele>4</ele>
      </trkpt>
      <trkpt lat="51.08385" lon="4.49057">
        <ele>4</ele>
      </trkpt>
      <trkpt lat="51.0844" lon="4.4916">
        <ele>4</ele>
      </trkpt>
      <trkpt lat="51.08465" lon="4.49215">
        <ele>3</ele>
      </trkpt>
      <trkpt lat="51.0848" lon="4.49257">
        <ele>4</ele>
      </trkpt>
      <trkpt lat="51.08498" lon="4.49313">
        <ele>4</ele>
      </trkpt>
      <trkpt lat="51.08528" lon="4.49442">
        <ele>3</ele>
      </trkpt>
      <trkpt lat="51.08544" lon="4.49521">
        <ele>5</ele>
      </trkpt>
      <trkpt lat="51.08574" lon="4.49617">
        <ele>4</ele>
      </trkpt>
      <trkpt lat="51.08591" lon="4.49665">
        <ele>4</ele>
      </trkpt>
      <trkpt lat="51.08614" lon="4.49719">
        <ele>4</ele>
      </trkpt>
      <trkpt lat="51.08665" lon="4.49819">
        <ele>4</ele>
      </trkpt>
      <trkpt lat="51.08692" lon="4.4986">
        <ele>4</ele>
      </trkpt>
      <trkpt lat="51.08728" lon="4.49908">
        <ele>4</ele>
      </trkpt>
      <trkpt lat="51.08763" lon="4.49949">
        <ele>5</ele>
      </trkpt>
      <trkpt lat="51.08893" lon="4.50083">
        <ele>5</ele>
      </trkpt>
      <trkpt lat="51.08953" lon="4.50152">
        <ele>4</ele>
      </trkpt>
      <trkpt lat="51.09003" lon="4.50229">
        <ele>4</ele>
      </trkpt>
      <trkpt lat="51.09026" lon="4.50271">
        <ele>5</ele>
      </trkpt>
      <trkpt lat="51.09102" lon="4.50431">
        <ele>4</ele>
      </trkpt>
      <trkpt lat="51.09157" lon="4.50533">
        <ele>4</ele>
      </trkpt>
      <trkpt lat="51.09208" lon="4.50615">
        <ele>4</ele>
      </trkpt>
      <trkpt lat="51.09225" lon="4.50638">
        <ele>5</ele>
      </trkpt>
      <trkpt lat="51.09296" lon="4.50713">
        <ele>4</ele>
      </trkpt>
      <trkpt lat="51.09323" lon="4.50737">
        <ele>5</ele>
      </trkpt>
      <trkpt lat="51.09338" lon="4.50745">
        <ele>4</ele>
      </trkpt>
      <trkpt lat="51.09382" lon="4.50761">
        <ele>5</ele>
      </trkpt>
      <trkpt lat="51.09412" lon="4.50778">
        <ele>7</ele>
      </trkpt>
      <trkpt lat="51.09467" lon="4.50794">
        <ele>5</ele>
      </trkpt>
      <trkpt lat="51.09474" lon="4.50808">
        <ele>4</ele>
      </trkpt>
      <trkpt lat="51.0948" lon="4.50804">
        <ele>4</ele>
      </trkpt>
      <trkpt lat="51.09491" lon="4.50804">
        <ele>4</ele>
      </trkpt>
      <trkpt lat="51.09497" lon="4.50796">
        <ele>4</ele>
      </trkpt>
      <trkpt lat="51.09585" lon="4.50814">
        <ele>4</ele>
      </trkpt>
      <trkpt lat="51.09643" lon="4.50831">
        <ele>4</ele>
      </trkpt>
      <trkpt lat="51.0968" lon="4.50862">
        <ele>5</ele>
      </trkpt>
      <trkpt lat="51.09695" lon="4.50873">
        <ele>5</ele>
      </trkpt>
      <trkpt lat="51.09748" lon="4.5091">
        <ele>4</ele>
      </trkpt>
      <trkpt lat="51.09774" lon="4.50941">
        <ele>4</ele>
      </trkpt>
      <trkpt lat="51.09811" lon="4.50989">
        <ele>4</ele>
      </trkpt>
      <trkpt lat="51.09845" lon="4.51038">
        <ele>4</ele>
      </trkpt>
      <trkpt lat="51.0987" lon="4.5108">
        <ele>4</ele>
      </trkpt>
      <trkpt lat="51.09893" lon="4.51129">
        <ele>4</ele>
      </trkpt>
      <trkpt lat="51.09906" lon="4.51161">
        <ele>4</ele>
      </trkpt>
      <trkpt lat="51.09928" lon="4.51241">
        <ele>4</ele>
      </trkpt>
      <trkpt lat="51.09959" lon="4.51373">
        <ele>5</ele>
      </trkpt>
      <trkpt lat="51.09975" lon="4.51437">
        <ele>4</ele>
      </trkpt>
      <trkpt lat="51.09991" lon="4.51487">
        <ele>4</ele>
      </trkpt>
      <trkpt lat="51.10012" lon="4.5155">
        <ele>4</ele>
      </trkpt>
      <trkpt lat="51.10027" lon="4.51585">
        <ele>4</ele>
      </trkpt>
      <trkpt lat="51.10066" lon="4.51666">
        <ele>4</ele>
      </trkpt>
      <trkpt lat="51.10098" lon="4.51717">
        <ele>5</ele>
      </trkpt>
      <trkpt lat="51.10133" lon="4.51763">
        <ele>5</ele>
      </trkpt>
      <trkpt lat="51.10168" lon="4.51803">
        <ele>5</ele>
      </trkpt>
      <trkpt lat="51.10245" lon="4.51875">
        <ele>5</ele>
      </trkpt>
      <trkpt lat="51.10343" lon="4.51958">
        <ele>5</ele>
      </trkpt>
      <trkpt lat="51.10413" lon="4.52032">
        <ele>5</ele>
      </trkpt>
      <trkpt lat="51.10445" lon="4.52071">
        <ele>5</ele>
      </trkpt>
      <trkpt lat="51.10562" lon="4.52243">
        <ele>5</ele>
      </trkpt>
      <trkpt lat="51.10633" lon="4.52351">
        <ele>5</ele>
      </trkpt>
      <trkpt lat="51.10694" lon="4.52457">
        <ele>4</ele>
      </trkpt>
      <trkpt lat="51.10727" lon="4.52518">
        <ele>5</ele>
      </trkpt>
      <trkpt lat="51.10787" lon="4.5265">
        <ele>5</ele>
      </trkpt>
      <trkpt lat="51.10841" lon="4.52839">
        <ele>5</ele>
      </trkpt>
      <trkpt lat="51.10865" lon="4.52911">
        <ele>5</ele>
      </trkpt>
      <trkpt lat="51.10872" lon="4.52951">
        <ele>4</ele>
      </trkpt>
      <trkpt lat="51.10907" lon="4.53192">
        <ele>4</ele>
      </trkpt>
      <trkpt lat="51.10915" lon="4.53267">
        <ele>4</ele>
      </trkpt>
      <trkpt lat="51.10924" lon="4.53349">
        <ele>4</ele>
      </trkpt>
      <trkpt lat="51.11108" lon="4.5406">
        <ele>3</ele>
      </trkpt>
      <trkpt lat="51.11123" lon="4.54078">
        <ele>3</ele>
      </trkpt>
      <trkpt lat="51.1114" lon="4.54143">
        <ele>3</ele>
      </trkpt>
      <trkpt lat="51.11149" lon="4.5418">
        <ele>3</ele>
      </trkpt>
      <trkpt lat="51.11153" lon="4.5423">
        <ele>3</ele>
      </trkpt>
      <trkpt lat="51.11158" lon="4.54254">
        <ele>4</ele>
      </trkpt>
      <trkpt lat="51.11293" lon="4.54759">
        <ele>4</ele>
      </trkpt>
      <trkpt lat="51.11382" lon="4.55104">
        <ele>4</ele>
      </trkpt>
      <trkpt lat="51.11435" lon="4.55336">
        <ele>4</ele>
      </trkpt>
      <trkpt lat="51.11604" lon="4.56113">
        <ele>4</ele>
      </trkpt>
      <trkpt lat="51.1163" lon="4.56225">
        <ele>4</ele>
      </trkpt>
      <trkpt lat="51.11665" lon="4.56388">
        <ele>3</ele>
      </trkpt>
      <trkpt lat="51.11667" lon="4.56395">
        <ele>3</ele>
      </trkpt>
      <trkpt lat="51.1176" lon="4.56815">
        <ele>3</ele>
      </trkpt>
      <trkpt lat="51.11548" lon="4.57026">
        <ele>3</ele>
      </trkpt>
      <trkpt lat="51.11543" lon="4.57033">
        <ele>3</ele>
      </trkpt>
      <trkpt lat="51.11502" lon="4.57044">
        <ele>3</ele>
      </trkpt>
      <trkpt lat="51.1148" lon="4.57056">
        <ele>3</ele>
      </trkpt>
      <trkpt lat="51.11473" lon="4.57065">
        <ele>3</ele>
      </trkpt>
      <trkpt lat="51.11424" lon="4.57153">
        <ele>4</ele>
      </trkpt>
      <trkpt lat="51.11414" lon="4.57178">
        <ele>4</ele>
      </trkpt>
      <trkpt lat="51.11406" lon="4.57204">
        <ele>4</ele>
      </trkpt>
      <trkpt lat="51.11385" lon="4.57324">
        <ele>4</ele>
      </trkpt>
      <trkpt lat="51.11371" lon="4.57369">
        <ele>4</ele>
      </trkpt>
      <trkpt lat="51.11317" lon="4.57474">
        <ele>4</ele>
      </trkpt>
      <trkpt lat="51.11308" lon="4.57487">
        <ele>4</ele>
      </trkpt>
      <trkpt lat="51.11299" lon="4.57493">
        <ele>5</ele>
      </trkpt>
      <trkpt lat="51.11288" lon="4.57493">
        <ele>5</ele>
      </trkpt>
      <trkpt lat="51.11265" lon="4.57484">
        <ele>4</ele>
      </trkpt>
      <trkpt lat="51.11088" lon="4.57419">
        <ele>5</ele>
      </trkpt>
      <trkpt lat="51.11073" lon="4.57407">
        <ele>5</ele>
      </trkpt>
      <trkpt lat="51.1106" lon="4.57387">
        <ele>5</ele>
      </trkpt>
      <trkpt lat="51.11011" lon="4.57259">
        <ele>5</ele>
      </trkpt>
      <trkpt lat="51.10997" lon="4.57235">
        <ele>5</ele>
      </trkpt>
      <trkpt lat="51.10987" lon="4.57229">
        <ele>5</ele>
      </trkpt>
      <trkpt lat="51.10862" lon="4.56975">
        <ele>5</ele>
      </trkpt>
      <trkpt lat="51.10841" lon="4.56952">
        <ele>5</ele>
      </trkpt>
      <trkpt lat="51.10694" lon="4.56817">
        <ele>4</ele>
      </trkpt>
      <trkpt lat="51.10683" lon="4.56813">
        <ele>4</ele>
      </trkpt>
      <trkpt lat="51.10675" lon="4.56816">
        <ele>4</ele>
      </trkpt>
      <trkpt lat="51.10669" lon="4.56824">
        <ele>4</ele>
      </trkpt>
      <trkpt lat="51.10609" lon="4.56935">
        <ele>3</ele>
      </trkpt>
      <trkpt lat="51.10601" lon="4.56943">
        <ele>3</ele>
      </trkpt>
      <trkpt lat="51.10588" lon="4.56949">
        <ele>3</ele>
      </trkpt>
      <trkpt lat="51.10555" lon="4.56949">
        <ele>3</ele>
      </trkpt>
      <trkpt lat="51.10522" lon="4.56947">
        <ele>3</ele>
      </trkpt>
      <trkpt lat="51.10487" lon="4.5694">
        <ele>3</ele>
      </trkpt>
      <trkpt lat="51.10473" lon="4.56931">
        <ele>3</ele>
      </trkpt>
      <trkpt lat="51.10458" lon="4.56916">
        <ele>3</ele>
      </trkpt>
      <trkpt lat="51.10446" lon="4.56894">
        <ele>4</ele>
      </trkpt>
      <trkpt lat="51.10428" lon="4.5685">
        <ele>4</ele>
      </trkpt>
      <trkpt lat="51.10419" lon="4.56825">
        <ele>4</ele>
      </trkpt>
      <trkpt lat="51.10399" lon="4.56713">
        <ele>4</ele>
      </trkpt>
      <trkpt lat="51.10374" lon="4.56572">
        <ele>4</ele>
      </trkpt>
      <trkpt lat="51.10351" lon="4.56466">
        <ele>5</ele>
      </trkpt>
      <trkpt lat="51.10349" lon="4.56459">
        <ele>5</ele>
      </trkpt>
      <trkpt lat="51.1026" lon="4.56449">
        <ele>4</ele>
      </trkpt>
      <trkpt lat="51.09907" lon="4.56457">
        <ele>5</ele>
      </trkpt>
      <trkpt lat="51.09884" lon="4.5646">
        <ele>5</ele>
      </trkpt>
      <trkpt lat="51.09869" lon="4.56464">
        <ele>5</ele>
      </trkpt>
      <trkpt lat="51.09863" lon="4.56446">
        <ele>5</ele>
      </trkpt>
      <trkpt lat="51.09832" lon="4.5645">
        <ele>5</ele>
      </trkpt>
      <trkpt lat="51.098" lon="4.56463">
        <ele>5</ele>
      </trkpt>
      <trkpt lat="51.09779" lon="4.56476">
        <ele>5</ele>
      </trkpt>
      <trkpt lat="51.09758" lon="4.56492">
        <ele>5</ele>
      </trkpt>
      <trkpt lat="51.09735" lon="4.56515">
        <ele>5</ele>
      </trkpt>
      <trkpt lat="51.09725" lon="4.56528">
        <ele>4</ele>
      </trkpt>
      <trkpt lat="51.09711" lon="4.56554">
        <ele>5</ele>
      </trkpt>
      <trkpt lat="51.09694" lon="4.56596">
        <ele>5</ele>
      </trkpt>
      <trkpt lat="51.09633" lon="4.56767">
        <ele>5</ele>
      </trkpt>
      <trkpt lat="51.09626" lon="4.56783">
        <ele>5</ele>
      </trkpt>
      <trkpt lat="51.09582" lon="4.56855">
        <ele>5</ele>
      </trkpt>
      <trkpt lat="51.09474" lon="4.57024">
        <ele>6</ele>
      </trkpt>
      <trkpt lat="51.09441" lon="4.57064">
        <ele>6</ele>
      </trkpt>
      <trkpt lat="51.09352" lon="4.57161">
        <ele>6</ele>
      </trkpt>
      <trkpt lat="51.09334" lon="4.5719">
        <ele>6</ele>
      </trkpt>
      <trkpt lat="51.09284" lon="4.57308">
        <ele>7</ele>
      </trkpt>
      <trkpt lat="51.09268" lon="4.57335">
        <ele>6</ele>
      </trkpt>
      <trkpt lat="51.09247" lon="4.57362">
        <ele>6</ele>
      </trkpt>
      <trkpt lat="51.09172" lon="4.57445">
        <ele>6</ele>
      </trkpt>
      <trkpt lat="51.09166" lon="4.5739">
        <ele>7</ele>
      </trkpt>
      <trkpt lat="51.09163" lon="4.57384">
        <ele>7</ele>
      </trkpt>
      <trkpt lat="51.09154" lon="4.57379">
        <ele>7</ele>
      </trkpt>
      <trkpt lat="51.09128" lon="4.57388">
        <ele>7</ele>
      </trkpt>
      <trkpt lat="51.09093" lon="4.57397">
        <ele>7</ele>
      </trkpt>
      <trkpt lat="51.09052" lon="4.57434">
        <ele>7</ele>
      </trkpt>
      <trkpt lat="51.09013" lon="4.57462">
        <ele>7</ele>
      </trkpt>
      <trkpt lat="51.08947" lon="4.575">
        <ele>7</ele>
      </trkpt>
      <trkpt lat="51.08933" lon="4.57504">
        <ele>7</ele>
      </trkpt>
      <trkpt lat="51.08895" lon="4.57497">
        <ele>7</ele>
      </trkpt>
      <trkpt lat="51.08873" lon="4.57502">
        <ele>7</ele>
      </trkpt>
      <trkpt lat="51.08836" lon="4.57523">
        <ele>7</ele>
      </trkpt>
      <trkpt lat="51.08822" lon="4.57527">
        <ele>7</ele>
      </trkpt>
      <trkpt lat="51.08814" lon="4.57524">
        <ele>8</ele>
      </trkpt>
      <trkpt lat="51.08791" lon="4.57501">
        <ele>8</ele>
      </trkpt>
      <trkpt lat="51.08743" lon="4.57444">
        <ele>8</ele>
      </trkpt>
      <trkpt lat="51.08719" lon="4.57405">
        <ele>8</ele>
      </trkpt>
      <trkpt lat="51.08674" lon="4.57354">
        <ele>8</ele>
      </trkpt>
      <trkpt lat="51.08657" lon="4.57341">
        <ele>9</ele>
      </trkpt>
      <trkpt lat="51.0865" lon="4.57333">
        <ele>9</ele>
      </trkpt>
      <trkpt lat="51.08654" lon="4.57271">
        <ele>9</ele>
      </trkpt>
      <trkpt lat="51.08658" lon="4.57084">
        <ele>9</ele>
      </trkpt>
      <trkpt lat="51.0866" lon="4.57051">
        <ele>9</ele>
      </trkpt>
      <trkpt lat="51.08666" lon="4.57013">
        <ele>10</ele>
      </trkpt>
      <trkpt lat="51.08678" lon="4.56954">
        <ele>10</ele>
      </trkpt>
      <trkpt lat="51.08603" lon="4.56913">
        <ele>10</ele>
      </trkpt>
      <trkpt lat="51.0859" lon="4.56901">
        <ele>10</ele>
      </trkpt>
      <trkpt lat="51.08379" lon="4.56598">
        <ele>10</ele>
      </trkpt>
      <trkpt lat="51.08279" lon="4.5645">
        <ele>11</ele>
      </trkpt>
      <trkpt lat="51.08269" lon="4.56438">
        <ele>11</ele>
      </trkpt>
      <trkpt lat="51.08255" lon="4.56428">
        <ele>11</ele>
      </trkpt>
      <trkpt lat="51.08138" lon="4.56399">
        <ele>12</ele>
      </trkpt>
      <trkpt lat="51.08022" lon="4.56313">
        <ele>13</ele>
      </trkpt>
      <trkpt lat="51.07873" lon="4.56201">
        <ele>14</ele>
      </trkpt>
      <trkpt lat="51.07859" lon="4.56196">
        <ele>14</ele>
      </trkpt>
      <trkpt lat="51.07823" lon="4.56264">
        <ele>13</ele>
      </trkpt>
      <trkpt lat="51.07681" lon="4.56533">
        <ele>12</ele>
      </trkpt>
      <trkpt lat="51.07676" lon="4.56556">
        <ele>12</ele>
      </trkpt>
      <trkpt lat="51.07675" lon="4.56596">
        <ele>12</ele>
      </trkpt>
      <trkpt lat="51.0767" lon="4.56634">
        <ele>12</ele>
      </trkpt>
      <trkpt lat="51.07608" lon="4.56858">
        <ele>13</ele>
      </trkpt>
      <trkpt lat="51.07555" lon="4.57233">
        <ele>13</ele>
      </trkpt>
      <trkpt lat="51.07553" lon="4.57257">
        <ele>14</ele>
      </trkpt>
      <trkpt lat="51.07552" lon="4.57282">
        <ele>14</ele>
      </trkpt>
      <trkpt lat="51.07558" lon="4.57473">
        <ele>14</ele>
      </trkpt>
      <trkpt lat="51.07462" lon="4.57538">
        <ele>13</ele>
      </trkpt>
      <trkpt lat="51.07407" lon="4.57575">
        <ele>13</ele>
      </trkpt>
      <trkpt lat="51.07378" lon="4.57533">
        <ele>13</ele>
      </trkpt>
      <trkpt lat="51.07329" lon="4.5748">
        <ele>13</ele>
      </trkpt>
      <trkpt lat="51.07268" lon="4.57435">
        <ele>13</ele>
      </trkpt>
      <trkpt lat="51.07212" lon="4.5739">
        <ele>14</ele>
      </trkpt>
      <trkpt lat="51.07205" lon="4.57393">
        <ele>14</ele>
      </trkpt>
      <trkpt lat="51.071" lon="4.5745">
        <ele>15</ele>
      </trkpt>
      <trkpt lat="51.06997" lon="4.57533">
        <ele>16</ele>
      </trkpt>
      <trkpt lat="51.0689" lon="4.57625">
        <ele>17</ele>
      </trkpt>
      <trkpt lat="51.06847" lon="4.57653">
        <ele>17</ele>
      </trkpt>
      <trkpt lat="51.06809" lon="4.57671">
        <ele>16</ele>
      </trkpt>
      <trkpt lat="51.06773" lon="4.57683">
        <ele>16</ele>
      </trkpt>
      <trkpt lat="51.06688" lon="4.57701">
        <ele>16</ele>
      </trkpt>
      <trkpt lat="51.06668" lon="4.57709">
        <ele>16</ele>
      </trkpt>
      <trkpt lat="51.0665" lon="4.57723">
        <ele>17</ele>
      </trkpt>
      <trkpt lat="51.06625" lon="4.57753">
        <ele>17</ele>
      </trkpt>
      <trkpt lat="51.06463" lon="4.58002">
        <ele>19</ele>
      </trkpt>
      <trkpt lat="51.06418" lon="4.58045">
        <ele>19</ele>
      </trkpt>
      <trkpt lat="51.064" lon="4.58057">
        <ele>20</ele>
      </trkpt>
      <trkpt lat="51.06367" lon="4.58066">
        <ele>20</ele>
      </trkpt>
      <trkpt lat="51.06329" lon="4.58067">
        <ele>20</ele>
      </trkpt>
      <trkpt lat="51.06308" lon="4.5807">
        <ele>20</ele>
      </trkpt>
      <trkpt lat="51.06252" lon="4.58099">
        <ele>20</ele>
      </trkpt>
      <trkpt lat="51.06247" lon="4.58101">
        <ele>20</ele>
      </trkpt>
      <trkpt lat="51.0621" lon="4.57936">
        <ele>20</ele>
      </trkpt>
      <trkpt lat="51.06204" lon="4.57917">
        <ele>20</ele>
      </trkpt>
      <trkpt lat="51.06192" lon="4.57895">
        <ele>19</ele>
      </trkpt>
      <trkpt lat="51.06183" lon="4.57886">
        <ele>19</ele>
      </trkpt>
      <trkpt lat="51.06169" lon="4.57871">
        <ele>18</ele>
      </trkpt>
      <trkpt lat="51.06135" lon="4.57841">
        <ele>18</ele>
      </trkpt>
      <trkpt lat="51.05977" lon="4.57687">
        <ele>15</ele>
      </trkpt>
      <trkpt lat="51.05964" lon="4.57672">
        <ele>14</ele>
      </trkpt>
      <trkpt lat="51.05939" lon="4.57647">
        <ele>14</ele>
      </trkpt>
      <trkpt lat="51.0591" lon="4.5762">
        <ele>14</ele>
      </trkpt>
      <trkpt lat="51.05897" lon="4.57611">
        <ele>13</ele>
      </trkpt>
      <trkpt lat="51.05703" lon="4.57423">
        <ele>10</ele>
      </trkpt>
      <trkpt lat="51.05556" lon="4.57296">
        <ele>9</ele>
      </trkpt>
      <trkpt lat="51.0555" lon="4.57294">
        <ele>9</ele>
      </trkpt>
      <trkpt lat="51.05532" lon="4.57278">
        <ele>9</ele>
      </trkpt>
      <trkpt lat="51.05521" lon="4.57264">
        <ele>9</ele>
      </trkpt>
      <trkpt lat="51.05513" lon="4.5725">
        <ele>10</ele>
      </trkpt>
      <trkpt lat="51.05511" lon="4.57253">
        <ele>10</ele>
      </trkpt>
      <trkpt lat="51.05506" lon="4.57243">
        <ele>10</ele>
      </trkpt>
      <trkpt lat="51.05503" lon="4.57238">
        <ele>10</ele>
      </trkpt>
      <trkpt lat="51.05505" lon="4.57235">
        <ele>10</ele>
      </trkpt>
      <trkpt lat="51.05499" lon="4.57215">
        <ele>10</ele>
      </trkpt>
      <trkpt lat="51.05494" lon="4.57186">
        <ele>10</ele>
      </trkpt>
      <trkpt lat="51.05492" lon="4.57164">
        <ele>10</ele>
      </trkpt>
      <trkpt lat="51.05494" lon="4.57132">
        <ele>10</ele>
      </trkpt>
      <trkpt lat="51.05497" lon="4.57116">
        <ele>10</ele>
      </trkpt>
      <trkpt lat="51.05536" lon="4.56749">
        <ele>10</ele>
      </trkpt>
      <trkpt lat="51.0555" lon="4.5662">
        <ele>11</ele>
      </trkpt>
      <trkpt lat="51.05524" lon="4.56593">
        <ele>11</ele>
      </trkpt>
      <trkpt lat="51.05514" lon="4.56587">
        <ele>11</ele>
      </trkpt>
      <trkpt lat="51.05421" lon="4.56564">
        <ele>11</ele>
      </trkpt>
      <trkpt lat="51.05348" lon="4.56542">
        <ele>11</ele>
      </trkpt>
      <trkpt lat="51.05202" lon="4.56511">
        <ele>9</ele>
      </trkpt>
      <trkpt lat="51.05048" lon="4.56473">
        <ele>7</ele>
      </trkpt>
      <trkpt lat="51.04818" lon="4.56415">
        <ele>6</ele>
      </trkpt>
      <trkpt lat="51.04799" lon="4.56402">
        <ele>6</ele>
      </trkpt>
      <trkpt lat="51.04783" lon="4.56384">
        <ele>6</ele>
      </trkpt>
      <trkpt lat="51.04767" lon="4.5636">
        <ele>6</ele>
      </trkpt>
      <trkpt lat="51.04761" lon="4.56346">
        <ele>6</ele>
      </trkpt>
      <trkpt lat="51.04752" lon="4.5632">
        <ele>6</ele>
      </trkpt>
      <trkpt lat="51.04744" lon="4.56278">
        <ele>6</ele>
      </trkpt>
      <trkpt lat="51.04735" lon="4.56054">
        <ele>5</ele>
      </trkpt>
      <trkpt lat="51.04727" lon="4.5595">
        <ele>6</ele>
      </trkpt>
      <trkpt lat="51.04722" lon="4.55905">
        <ele>6</ele>
      </trkpt>
      <trkpt lat="51.04716" lon="4.55875">
        <ele>6</ele>
      </trkpt>
      <trkpt lat="51.04706" lon="4.5584">
        <ele>6</ele>
      </trkpt>
      <trkpt lat="51.04695" lon="4.55811">
        <ele>6</ele>
      </trkpt>
      <trkpt lat="51.04679" lon="4.55779">
        <ele>6</ele>
      </trkpt>
      <trkpt lat="51.04628" lon="4.55703">
        <ele>6</ele>
      </trkpt>
      <trkpt lat="51.04582" lon="4.5564">
        <ele>6</ele>
      </trkpt>
      <trkpt lat="51.04556" lon="4.55616">
        <ele>6</ele>
      </trkpt>
      <trkpt lat="51.04532" lon="4.55599">
        <ele>6</ele>
      </trkpt>
      <trkpt lat="51.04502" lon="4.55587">
        <ele>6</ele>
      </trkpt>
      <trkpt lat="51.04404" lon="4.55557">
        <ele>6</ele>
      </trkpt>
      <trkpt lat="51.0438" lon="4.55543">
        <ele>6</ele>
      </trkpt>
      <trkpt lat="51.04147" lon="4.55314">
        <ele>5</ele>
      </trkpt>
      <trkpt lat="51.04114" lon="4.5529">
        <ele>5</ele>
      </trkpt>
      <trkpt lat="51.04057" lon="4.55268">
        <ele>5</ele>
      </trkpt>
      <trkpt lat="51.03861" lon="4.55193">
        <ele>5</ele>
      </trkpt>
      <trkpt lat="51.03839" lon="4.55185">
        <ele>5</ele>
      </trkpt>
      <trkpt lat="51.03812" lon="4.55178">
        <ele>5</ele>
      </trkpt>
      <trkpt lat="51.03774" lon="4.55178">
        <ele>5</ele>
      </trkpt>
      <trkpt lat="51.03597" lon="4.55187">
        <ele>5</ele>
      </trkpt>
      <trkpt lat="51.03605" lon="4.54999">
        <ele>5</ele>
      </trkpt>
      <trkpt lat="51.03604" lon="4.54972">
        <ele>4</ele>
      </trkpt>
      <trkpt lat="51.03597" lon="4.54868">
        <ele>5</ele>
      </trkpt>
      <trkpt lat="51.03589" lon="4.5476">
        <ele>5</ele>
      </trkpt>
      <trkpt lat="51.03554" lon="4.54528">
        <ele>4</ele>
      </trkpt>
      <trkpt lat="51.03526" lon="4.5426">
        <ele>4</ele>
      </trkpt>
      <trkpt lat="51.0351" lon="4.54182">
        <ele>4</ele>
      </trkpt>
      <trkpt lat="51.03463" lon="4.53997">
        <ele>5</ele>
      </trkpt>
      <trkpt lat="51.03433" lon="4.53852">
        <ele>4</ele>
      </trkpt>
      <trkpt lat="51.03404" lon="4.53665">
        <ele>4</ele>
      </trkpt>
      <trkpt lat="51.03283" lon="4.53728">
        <ele>5</ele>
      </trkpt>
      <trkpt lat="51.03026" lon="4.53865">
        <ele>5</ele>
      </trkpt>
      <trkpt lat="51.02999" lon="4.5388">
        <ele>5</ele>
      </trkpt>
      <trkpt lat="51.02987" lon="4.53894">
        <ele>4</ele>
      </trkpt>
      <trkpt lat="51.02883" lon="4.53722">
        <ele>5</ele>
      </trkpt>
      <trkpt lat="51.02867" lon="4.53689">
        <ele>4</ele>
      </trkpt>
      <trkpt lat="51.02848" lon="4.5364">
        <ele>4</ele>
      </trkpt>
      <trkpt lat="51.02794" lon="4.53532">
        <ele>4</ele>
      </trkpt>
      <trkpt lat="51.02765" lon="4.53487">
        <ele>4</ele>
      </trkpt>
      <trkpt lat="51.02753" lon="4.5348">
        <ele>4</ele>
      </trkpt>
      <trkpt lat="51.02669" lon="4.53468">
        <ele>5</ele>
      </trkpt>
      <trkpt lat="51.02661" lon="4.53461">
        <ele>5</ele>
      </trkpt>
      <trkpt lat="51.02654" lon="4.53463">
        <ele>5</ele>
      </trkpt>
      <trkpt lat="51.02644" lon="4.53481">
        <ele>5</ele>
      </trkpt>
      <trkpt lat="51.02638" lon="4.53467">
        <ele>5</ele>
      </trkpt>
      <trkpt lat="51.02623" lon="4.5346">
        <ele>5</ele>
      </trkpt>
      <trkpt lat="51.02614" lon="4.53454">
        <ele>5</ele>
      </trkpt>
      <trkpt lat="51.02597" lon="4.53411">
        <ele>4</ele>
      </trkpt>
      <trkpt lat="51.02538" lon="4.53265">
        <ele>5</ele>
      </trkpt>
      <trkpt lat="51.0252" lon="4.53226">
        <ele>5</ele>
      </trkpt>
      <trkpt lat="51.02493" lon="4.53192">
        <ele>5</ele>
      </trkpt>
      <trkpt lat="51.02439" lon="4.53142">
        <ele>5</ele>
      </trkpt>
      <trkpt lat="51.02419" lon="4.5312">
        <ele>5</ele>
      </trkpt>
      <trkpt lat="51.02388" lon="4.53073">
        <ele>5</ele>
      </trkpt>
      <trkpt lat="51.02376" lon="4.53064">
        <ele>5</ele>
      </trkpt>
      <trkpt lat="51.02366" lon="4.5306">
        <ele>4</ele>
      </trkpt>
      <trkpt lat="51.02341" lon="4.53058">
        <ele>4</ele>
      </trkpt>
      <trkpt lat="51.02282" lon="4.53057">
        <ele>4</ele>
      </trkpt>
      <trkpt lat="51.02269" lon="4.53047">
        <ele>4</ele>
      </trkpt>
      <trkpt lat="51.02258" lon="4.53034">
        <ele>4</ele>
      </trkpt>
      <trkpt lat="51.02246" lon="4.53011">
        <ele>4</ele>
      </trkpt>
      <trkpt lat="51.0221" lon="4.52931">
        <ele>3</ele>
      </trkpt>
      <trkpt lat="51.02168" lon="4.52838">
        <ele>3</ele>
      </trkpt>
      <trkpt lat="51.02132" lon="4.52781">
        <ele>2</ele>
      </trkpt>
      <trkpt lat="51.02064" lon="4.5268">
        <ele>3</ele>
      </trkpt>
      <trkpt lat="51.02049" lon="4.52666">
        <ele>3</ele>
      </trkpt>
      <trkpt lat="51.02041" lon="4.52664">
        <ele>3</ele>
      </trkpt>
      <trkpt lat="51.02031" lon="4.52666">
        <ele>3</ele>
      </trkpt>
      <trkpt lat="51.01713" lon="4.52866">
        <ele>3</ele>
      </trkpt>
      <trkpt lat="51.01605" lon="4.52931">
        <ele>3</ele>
      </trkpt>
      <trkpt lat="51.01462" lon="4.52811">
        <ele>3</ele>
      </trkpt>
      <trkpt lat="51.0109" lon="4.52498">
        <ele>4</ele>
      </trkpt>
      <trkpt lat="51.01082" lon="4.52491">
        <ele>4</ele>
      </trkpt>
      <trkpt lat="51.01071" lon="4.5247">
        <ele>4</ele>
      </trkpt>
      <trkpt lat="51.01077" lon="4.52445">
        <ele>4</ele>
      </trkpt>
      <trkpt lat="51.0111" lon="4.52299">
        <ele>3</ele>
      </trkpt>
      <trkpt lat="51.01137" lon="4.52211">
        <ele>4</ele>
      </trkpt>
      <trkpt lat="51.01148" lon="4.52184">
        <ele>4</ele>
      </trkpt>
      <trkpt lat="51.01162" lon="4.52159">
        <ele>5</ele>
      </trkpt>
      <trkpt lat="51.01164" lon="4.52143">
        <ele>5</ele>
      </trkpt>
      <trkpt lat="51.01162" lon="4.52134">
        <ele>5</ele>
      </trkpt>
      <trkpt lat="51.01159" lon="4.52126">
        <ele>5</ele>
      </trkpt>
      <trkpt lat="51.0111" lon="4.52047">
        <ele>5</ele>
      </trkpt>
      <trkpt lat="51.01091" lon="4.52027">
        <ele>5</ele>
      </trkpt>
      <trkpt lat="51.01025" lon="4.51978">
        <ele>6</ele>
      </trkpt>
      <trkpt lat="51.00981" lon="4.51945">
        <ele>7</ele>
      </trkpt>
      <trkpt lat="51.0098" lon="4.51944">
        <ele>7</ele>
      </trkpt>
      <trkpt lat="51.00818" lon="4.52269">
        <ele>6</ele>
      </trkpt>
      <trkpt lat="51.00745" lon="4.52394">
        <ele>5</ele>
      </trkpt>
      <trkpt lat="51.00718" lon="4.52444">
        <ele>4</ele>
      </trkpt>
      <trkpt lat="51.00678" lon="4.52546">
        <ele>3</ele>
      </trkpt>
      <trkpt lat="51.00649" lon="4.52608">
        <ele>3</ele>
      </trkpt>
      <trkpt lat="51.00629" lon="4.52641">
        <ele>3</ele>
      </trkpt>
      <trkpt lat="51.0059" lon="4.52698">
        <ele>2</ele>
      </trkpt>
      <trkpt lat="51.00567" lon="4.52723">
        <ele>3</ele>
      </trkpt>
      <trkpt lat="51.00492" lon="4.52782">
        <ele>3</ele>
      </trkpt>
      <trkpt lat="51.00459" lon="4.52798">
        <ele>3</ele>
      </trkpt>
      <trkpt lat="51.0044" lon="4.52811">
        <ele>3</ele>
      </trkpt>
      <trkpt lat="51.00394" lon="4.52854">
        <ele>3</ele>
      </trkpt>
      <trkpt lat="51.00368" lon="4.52878">
        <ele>3</ele>
      </trkpt>
      <trkpt lat="51.00308" lon="4.52941">
        <ele>3</ele>
      </trkpt>
      <trkpt lat="51.0027" lon="4.53008">
        <ele>3</ele>
      </trkpt>
      <trkpt lat="51.00227" lon="4.53067">
        <ele>3</ele>
      </trkpt>
      <trkpt lat="51.00218" lon="4.53075">
        <ele>3</ele>
      </trkpt>
      <trkpt lat="51.00181" lon="4.53093">
        <ele>4</ele>
      </trkpt>
      <trkpt lat="51.0016" lon="4.53105">
        <ele>4</ele>
      </trkpt>
      <trkpt lat="51.00151" lon="4.53108">
        <ele>4</ele>
      </trkpt>
      <trkpt lat="51.00139" lon="4.53144">
        <ele>4</ele>
      </trkpt>
      <trkpt lat="51.00134" lon="4.5317">
        <ele>4</ele>
      </trkpt>
      <trkpt lat="51.00134" lon="4.53238">
        <ele>4</ele>
      </trkpt>
      <trkpt lat="51.00133" lon="4.53267">
        <ele>4</ele>
      </trkpt>
      <trkpt lat="51.00097" lon="4.53385">
        <ele>5</ele>
      </trkpt>
      <trkpt lat="50.99999" lon="4.53635">
        <ele>5</ele>
      </trkpt>
      <trkpt lat="50.9994" lon="4.53798">
        <ele>5</ele>
      </trkpt>
      <trkpt lat="50.99915" lon="4.53839">
        <ele>5</ele>
      </trkpt>
      <trkpt lat="50.99905" lon="4.5385">
        <ele>5</ele>
      </trkpt>
      <trkpt lat="50.99842" lon="4.53901">
        <ele>5</ele>
      </trkpt>
      <trkpt lat="50.99816" lon="4.53924">
        <ele>5</ele>
      </trkpt>
      <trkpt lat="50.99801" lon="4.53925">
        <ele>5</ele>
      </trkpt>
      <trkpt lat="50.99791" lon="4.53998">
        <ele>5</ele>
      </trkpt>
      <trkpt lat="50.99726" lon="4.54361">
        <ele>5</ele>
      </trkpt>
      <trkpt lat="50.99708" lon="4.54504">
        <ele>6</ele>
      </trkpt>
      <trkpt lat="50.99699" lon="4.54592">
        <ele>6</ele>
      </trkpt>
      <trkpt lat="50.99693" lon="4.54705">
        <ele>6</ele>
      </trkpt>
      <trkpt lat="50.99686" lon="4.54794">
        <ele>7</ele>
      </trkpt>
      <trkpt lat="50.99679" lon="4.54832">
        <ele>7</ele>
      </trkpt>
      <trkpt lat="50.9967" lon="4.5487">
        <ele>7</ele>
      </trkpt>
      <trkpt lat="50.99648" lon="4.54932">
        <ele>7</ele>
      </trkpt>
      <trkpt lat="50.99634" lon="4.54961">
        <ele>7</ele>
      </trkpt>
      <trkpt lat="50.99616" lon="4.54993">
        <ele>7</ele>
      </trkpt>
      <trkpt lat="50.99513" lon="4.55124">
        <ele>8</ele>
      </trkpt>
      <trkpt lat="50.99439" lon="4.55217">
        <ele>8</ele>
      </trkpt>
      <trkpt lat="50.99362" lon="4.5532">
        <ele>8</ele>
      </trkpt>
      <trkpt lat="50.99336" lon="4.55373">
        <ele>8</ele>
      </trkpt>
      <trkpt lat="50.99319" lon="4.55417">
        <ele>9</ele>
      </trkpt>
      <trkpt lat="50.9931" lon="4.55434">
        <ele>9</ele>
      </trkpt>
      <trkpt lat="50.99265" lon="4.55467">
        <ele>9</ele>
      </trkpt>
      <trkpt lat="50.9926" lon="4.55474">
        <ele>9</ele>
      </trkpt>
      <trkpt lat="50.99257" lon="4.55481">
        <ele>9</ele>
      </trkpt>
      <trkpt lat="50.99256" lon="4.55514">
        <ele>8</ele>
      </trkpt>
      <trkpt lat="50.99249" lon="4.55525">
        <ele>8</ele>
      </trkpt>
      <trkpt lat="50.9923" lon="4.55535">
        <ele>9</ele>
      </trkpt>
      <trkpt lat="50.99206" lon="4.55559">
        <ele>9</ele>
      </trkpt>
      <trkpt lat="50.99142" lon="4.55631">
        <ele>8</ele>
      </trkpt>
      <trkpt lat="50.99002" lon="4.55716">
        <ele>7</ele>
      </trkpt>
      <trkpt lat="50.98979" lon="4.55733">
        <ele>7</ele>
      </trkpt>
      <trkpt lat="50.98975" lon="4.55739">
        <ele>7</ele>
      </trkpt>
      <trkpt lat="50.98976" lon="4.55744">
        <ele>7</ele>
      </trkpt>
      <trkpt lat="50.98973" lon="4.55755">
        <ele>7</ele>
      </trkpt>
      <trkpt lat="50.98719" lon="4.56251">
        <ele>7</ele>
      </trkpt>
      <trkpt lat="50.98691" lon="4.56317">
        <ele>7</ele>
      </trkpt>
      <trkpt lat="50.98687" lon="4.56313">
        <ele>7</ele>
      </trkpt>
      <trkpt lat="50.98574" lon="4.56559">
        <ele>8</ele>
      </trkpt>
      <trkpt lat="50.98423" lon="4.56906">
        <ele>7</ele>
      </trkpt>
      <trkpt lat="50.98423" lon="4.56915">
        <ele>7</ele>
      </trkpt>
      <trkpt lat="50.98367" lon="4.56943">
        <ele>7</ele>
      </trkpt>
      <trkpt lat="50.98288" lon="4.56973">
        <ele>6</ele>
      </trkpt>
      <trkpt lat="50.98267" lon="4.56977">
        <ele>6</ele>
      </trkpt>
      <trkpt lat="50.98215" lon="4.5698">
        <ele>6</ele>
      </trkpt>
      <trkpt lat="50.9819" lon="4.5699">
        <ele>6</ele>
      </trkpt>
      <trkpt lat="50.98136" lon="4.56922">
        <ele>6</ele>
      </trkpt>
      <trkpt lat="50.98044" lon="4.56816">
        <ele>7</ele>
      </trkpt>
      <trkpt lat="50.9798" lon="4.56736">
        <ele>7</ele>
      </trkpt>
      <trkpt lat="50.97938" lon="4.56671">
        <ele>7</ele>
      </trkpt>
      <trkpt lat="50.97931" lon="4.56659">
        <ele>7</ele>
      </trkpt>
      <trkpt lat="50.97807" lon="4.56385">
        <ele>6</ele>
      </trkpt>
      <trkpt lat="50.97775" lon="4.56335">
        <ele>6</ele>
      </trkpt>
      <trkpt lat="50.9774" lon="4.56285">
        <ele>6</ele>
      </trkpt>
      <trkpt lat="50.97601" lon="4.56116">
        <ele>8</ele>
      </trkpt>
      <trkpt lat="50.97543" lon="4.56018">
        <ele>8</ele>
      </trkpt>
      <trkpt lat="50.97506" lon="4.5597">
        <ele>7</ele>
      </trkpt>
      <trkpt lat="50.97468" lon="4.55912">
        <ele>9</ele>
      </trkpt>
      <trkpt lat="50.97448" lon="4.55877">
        <ele>9</ele>
      </trkpt>
      <trkpt lat="50.97433" lon="4.55857">
        <ele>9</ele>
      </trkpt>
      <trkpt lat="50.97412" lon="4.55839">
        <ele>8</ele>
      </trkpt>
      <trkpt lat="50.97397" lon="4.55833">
        <ele>8</ele>
      </trkpt>
      <trkpt lat="50.97273" lon="4.55812">
        <ele>8</ele>
      </trkpt>
      <trkpt lat="50.97237" lon="4.55821">
        <ele>8</ele>
      </trkpt>
      <trkpt lat="50.97095" lon="4.55878">
        <ele>9</ele>
      </trkpt>
      <trkpt lat="50.97063" lon="4.559">
        <ele>9</ele>
      </trkpt>
      <trkpt lat="50.97017" lon="4.55942">
        <ele>9</ele>
      </trkpt>
      <trkpt lat="50.96971" lon="4.55978">
        <ele>8</ele>
      </trkpt>
      <trkpt lat="50.9694" lon="4.55987">
        <ele>8</ele>
      </trkpt>
      <trkpt lat="50.96924" lon="4.55982">
        <ele>8</ele>
      </trkpt>
      <trkpt lat="50.96909" lon="4.55973">
        <ele>8</ele>
      </trkpt>
      <trkpt lat="50.96896" lon="4.55959">
        <ele>8</ele>
      </trkpt>
      <trkpt lat="50.96871" lon="4.55925">
        <ele>9</ele>
      </trkpt>
      <trkpt lat="50.96861" lon="4.55918">
        <ele>9</ele>
      </trkpt>
      <trkpt lat="50.96842" lon="4.55912">
        <ele>9</ele>
      </trkpt>
      <trkpt lat="50.96799" lon="4.5592">
        <ele>9</ele>
      </trkpt>
      <trkpt lat="50.96786" lon="4.55927">
        <ele>9</ele>
      </trkpt>
      <trkpt lat="50.96777" lon="4.55935">
        <ele>9</ele>
      </trkpt>
      <trkpt lat="50.96749" lon="4.55971">
        <ele>9</ele>
      </trkpt>
      <trkpt lat="50.96641" lon="4.56086">
        <ele>9</ele>
      </trkpt>
      <trkpt lat="50.96601" lon="4.56122">
        <ele>9</ele>
      </trkpt>
      <trkpt lat="50.965" lon="4.56219">
        <ele>9</ele>
      </trkpt>
      <trkpt lat="50.96488" lon="4.56233">
        <ele>9</ele>
      </trkpt>
      <trkpt lat="50.96461" lon="4.56273">
        <ele>9</ele>
      </trkpt>
      <trkpt lat="50.96455" lon="4.56278">
        <ele>9</ele>
      </trkpt>
      <trkpt lat="50.9645" lon="4.56275">
        <ele>9</ele>
      </trkpt>
      <trkpt lat="50.96352" lon="4.56123">
        <ele>10</ele>
      </trkpt>
      <trkpt lat="50.96291" lon="4.56046">
        <ele>10</ele>
      </trkpt>
      <trkpt lat="50.96275" lon="4.56022">
        <ele>9</ele>
      </trkpt>
      <trkpt lat="50.96214" lon="4.55804">
        <ele>10</ele>
      </trkpt>
      <trkpt lat="50.96205" lon="4.55789">
        <ele>10</ele>
      </trkpt>
      <trkpt lat="50.96089" lon="4.55684">
        <ele>10</ele>
      </trkpt>
      <trkpt lat="50.96031" lon="4.55653">
        <ele>10</ele>
      </trkpt>
      <trkpt lat="50.95977" lon="4.55608">
        <ele>10</ele>
      </trkpt>
      <trkpt lat="50.95962" lon="4.55609">
        <ele>10</ele>
      </trkpt>
      <trkpt lat="50.95884" lon="4.55652">
        <ele>9</ele>
      </trkpt>
      <trkpt lat="50.95871" lon="4.55652">
        <ele>9</ele>
      </trkpt>
      <trkpt lat="50.95863" lon="4.55648">
        <ele>9</ele>
      </trkpt>
      <trkpt lat="50.95841" lon="4.55624">
        <ele>10</ele>
      </trkpt>
      <trkpt lat="50.95774" lon="4.55544">
        <ele>10</ele>
      </trkpt>
      <trkpt lat="50.95754" lon="4.55515">
        <ele>10</ele>
      </trkpt>
      <trkpt lat="50.95747" lon="4.55511">
        <ele>10</ele>
      </trkpt>
      <trkpt lat="50.95744" lon="4.55512">
        <ele>10</ele>
      </trkpt>
      <trkpt lat="50.95666" lon="4.55542">
        <ele>9</ele>
      </trkpt>
      <trkpt lat="50.95647" lon="4.55554">
        <ele>9</ele>
      </trkpt>
      <trkpt lat="50.95634" lon="4.5557">
        <ele>9</ele>
      </trkpt>
      <trkpt lat="50.95621" lon="4.5559">
        <ele>9</ele>
      </trkpt>
      <trkpt lat="50.95616" lon="4.55605">
        <ele>9</ele>
      </trkpt>
      <trkpt lat="50.95594" lon="4.55681">
        <ele>9</ele>
      </trkpt>
      <trkpt lat="50.95577" lon="4.55733">
        <ele>9</ele>
      </trkpt>
      <trkpt lat="50.95562" lon="4.5577">
        <ele>9</ele>
      </trkpt>
      <trkpt lat="50.95544" lon="4.55807">
        <ele>9</ele>
      </trkpt>
      <trkpt lat="50.95424" lon="4.5603">
        <ele>9</ele>
      </trkpt>
      <trkpt lat="50.95404" lon="4.56065">
        <ele>9</ele>
      </trkpt>
      <trkpt lat="50.95327" lon="4.56139">
        <ele>9</ele>
      </trkpt>
      <trkpt lat="50.95146" lon="4.56298">
        <ele>10</ele>
      </trkpt>
      <trkpt lat="50.95075" lon="4.56349">
        <ele>11</ele>
      </trkpt>
      <trkpt lat="50.95043" lon="4.56367">
        <ele>10</ele>
      </trkpt>
      <trkpt lat="50.94984" lon="4.56395">
        <ele>10</ele>
      </trkpt>
      <trkpt lat="50.94761" lon="4.56474">
        <ele>10</ele>
      </trkpt>
      <trkpt lat="50.94748" lon="4.56477">
        <ele>10</ele>
      </trkpt>
      <trkpt lat="50.94537" lon="4.56474">
        <ele>11</ele>
      </trkpt>
      <trkpt lat="50.94515" lon="4.56469">
        <ele>11</ele>
      </trkpt>
      <trkpt lat="50.94477" lon="4.56446">
        <ele>11</ele>
      </trkpt>
      <trkpt lat="50.94458" lon="4.56437">
        <ele>11</ele>
      </trkpt>
      <trkpt lat="50.94447" lon="4.56435">
        <ele>11</ele>
      </trkpt>
      <trkpt lat="50.94352" lon="4.56444">
        <ele>12</ele>
      </trkpt>
      <trkpt lat="50.94321" lon="4.56439">
        <ele>13</ele>
      </trkpt>
      <trkpt lat="50.94275" lon="4.56437">
        <ele>13</ele>
      </trkpt>
      <trkpt lat="50.94258" lon="4.56441">
        <ele>13</ele>
      </trkpt>
      <trkpt lat="50.94133" lon="4.56448">
        <ele>13</ele>
      </trkpt>
      <trkpt lat="50.9411" lon="4.56444">
        <ele>13</ele>
      </trkpt>
      <trkpt lat="50.94052" lon="4.56418">
        <ele>13</ele>
      </trkpt>
      <trkpt lat="50.94038" lon="4.56411">
        <ele>12</ele>
      </trkpt>
      <trkpt lat="50.93803" lon="4.56375">
        <ele>12</ele>
      </trkpt>
      <trkpt lat="50.9378" lon="4.56376">
        <ele>12</ele>
      </trkpt>
      <trkpt lat="50.93763" lon="4.56379">
        <ele>12</ele>
      </trkpt>
      <trkpt lat="50.93729" lon="4.56393">
        <ele>12</ele>
      </trkpt>
      <trkpt lat="50.93691" lon="4.5642">
        <ele>12</ele>
      </trkpt>
      <trkpt lat="50.93662" lon="4.56446">
        <ele>12</ele>
      </trkpt>
      <trkpt lat="50.93239" lon="4.56864">
        <ele>13</ele>
      </trkpt>
      <trkpt lat="50.9322" lon="4.56884">
        <ele>13</ele>
      </trkpt>
      <trkpt lat="50.93105" lon="4.57029">
        <ele>13</ele>
      </trkpt>
      <trkpt lat="50.93093" lon="4.57042">
        <ele>13</ele>
      </trkpt>
      <trkpt lat="50.93087" lon="4.57046">
        <ele>13</ele>
      </trkpt>
      <trkpt lat="50.93067" lon="4.57045">
        <ele>13</ele>
      </trkpt>
      <trkpt lat="50.9305" lon="4.57037">
        <ele>13</ele>
      </trkpt>
      <trkpt lat="50.93038" lon="4.5702">
        <ele>13</ele>
      </trkpt>
      <trkpt lat="50.92954" lon="4.56862">
        <ele>13</ele>
      </trkpt>
      <trkpt lat="50.92875" lon="4.56709">
        <ele>14</ele>
      </trkpt>
      <trkpt lat="50.92856" lon="4.56679">
        <ele>14</ele>
      </trkpt>
      <trkpt lat="50.92825" lon="4.5664">
        <ele>14</ele>
      </trkpt>
      <trkpt lat="50.92616" lon="4.565">
        <ele>16</ele>
      </trkpt>
      <trkpt lat="50.92575" lon="4.56475">
        <ele>16</ele>
      </trkpt>
      <trkpt lat="50.92554" lon="4.5647">
        <ele>17</ele>
      </trkpt>
      <trkpt lat="50.9252" lon="4.56471">
        <ele>17</ele>
      </trkpt>
      <trkpt lat="50.92486" lon="4.56487">
        <ele>17</ele>
      </trkpt>
      <trkpt lat="50.92467" lon="4.56504">
        <ele>17</ele>
      </trkpt>
      <trkpt lat="50.92441" lon="4.56542">
        <ele>16</ele>
      </trkpt>
      <trkpt lat="50.92358" lon="4.56677">
        <ele>16</ele>
      </trkpt>
      <trkpt lat="50.92357" lon="4.56679">
        <ele>16</ele>
      </trkpt>
      <trkpt lat="50.92309" lon="4.56607">
        <ele>17</ele>
      </trkpt>
      <trkpt lat="50.92293" lon="4.56569">
        <ele>18</ele>
      </trkpt>
      <trkpt lat="50.92268" lon="4.56438">
        <ele>17</ele>
      </trkpt>
      <trkpt lat="50.92261" lon="4.56419">
        <ele>17</ele>
      </trkpt>
      <trkpt lat="50.9217" lon="4.56252">
        <ele>19</ele>
      </trkpt>
      <trkpt lat="50.92159" lon="4.56238">
        <ele>19</ele>
      </trkpt>
      <trkpt lat="50.92139" lon="4.56225">
        <ele>19</ele>
      </trkpt>
      <trkpt lat="50.9213" lon="4.56226">
        <ele>19</ele>
      </trkpt>
      <trkpt lat="50.92125" lon="4.56229">
        <ele>19</ele>
      </trkpt>
      <trkpt lat="50.92108" lon="4.56251">
        <ele>20</ele>
      </trkpt>
      <trkpt lat="50.92048" lon="4.56324">
        <ele>21</ele>
      </trkpt>
      <trkpt lat="50.91977" lon="4.56404">
        <ele>22</ele>
      </trkpt>
      <trkpt lat="50.9193" lon="4.56435">
        <ele>23</ele>
      </trkpt>
      <trkpt lat="50.91908" lon="4.56434">
        <ele>23</ele>
      </trkpt>
      <trkpt lat="50.91899" lon="4.56431">
        <ele>23</ele>
      </trkpt>
      <trkpt lat="50.91876" lon="4.56398">
        <ele>24</ele>
      </trkpt>
      <trkpt lat="50.91876" lon="4.56395">
        <ele>24</ele>
      </trkpt>
      <trkpt lat="50.91858" lon="4.56305">
        <ele>24</ele>
      </trkpt>
      <trkpt lat="50.91837" lon="4.56303">
        <ele>24</ele>
      </trkpt>
      <trkpt lat="50.91811" lon="4.56305">
        <ele>24</ele>
      </trkpt>
      <trkpt lat="50.91786" lon="4.56314">
        <ele>24</ele>
      </trkpt>
      <trkpt lat="50.91738" lon="4.56346">
        <ele>24</ele>
      </trkpt>
      <trkpt lat="50.91661" lon="4.56403">
        <ele>25</ele>
      </trkpt>
      <trkpt lat="50.9164" lon="4.56416">
        <ele>25</ele>
      </trkpt>
      <trkpt lat="50.91608" lon="4.5643">
        <ele>25</ele>
      </trkpt>
      <trkpt lat="50.91575" lon="4.56434">
        <ele>25</ele>
      </trkpt>
      <trkpt lat="50.91543" lon="4.56432">
        <ele>26</ele>
      </trkpt>
      <trkpt lat="50.91537" lon="4.56437">
        <ele>26</ele>
      </trkpt>
      <trkpt lat="50.91505" lon="4.56432">
        <ele>26</ele>
      </trkpt>
      <trkpt lat="50.91494" lon="4.56425">
        <ele>26</ele>
      </trkpt>
      <trkpt lat="50.91373" lon="4.56392">
        <ele>28</ele>
      </trkpt>
      <trkpt lat="50.91181" lon="4.56343">
        <ele>28</ele>
      </trkpt>
      <trkpt lat="50.91164" lon="4.5634">
        <ele>28</ele>
      </trkpt>
      <trkpt lat="50.91149" lon="4.56341">
        <ele>28</ele>
      </trkpt>
      <trkpt lat="50.91117" lon="4.56347">
        <ele>28</ele>
      </trkpt>
      <trkpt lat="50.91082" lon="4.56366">
        <ele>28</ele>
      </trkpt>
      <trkpt lat="50.90875" lon="4.56543">
        <ele>27</ele>
      </trkpt>
      <trkpt lat="50.9087" lon="4.56546">
        <ele>27</ele>
      </trkpt>
      <trkpt lat="50.90864" lon="4.56544">
        <ele>27</ele>
      </trkpt>
      <trkpt lat="50.90839" lon="4.56543">
        <ele>27</ele>
      </trkpt>
      <trkpt lat="50.90799" lon="4.56518">
        <ele>27</ele>
      </trkpt>
      <trkpt lat="50.90795" lon="4.56515">
        <ele>27</ele>
      </trkpt>
      <trkpt lat="50.90796" lon="4.5651">
        <ele>27</ele>
      </trkpt>
      <trkpt lat="50.90793" lon="4.56497">
        <ele>27</ele>
      </trkpt>
      <trkpt lat="50.90721" lon="4.56396">
        <ele>28</ele>
      </trkpt>
      <trkpt lat="50.90645" lon="4.56288">
        <ele>29</ele>
      </trkpt>
      <trkpt lat="50.90551" lon="4.5615">
        <ele>31</ele>
      </trkpt>
      <trkpt lat="50.90543" lon="4.56132">
        <ele>31</ele>
      </trkpt>
      <trkpt lat="50.90515" lon="4.56057">
        <ele>32</ele>
      </trkpt>
      <trkpt lat="50.90466" lon="4.55907">
        <ele>34</ele>
      </trkpt>
      <trkpt lat="50.90442" lon="4.55815">
        <ele>34</ele>
      </trkpt>
      <trkpt lat="50.90433" lon="4.55788">
        <ele>34</ele>
      </trkpt>
      <trkpt lat="50.90408" lon="4.55733">
        <ele>35</ele>
      </trkpt>
      <trkpt lat="50.90399" lon="4.55739">
        <ele>35</ele>
      </trkpt>
      <trkpt lat="50.90387" lon="4.55742">
        <ele>35</ele>
      </trkpt>
      <trkpt lat="50.90383" lon="4.55741">
        <ele>34</ele>
      </trkpt>
      <trkpt lat="50.90379" lon="4.55741">
        <ele>34</ele>
      </trkpt>
      <trkpt lat="50.90351" lon="4.55764">
        <ele>33</ele>
      </trkpt>
      <trkpt lat="50.90347" lon="4.55777">
        <ele>33</ele>
      </trkpt>
      <trkpt lat="50.90345" lon="4.55807">
        <ele>32</ele>
      </trkpt>
      <trkpt lat="50.90351" lon="4.5584">
        <ele>32</ele>
      </trkpt>
      <trkpt lat="50.9035" lon="4.55846">
        <ele>32</ele>
      </trkpt>
      <trkpt lat="50.90347" lon="4.55854">
        <ele>32</ele>
      </trkpt>
      <trkpt lat="50.90274" lon="4.55918">
        <ele>30</ele>
      </trkpt>
      <trkpt lat="50.90218" lon="4.55979">
        <ele>30</ele>
      </trkpt>
      <trkpt lat="50.90189" lon="4.55946">
        <ele>31</ele>
      </trkpt>
      <trkpt lat="50.90184" lon="4.5594">
        <ele>31</ele>
      </trkpt>
      <trkpt lat="50.90171" lon="4.55956">
        <ele>31</ele>
      </trkpt>
      <trkpt lat="50.89716" lon="4.5644">
        <ele>37</ele>
      </trkpt>
      <trkpt lat="50.89624" lon="4.56534">
        <ele>36</ele>
      </trkpt>
      <trkpt lat="50.89615" lon="4.5655">
        <ele>36</ele>
      </trkpt>
      <trkpt lat="50.89466" lon="4.5669">
        <ele>43</ele>
      </trkpt>
      <trkpt lat="50.89387" lon="4.5679">
        <ele>37</ele>
      </trkpt>
      <trkpt lat="50.89354" lon="4.56826">
        <ele>37</ele>
      </trkpt>
      <trkpt lat="50.89302" lon="4.56883">
        <ele>35</ele>
      </trkpt>
      <trkpt lat="50.89269" lon="4.56923">
        <ele>35</ele>
      </trkpt>
      <trkpt lat="50.892" lon="4.57021">
        <ele>36</ele>
      </trkpt>
      <trkpt lat="50.89187" lon="4.57044">
        <ele>36</ele>
      </trkpt>
      <trkpt lat="50.89178" lon="4.57054">
        <ele>36</ele>
      </trkpt>
      <trkpt lat="50.8917" lon="4.57079">
        <ele>36</ele>
      </trkpt>
      <trkpt lat="50.8917" lon="4.57091">
        <ele>36</ele>
      </trkpt>
      <trkpt lat="50.8915" lon="4.57096">
        <ele>36</ele>
      </trkpt>
      <trkpt lat="50.89148" lon="4.57086">
        <ele>36</ele>
      </trkpt>
      <trkpt lat="50.89146" lon="4.57083">
        <ele>36</ele>
      </trkpt>
      <trkpt lat="50.89138" lon="4.57075">
        <ele>37</ele>
      </trkpt>
      <trkpt lat="50.89133" lon="4.57073">
        <ele>36</ele>
      </trkpt>
      <trkpt lat="50.89123" lon="4.57078">
        <ele>36</ele>
      </trkpt>
      <trkpt lat="50.89102" lon="4.57116">
        <ele>36</ele>
      </trkpt>
      <trkpt lat="50.89093" lon="4.57154">
        <ele>36</ele>
      </trkpt>
      <trkpt lat="50.89088" lon="4.57167">
        <ele>36</ele>
      </trkpt>
      <trkpt lat="50.89046" lon="4.57235">
        <ele>36</ele>
      </trkpt>
      <trkpt lat="50.89021" lon="4.57268">
        <ele>36</ele>
      </trkpt>
      <trkpt lat="50.88868" lon="4.57423">
        <ele>35</ele>
      </trkpt>
      <trkpt lat="50.8883" lon="4.57476">
        <ele>34</ele>
      </trkpt>
      <trkpt lat="50.88812" lon="4.57508">
        <ele>34</ele>
      </trkpt>
      <trkpt lat="50.88757" lon="4.57651">
        <ele>33</ele>
      </trkpt>
      <trkpt lat="50.88743" lon="4.5768">
        <ele>33</ele>
      </trkpt>
      <trkpt lat="50.88719" lon="4.57719">
        <ele>33</ele>
      </trkpt>
      <trkpt lat="50.88683" lon="4.57761">
        <ele>33</ele>
      </trkpt>
      <trkpt lat="50.88625" lon="4.57824">
        <ele>34</ele>
      </trkpt>
      <trkpt lat="50.88539" lon="4.57909">
        <ele>34</ele>
      </trkpt>
      <trkpt lat="50.8843" lon="4.58023">
        <ele>35</ele>
      </trkpt>
      <trkpt lat="50.884" lon="4.58057">
        <ele>35</ele>
      </trkpt>
      <trkpt lat="50.88348" lon="4.58128">
        <ele>36</ele>
      </trkpt>
      <trkpt lat="50.88309" lon="4.58195">
        <ele>37</ele>
      </trkpt>
      <trkpt lat="50.88222" lon="4.57889">
        <ele>38</ele>
      </trkpt>
      <trkpt lat="50.88195" lon="4.57805">
        <ele>39</ele>
      </trkpt>
      <trkpt lat="50.88162" lon="4.57722">
        <ele>39</ele>
      </trkpt>
      <trkpt lat="50.88125" lon="4.57644">
        <ele>40</ele>
      </trkpt>
      <trkpt lat="50.88065" lon="4.57531">
        <ele>41</ele>
      </trkpt>
      <trkpt lat="50.88015" lon="4.57443">
        <ele>42</ele>
      </trkpt>
      <trkpt lat="50.8799" lon="4.57392">
        <ele>42</ele>
      </trkpt>
      <trkpt lat="50.87972" lon="4.57341">
        <ele>43</ele>
      </trkpt>
      <trkpt lat="50.8793" lon="4.57216">
        <ele>44</ele>
      </trkpt>
      <trkpt lat="50.87904" lon="4.5716">
        <ele>44</ele>
      </trkpt>
      <trkpt lat="50.87882" lon="4.57121">
        <ele>45</ele>
      </trkpt>
      <trkpt lat="50.87866" lon="4.57102">
        <ele>46</ele>
      </trkpt>
      <trkpt lat="50.87829" lon="4.57074">
        <ele>48</ele>
      </trkpt>
      <trkpt lat="50.87821" lon="4.57058">
        <ele>48</ele>
      </trkpt>
      <trkpt lat="50.8781" lon="4.57023">
        <ele>49</ele>
      </trkpt>
      <trkpt lat="50.87793" lon="4.56982">
        <ele>50</ele>
      </trkpt>
      <trkpt lat="50.87779" lon="4.5695">
        <ele>51</ele>
      </trkpt>
      <trkpt lat="50.87748" lon="4.56894">
        <ele>53</ele>
      </trkpt>
      <trkpt lat="50.87735" lon="4.56861">
        <ele>54</ele>
      </trkpt>
      <trkpt lat="50.87731" lon="4.56833">
        <ele>54</ele>
      </trkpt>
      <trkpt lat="50.87727" lon="4.56833">
        <ele>54</ele>
      </trkpt>
      <trkpt lat="50.87721" lon="4.56826">
        <ele>54</ele>
      </trkpt>
      <trkpt lat="50.87719" lon="4.56816">
        <ele>54</ele>
      </trkpt>
      <trkpt lat="50.87722" lon="4.56807">
        <ele>54</ele>
      </trkpt>
      <trkpt lat="50.87725" lon="4.56802">
        <ele>54</ele>
      </trkpt>
      <trkpt lat="50.8773" lon="4.568">
        <ele>54</ele>
      </trkpt>
      <trkpt lat="50.87734" lon="4.56801">
        <ele>53</ele>
      </trkpt>
      <trkpt lat="50.87739" lon="4.5681">
        <ele>53</ele>
      </trkpt>
      <trkpt lat="50.87772" lon="4.56793">
        <ele>52</ele>
      </trkpt>
      <trkpt lat="50.87784" lon="4.56786">
        <ele>52</ele>
      </trkpt>
      <trkpt lat="50.87882" lon="4.56704">
        <ele>46</ele>
      </trkpt>
      <trkpt lat="50.87927" lon="4.56676">
        <ele>44</ele>
      </trkpt>
      <trkpt lat="50.88002" lon="4.56636">
        <ele>43</ele>
      </trkpt>
      <trkpt lat="50.88004" lon="4.56625">
        <ele>43</ele>
      </trkpt>
      <trkpt lat="50.88009" lon="4.56619">
        <ele>43</ele>
      </trkpt>
      <trkpt lat="50.88006" lon="4.56426">
        <ele>44</ele>
      </trkpt>
      <trkpt lat="50.88009" lon="4.56401">
        <ele>44</ele>
      </trkpt>
      <trkpt lat="50.88033" lon="4.56272">
        <ele>47</ele>
      </trkpt>
      <trkpt lat="50.88048" lon="4.56195">
        <ele>48</ele>
      </trkpt>
      <trkpt lat="50.88051" lon="4.56157">
        <ele>49</ele>
      </trkpt>
      <trkpt lat="50.88046" lon="4.5608">
        <ele>49</ele>
      </trkpt>
      <trkpt lat="50.87985" lon="4.55718">
        <ele>52</ele>
      </trkpt>
      <trkpt lat="50.87933" lon="4.55516">
        <ele>49</ele>
      </trkpt>
      <trkpt lat="50.87926" lon="4.5547">
        <ele>48</ele>
      </trkpt>
      <trkpt lat="50.8788" lon="4.55086">
        <ele>48</ele>
      </trkpt>
      <trkpt lat="50.87873" lon="4.55045">
        <ele>49</ele>
      </trkpt>
    </trkseg>
  </trk>
</gpx>