<?xml version='1.0' encoding='UTF-8'?>
<gpx xmlns="http://www.topografix.com/GPX/1/1" xmlns:xsi="http://www.w3.org/2001/XMLSchema-instance" creator="RouteYou" version="1.1" xsi:schemaLocation="http://www.topografix.com/GPX/1/1 http://www.topografix.com/GPX/1/1/gpx.xsd">
  <trk>
    <name>Messelbroek 2025</name>
    <desc />
    <trkseg>
      <trkpt lat="50.87887" lon="4.5515">
        <ele>54</ele>
      </trkpt>
      <trkpt lat="50.87886" lon="4.5515">
        <ele>54</ele>
      </trkpt>
      <trkpt lat="50.87926" lon="4.5547">
        <ele>51</ele>
      </trkpt>
      <trkpt lat="50.87933" lon="4.55516">
        <ele>54</ele>
      </trkpt>
      <trkpt lat="50.87985" lon="4.55718">
        <ele>55</ele>
      </trkpt>
      <trkpt lat="50.88046" lon="4.5608">
        <ele>59</ele>
      </trkpt>
      <trkpt lat="50.88051" lon="4.56137">
        <ele>59</ele>
      </trkpt>
      <trkpt lat="50.88047" lon="4.56195">
        <ele>59</ele>
      </trkpt>
      <trkpt lat="50.88007" lon="4.56408">
        <ele>51</ele>
      </trkpt>
      <trkpt lat="50.88005" lon="4.56437">
        <ele>49</ele>
      </trkpt>
      <trkpt lat="50.88009" lon="4.56619">
        <ele>46</ele>
      </trkpt>
      <trkpt lat="50.88012" lon="4.56619">
        <ele>46</ele>
      </trkpt>
      <trkpt lat="50.88018" lon="4.56624">
        <ele>48</ele>
      </trkpt>
      <trkpt lat="50.8802" lon="4.56633">
        <ele>48</ele>
      </trkpt>
      <trkpt lat="50.88018" lon="4.56641">
        <ele>48</ele>
      </trkpt>
      <trkpt lat="50.88012" lon="4.56647">
        <ele>46</ele>
      </trkpt>
      <trkpt lat="50.88013" lon="4.5667">
        <ele>46</ele>
      </trkpt>
      <trkpt lat="50.88012" lon="4.56689">
        <ele>46</ele>
      </trkpt>
      <trkpt lat="50.8802" lon="4.56788">
        <ele>46</ele>
      </trkpt>
      <trkpt lat="50.88014" lon="4.56811">
        <ele>46</ele>
      </trkpt>
      <trkpt lat="50.87954" lon="4.56903">
        <ele>46</ele>
      </trkpt>
      <trkpt lat="50.87914" lon="4.56977">
        <ele>48</ele>
      </trkpt>
      <trkpt lat="50.87911" lon="4.56987">
        <ele>48</ele>
      </trkpt>
      <trkpt lat="50.8792" lon="4.57054">
        <ele>49</ele>
      </trkpt>
      <trkpt lat="50.87899" lon="4.57089">
        <ele>49</ele>
      </trkpt>
      <trkpt lat="50.87882" lon="4.57121">
        <ele>48</ele>
      </trkpt>
      <trkpt lat="50.87931" lon="4.57211">
        <ele>47</ele>
      </trkpt>
      <trkpt lat="50.8799" lon="4.57392">
        <ele>44</ele>
      </trkpt>
      <trkpt lat="50.88015" lon="4.57443">
        <ele>42</ele>
      </trkpt>
      <trkpt lat="50.88125" lon="4.57644">
        <ele>40</ele>
      </trkpt>
      <trkpt lat="50.88194" lon="4.57805">
        <ele>37</ele>
      </trkpt>
      <trkpt lat="50.8826" lon="4.58019">
        <ele>37</ele>
      </trkpt>
      <trkpt lat="50.88302" lon="4.58173">
        <ele>39</ele>
      </trkpt>
      <trkpt lat="50.88308" lon="4.58191">
        <ele>40</ele>
      </trkpt>
      <trkpt lat="50.88251" lon="4.58292">
        <ele>38</ele>
      </trkpt>
      <trkpt lat="50.88201" lon="4.58382">
        <ele>38</ele>
      </trkpt>
      <trkpt lat="50.88147" lon="4.58463">
        <ele>40</ele>
      </trkpt>
      <trkpt lat="50.88022" lon="4.58613">
        <ele>43</ele>
      </trkpt>
      <trkpt lat="50.88066" lon="4.58697">
        <ele>44</ele>
      </trkpt>
      <trkpt lat="50.88084" lon="4.58736">
        <ele>44</ele>
      </trkpt>
      <trkpt lat="50.88142" lon="4.58848">
        <ele>44</ele>
      </trkpt>
      <trkpt lat="50.88237" lon="4.59015">
        <ele>40</ele>
      </trkpt>
      <trkpt lat="50.88254" lon="4.59057">
        <ele>40</ele>
      </trkpt>
      <trkpt lat="50.88264" lon="4.59101">
        <ele>39</ele>
      </trkpt>
      <trkpt lat="50.88271" lon="4.59193">
        <ele>38</ele>
      </trkpt>
      <trkpt lat="50.88276" lon="4.59233">
        <ele>38</ele>
      </trkpt>
      <trkpt lat="50.8829" lon="4.5928">
        <ele>37</ele>
      </trkpt>
      <trkpt lat="50.88298" lon="4.59299">
        <ele>37</ele>
      </trkpt>
      <trkpt lat="50.88416" lon="4.59508">
        <ele>38</ele>
      </trkpt>
      <trkpt lat="50.88511" lon="4.59672">
        <ele>39</ele>
      </trkpt>
      <trkpt lat="50.88528" lon="4.59687">
        <ele>39</ele>
      </trkpt>
      <trkpt lat="50.88548" lon="4.59699">
        <ele>39</ele>
      </trkpt>
      <trkpt lat="50.88556" lon="4.59707">
        <ele>39</ele>
      </trkpt>
      <trkpt lat="50.88564" lon="4.59719">
        <ele>39</ele>
      </trkpt>
      <trkpt lat="50.88586" lon="4.59767">
        <ele>39</ele>
      </trkpt>
      <trkpt lat="50.88606" lon="4.59804">
        <ele>39</ele>
      </trkpt>
      <trkpt lat="50.88998" lon="4.60338">
        <ele>36</ele>
      </trkpt>
      <trkpt lat="50.89044" lon="4.60396">
        <ele>35</ele>
      </trkpt>
      <trkpt lat="50.89337" lon="4.60741">
        <ele>37</ele>
      </trkpt>
      <trkpt lat="50.89556" lon="4.60997">
        <ele>34</ele>
      </trkpt>
      <trkpt lat="50.89589" lon="4.61033">
        <ele>34</ele>
      </trkpt>
      <trkpt lat="50.89602" lon="4.61049">
        <ele>33</ele>
      </trkpt>
      <trkpt lat="50.89649" lon="4.61116">
        <ele>33</ele>
      </trkpt>
      <trkpt lat="50.89679" lon="4.61181">
        <ele>34</ele>
      </trkpt>
      <trkpt lat="50.89744" lon="4.61323">
        <ele>32</ele>
      </trkpt>
      <trkpt lat="50.89807" lon="4.615">
        <ele>31</ele>
      </trkpt>
      <trkpt lat="50.8985" lon="4.61613">
        <ele>31</ele>
      </trkpt>
      <trkpt lat="50.89861" lon="4.6163">
        <ele>31</ele>
      </trkpt>
      <trkpt lat="50.89885" lon="4.61652">
        <ele>31</ele>
      </trkpt>
      <trkpt lat="50.89987" lon="4.61695">
        <ele>31</ele>
      </trkpt>
      <trkpt lat="50.90001" lon="4.61706">
        <ele>31</ele>
      </trkpt>
      <trkpt lat="50.90013" lon="4.61722">
        <ele>31</ele>
      </trkpt>
      <trkpt lat="50.90022" lon="4.61739">
        <ele>30</ele>
      </trkpt>
      <trkpt lat="50.90032" lon="4.61771">
        <ele>30</ele>
      </trkpt>
      <trkpt lat="50.90038" lon="4.618">
        <ele>30</ele>
      </trkpt>
      <trkpt lat="50.90061" lon="4.61899">
        <ele>30</ele>
      </trkpt>
      <trkpt lat="50.90083" lon="4.6201">
        <ele>30</ele>
      </trkpt>
      <trkpt lat="50.90113" lon="4.62214">
        <ele>30</ele>
      </trkpt>
      <trkpt lat="50.90119" lon="4.62249">
        <ele>30</ele>
      </trkpt>
      <trkpt lat="50.90126" lon="4.62264">
        <ele>30</ele>
      </trkpt>
      <trkpt lat="50.90296" lon="4.62172">
        <ele>28</ele>
      </trkpt>
      <trkpt lat="50.90334" lon="4.62151">
        <ele>28</ele>
      </trkpt>
      <trkpt lat="50.90356" lon="4.62133">
        <ele>28</ele>
      </trkpt>
      <trkpt lat="50.90398" lon="4.62116">
        <ele>27</ele>
      </trkpt>
      <trkpt lat="50.90422" lon="4.62111">
        <ele>28</ele>
      </trkpt>
      <trkpt lat="50.90572" lon="4.6209">
        <ele>27</ele>
      </trkpt>
      <trkpt lat="50.90616" lon="4.62084">
        <ele>26</ele>
      </trkpt>
      <trkpt lat="50.90625" lon="4.6208">
        <ele>26</ele>
      </trkpt>
      <trkpt lat="50.90639" lon="4.62066">
        <ele>26</ele>
      </trkpt>
      <trkpt lat="50.90671" lon="4.62022">
        <ele>25</ele>
      </trkpt>
      <trkpt lat="50.9069" lon="4.62003">
        <ele>25</ele>
      </trkpt>
      <trkpt lat="50.90965" lon="4.61752">
        <ele>22</ele>
      </trkpt>
      <trkpt lat="50.91047" lon="4.6169">
        <ele>22</ele>
      </trkpt>
      <trkpt lat="50.91075" lon="4.61673">
        <ele>22</ele>
      </trkpt>
      <trkpt lat="50.91278" lon="4.61563">
        <ele>21</ele>
      </trkpt>
      <trkpt lat="50.91321" lon="4.61543">
        <ele>21</ele>
      </trkpt>
      <trkpt lat="50.91357" lon="4.61531">
        <ele>21</ele>
      </trkpt>
      <trkpt lat="50.91396" lon="4.61528">
        <ele>20</ele>
      </trkpt>
      <trkpt lat="50.91451" lon="4.61526">
        <ele>20</ele>
      </trkpt>
      <trkpt lat="50.91494" lon="4.61516">
        <ele>20</ele>
      </trkpt>
      <trkpt lat="50.91659" lon="4.61457">
        <ele>19</ele>
      </trkpt>
      <trkpt lat="50.91793" lon="4.61413">
        <ele>20</ele>
      </trkpt>
      <trkpt lat="50.9182" lon="4.61409">
        <ele>20</ele>
      </trkpt>
      <trkpt lat="50.91853" lon="4.6141">
        <ele>20</ele>
      </trkpt>
      <trkpt lat="50.91872" lon="4.61413">
        <ele>20</ele>
      </trkpt>
      <trkpt lat="50.91895" lon="4.61421">
        <ele>20</ele>
      </trkpt>
      <trkpt lat="50.9197" lon="4.61453">
        <ele>19</ele>
      </trkpt>
      <trkpt lat="50.92" lon="4.6146">
        <ele>20</ele>
      </trkpt>
      <trkpt lat="50.92039" lon="4.61463">
        <ele>21</ele>
      </trkpt>
      <trkpt lat="50.92174" lon="4.61452">
        <ele>20</ele>
      </trkpt>
      <trkpt lat="50.92207" lon="4.61455">
        <ele>18</ele>
      </trkpt>
      <trkpt lat="50.92237" lon="4.61464">
        <ele>18</ele>
      </trkpt>
      <trkpt lat="50.92257" lon="4.61474">
        <ele>18</ele>
      </trkpt>
      <trkpt lat="50.92296" lon="4.61507">
        <ele>18</ele>
      </trkpt>
      <trkpt lat="50.92331" lon="4.61549">
        <ele>18</ele>
      </trkpt>
      <trkpt lat="50.92371" lon="4.61603">
        <ele>17</ele>
      </trkpt>
      <trkpt lat="50.92417" lon="4.6165">
        <ele>17</ele>
      </trkpt>
      <trkpt lat="50.9249" lon="4.61709">
        <ele>17</ele>
      </trkpt>
      <trkpt lat="50.92623" lon="4.61806">
        <ele>17</ele>
      </trkpt>
      <trkpt lat="50.92661" lon="4.61822">
        <ele>17</ele>
      </trkpt>
      <trkpt lat="50.92652" lon="4.6201">
        <ele>17</ele>
      </trkpt>
      <trkpt lat="50.92651" lon="4.62083">
        <ele>17</ele>
      </trkpt>
      <trkpt lat="50.92639" lon="4.62378">
        <ele>18</ele>
      </trkpt>
      <trkpt lat="50.92682" lon="4.6239">
        <ele>18</ele>
      </trkpt>
      <trkpt lat="50.92706" lon="4.62393">
        <ele>17</ele>
      </trkpt>
      <trkpt lat="50.92722" lon="4.62742">
        <ele>17</ele>
      </trkpt>
      <trkpt lat="50.92731" lon="4.62857">
        <ele>18</ele>
      </trkpt>
      <trkpt lat="50.92757" lon="4.63036">
        <ele>18</ele>
      </trkpt>
      <trkpt lat="50.92756" lon="4.63051">
        <ele>18</ele>
      </trkpt>
      <trkpt lat="50.92815" lon="4.63084">
        <ele>17</ele>
      </trkpt>
      <trkpt lat="50.92834" lon="4.63089">
        <ele>17</ele>
      </trkpt>
      <trkpt lat="50.92858" lon="4.6309">
        <ele>17</ele>
      </trkpt>
      <trkpt lat="50.93143" lon="4.63045">
        <ele>17</ele>
      </trkpt>
      <trkpt lat="50.93156" lon="4.63052">
        <ele>18</ele>
      </trkpt>
      <trkpt lat="50.93171" lon="4.63067">
        <ele>18</ele>
      </trkpt>
      <trkpt lat="50.93212" lon="4.63117">
        <ele>17</ele>
      </trkpt>
      <trkpt lat="50.93302" lon="4.63265">
        <ele>17</ele>
      </trkpt>
      <trkpt lat="50.93316" lon="4.63289">
        <ele>17</ele>
      </trkpt>
      <trkpt lat="50.93329" lon="4.63327">
        <ele>17</ele>
      </trkpt>
      <trkpt lat="50.93366" lon="4.63483">
        <ele>17</ele>
      </trkpt>
      <trkpt lat="50.93432" lon="4.63735">
        <ele>16</ele>
      </trkpt>
      <trkpt lat="50.93438" lon="4.63769">
        <ele>16</ele>
      </trkpt>
      <trkpt lat="50.93438" lon="4.63789">
        <ele>16</ele>
      </trkpt>
      <trkpt lat="50.93434" lon="4.63844">
        <ele>15</ele>
      </trkpt>
      <trkpt lat="50.93434" lon="4.63874">
        <ele>15</ele>
      </trkpt>
      <trkpt lat="50.9344" lon="4.64009">
        <ele>16</ele>
      </trkpt>
      <trkpt lat="50.93443" lon="4.64018">
        <ele>16</ele>
      </trkpt>
      <trkpt lat="50.93448" lon="4.64023">
        <ele>16</ele>
      </trkpt>
      <trkpt lat="50.93455" lon="4.64024">
        <ele>16</ele>
      </trkpt>
      <trkpt lat="50.93645" lon="4.63955">
        <ele>16</ele>
      </trkpt>
      <trkpt lat="50.93645" lon="4.63956">
        <ele>16</ele>
      </trkpt>
      <trkpt lat="50.93679" lon="4.63937">
        <ele>16</ele>
      </trkpt>
      <trkpt lat="50.937" lon="4.63922">
        <ele>16</ele>
      </trkpt>
      <trkpt lat="50.93726" lon="4.63898">
        <ele>15</ele>
      </trkpt>
      <trkpt lat="50.93806" lon="4.63817">
        <ele>15</ele>
      </trkpt>
      <trkpt lat="50.93824" lon="4.63802">
        <ele>15</ele>
      </trkpt>
      <trkpt lat="50.9383" lon="4.63799">
        <ele>15</ele>
      </trkpt>
      <trkpt lat="50.93847" lon="4.63806">
        <ele>15</ele>
      </trkpt>
      <trkpt lat="50.94156" lon="4.64226">
        <ele>14</ele>
      </trkpt>
      <trkpt lat="50.94264" lon="4.64366">
        <ele>14</ele>
      </trkpt>
      <trkpt lat="50.94323" lon="4.64458">
        <ele>14</ele>
      </trkpt>
      <trkpt lat="50.94328" lon="4.64463">
        <ele>14</ele>
      </trkpt>
      <trkpt lat="50.94476" lon="4.64505">
        <ele>15</ele>
      </trkpt>
      <trkpt lat="50.94502" lon="4.64502">
        <ele>15</ele>
      </trkpt>
      <trkpt lat="50.94514" lon="4.64496">
        <ele>15</ele>
      </trkpt>
      <trkpt lat="50.94591" lon="4.64425">
        <ele>15</ele>
      </trkpt>
      <trkpt lat="50.94674" lon="4.64353">
        <ele>15</ele>
      </trkpt>
      <trkpt lat="50.94687" lon="4.64348">
        <ele>14</ele>
      </trkpt>
      <trkpt lat="50.94715" lon="4.6436">
        <ele>13</ele>
      </trkpt>
      <trkpt lat="50.9472" lon="4.64362">
        <ele>13</ele>
      </trkpt>
      <trkpt lat="50.94719" lon="4.64368">
        <ele>13</ele>
      </trkpt>
      <trkpt lat="50.94723" lon="4.64378">
        <ele>13</ele>
      </trkpt>
      <trkpt lat="50.94657" lon="4.64733">
        <ele>14</ele>
      </trkpt>
      <trkpt lat="50.94662" lon="4.64735">
        <ele>14</ele>
      </trkpt>
      <trkpt lat="50.9456" lon="4.65278">
        <ele>14</ele>
      </trkpt>
      <trkpt lat="50.94455" lon="4.65849">
        <ele>14</ele>
      </trkpt>
      <trkpt lat="50.9445" lon="4.65865">
        <ele>14</ele>
      </trkpt>
      <trkpt lat="50.94438" lon="4.65893">
        <ele>14</ele>
      </trkpt>
      <trkpt lat="50.9443" lon="4.65921">
        <ele>14</ele>
      </trkpt>
      <trkpt lat="50.94427" lon="4.65943">
        <ele>14</ele>
      </trkpt>
      <trkpt lat="50.94384" lon="4.66313">
        <ele>14</ele>
      </trkpt>
      <trkpt lat="50.94385" lon="4.66358">
        <ele>14</ele>
      </trkpt>
      <trkpt lat="50.94394" lon="4.66401">
        <ele>14</ele>
      </trkpt>
      <trkpt lat="50.944" lon="4.66417">
        <ele>14</ele>
      </trkpt>
      <trkpt lat="50.94487" lon="4.66614">
        <ele>12</ele>
      </trkpt>
      <trkpt lat="50.94516" lon="4.66696">
        <ele>12</ele>
      </trkpt>
      <trkpt lat="50.94607" lon="4.67044">
        <ele>13</ele>
      </trkpt>
      <trkpt lat="50.94612" lon="4.67134">
        <ele>12</ele>
      </trkpt>
      <trkpt lat="50.94611" lon="4.67156">
        <ele>13</ele>
      </trkpt>
      <trkpt lat="50.94607" lon="4.67167">
        <ele>13</ele>
      </trkpt>
      <trkpt lat="50.94601" lon="4.6717">
        <ele>13</ele>
      </trkpt>
      <trkpt lat="50.9459" lon="4.67169">
        <ele>13</ele>
      </trkpt>
      <trkpt lat="50.94579" lon="4.67165">
        <ele>13</ele>
      </trkpt>
      <trkpt lat="50.94567" lon="4.67163">
        <ele>13</ele>
      </trkpt>
      <trkpt lat="50.94552" lon="4.67168">
        <ele>13</ele>
      </trkpt>
      <trkpt lat="50.9454" lon="4.67178">
        <ele>13</ele>
      </trkpt>
      <trkpt lat="50.94436" lon="4.67282">
        <ele>12</ele>
      </trkpt>
      <trkpt lat="50.94427" lon="4.67295">
        <ele>12</ele>
      </trkpt>
      <trkpt lat="50.94404" lon="4.67375">
        <ele>13</ele>
      </trkpt>
      <trkpt lat="50.94402" lon="4.67389">
        <ele>13</ele>
      </trkpt>
      <trkpt lat="50.94404" lon="4.67405">
        <ele>13</ele>
      </trkpt>
      <trkpt lat="50.94441" lon="4.67501">
        <ele>12</ele>
      </trkpt>
      <trkpt lat="50.94447" lon="4.67541">
        <ele>12</ele>
      </trkpt>
      <trkpt lat="50.94448" lon="4.67562">
        <ele>12</ele>
      </trkpt>
      <trkpt lat="50.94447" lon="4.67584">
        <ele>12</ele>
      </trkpt>
      <trkpt lat="50.94432" lon="4.67741">
        <ele>11</ele>
      </trkpt>
      <trkpt lat="50.94432" lon="4.67764">
        <ele>11</ele>
      </trkpt>
      <trkpt lat="50.94435" lon="4.67783">
        <ele>12</ele>
      </trkpt>
      <trkpt lat="50.94438" lon="4.67803">
        <ele>12</ele>
      </trkpt>
      <trkpt lat="50.94449" lon="4.67848">
        <ele>12</ele>
      </trkpt>
      <trkpt lat="50.94451" lon="4.67864">
        <ele>12</ele>
      </trkpt>
      <trkpt lat="50.94451" lon="4.67892">
        <ele>12</ele>
      </trkpt>
      <trkpt lat="50.94447" lon="4.67905">
        <ele>12</ele>
      </trkpt>
      <trkpt lat="50.9444" lon="4.67917">
        <ele>12</ele>
      </trkpt>
      <trkpt lat="50.94427" lon="4.67934">
        <ele>12</ele>
      </trkpt>
      <trkpt lat="50.94419" lon="4.67956">
        <ele>12</ele>
      </trkpt>
      <trkpt lat="50.94417" lon="4.68003">
        <ele>13</ele>
      </trkpt>
      <trkpt lat="50.94425" lon="4.68074">
        <ele>13</ele>
      </trkpt>
      <trkpt lat="50.94428" lon="4.68083">
        <ele>13</ele>
      </trkpt>
      <trkpt lat="50.94452" lon="4.68168">
        <ele>12</ele>
      </trkpt>
      <trkpt lat="50.94455" lon="4.68192">
        <ele>12</ele>
      </trkpt>
      <trkpt lat="50.94455" lon="4.68205">
        <ele>12</ele>
      </trkpt>
      <trkpt lat="50.94478" lon="4.68316">
        <ele>12</ele>
      </trkpt>
      <trkpt lat="50.94493" lon="4.68433">
        <ele>12</ele>
      </trkpt>
      <trkpt lat="50.94505" lon="4.68484">
        <ele>12</ele>
      </trkpt>
      <trkpt lat="50.94514" lon="4.68562">
        <ele>12</ele>
      </trkpt>
      <trkpt lat="50.94522" lon="4.68604">
        <ele>11</ele>
      </trkpt>
      <trkpt lat="50.94533" lon="4.68626">
        <ele>11</ele>
      </trkpt>
      <trkpt lat="50.94545" lon="4.68638">
        <ele>11</ele>
      </trkpt>
      <trkpt lat="50.94563" lon="4.68648">
        <ele>11</ele>
      </trkpt>
      <trkpt lat="50.94602" lon="4.68651">
        <ele>11</ele>
      </trkpt>
      <trkpt lat="50.94622" lon="4.6866">
        <ele>11</ele>
      </trkpt>
      <trkpt lat="50.9461" lon="4.68718">
        <ele>12</ele>
      </trkpt>
      <trkpt lat="50.94602" lon="4.68735">
        <ele>12</ele>
      </trkpt>
      <trkpt lat="50.94566" lon="4.68783">
        <ele>11</ele>
      </trkpt>
      <trkpt lat="50.94546" lon="4.68821">
        <ele>11</ele>
      </trkpt>
      <trkpt lat="50.94515" lon="4.68907">
        <ele>12</ele>
      </trkpt>
      <trkpt lat="50.94501" lon="4.68968">
        <ele>12</ele>
      </trkpt>
      <trkpt lat="50.94442" lon="4.69162">
        <ele>11</ele>
      </trkpt>
      <trkpt lat="50.94409" lon="4.69239">
        <ele>12</ele>
      </trkpt>
      <trkpt lat="50.94387" lon="4.69305">
        <ele>12</ele>
      </trkpt>
      <trkpt lat="50.94371" lon="4.69361">
        <ele>12</ele>
      </trkpt>
      <trkpt lat="50.9441" lon="4.69426">
        <ele>12</ele>
      </trkpt>
      <trkpt lat="50.94438" lon="4.69481">
        <ele>11</ele>
      </trkpt>
      <trkpt lat="50.94441" lon="4.69495">
        <ele>11</ele>
      </trkpt>
      <trkpt lat="50.94442" lon="4.69535">
        <ele>11</ele>
      </trkpt>
      <trkpt lat="50.94448" lon="4.69628">
        <ele>11</ele>
      </trkpt>
      <trkpt lat="50.94446" lon="4.69645">
        <ele>11</ele>
      </trkpt>
      <trkpt lat="50.94498" lon="4.69739">
        <ele>11</ele>
      </trkpt>
      <trkpt lat="50.94675" lon="4.70063">
        <ele>11</ele>
      </trkpt>
      <trkpt lat="50.94747" lon="4.70193">
        <ele>10</ele>
      </trkpt>
      <trkpt lat="50.94753" lon="4.70206">
        <ele>10</ele>
      </trkpt>
      <trkpt lat="50.9476" lon="4.70226">
        <ele>10</ele>
      </trkpt>
      <trkpt lat="50.94775" lon="4.70295">
        <ele>10</ele>
      </trkpt>
      <trkpt lat="50.9481" lon="4.70485">
        <ele>10</ele>
      </trkpt>
      <trkpt lat="50.94879" lon="4.70812">
        <ele>10</ele>
      </trkpt>
      <trkpt lat="50.9488" lon="4.70819">
        <ele>11</ele>
      </trkpt>
      <trkpt lat="50.94906" lon="4.70931">
        <ele>12</ele>
      </trkpt>
      <trkpt lat="50.9492" lon="4.70968">
        <ele>12</ele>
      </trkpt>
      <trkpt lat="50.95014" lon="4.71146">
        <ele>14</ele>
      </trkpt>
      <trkpt lat="50.95059" lon="4.71199">
        <ele>14</ele>
      </trkpt>
      <trkpt lat="50.95095" lon="4.71255">
        <ele>14</ele>
      </trkpt>
      <trkpt lat="50.9513" lon="4.71303">
        <ele>14</ele>
      </trkpt>
      <trkpt lat="50.95193" lon="4.71386">
        <ele>13</ele>
      </trkpt>
      <trkpt lat="50.95286" lon="4.71498">
        <ele>12</ele>
      </trkpt>
      <trkpt lat="50.95324" lon="4.7154">
        <ele>12</ele>
      </trkpt>
      <trkpt lat="50.95347" lon="4.7157">
        <ele>12</ele>
      </trkpt>
      <trkpt lat="50.9537" lon="4.71611">
        <ele>12</ele>
      </trkpt>
      <trkpt lat="50.95394" lon="4.71663">
        <ele>12</ele>
      </trkpt>
      <trkpt lat="50.95409" lon="4.7165">
        <ele>12</ele>
      </trkpt>
      <trkpt lat="50.95412" lon="4.71649">
        <ele>12</ele>
      </trkpt>
      <trkpt lat="50.95478" lon="4.71733">
        <ele>11</ele>
      </trkpt>
      <trkpt lat="50.95521" lon="4.71793">
        <ele>11</ele>
      </trkpt>
      <trkpt lat="50.9571" lon="4.7206">
        <ele>11</ele>
      </trkpt>
      <trkpt lat="50.95714" lon="4.72072">
        <ele>11</ele>
      </trkpt>
      <trkpt lat="50.95714" lon="4.72077">
        <ele>11</ele>
      </trkpt>
      <trkpt lat="50.95727" lon="4.7208">
        <ele>11</ele>
      </trkpt>
      <trkpt lat="50.95744" lon="4.72091">
        <ele>11</ele>
      </trkpt>
      <trkpt lat="50.95866" lon="4.7208">
        <ele>11</ele>
      </trkpt>
      <trkpt lat="50.95896" lon="4.72083">
        <ele>11</ele>
      </trkpt>
      <trkpt lat="50.95936" lon="4.72074">
        <ele>11</ele>
      </trkpt>
      <trkpt lat="50.95958" lon="4.72061">
        <ele>12</ele>
      </trkpt>
      <trkpt lat="50.95975" lon="4.72054">
        <ele>12</ele>
      </trkpt>
      <trkpt lat="50.96075" lon="4.72037">
        <ele>12</ele>
      </trkpt>
      <trkpt lat="50.96114" lon="4.7203">
        <ele>11</ele>
      </trkpt>
      <trkpt lat="50.96124" lon="4.72032">
        <ele>11</ele>
      </trkpt>
      <trkpt lat="50.96137" lon="4.72025">
        <ele>11</ele>
      </trkpt>
      <trkpt lat="50.96188" lon="4.71989">
        <ele>11</ele>
      </trkpt>
      <trkpt lat="50.96303" lon="4.71931">
        <ele>11</ele>
      </trkpt>
      <trkpt lat="50.96313" lon="4.71928">
        <ele>11</ele>
      </trkpt>
      <trkpt lat="50.9632" lon="4.72121">
        <ele>12</ele>
      </trkpt>
      <trkpt lat="50.96372" lon="4.72128">
        <ele>12</ele>
      </trkpt>
      <trkpt lat="50.96392" lon="4.72127">
        <ele>12</ele>
      </trkpt>
      <trkpt lat="50.96425" lon="4.72113">
        <ele>12</ele>
      </trkpt>
      <trkpt lat="50.96503" lon="4.72075">
        <ele>13</ele>
      </trkpt>
      <trkpt lat="50.96516" lon="4.7206">
        <ele>13</ele>
      </trkpt>
      <trkpt lat="50.96552" lon="4.72008">
        <ele>15</ele>
      </trkpt>
      <trkpt lat="50.96577" lon="4.71988">
        <ele>15</ele>
      </trkpt>
      <trkpt lat="50.96597" lon="4.71979">
        <ele>15</ele>
      </trkpt>
      <trkpt lat="50.96615" lon="4.71976">
        <ele>16</ele>
      </trkpt>
      <trkpt lat="50.96758" lon="4.71939">
        <ele>15</ele>
      </trkpt>
      <trkpt lat="50.96863" lon="4.71911">
        <ele>13</ele>
      </trkpt>
      <trkpt lat="50.96971" lon="4.71866">
        <ele>11</ele>
      </trkpt>
      <trkpt lat="50.97012" lon="4.7186">
        <ele>12</ele>
      </trkpt>
      <trkpt lat="50.97017" lon="4.71912">
        <ele>11</ele>
      </trkpt>
      <trkpt lat="50.97035" lon="4.72184">
        <ele>9</ele>
      </trkpt>
      <trkpt lat="50.97036" lon="4.72236">
        <ele>9</ele>
      </trkpt>
      <trkpt lat="50.97034" lon="4.7235">
        <ele>8</ele>
      </trkpt>
      <trkpt lat="50.9703" lon="4.72373">
        <ele>8</ele>
      </trkpt>
      <trkpt lat="50.9702" lon="4.72405">
        <ele>8</ele>
      </trkpt>
      <trkpt lat="50.97016" lon="4.72416">
        <ele>10</ele>
      </trkpt>
      <trkpt lat="50.96985" lon="4.72467">
        <ele>10</ele>
      </trkpt>
      <trkpt lat="50.96982" lon="4.72478">
        <ele>10</ele>
      </trkpt>
      <trkpt lat="50.96982" lon="4.72495">
        <ele>10</ele>
      </trkpt>
      <trkpt lat="50.96993" lon="4.72537">
        <ele>10</ele>
      </trkpt>
      <trkpt lat="50.97005" lon="4.72586">
        <ele>11</ele>
      </trkpt>
      <trkpt lat="50.97047" lon="4.72722">
        <ele>11</ele>
      </trkpt>
      <trkpt lat="50.97073" lon="4.72793">
        <ele>10</ele>
      </trkpt>
      <trkpt lat="50.9713" lon="4.72937">
        <ele>11</ele>
      </trkpt>
      <trkpt lat="50.97146" lon="4.72993">
        <ele>11</ele>
      </trkpt>
      <trkpt lat="50.97161" lon="4.7305">
        <ele>11</ele>
      </trkpt>
      <trkpt lat="50.97179" lon="4.73143">
        <ele>11</ele>
      </trkpt>
      <trkpt lat="50.97195" lon="4.73236">
        <ele>9</ele>
      </trkpt>
      <trkpt lat="50.97221" lon="4.73429">
        <ele>10</ele>
      </trkpt>
      <trkpt lat="50.97228" lon="4.73501">
        <ele>11</ele>
      </trkpt>
      <trkpt lat="50.97233" lon="4.73587">
        <ele>11</ele>
      </trkpt>
      <trkpt lat="50.97235" lon="4.73677">
        <ele>11</ele>
      </trkpt>
      <trkpt lat="50.97231" lon="4.73783">
        <ele>11</ele>
      </trkpt>
      <trkpt lat="50.97225" lon="4.73925">
        <ele>10</ele>
      </trkpt>
      <trkpt lat="50.97227" lon="4.73991">
        <ele>10</ele>
      </trkpt>
      <trkpt lat="50.9723" lon="4.74053">
        <ele>10</ele>
      </trkpt>
      <trkpt lat="50.97237" lon="4.74117">
        <ele>10</ele>
      </trkpt>
      <trkpt lat="50.97253" lon="4.74209">
        <ele>10</ele>
      </trkpt>
      <trkpt lat="50.97277" lon="4.74327">
        <ele>10</ele>
      </trkpt>
      <trkpt lat="50.97281" lon="4.74379">
        <ele>9</ele>
      </trkpt>
      <trkpt lat="50.97283" lon="4.74469">
        <ele>9</ele>
      </trkpt>
      <trkpt lat="50.97287" lon="4.74512">
        <ele>10</ele>
      </trkpt>
      <trkpt lat="50.97294" lon="4.74541">
        <ele>10</ele>
      </trkpt>
      <trkpt lat="50.97302" lon="4.7456">
        <ele>10</ele>
      </trkpt>
      <trkpt lat="50.97355" lon="4.74626">
        <ele>9</ele>
      </trkpt>
      <trkpt lat="50.97355" lon="4.74627">
        <ele>9</ele>
      </trkpt>
      <trkpt lat="50.97415" lon="4.74703">
        <ele>9</ele>
      </trkpt>
      <trkpt lat="50.97436" lon="4.74733">
        <ele>9</ele>
      </trkpt>
      <trkpt lat="50.97458" lon="4.74767">
        <ele>9</ele>
      </trkpt>
      <trkpt lat="50.97491" lon="4.74829">
        <ele>9</ele>
      </trkpt>
      <trkpt lat="50.97526" lon="4.74896">
        <ele>9</ele>
      </trkpt>
      <trkpt lat="50.97554" lon="4.74968">
        <ele>9</ele>
      </trkpt>
      <trkpt lat="50.97573" lon="4.7503">
        <ele>9</ele>
      </trkpt>
      <trkpt lat="50.97589" lon="4.75089">
        <ele>9</ele>
      </trkpt>
      <trkpt lat="50.97606" lon="4.75158">
        <ele>10</ele>
      </trkpt>
      <trkpt lat="50.97617" lon="4.75231">
        <ele>11</ele>
      </trkpt>
      <trkpt lat="50.97628" lon="4.75354">
        <ele>12</ele>
      </trkpt>
      <trkpt lat="50.97631" lon="4.75417">
        <ele>13</ele>
      </trkpt>
      <trkpt lat="50.97626" lon="4.75542">
        <ele>16</ele>
      </trkpt>
      <trkpt lat="50.97615" lon="4.75653">
        <ele>14</ele>
      </trkpt>
      <trkpt lat="50.97614" lon="4.75718">
        <ele>13</ele>
      </trkpt>
      <trkpt lat="50.97616" lon="4.7575">
        <ele>12</ele>
      </trkpt>
      <trkpt lat="50.97626" lon="4.758">
        <ele>12</ele>
      </trkpt>
      <trkpt lat="50.97677" lon="4.75965">
        <ele>10</ele>
      </trkpt>
      <trkpt lat="50.97695" lon="4.76055">
        <ele>10</ele>
      </trkpt>
      <trkpt lat="50.97698" lon="4.761">
        <ele>10</ele>
      </trkpt>
      <trkpt lat="50.97699" lon="4.76133">
        <ele>10</ele>
      </trkpt>
      <trkpt lat="50.97683" lon="4.76237">
        <ele>10</ele>
      </trkpt>
      <trkpt lat="50.97685" lon="4.76262">
        <ele>10</ele>
      </trkpt>
      <trkpt lat="50.97695" lon="4.763">
        <ele>10</ele>
      </trkpt>
      <trkpt lat="50.97697" lon="4.76316">
        <ele>9</ele>
      </trkpt>
      <trkpt lat="50.97698" lon="4.76334">
        <ele>9</ele>
      </trkpt>
      <trkpt lat="50.97696" lon="4.76359">
        <ele>9</ele>
      </trkpt>
      <trkpt lat="50.97691" lon="4.76384">
        <ele>9</ele>
      </trkpt>
      <trkpt lat="50.97675" lon="4.76415">
        <ele>11</ele>
      </trkpt>
      <trkpt lat="50.9767" lon="4.76423">
        <ele>11</ele>
      </trkpt>
      <trkpt lat="50.97666" lon="4.76435">
        <ele>11</ele>
      </trkpt>
      <trkpt lat="50.97668" lon="4.76451">
        <ele>11</ele>
      </trkpt>
      <trkpt lat="50.97674" lon="4.76464">
        <ele>11</ele>
      </trkpt>
      <trkpt lat="50.97702" lon="4.765">
        <ele>10</ele>
      </trkpt>
      <trkpt lat="50.97727" lon="4.7654">
        <ele>11</ele>
      </trkpt>
      <trkpt lat="50.97768" lon="4.76622">
        <ele>9</ele>
      </trkpt>
      <trkpt lat="50.97848" lon="4.76773">
        <ele>9</ele>
      </trkpt>
      <trkpt lat="50.97859" lon="4.76814">
        <ele>9</ele>
      </trkpt>
      <trkpt lat="50.97868" lon="4.76878">
        <ele>9</ele>
      </trkpt>
      <trkpt lat="50.9787" lon="4.76925">
        <ele>9</ele>
      </trkpt>
      <trkpt lat="50.97869" lon="4.76974">
        <ele>9</ele>
      </trkpt>
      <trkpt lat="50.97862" lon="4.7706">
        <ele>9</ele>
      </trkpt>
      <trkpt lat="50.97821" lon="4.7723">
        <ele>8</ele>
      </trkpt>
      <trkpt lat="50.97819" lon="4.77258">
        <ele>8</ele>
      </trkpt>
      <trkpt lat="50.97817" lon="4.77291">
        <ele>7</ele>
      </trkpt>
      <trkpt lat="50.97822" lon="4.77329">
        <ele>8</ele>
      </trkpt>
      <trkpt lat="50.97832" lon="4.77369">
        <ele>8</ele>
      </trkpt>
      <trkpt lat="50.97883" lon="4.77488">
        <ele>9</ele>
      </trkpt>
      <trkpt lat="50.97909" lon="4.77569">
        <ele>9</ele>
      </trkpt>
      <trkpt lat="50.97922" lon="4.77627">
        <ele>9</ele>
      </trkpt>
      <trkpt lat="50.97931" lon="4.77684">
        <ele>9</ele>
      </trkpt>
      <trkpt lat="50.97942" lon="4.77792">
        <ele>9</ele>
      </trkpt>
      <trkpt lat="50.97943" lon="4.77853">
        <ele>9</ele>
      </trkpt>
      <trkpt lat="50.97943" lon="4.77931">
        <ele>8</ele>
      </trkpt>
      <trkpt lat="50.97947" lon="4.78047">
        <ele>9</ele>
      </trkpt>
      <trkpt lat="50.97951" lon="4.78091">
        <ele>9</ele>
      </trkpt>
      <trkpt lat="50.97956" lon="4.78129">
        <ele>9</ele>
      </trkpt>
      <trkpt lat="50.97962" lon="4.7815">
        <ele>9</ele>
      </trkpt>
      <trkpt lat="50.97966" lon="4.78191">
        <ele>10</ele>
      </trkpt>
      <trkpt lat="50.97974" lon="4.78227">
        <ele>10</ele>
      </trkpt>
      <trkpt lat="50.98024" lon="4.78442">
        <ele>12</ele>
      </trkpt>
      <trkpt lat="50.98029" lon="4.78469">
        <ele>12</ele>
      </trkpt>
      <trkpt lat="50.98031" lon="4.7849">
        <ele>13</ele>
      </trkpt>
      <trkpt lat="50.98027" lon="4.78525">
        <ele>14</ele>
      </trkpt>
      <trkpt lat="50.98022" lon="4.78545">
        <ele>14</ele>
      </trkpt>
      <trkpt lat="50.98005" lon="4.78589">
        <ele>14</ele>
      </trkpt>
      <trkpt lat="50.97999" lon="4.78611">
        <ele>14</ele>
      </trkpt>
      <trkpt lat="50.97992" lon="4.78667">
        <ele>13</ele>
      </trkpt>
      <trkpt lat="50.97991" lon="4.78717">
        <ele>12</ele>
      </trkpt>
      <trkpt lat="50.97993" lon="4.78742">
        <ele>12</ele>
      </trkpt>
      <trkpt lat="50.98007" lon="4.78848">
        <ele>12</ele>
      </trkpt>
      <trkpt lat="50.98012" lon="4.7895">
        <ele>12</ele>
      </trkpt>
      <trkpt lat="50.9802" lon="4.79021">
        <ele>11</ele>
      </trkpt>
      <trkpt lat="50.98026" lon="4.79046">
        <ele>11</ele>
      </trkpt>
      <trkpt lat="50.98045" lon="4.79095">
        <ele>10</ele>
      </trkpt>
      <trkpt lat="50.9805" lon="4.79118">
        <ele>10</ele>
      </trkpt>
      <trkpt lat="50.98048" lon="4.79139">
        <ele>10</ele>
      </trkpt>
      <trkpt lat="50.98045" lon="4.7915">
        <ele>10</ele>
      </trkpt>
      <trkpt lat="50.98013" lon="4.79221">
        <ele>10</ele>
      </trkpt>
      <trkpt lat="50.97997" lon="4.79299">
        <ele>10</ele>
      </trkpt>
      <trkpt lat="50.97995" lon="4.79381">
        <ele>10</ele>
      </trkpt>
      <trkpt lat="50.9797" lon="4.79431">
        <ele>10</ele>
      </trkpt>
      <trkpt lat="50.97968" lon="4.79482">
        <ele>10</ele>
      </trkpt>
      <trkpt lat="50.9799" lon="4.79529">
        <ele>10</ele>
      </trkpt>
      <trkpt lat="50.98043" lon="4.79629">
        <ele>10</ele>
      </trkpt>
      <trkpt lat="50.98042" lon="4.79679">
        <ele>10</ele>
      </trkpt>
      <trkpt lat="50.9802" lon="4.7972">
        <ele>10</ele>
      </trkpt>
      <trkpt lat="50.98001" lon="4.79745">
        <ele>10</ele>
      </trkpt>
      <trkpt lat="50.97996" lon="4.79772">
        <ele>10</ele>
      </trkpt>
      <trkpt lat="50.97994" lon="4.79821">
        <ele>10</ele>
      </trkpt>
      <trkpt lat="50.97996" lon="4.79839">
        <ele>10</ele>
      </trkpt>
      <trkpt lat="50.98003" lon="4.79851">
        <ele>10</ele>
      </trkpt>
      <trkpt lat="50.98044" lon="4.79896">
        <ele>11</ele>
      </trkpt>
      <trkpt lat="50.98074" lon="4.79941">
        <ele>10</ele>
      </trkpt>
      <trkpt lat="50.981" lon="4.79972">
        <ele>10</ele>
      </trkpt>
      <trkpt lat="50.98132" lon="4.80001">
        <ele>10</ele>
      </trkpt>
      <trkpt lat="50.98144" lon="4.8001">
        <ele>10</ele>
      </trkpt>
      <trkpt lat="50.9816" lon="4.80017">
        <ele>10</ele>
      </trkpt>
      <trkpt lat="50.98183" lon="4.80023">
        <ele>10</ele>
      </trkpt>
      <trkpt lat="50.98251" lon="4.80031">
        <ele>10</ele>
      </trkpt>
      <trkpt lat="50.983" lon="4.80042">
        <ele>9</ele>
      </trkpt>
      <trkpt lat="50.98318" lon="4.80051">
        <ele>9</ele>
      </trkpt>
      <trkpt lat="50.98336" lon="4.80064">
        <ele>9</ele>
      </trkpt>
      <trkpt lat="50.98374" lon="4.80104">
        <ele>9</ele>
      </trkpt>
      <trkpt lat="50.98431" lon="4.80182">
        <ele>10</ele>
      </trkpt>
      <trkpt lat="50.98454" lon="4.80216">
        <ele>10</ele>
      </trkpt>
      <trkpt lat="50.98483" lon="4.80268">
        <ele>9</ele>
      </trkpt>
      <trkpt lat="50.98497" lon="4.80287">
        <ele>9</ele>
      </trkpt>
      <trkpt lat="50.98538" lon="4.80325">
        <ele>10</ele>
      </trkpt>
      <trkpt lat="50.98552" lon="4.80347">
        <ele>10</ele>
      </trkpt>
      <trkpt lat="50.98565" lon="4.80376">
        <ele>10</ele>
      </trkpt>
      <trkpt lat="50.98592" lon="4.80472">
        <ele>10</ele>
      </trkpt>
      <trkpt lat="50.98614" lon="4.80614">
        <ele>10</ele>
      </trkpt>
      <trkpt lat="50.98626" lon="4.80666">
        <ele>10</ele>
      </trkpt>
      <trkpt lat="50.98691" lon="4.80846">
        <ele>9</ele>
      </trkpt>
      <trkpt lat="50.98709" lon="4.80904">
        <ele>9</ele>
      </trkpt>
      <trkpt lat="50.98723" lon="4.80962">
        <ele>9</ele>
      </trkpt>
      <trkpt lat="50.9873" lon="4.81012">
        <ele>10</ele>
      </trkpt>
      <trkpt lat="50.98738" lon="4.81055">
        <ele>10</ele>
      </trkpt>
      <trkpt lat="50.98756" lon="4.81097">
        <ele>10</ele>
      </trkpt>
      <trkpt lat="50.98764" lon="4.81129">
        <ele>10</ele>
      </trkpt>
      <trkpt lat="50.9878" lon="4.81197">
        <ele>11</ele>
      </trkpt>
      <trkpt lat="50.98795" lon="4.81268">
        <ele>11</ele>
      </trkpt>
      <trkpt lat="50.98812" lon="4.81392">
        <ele>10</ele>
      </trkpt>
      <trkpt lat="50.98854" lon="4.816">
        <ele>11</ele>
      </trkpt>
      <trkpt lat="50.98868" lon="4.81763">
        <ele>11</ele>
      </trkpt>
      <trkpt lat="50.98871" lon="4.8185">
        <ele>12</ele>
      </trkpt>
      <trkpt lat="50.98869" lon="4.8196">
        <ele>12</ele>
      </trkpt>
      <trkpt lat="50.98865" lon="4.81996">
        <ele>12</ele>
      </trkpt>
      <trkpt lat="50.98859" lon="4.82023">
        <ele>11</ele>
      </trkpt>
      <trkpt lat="50.98853" lon="4.82045">
        <ele>11</ele>
      </trkpt>
      <trkpt lat="50.98835" lon="4.82088">
        <ele>11</ele>
      </trkpt>
      <trkpt lat="50.98771" lon="4.8222">
        <ele>12</ele>
      </trkpt>
      <trkpt lat="50.9877" lon="4.8223">
        <ele>12</ele>
      </trkpt>
      <trkpt lat="50.98765" lon="4.82246">
        <ele>12</ele>
      </trkpt>
      <trkpt lat="50.9879" lon="4.82264">
        <ele>12</ele>
      </trkpt>
      <trkpt lat="50.9882" lon="4.82277">
        <ele>11</ele>
      </trkpt>
      <trkpt lat="50.9878" lon="4.82407">
        <ele>12</ele>
      </trkpt>
      <trkpt lat="50.98735" lon="4.82549">
        <ele>13</ele>
      </trkpt>
      <trkpt lat="50.98719" lon="4.82619">
        <ele>13</ele>
      </trkpt>
      <trkpt lat="50.9871" lon="4.82675">
        <ele>13</ele>
      </trkpt>
      <trkpt lat="50.987" lon="4.82815">
        <ele>13</ele>
      </trkpt>
      <trkpt lat="50.98698" lon="4.82842">
        <ele>13</ele>
      </trkpt>
      <trkpt lat="50.98694" lon="4.82895">
        <ele>13</ele>
      </trkpt>
      <trkpt lat="50.98692" lon="4.82915">
        <ele>13</ele>
      </trkpt>
      <trkpt lat="50.98693" lon="4.82952">
        <ele>13</ele>
      </trkpt>
      <trkpt lat="50.98699" lon="4.83002">
        <ele>13</ele>
      </trkpt>
      <trkpt lat="50.98739" lon="4.83235">
        <ele>15</ele>
      </trkpt>
      <trkpt lat="50.98743" lon="4.83274">
        <ele>15</ele>
      </trkpt>
      <trkpt lat="50.98744" lon="4.83309">
        <ele>14</ele>
      </trkpt>
      <trkpt lat="50.98753" lon="4.83383">
        <ele>14</ele>
      </trkpt>
      <trkpt lat="50.98774" lon="4.83539">
        <ele>13</ele>
      </trkpt>
      <trkpt lat="50.98787" lon="4.83652">
        <ele>14</ele>
      </trkpt>
      <trkpt lat="50.98792" lon="4.83658">
        <ele>14</ele>
      </trkpt>
      <trkpt lat="50.98794" lon="4.83668">
        <ele>14</ele>
      </trkpt>
      <trkpt lat="50.98791" lon="4.83679">
        <ele>14</ele>
      </trkpt>
      <trkpt lat="50.98788" lon="4.83683">
        <ele>14</ele>
      </trkpt>
      <trkpt lat="50.98782" lon="4.83683">
        <ele>14</ele>
      </trkpt>
      <trkpt lat="50.98776" lon="4.83677">
        <ele>14</ele>
      </trkpt>
      <trkpt lat="50.98765" lon="4.83729">
        <ele>14</ele>
      </trkpt>
      <trkpt lat="50.98759" lon="4.83761">
        <ele>14</ele>
      </trkpt>
      <trkpt lat="50.98727" lon="4.83834">
        <ele>14</ele>
      </trkpt>
      <trkpt lat="50.98729" lon="4.8385">
        <ele>14</ele>
      </trkpt>
      <trkpt lat="50.98714" lon="4.83884">
        <ele>14</ele>
      </trkpt>
      <trkpt lat="50.98701" lon="4.83923">
        <ele>15</ele>
      </trkpt>
      <trkpt lat="50.98693" lon="4.83929">
        <ele>15</ele>
      </trkpt>
      <trkpt lat="50.98685" lon="4.8396">
        <ele>15</ele>
      </trkpt>
      <trkpt lat="50.98678" lon="4.83992">
        <ele>15</ele>
      </trkpt>
      <trkpt lat="50.98676" lon="4.8403">
        <ele>15</ele>
      </trkpt>
      <trkpt lat="50.98676" lon="4.84064">
        <ele>15</ele>
      </trkpt>
      <trkpt lat="50.98681" lon="4.84098">
        <ele>15</ele>
      </trkpt>
      <trkpt lat="50.98694" lon="4.84149">
        <ele>15</ele>
      </trkpt>
      <trkpt lat="50.98703" lon="4.84169">
        <ele>14</ele>
      </trkpt>
      <trkpt lat="50.98709" lon="4.84198">
        <ele>14</ele>
      </trkpt>
      <trkpt lat="50.987" lon="4.84272">
        <ele>14</ele>
      </trkpt>
      <trkpt lat="50.98677" lon="4.844">
        <ele>15</ele>
      </trkpt>
      <trkpt lat="50.98671" lon="4.84436">
        <ele>14</ele>
      </trkpt>
      <trkpt lat="50.98664" lon="4.84554">
        <ele>13</ele>
      </trkpt>
      <trkpt lat="50.98663" lon="4.84617">
        <ele>12</ele>
      </trkpt>
      <trkpt lat="50.98666" lon="4.84647">
        <ele>12</ele>
      </trkpt>
      <trkpt lat="50.98675" lon="4.84694">
        <ele>12</ele>
      </trkpt>
      <trkpt lat="50.98751" lon="4.84968">
        <ele>13</ele>
      </trkpt>
      <trkpt lat="50.98765" lon="4.85008">
        <ele>14</ele>
      </trkpt>
      <trkpt lat="50.98794" lon="4.85063">
        <ele>16</ele>
      </trkpt>
      <trkpt lat="50.98839" lon="4.85137">
        <ele>19</ele>
      </trkpt>
      <trkpt lat="50.98851" lon="4.85147">
        <ele>21</ele>
      </trkpt>
      <trkpt lat="50.98848" lon="4.85164">
        <ele>20</ele>
      </trkpt>
      <trkpt lat="50.98838" lon="4.85199">
        <ele>21</ele>
      </trkpt>
      <trkpt lat="50.98835" lon="4.85221">
        <ele>21</ele>
      </trkpt>
      <trkpt lat="50.98829" lon="4.85332">
        <ele>24</ele>
      </trkpt>
      <trkpt lat="50.98827" lon="4.85394">
        <ele>24</ele>
      </trkpt>
      <trkpt lat="50.98837" lon="4.85499">
        <ele>24</ele>
      </trkpt>
      <trkpt lat="50.98844" lon="4.85602">
        <ele>24</ele>
      </trkpt>
      <trkpt lat="50.98863" lon="4.85793">
        <ele>29</ele>
      </trkpt>
      <trkpt lat="50.98866" lon="4.85812">
        <ele>29</ele>
      </trkpt>
      <trkpt lat="50.98871" lon="4.85832">
        <ele>28</ele>
      </trkpt>
      <trkpt lat="50.98895" lon="4.859">
        <ele>29</ele>
      </trkpt>
      <trkpt lat="50.9892" lon="4.85978">
        <ele>27</ele>
      </trkpt>
      <trkpt lat="50.98946" lon="4.86042">
        <ele>31</ele>
      </trkpt>
      <trkpt lat="50.98957" lon="4.86066">
        <ele>32</ele>
      </trkpt>
      <trkpt lat="50.98969" lon="4.86084">
        <ele>30</ele>
      </trkpt>
      <trkpt lat="50.99005" lon="4.86123">
        <ele>30</ele>
      </trkpt>
      <trkpt lat="50.99037" lon="4.86179">
        <ele>32</ele>
      </trkpt>
      <trkpt lat="50.99057" lon="4.86208">
        <ele>34</ele>
      </trkpt>
      <trkpt lat="50.99069" lon="4.86221">
        <ele>33</ele>
      </trkpt>
      <trkpt lat="50.99153" lon="4.86399">
        <ele>31</ele>
      </trkpt>
      <trkpt lat="50.9916" lon="4.86436">
        <ele>29</ele>
      </trkpt>
      <trkpt lat="50.99167" lon="4.86517">
        <ele>25</ele>
      </trkpt>
      <trkpt lat="50.99175" lon="4.86566">
        <ele>24</ele>
      </trkpt>
      <trkpt lat="50.99228" lon="4.86703">
        <ele>21</ele>
      </trkpt>
      <trkpt lat="50.99262" lon="4.86784">
        <ele>20</ele>
      </trkpt>
      <trkpt lat="50.99269" lon="4.86793">
        <ele>23</ele>
      </trkpt>
      <trkpt lat="50.99275" lon="4.86794">
        <ele>23</ele>
      </trkpt>
      <trkpt lat="50.99299" lon="4.86781">
        <ele>24</ele>
      </trkpt>
      <trkpt lat="50.99326" lon="4.86897">
        <ele>21</ele>
      </trkpt>
      <trkpt lat="50.99344" lon="4.86946">
        <ele>19</ele>
      </trkpt>
      <trkpt lat="50.99361" lon="4.86971">
        <ele>24</ele>
      </trkpt>
      <trkpt lat="50.99382" lon="4.86995">
        <ele>24</ele>
      </trkpt>
      <trkpt lat="50.99405" lon="4.87016">
        <ele>22</ele>
      </trkpt>
      <trkpt lat="50.99424" lon="4.87029">
        <ele>23</ele>
      </trkpt>
      <trkpt lat="50.9943" lon="4.87013">
        <ele>24</ele>
      </trkpt>
      <trkpt lat="50.99424" lon="4.87029">
        <ele>23</ele>
      </trkpt>
      <trkpt lat="50.99443" lon="4.8704">
        <ele>29</ele>
      </trkpt>
      <trkpt lat="50.9947" lon="4.87051">
        <ele>30</ele>
      </trkpt>
      <trkpt lat="50.99505" lon="4.87061">
        <ele>31</ele>
      </trkpt>
      <trkpt lat="50.99535" lon="4.87087">
        <ele>31</ele>
      </trkpt>
      <trkpt lat="50.99543" lon="4.87084">
        <ele>32</ele>
      </trkpt>
      <trkpt lat="50.99572" lon="4.87092">
        <ele>32</ele>
      </trkpt>
      <trkpt lat="50.9959" lon="4.87093">
        <ele>32</ele>
      </trkpt>
      <trkpt lat="50.99624" lon="4.87089">
        <ele>36</ele>
      </trkpt>
      <trkpt lat="50.99637" lon="4.87084">
        <ele>36</ele>
      </trkpt>
      <trkpt lat="50.99655" lon="4.8707">
        <ele>38</ele>
      </trkpt>
      <trkpt lat="50.99706" lon="4.8699">
        <ele>40</ele>
      </trkpt>
      <trkpt lat="50.99725" lon="4.86964">
        <ele>40</ele>
      </trkpt>
      <trkpt lat="50.99776" lon="4.86899">
        <ele>36</ele>
      </trkpt>
      <trkpt lat="50.99796" lon="4.86878">
        <ele>36</ele>
      </trkpt>
      <trkpt lat="50.99817" lon="4.86864">
        <ele>35</ele>
      </trkpt>
      <trkpt lat="50.99883" lon="4.8683">
        <ele>30</ele>
      </trkpt>
      <trkpt lat="50.99939" lon="4.868">
        <ele>27</ele>
      </trkpt>
      <trkpt lat="50.99959" lon="4.8678">
        <ele>26</ele>
      </trkpt>
      <trkpt lat="50.99967" lon="4.86769">
        <ele>26</ele>
      </trkpt>
      <trkpt lat="51.00093" lon="4.86549">
        <ele>22</ele>
      </trkpt>
      <trkpt lat="51.00103" lon="4.86535">
        <ele>20</ele>
      </trkpt>
      <trkpt lat="51.00118" lon="4.86519">
        <ele>20</ele>
      </trkpt>
      <trkpt lat="51.00142" lon="4.86506">
        <ele>20</ele>
      </trkpt>
      <trkpt lat="51.00156" lon="4.86503">
        <ele>20</ele>
      </trkpt>
      <trkpt lat="51.00207" lon="4.86501">
        <ele>20</ele>
      </trkpt>
      <trkpt lat="51.00346" lon="4.86498">
        <ele>24</ele>
      </trkpt>
      <trkpt lat="51.00371" lon="4.86495">
        <ele>25</ele>
      </trkpt>
      <trkpt lat="51.00395" lon="4.86488">
        <ele>25</ele>
      </trkpt>
      <trkpt lat="51.0043" lon="4.86473">
        <ele>25</ele>
      </trkpt>
      <trkpt lat="51.00474" lon="4.86465">
        <ele>21</ele>
      </trkpt>
      <trkpt lat="51.00581" lon="4.86465">
        <ele>17</ele>
      </trkpt>
      <trkpt lat="51.00613" lon="4.86692">
        <ele>16</ele>
      </trkpt>
      <trkpt lat="51.00617" lon="4.8675">
        <ele>16</ele>
      </trkpt>
      <trkpt lat="51.00616" lon="4.86791">
        <ele>16</ele>
      </trkpt>
      <trkpt lat="51.00611" lon="4.86895">
        <ele>15</ele>
      </trkpt>
      <trkpt lat="51.00593" lon="4.87009">
        <ele>17</ele>
      </trkpt>
      <trkpt lat="51.00588" lon="4.87033">
        <ele>17</ele>
      </trkpt>
      <trkpt lat="51.00581" lon="4.87054">
        <ele>17</ele>
      </trkpt>
      <trkpt lat="51.00524" lon="4.872">
        <ele>17</ele>
      </trkpt>
      <trkpt lat="51.0052" lon="4.87217">
        <ele>17</ele>
      </trkpt>
      <trkpt lat="51.00506" lon="4.873">
        <ele>17</ele>
      </trkpt>
      <trkpt lat="51.00496" lon="4.87333">
        <ele>17</ele>
      </trkpt>
      <trkpt lat="51.00476" lon="4.87393">
        <ele>16</ele>
      </trkpt>
      <trkpt lat="51.0047" lon="4.87424">
        <ele>16</ele>
      </trkpt>
      <trkpt lat="51.00466" lon="4.87578">
        <ele>17</ele>
      </trkpt>
      <trkpt lat="51.00466" lon="4.87634">
        <ele>18</ele>
      </trkpt>
      <trkpt lat="51.00467" lon="4.87658">
        <ele>18</ele>
      </trkpt>
      <trkpt lat="51.00475" lon="4.87699">
        <ele>20</ele>
      </trkpt>
      <trkpt lat="51.00488" lon="4.87734">
        <ele>19</ele>
      </trkpt>
      <trkpt lat="51.00499" lon="4.87754">
        <ele>20</ele>
      </trkpt>
      <trkpt lat="51.00521" lon="4.87778">
        <ele>19</ele>
      </trkpt>
      <trkpt lat="51.00632" lon="4.87845">
        <ele>18</ele>
      </trkpt>
      <trkpt lat="51.00714" lon="4.87905">
        <ele>18</ele>
      </trkpt>
      <trkpt lat="51.00755" lon="4.87975">
        <ele>17</ele>
      </trkpt>
      <trkpt lat="51.00803" lon="4.88089">
        <ele>19</ele>
      </trkpt>
      <trkpt lat="51.00819" lon="4.88127">
        <ele>19</ele>
      </trkpt>
      <trkpt lat="51.00828" lon="4.88156">
        <ele>19</ele>
      </trkpt>
      <trkpt lat="51.0084" lon="4.88231">
        <ele>20</ele>
      </trkpt>
      <trkpt lat="51.00863" lon="4.88418">
        <ele>20</ele>
      </trkpt>
      <trkpt lat="51.00873" lon="4.88461">
        <ele>20</ele>
      </trkpt>
      <trkpt lat="51.00876" lon="4.8847">
        <ele>20</ele>
      </trkpt>
      <trkpt lat="51.00872" lon="4.88476">
        <ele>20</ele>
      </trkpt>
      <trkpt lat="51.00871" lon="4.88483">
        <ele>21</ele>
      </trkpt>
      <trkpt lat="51.00877" lon="4.88574">
        <ele>23</ele>
      </trkpt>
      <trkpt lat="51.00876" lon="4.88599">
        <ele>24</ele>
      </trkpt>
      <trkpt lat="51.00872" lon="4.88629">
        <ele>24</ele>
      </trkpt>
      <trkpt lat="51.00868" lon="4.8865">
        <ele>24</ele>
      </trkpt>
      <trkpt lat="51.00815" lon="4.88851">
        <ele>23</ele>
      </trkpt>
      <trkpt lat="51.00811" lon="4.8887">
        <ele>22</ele>
      </trkpt>
      <trkpt lat="51.00816" lon="4.89058">
        <ele>25</ele>
      </trkpt>
      <trkpt lat="51.00828" lon="4.89158">
        <ele>26</ele>
      </trkpt>
      <trkpt lat="51.00832" lon="4.89209">
        <ele>26</ele>
      </trkpt>
      <trkpt lat="51.00829" lon="4.89435">
        <ele>22</ele>
      </trkpt>
      <trkpt lat="51.0083" lon="4.89509">
        <ele>21</ele>
      </trkpt>
      <trkpt lat="51.00836" lon="4.8958">
        <ele>21</ele>
      </trkpt>
      <trkpt lat="51.00849" lon="4.89634">
        <ele>20</ele>
      </trkpt>
      <trkpt lat="51.00897" lon="4.89772">
        <ele>23</ele>
      </trkpt>
      <trkpt lat="51.00919" lon="4.89824">
        <ele>23</ele>
      </trkpt>
      <trkpt lat="51.00944" lon="4.89876">
        <ele>25</ele>
      </trkpt>
      <trkpt lat="51.00956" lon="4.89907">
        <ele>26</ele>
      </trkpt>
      <trkpt lat="51.00988" lon="4.90039">
        <ele>29</ele>
      </trkpt>
      <trkpt lat="51.00996" lon="4.90064">
        <ele>28</ele>
      </trkpt>
      <trkpt lat="51.01068" lon="4.90249">
        <ele>27</ele>
      </trkpt>
      <trkpt lat="51.01082" lon="4.90294">
        <ele>27</ele>
      </trkpt>
      <trkpt lat="51.01121" lon="4.90496">
        <ele>25</ele>
      </trkpt>
      <trkpt lat="51.01143" lon="4.90633">
        <ele>25</ele>
      </trkpt>
      <trkpt lat="51.01094" lon="4.90665">
        <ele>20</ele>
      </trkpt>
      <trkpt lat="51.01087" lon="4.90675">
        <ele>20</ele>
      </trkpt>
      <trkpt lat="51.01086" lon="4.90709">
        <ele>20</ele>
      </trkpt>
      <trkpt lat="51.01092" lon="4.90764">
        <ele>19</ele>
      </trkpt>
      <trkpt lat="51.01104" lon="4.90817">
        <ele>22</ele>
      </trkpt>
      <trkpt lat="51.01106" lon="4.90833">
        <ele>21</ele>
      </trkpt>
      <trkpt lat="51.01106" lon="4.90995">
        <ele>18</ele>
      </trkpt>
      <trkpt lat="51.01117" lon="4.9114">
        <ele>18</ele>
      </trkpt>
      <trkpt lat="51.01116" lon="4.91167">
        <ele>19</ele>
      </trkpt>
      <trkpt lat="51.01076" lon="4.91399">
        <ele>19</ele>
      </trkpt>
      <trkpt lat="51.01034" lon="4.91519">
        <ele>19</ele>
      </trkpt>
      <trkpt lat="51.01034" lon="4.9154">
        <ele>19</ele>
      </trkpt>
      <trkpt lat="51.01049" lon="4.91676">
        <ele>19</ele>
      </trkpt>
      <trkpt lat="51.01061" lon="4.91821">
        <ele>18</ele>
      </trkpt>
      <trkpt lat="51.01066" lon="4.91868">
        <ele>17</ele>
      </trkpt>
      <trkpt lat="51.01081" lon="4.91954">
        <ele>17</ele>
      </trkpt>
      <trkpt lat="51.01084" lon="4.91988">
        <ele>17</ele>
      </trkpt>
      <trkpt lat="51.01084" lon="4.91995">
        <ele>17</ele>
      </trkpt>
      <trkpt lat="51.01101" lon="4.92008">
        <ele>18</ele>
      </trkpt>
      <trkpt lat="51.01106" lon="4.92011">
        <ele>18</ele>
      </trkpt>
      <trkpt lat="51.01095" lon="4.92037">
        <ele>17</ele>
      </trkpt>
      <trkpt lat="51.01087" lon="4.92062">
        <ele>17</ele>
      </trkpt>
      <trkpt lat="51.01082" lon="4.9209">
        <ele>17</ele>
      </trkpt>
      <trkpt lat="51.01079" lon="4.9211">
        <ele>17</ele>
      </trkpt>
      <trkpt lat="51.01077" lon="4.92151">
        <ele>16</ele>
      </trkpt>
      <trkpt lat="51.01077" lon="4.92196">
        <ele>16</ele>
      </trkpt>
      <trkpt lat="51.0111" lon="4.9238">
        <ele>16</ele>
      </trkpt>
      <trkpt lat="51.01123" lon="4.92477">
        <ele>16</ele>
      </trkpt>
      <trkpt lat="51.01134" lon="4.92527">
        <ele>17</ele>
      </trkpt>
      <trkpt lat="51.01175" lon="4.92695">
        <ele>17</ele>
      </trkpt>
      <trkpt lat="51.01223" lon="4.92923">
        <ele>15</ele>
      </trkpt>
      <trkpt lat="51.01229" lon="4.9293">
        <ele>15</ele>
      </trkpt>
      <trkpt lat="51.01231" lon="4.92933">
        <ele>15</ele>
      </trkpt>
      <trkpt lat="51.0123" lon="4.92939">
        <ele>15</ele>
      </trkpt>
      <trkpt lat="51.01234" lon="4.92995">
        <ele>16</ele>
      </trkpt>
      <trkpt lat="51.01233" lon="4.93027">
        <ele>16</ele>
      </trkpt>
      <trkpt lat="51.01194" lon="4.93337">
        <ele>15</ele>
      </trkpt>
      <trkpt lat="51.01193" lon="4.93372">
        <ele>15</ele>
      </trkpt>
      <trkpt lat="51.01197" lon="4.93419">
        <ele>15</ele>
      </trkpt>
      <trkpt lat="51.01213" lon="4.93532">
        <ele>15</ele>
      </trkpt>
      <trkpt lat="51.01217" lon="4.93594">
        <ele>15</ele>
      </trkpt>
      <trkpt lat="51.01217" lon="4.93625">
        <ele>14</ele>
      </trkpt>
      <trkpt lat="51.01206" lon="4.93785">
        <ele>14</ele>
      </trkpt>
      <trkpt lat="51.01206" lon="4.93847">
        <ele>15</ele>
      </trkpt>
      <trkpt lat="51.01212" lon="4.93915">
        <ele>15</ele>
      </trkpt>
      <trkpt lat="51.01223" lon="4.93987">
        <ele>15</ele>
      </trkpt>
      <trkpt lat="51.01226" lon="4.94016">
        <ele>14</ele>
      </trkpt>
      <trkpt lat="51.01226" lon="4.94078">
        <ele>14</ele>
      </trkpt>
      <trkpt lat="51.01222" lon="4.94121">
        <ele>14</ele>
      </trkpt>
      <trkpt lat="51.01161" lon="4.94566">
        <ele>15</ele>
      </trkpt>
      <trkpt lat="51.01151" lon="4.94622">
        <ele>15</ele>
      </trkpt>
      <trkpt lat="51.01145" lon="4.94643">
        <ele>15</ele>
      </trkpt>
      <trkpt lat="51.0113" lon="4.94683">
        <ele>15</ele>
      </trkpt>
      <trkpt lat="51.01113" lon="4.94714">
        <ele>16</ele>
      </trkpt>
      <trkpt lat="51.01093" lon="4.94744">
        <ele>16</ele>
      </trkpt>
      <trkpt lat="51.01085" lon="4.94752">
        <ele>16</ele>
      </trkpt>
      <trkpt lat="51.01063" lon="4.94772">
        <ele>16</ele>
      </trkpt>
      <trkpt lat="51.00977" lon="4.94827">
        <ele>16</ele>
      </trkpt>
      <trkpt lat="51.00961" lon="4.94835">
        <ele>15</ele>
      </trkpt>
      <trkpt lat="51.00954" lon="4.94842">
        <ele>15</ele>
      </trkpt>
      <trkpt lat="51.00948" lon="4.94857">
        <ele>15</ele>
      </trkpt>
      <trkpt lat="51.00934" lon="4.94919">
        <ele>16</ele>
      </trkpt>
      <trkpt lat="51.00874" lon="4.95169">
        <ele>17</ele>
      </trkpt>
      <trkpt lat="51.00873" lon="4.95178">
        <ele>17</ele>
      </trkpt>
      <trkpt lat="51.00891" lon="4.95269">
        <ele>18</ele>
      </trkpt>
      <trkpt lat="51.00899" lon="4.95338">
        <ele>20</ele>
      </trkpt>
      <trkpt lat="51.00901" lon="4.95398">
        <ele>20</ele>
      </trkpt>
      <trkpt lat="51.00903" lon="4.95487">
        <ele>23</ele>
      </trkpt>
      <trkpt lat="51.00901" lon="4.95499">
        <ele>23</ele>
      </trkpt>
      <trkpt lat="51.009" lon="4.955">
        <ele>24</ele>
      </trkpt>
      <trkpt lat="51.00895" lon="4.95502">
        <ele>24</ele>
      </trkpt>
      <trkpt lat="51.00867" lon="4.95495">
        <ele>22</ele>
      </trkpt>
      <trkpt lat="51.00828" lon="4.95482">
        <ele>18</ele>
      </trkpt>
      <trkpt lat="51.00814" lon="4.95475">
        <ele>17</ele>
      </trkpt>
      <trkpt lat="51.00794" lon="4.95461">
        <ele>17</ele>
      </trkpt>
      <trkpt lat="51.00771" lon="4.95437">
        <ele>17</ele>
      </trkpt>
      <trkpt lat="51.00745" lon="4.95415">
        <ele>16</ele>
      </trkpt>
      <trkpt lat="51.00715" lon="4.95394">
        <ele>15</ele>
      </trkpt>
      <trkpt lat="51.00686" lon="4.95379">
        <ele>16</ele>
      </trkpt>
      <trkpt lat="51.00642" lon="4.95364">
        <ele>16</ele>
      </trkpt>
      <trkpt lat="51.00273" lon="4.95259">
        <ele>16</ele>
      </trkpt>
      <trkpt lat="51.00238" lon="4.95255">
        <ele>16</ele>
      </trkpt>
      <trkpt lat="51.00188" lon="4.95253">
        <ele>15</ele>
      </trkpt>
      <trkpt lat="51.00167" lon="4.95255">
        <ele>16</ele>
      </trkpt>
      <trkpt lat="51.00148" lon="4.95257">
        <ele>16</ele>
      </trkpt>
      <trkpt lat="51.00122" lon="4.95263">
        <ele>16</ele>
      </trkpt>
      <trkpt lat="51.00118" lon="4.95238">
        <ele>16</ele>
      </trkpt>
      <trkpt lat="51.001" lon="4.95203">
        <ele>17</ele>
      </trkpt>
      <trkpt lat="50.99975" lon="4.94934">
        <ele>18</ele>
      </trkpt>
      <trkpt lat="50.99836" lon="4.94641">
        <ele>20</ele>
      </trkpt>
      <trkpt lat="50.99761" lon="4.94485">
        <ele>19</ele>
      </trkpt>
      <trkpt lat="50.99674" lon="4.9431">
        <ele>18</ele>
      </trkpt>
      <trkpt lat="50.99638" lon="4.94238">
        <ele>17</ele>
      </trkpt>
      <trkpt lat="50.99625" lon="4.94196">
        <ele>17</ele>
      </trkpt>
      <trkpt lat="50.99621" lon="4.94173">
        <ele>17</ele>
      </trkpt>
      <trkpt lat="50.99604" lon="4.93912">
        <ele>17</ele>
      </trkpt>
      <trkpt lat="50.99598" lon="4.93855">
        <ele>17</ele>
      </trkpt>
      <trkpt lat="50.99586" lon="4.93791">
        <ele>16</ele>
      </trkpt>
      <trkpt lat="50.99582" lon="4.93774">
        <ele>16</ele>
      </trkpt>
      <trkpt lat="50.99574" lon="4.93763">
        <ele>16</ele>
      </trkpt>
      <trkpt lat="50.99573" lon="4.93748">
        <ele>16</ele>
      </trkpt>
      <trkpt lat="50.9956" lon="4.93715">
        <ele>15</ele>
      </trkpt>
      <trkpt lat="50.99541" lon="4.93679">
        <ele>16</ele>
      </trkpt>
      <trkpt lat="50.99509" lon="4.93641">
        <ele>16</ele>
      </trkpt>
      <trkpt lat="50.99493" lon="4.93616">
        <ele>16</ele>
      </trkpt>
      <trkpt lat="50.99484" lon="4.93594">
        <ele>16</ele>
      </trkpt>
      <trkpt lat="50.9948" lon="4.93578">
        <ele>16</ele>
      </trkpt>
      <trkpt lat="50.9946" lon="4.93475">
        <ele>16</ele>
      </trkpt>
      <trkpt lat="50.99454" lon="4.93442">
        <ele>16</ele>
      </trkpt>
      <trkpt lat="50.99442" lon="4.93342">
        <ele>16</ele>
      </trkpt>
      <trkpt lat="50.99438" lon="4.93319">
        <ele>16</ele>
      </trkpt>
      <trkpt lat="50.99426" lon="4.93271">
        <ele>17</ele>
      </trkpt>
      <trkpt lat="50.99415" lon="4.9324">
        <ele>17</ele>
      </trkpt>
      <trkpt lat="50.99384" lon="4.93166">
        <ele>18</ele>
      </trkpt>
      <trkpt lat="50.99379" lon="4.93146">
        <ele>19</ele>
      </trkpt>
      <trkpt lat="50.99369" lon="4.93079">
        <ele>19</ele>
      </trkpt>
      <trkpt lat="50.99353" lon="4.93027">
        <ele>19</ele>
      </trkpt>
      <trkpt lat="50.99346" lon="4.92998">
        <ele>22</ele>
      </trkpt>
      <trkpt lat="50.99332" lon="4.92917">
        <ele>22</ele>
      </trkpt>
      <trkpt lat="50.99335" lon="4.92879">
        <ele>21</ele>
      </trkpt>
      <trkpt lat="50.99324" lon="4.92879">
        <ele>21</ele>
      </trkpt>
      <trkpt lat="50.99257" lon="4.92863">
        <ele>25</ele>
      </trkpt>
      <trkpt lat="50.99219" lon="4.92853">
        <ele>25</ele>
      </trkpt>
      <trkpt lat="50.99183" lon="4.92854">
        <ele>29</ele>
      </trkpt>
      <trkpt lat="50.9911" lon="4.92867">
        <ele>31</ele>
      </trkpt>
      <trkpt lat="50.99099" lon="4.92871">
        <ele>32</ele>
      </trkpt>
      <trkpt lat="50.98971" lon="4.92963">
        <ele>31</ele>
      </trkpt>
      <trkpt lat="50.98946" lon="4.92981">
        <ele>30</ele>
      </trkpt>
      <trkpt lat="50.98935" lon="4.92985">
        <ele>30</ele>
      </trkpt>
      <trkpt lat="50.98894" lon="4.92974">
        <ele>25</ele>
      </trkpt>
      <trkpt lat="50.98892" lon="4.92937">
        <ele>25</ele>
      </trkpt>
      <trkpt lat="50.98857" lon="4.92937">
        <ele>25</ele>
      </trkpt>
      <trkpt lat="50.98634" lon="4.92938">
        <ele>20</ele>
      </trkpt>
      <trkpt lat="50.98624" lon="4.92942">
        <ele>20</ele>
      </trkpt>
      <trkpt lat="50.98619" lon="4.92947">
        <ele>20</ele>
      </trkpt>
      <trkpt lat="50.98319" lon="4.92969">
        <ele>19</ele>
      </trkpt>
      <trkpt lat="50.9824" lon="4.92973">
        <ele>21</ele>
      </trkpt>
      <trkpt lat="50.97944" lon="4.92972">
        <ele>21</ele>
      </trkpt>
      <trkpt lat="50.97943" lon="4.92907">
        <ele>21</ele>
      </trkpt>
      <trkpt lat="50.97941" lon="4.928">
        <ele>20</ele>
      </trkpt>
      <trkpt lat="50.97935" lon="4.92646">
        <ele>19</ele>
      </trkpt>
      <trkpt lat="50.97936" lon="4.92617">
        <ele>19</ele>
      </trkpt>
      <trkpt lat="50.97952" lon="4.92426">
        <ele>18</ele>
      </trkpt>
      <trkpt lat="50.9796" lon="4.92353">
        <ele>18</ele>
      </trkpt>
      <trkpt lat="50.97981" lon="4.92257">
        <ele>18</ele>
      </trkpt>
      <trkpt lat="50.97983" lon="4.92235">
        <ele>19</ele>
      </trkpt>
      <trkpt lat="50.97984" lon="4.92214">
        <ele>19</ele>
      </trkpt>
      <trkpt lat="50.9798" lon="4.92089">
        <ele>20</ele>
      </trkpt>
      <trkpt lat="50.97956" lon="4.91818">
        <ele>21</ele>
      </trkpt>
      <trkpt lat="50.97942" lon="4.91727">
        <ele>21</ele>
      </trkpt>
      <trkpt lat="50.97926" lon="4.91674">
        <ele>20</ele>
      </trkpt>
      <trkpt lat="50.97918" lon="4.91657">
        <ele>21</ele>
      </trkpt>
      <trkpt lat="50.97887" lon="4.91609">
        <ele>21</ele>
      </trkpt>
      <trkpt lat="50.97875" lon="4.91574">
        <ele>22</ele>
      </trkpt>
      <trkpt lat="50.97869" lon="4.91543">
        <ele>22</ele>
      </trkpt>
      <trkpt lat="50.97866" lon="4.91516">
        <ele>22</ele>
      </trkpt>
      <trkpt lat="50.97862" lon="4.91498">
        <ele>22</ele>
      </trkpt>
      <trkpt lat="50.97841" lon="4.91436">
        <ele>19</ele>
      </trkpt>
      <trkpt lat="50.97828" lon="4.91375">
        <ele>19</ele>
      </trkpt>
      <trkpt lat="50.97819" lon="4.9131">
        <ele>20</ele>
      </trkpt>
      <trkpt lat="50.97805" lon="4.91179">
        <ele>21</ele>
      </trkpt>
      <trkpt lat="50.97795" lon="4.91127">
        <ele>22</ele>
      </trkpt>
      <trkpt lat="50.97784" lon="4.91081">
        <ele>22</ele>
      </trkpt>
      <trkpt lat="50.97771" lon="4.91036">
        <ele>22</ele>
      </trkpt>
      <trkpt lat="50.9776" lon="4.90962">
        <ele>19</ele>
      </trkpt>
      <trkpt lat="50.97759" lon="4.90954">
        <ele>19</ele>
      </trkpt>
      <trkpt lat="50.97763" lon="4.90918">
        <ele>19</ele>
      </trkpt>
      <trkpt lat="50.97789" lon="4.90832">
        <ele>20</ele>
      </trkpt>
      <trkpt lat="50.97796" lon="4.90803">
        <ele>20</ele>
      </trkpt>
      <trkpt lat="50.97833" lon="4.9059">
        <ele>19</ele>
      </trkpt>
      <trkpt lat="50.97768" lon="4.90573">
        <ele>19</ele>
      </trkpt>
      <trkpt lat="50.97663" lon="4.90542">
        <ele>19</ele>
      </trkpt>
      <trkpt lat="50.97654" lon="4.90535">
        <ele>19</ele>
      </trkpt>
      <trkpt lat="50.97591" lon="4.90472">
        <ele>20</ele>
      </trkpt>
      <trkpt lat="50.97584" lon="4.9047">
        <ele>20</ele>
      </trkpt>
      <trkpt lat="50.97566" lon="4.90475">
        <ele>20</ele>
      </trkpt>
      <trkpt lat="50.9753" lon="4.90494">
        <ele>20</ele>
      </trkpt>
      <trkpt lat="50.97516" lon="4.905">
        <ele>20</ele>
      </trkpt>
      <trkpt lat="50.97515" lon="4.905">
        <ele>20</ele>
      </trkpt>
      <trkpt lat="50.9751" lon="4.90435">
        <ele>19</ele>
      </trkpt>
      <trkpt lat="50.97511" lon="4.90402">
        <ele>19</ele>
      </trkpt>
      <trkpt lat="50.97503" lon="4.90312">
        <ele>19</ele>
      </trkpt>
      <trkpt lat="50.97499" lon="4.90282">
        <ele>19</ele>
      </trkpt>
      <trkpt lat="50.97488" lon="4.90165">
        <ele>19</ele>
      </trkpt>
      <trkpt lat="50.97455" lon="4.89949">
        <ele>19</ele>
      </trkpt>
      <trkpt lat="50.97452" lon="4.89914">
        <ele>19</ele>
      </trkpt>
      <trkpt lat="50.97443" lon="4.89874">
        <ele>19</ele>
      </trkpt>
      <trkpt lat="50.97416" lon="4.89693">
        <ele>19</ele>
      </trkpt>
      <trkpt lat="50.97408" lon="4.89657">
        <ele>20</ele>
      </trkpt>
      <trkpt lat="50.97404" lon="4.89633">
        <ele>20</ele>
      </trkpt>
      <trkpt lat="50.97402" lon="4.89614">
        <ele>20</ele>
      </trkpt>
      <trkpt lat="50.97405" lon="4.89584">
        <ele>20</ele>
      </trkpt>
      <trkpt lat="50.97408" lon="4.89572">
        <ele>21</ele>
      </trkpt>
      <trkpt lat="50.97414" lon="4.89559">
        <ele>21</ele>
      </trkpt>
      <trkpt lat="50.97422" lon="4.89536">
        <ele>21</ele>
      </trkpt>
      <trkpt lat="50.97428" lon="4.89515">
        <ele>21</ele>
      </trkpt>
      <trkpt lat="50.97437" lon="4.89429">
        <ele>20</ele>
      </trkpt>
      <trkpt lat="50.97439" lon="4.8942">
        <ele>20</ele>
      </trkpt>
      <trkpt lat="50.97426" lon="4.89401">
        <ele>21</ele>
      </trkpt>
      <trkpt lat="50.9739" lon="4.89329">
        <ele>21</ele>
      </trkpt>
      <trkpt lat="50.97382" lon="4.89319">
        <ele>22</ele>
      </trkpt>
      <trkpt lat="50.97379" lon="4.89317">
        <ele>22</ele>
      </trkpt>
      <trkpt lat="50.97382" lon="4.89224">
        <ele>22</ele>
      </trkpt>
      <trkpt lat="50.97381" lon="4.89211">
        <ele>22</ele>
      </trkpt>
      <trkpt lat="50.97377" lon="4.89203">
        <ele>22</ele>
      </trkpt>
      <trkpt lat="50.97372" lon="4.89196">
        <ele>22</ele>
      </trkpt>
      <trkpt lat="50.97307" lon="4.89158">
        <ele>22</ele>
      </trkpt>
      <trkpt lat="50.97248" lon="4.89105">
        <ele>22</ele>
      </trkpt>
      <trkpt lat="50.97162" lon="4.89016">
        <ele>22</ele>
      </trkpt>
      <trkpt lat="50.97148" lon="4.88995">
        <ele>23</ele>
      </trkpt>
      <trkpt lat="50.97133" lon="4.88967">
        <ele>24</ele>
      </trkpt>
      <trkpt lat="50.97086" lon="4.88848">
        <ele>24</ele>
      </trkpt>
      <trkpt lat="50.9699" lon="4.88651">
        <ele>32</ele>
      </trkpt>
      <trkpt lat="50.96977" lon="4.8862">
        <ele>32</ele>
      </trkpt>
      <trkpt lat="50.9695" lon="4.88544">
        <ele>36</ele>
      </trkpt>
      <trkpt lat="50.969" lon="4.88381">
        <ele>40</ele>
      </trkpt>
      <trkpt lat="50.96782" lon="4.88023">
        <ele>51</ele>
      </trkpt>
      <trkpt lat="50.96761" lon="4.87965">
        <ele>53</ele>
      </trkpt>
      <trkpt lat="50.96738" lon="4.87916">
        <ele>53</ele>
      </trkpt>
      <trkpt lat="50.96674" lon="4.87805">
        <ele>56</ele>
      </trkpt>
      <trkpt lat="50.96661" lon="4.87779">
        <ele>56</ele>
      </trkpt>
      <trkpt lat="50.96643" lon="4.87724">
        <ele>57</ele>
      </trkpt>
      <trkpt lat="50.96621" lon="4.87651">
        <ele>57</ele>
      </trkpt>
      <trkpt lat="50.96575" lon="4.87536">
        <ele>62</ele>
      </trkpt>
      <trkpt lat="50.96527" lon="4.87427">
        <ele>63</ele>
      </trkpt>
      <trkpt lat="50.96489" lon="4.87334">
        <ele>63</ele>
      </trkpt>
      <trkpt lat="50.96468" lon="4.87259">
        <ele>62</ele>
      </trkpt>
      <trkpt lat="50.96459" lon="4.87217">
        <ele>61</ele>
      </trkpt>
      <trkpt lat="50.96455" lon="4.87191">
        <ele>61</ele>
      </trkpt>
      <trkpt lat="50.9645" lon="4.87115">
        <ele>59</ele>
      </trkpt>
      <trkpt lat="50.96446" lon="4.86894">
        <ele>56</ele>
      </trkpt>
      <trkpt lat="50.96445" lon="4.86718">
        <ele>53</ele>
      </trkpt>
      <trkpt lat="50.96447" lon="4.86668">
        <ele>53</ele>
      </trkpt>
      <trkpt lat="50.96434" lon="4.86395">
        <ele>49</ele>
      </trkpt>
      <trkpt lat="50.96433" lon="4.86284">
        <ele>48</ele>
      </trkpt>
      <trkpt lat="50.96435" lon="4.86253">
        <ele>47</ele>
      </trkpt>
      <trkpt lat="50.96436" lon="4.86245">
        <ele>47</ele>
      </trkpt>
      <trkpt lat="50.96442" lon="4.86219">
        <ele>47</ele>
      </trkpt>
      <trkpt lat="50.96457" lon="4.86161">
        <ele>47</ele>
      </trkpt>
      <trkpt lat="50.96475" lon="4.86104">
        <ele>47</ele>
      </trkpt>
      <trkpt lat="50.96507" lon="4.86025">
        <ele>47</ele>
      </trkpt>
      <trkpt lat="50.9651" lon="4.86017">
        <ele>47</ele>
      </trkpt>
      <trkpt lat="50.96537" lon="4.85977">
        <ele>45</ele>
      </trkpt>
      <trkpt lat="50.96595" lon="4.85905">
        <ele>44</ele>
      </trkpt>
      <trkpt lat="50.96601" lon="4.85894">
        <ele>42</ele>
      </trkpt>
      <trkpt lat="50.96606" lon="4.85884">
        <ele>42</ele>
      </trkpt>
      <trkpt lat="50.96608" lon="4.85861">
        <ele>42</ele>
      </trkpt>
      <trkpt lat="50.96608" lon="4.85844">
        <ele>42</ele>
      </trkpt>
      <trkpt lat="50.96602" lon="4.8581">
        <ele>41</ele>
      </trkpt>
      <trkpt lat="50.96602" lon="4.85796">
        <ele>41</ele>
      </trkpt>
      <trkpt lat="50.96607" lon="4.85781">
        <ele>40</ele>
      </trkpt>
      <trkpt lat="50.96675" lon="4.85669">
        <ele>39</ele>
      </trkpt>
      <trkpt lat="50.96701" lon="4.85636">
        <ele>38</ele>
      </trkpt>
      <trkpt lat="50.96712" lon="4.85616">
        <ele>38</ele>
      </trkpt>
      <trkpt lat="50.96729" lon="4.85573">
        <ele>40</ele>
      </trkpt>
      <trkpt lat="50.96741" lon="4.85528">
        <ele>40</ele>
      </trkpt>
      <trkpt lat="50.9677" lon="4.85347">
        <ele>42</ele>
      </trkpt>
      <trkpt lat="50.96777" lon="4.85289">
        <ele>43</ele>
      </trkpt>
      <trkpt lat="50.96779" lon="4.85234">
        <ele>45</ele>
      </trkpt>
      <trkpt lat="50.96774" lon="4.85168">
        <ele>45</ele>
      </trkpt>
      <trkpt lat="50.96724" lon="4.84798">
        <ele>55</ele>
      </trkpt>
      <trkpt lat="50.9672" lon="4.84763">
        <ele>55</ele>
      </trkpt>
      <trkpt lat="50.96717" lon="4.84705">
        <ele>56</ele>
      </trkpt>
      <trkpt lat="50.96716" lon="4.84649">
        <ele>55</ele>
      </trkpt>
      <trkpt lat="50.96738" lon="4.84126">
        <ele>53</ele>
      </trkpt>
      <trkpt lat="50.9674" lon="4.84074">
        <ele>53</ele>
      </trkpt>
      <trkpt lat="50.96751" lon="4.84062">
        <ele>53</ele>
      </trkpt>
      <trkpt lat="50.96751" lon="4.84049">
        <ele>53</ele>
      </trkpt>
      <trkpt lat="50.9675" lon="4.84021">
        <ele>53</ele>
      </trkpt>
      <trkpt lat="50.96739" lon="4.83947">
        <ele>53</ele>
      </trkpt>
      <trkpt lat="50.96739" lon="4.83935">
        <ele>53</ele>
      </trkpt>
      <trkpt lat="50.96751" lon="4.83902">
        <ele>53</ele>
      </trkpt>
      <trkpt lat="50.96757" lon="4.83884">
        <ele>53</ele>
      </trkpt>
      <trkpt lat="50.96765" lon="4.83849">
        <ele>53</ele>
      </trkpt>
      <trkpt lat="50.96771" lon="4.83816">
        <ele>54</ele>
      </trkpt>
      <trkpt lat="50.96772" lon="4.83788">
        <ele>54</ele>
      </trkpt>
      <trkpt lat="50.96776" lon="4.83656">
        <ele>56</ele>
      </trkpt>
      <trkpt lat="50.96781" lon="4.83615">
        <ele>57</ele>
      </trkpt>
      <trkpt lat="50.9678" lon="4.83614">
        <ele>57</ele>
      </trkpt>
      <trkpt lat="50.96772" lon="4.8361">
        <ele>57</ele>
      </trkpt>
      <trkpt lat="50.96753" lon="4.83615">
        <ele>55</ele>
      </trkpt>
      <trkpt lat="50.96754" lon="4.83554">
        <ele>57</ele>
      </trkpt>
      <trkpt lat="50.96752" lon="4.83525">
        <ele>57</ele>
      </trkpt>
      <trkpt lat="50.96746" lon="4.83503">
        <ele>58</ele>
      </trkpt>
      <trkpt lat="50.96737" lon="4.83478">
        <ele>59</ele>
      </trkpt>
      <trkpt lat="50.96738" lon="4.83477">
        <ele>59</ele>
      </trkpt>
      <trkpt lat="50.96639" lon="4.83217">
        <ele>59</ele>
      </trkpt>
      <trkpt lat="50.96616" lon="4.8314">
        <ele>59</ele>
      </trkpt>
      <trkpt lat="50.96589" lon="4.83003">
        <ele>56</ele>
      </trkpt>
      <trkpt lat="50.96521" lon="4.82597">
        <ele>45</ele>
      </trkpt>
      <trkpt lat="50.96489" lon="4.82396">
        <ele>44</ele>
      </trkpt>
      <trkpt lat="50.96482" lon="4.82345">
        <ele>45</ele>
      </trkpt>
      <trkpt lat="50.96476" lon="4.82272">
        <ele>45</ele>
      </trkpt>
      <trkpt lat="50.96474" lon="4.82165">
        <ele>46</ele>
      </trkpt>
      <trkpt lat="50.96475" lon="4.82043">
        <ele>43</ele>
      </trkpt>
      <trkpt lat="50.96479" lon="4.81819">
        <ele>32</ele>
      </trkpt>
      <trkpt lat="50.96485" lon="4.81738">
        <ele>29</ele>
      </trkpt>
      <trkpt lat="50.96531" lon="4.81359">
        <ele>26</ele>
      </trkpt>
      <trkpt lat="50.96536" lon="4.81302">
        <ele>26</ele>
      </trkpt>
      <trkpt lat="50.96535" lon="4.81236">
        <ele>25</ele>
      </trkpt>
      <trkpt lat="50.96529" lon="4.81162">
        <ele>24</ele>
      </trkpt>
      <trkpt lat="50.96513" lon="4.8107">
        <ele>22</ele>
      </trkpt>
      <trkpt lat="50.96489" lon="4.80974">
        <ele>21</ele>
      </trkpt>
      <trkpt lat="50.96443" lon="4.80797">
        <ele>22</ele>
      </trkpt>
      <trkpt lat="50.96435" lon="4.80782">
        <ele>22</ele>
      </trkpt>
      <trkpt lat="50.96443" lon="4.80758">
        <ele>22</ele>
      </trkpt>
      <trkpt lat="50.96437" lon="4.80737">
        <ele>22</ele>
      </trkpt>
      <trkpt lat="50.96436" lon="4.80723">
        <ele>22</ele>
      </trkpt>
      <trkpt lat="50.96443" lon="4.80597">
        <ele>22</ele>
      </trkpt>
      <trkpt lat="50.96443" lon="4.80559">
        <ele>22</ele>
      </trkpt>
      <trkpt lat="50.96438" lon="4.80497">
        <ele>22</ele>
      </trkpt>
      <trkpt lat="50.96431" lon="4.80455">
        <ele>22</ele>
      </trkpt>
      <trkpt lat="50.96412" lon="4.80379">
        <ele>21</ele>
      </trkpt>
      <trkpt lat="50.96383" lon="4.80275">
        <ele>21</ele>
      </trkpt>
      <trkpt lat="50.96377" lon="4.80257">
        <ele>21</ele>
      </trkpt>
      <trkpt lat="50.96367" lon="4.8021">
        <ele>21</ele>
      </trkpt>
      <trkpt lat="50.96295" lon="4.79939">
        <ele>22</ele>
      </trkpt>
      <trkpt lat="50.96267" lon="4.79809">
        <ele>22</ele>
      </trkpt>
      <trkpt lat="50.96259" lon="4.7976">
        <ele>23</ele>
      </trkpt>
      <trkpt lat="50.96256" lon="4.79711">
        <ele>22</ele>
      </trkpt>
      <trkpt lat="50.96257" lon="4.79643">
        <ele>22</ele>
      </trkpt>
      <trkpt lat="50.96274" lon="4.7931">
        <ele>18</ele>
      </trkpt>
      <trkpt lat="50.96284" lon="4.79104">
        <ele>17</ele>
      </trkpt>
      <trkpt lat="50.96285" lon="4.79036">
        <ele>17</ele>
      </trkpt>
      <trkpt lat="50.96282" lon="4.7893">
        <ele>17</ele>
      </trkpt>
      <trkpt lat="50.96275" lon="4.78855">
        <ele>17</ele>
      </trkpt>
      <trkpt lat="50.9626" lon="4.78761">
        <ele>18</ele>
      </trkpt>
      <trkpt lat="50.96179" lon="4.78396">
        <ele>21</ele>
      </trkpt>
      <trkpt lat="50.96163" lon="4.78317">
        <ele>21</ele>
      </trkpt>
      <trkpt lat="50.96117" lon="4.78034">
        <ele>25</ele>
      </trkpt>
      <trkpt lat="50.96067" lon="4.77815">
        <ele>26</ele>
      </trkpt>
      <trkpt lat="50.96115" lon="4.77779">
        <ele>29</ele>
      </trkpt>
      <trkpt lat="50.9612" lon="4.7779">
        <ele>29</ele>
      </trkpt>
      <trkpt lat="50.96128" lon="4.77782">
        <ele>29</ele>
      </trkpt>
      <trkpt lat="50.96181" lon="4.77752">
        <ele>31</ele>
      </trkpt>
      <trkpt lat="50.96226" lon="4.77739">
        <ele>36</ele>
      </trkpt>
      <trkpt lat="50.96255" lon="4.77727">
        <ele>37</ele>
      </trkpt>
      <trkpt lat="50.96271" lon="4.77714">
        <ele>38</ele>
      </trkpt>
      <trkpt lat="50.96275" lon="4.77711">
        <ele>38</ele>
      </trkpt>
      <trkpt lat="50.96271" lon="4.77691">
        <ele>38</ele>
      </trkpt>
      <trkpt lat="50.96263" lon="4.77576">
        <ele>43</ele>
      </trkpt>
      <trkpt lat="50.96248" lon="4.77284">
        <ele>52</ele>
      </trkpt>
      <trkpt lat="50.96245" lon="4.77271">
        <ele>52</ele>
      </trkpt>
      <trkpt lat="50.96307" lon="4.77241">
        <ele>44</ele>
      </trkpt>
      <trkpt lat="50.96314" lon="4.77235">
        <ele>44</ele>
      </trkpt>
      <trkpt lat="50.96316" lon="4.77225">
        <ele>44</ele>
      </trkpt>
      <trkpt lat="50.96292" lon="4.77022">
        <ele>44</ele>
      </trkpt>
      <trkpt lat="50.96272" lon="4.76894">
        <ele>40</ele>
      </trkpt>
      <trkpt lat="50.96264" lon="4.76853">
        <ele>45</ele>
      </trkpt>
      <trkpt lat="50.96249" lon="4.768">
        <ele>43</ele>
      </trkpt>
      <trkpt lat="50.96229" lon="4.76748">
        <ele>42</ele>
      </trkpt>
      <trkpt lat="50.96175" lon="4.76638">
        <ele>41</ele>
      </trkpt>
      <trkpt lat="50.9612" lon="4.76469">
        <ele>37</ele>
      </trkpt>
      <trkpt lat="50.96069" lon="4.76335">
        <ele>41</ele>
      </trkpt>
      <trkpt lat="50.96011" lon="4.76146">
        <ele>43</ele>
      </trkpt>
      <trkpt lat="50.9599" lon="4.76091">
        <ele>43</ele>
      </trkpt>
      <trkpt lat="50.95965" lon="4.7606">
        <ele>43</ele>
      </trkpt>
      <trkpt lat="50.9594" lon="4.76036">
        <ele>44</ele>
      </trkpt>
      <trkpt lat="50.95901" lon="4.76005">
        <ele>50</ele>
      </trkpt>
      <trkpt lat="50.95865" lon="4.75995">
        <ele>51</ele>
      </trkpt>
      <trkpt lat="50.95824" lon="4.75977">
        <ele>54</ele>
      </trkpt>
      <trkpt lat="50.95807" lon="4.75973">
        <ele>55</ele>
      </trkpt>
      <trkpt lat="50.95802" lon="4.75954">
        <ele>56</ele>
      </trkpt>
      <trkpt lat="50.95707" lon="4.75696">
        <ele>54</ele>
      </trkpt>
      <trkpt lat="50.95636" lon="4.75481">
        <ele>47</ele>
      </trkpt>
      <trkpt lat="50.95629" lon="4.75456">
        <ele>48</ele>
      </trkpt>
      <trkpt lat="50.95624" lon="4.75425">
        <ele>45</ele>
      </trkpt>
      <trkpt lat="50.95622" lon="4.75396">
        <ele>41</ele>
      </trkpt>
      <trkpt lat="50.95625" lon="4.75365">
        <ele>40</ele>
      </trkpt>
      <trkpt lat="50.95635" lon="4.75328">
        <ele>34</ele>
      </trkpt>
      <trkpt lat="50.95651" lon="4.75296">
        <ele>32</ele>
      </trkpt>
      <trkpt lat="50.95673" lon="4.75275">
        <ele>30</ele>
      </trkpt>
      <trkpt lat="50.95686" lon="4.75266">
        <ele>28</ele>
      </trkpt>
      <trkpt lat="50.95698" lon="4.75266">
        <ele>28</ele>
      </trkpt>
      <trkpt lat="50.95717" lon="4.75281">
        <ele>27</ele>
      </trkpt>
      <trkpt lat="50.95723" lon="4.75285">
        <ele>26</ele>
      </trkpt>
      <trkpt lat="50.95724" lon="4.7524">
        <ele>24</ele>
      </trkpt>
      <trkpt lat="50.95713" lon="4.75196">
        <ele>23</ele>
      </trkpt>
      <trkpt lat="50.95713" lon="4.75196">
        <ele>23</ele>
      </trkpt>
      <trkpt lat="50.95611" lon="4.75038">
        <ele>18</ele>
      </trkpt>
      <trkpt lat="50.9557" lon="4.74962">
        <ele>16</ele>
      </trkpt>
      <trkpt lat="50.95504" lon="4.74826">
        <ele>14</ele>
      </trkpt>
      <trkpt lat="50.95523" lon="4.74804">
        <ele>14</ele>
      </trkpt>
      <trkpt lat="50.95608" lon="4.747">
        <ele>15</ele>
      </trkpt>
      <trkpt lat="50.95605" lon="4.74693">
        <ele>15</ele>
      </trkpt>
      <trkpt lat="50.95546" lon="4.74528">
        <ele>15</ele>
      </trkpt>
      <trkpt lat="50.95546" lon="4.74528">
        <ele>15</ele>
      </trkpt>
      <trkpt lat="50.95494" lon="4.74574">
        <ele>13</ele>
      </trkpt>
      <trkpt lat="50.9549" lon="4.74577">
        <ele>13</ele>
      </trkpt>
      <trkpt lat="50.95483" lon="4.74588">
        <ele>13</ele>
      </trkpt>
      <trkpt lat="50.95478" lon="4.74604">
        <ele>13</ele>
      </trkpt>
      <trkpt lat="50.95478" lon="4.74604">
        <ele>13</ele>
      </trkpt>
      <trkpt lat="50.95312" lon="4.74354">
        <ele>13</ele>
      </trkpt>
      <trkpt lat="50.9529" lon="4.74318">
        <ele>12</ele>
      </trkpt>
      <trkpt lat="50.95015" lon="4.73905">
        <ele>12</ele>
      </trkpt>
      <trkpt lat="50.95006" lon="4.73896">
        <ele>12</ele>
      </trkpt>
      <trkpt lat="50.94992" lon="4.73895">
        <ele>12</ele>
      </trkpt>
      <trkpt lat="50.94946" lon="4.73849">
        <ele>12</ele>
      </trkpt>
      <trkpt lat="50.94937" lon="4.73834">
        <ele>13</ele>
      </trkpt>
      <trkpt lat="50.94907" lon="4.73774">
        <ele>13</ele>
      </trkpt>
      <trkpt lat="50.949" lon="4.73757">
        <ele>13</ele>
      </trkpt>
      <trkpt lat="50.94892" lon="4.73729">
        <ele>13</ele>
      </trkpt>
      <trkpt lat="50.94847" lon="4.73657">
        <ele>13</ele>
      </trkpt>
      <trkpt lat="50.94813" lon="4.73645">
        <ele>13</ele>
      </trkpt>
      <trkpt lat="50.94798" lon="4.73637">
        <ele>13</ele>
      </trkpt>
      <trkpt lat="50.9478" lon="4.7362">
        <ele>13</ele>
      </trkpt>
      <trkpt lat="50.94753" lon="4.7357">
        <ele>12</ele>
      </trkpt>
      <trkpt lat="50.94736" lon="4.73545">
        <ele>12</ele>
      </trkpt>
      <trkpt lat="50.94706" lon="4.73519">
        <ele>12</ele>
      </trkpt>
      <trkpt lat="50.94708" lon="4.7351">
        <ele>12</ele>
      </trkpt>
      <trkpt lat="50.94705" lon="4.73497">
        <ele>12</ele>
      </trkpt>
      <trkpt lat="50.94686" lon="4.73448">
        <ele>12</ele>
      </trkpt>
      <trkpt lat="50.94681" lon="4.73441">
        <ele>12</ele>
      </trkpt>
      <trkpt lat="50.94663" lon="4.73427">
        <ele>12</ele>
      </trkpt>
      <trkpt lat="50.94662" lon="4.73417">
        <ele>12</ele>
      </trkpt>
      <trkpt lat="50.94665" lon="4.73404">
        <ele>12</ele>
      </trkpt>
      <trkpt lat="50.94678" lon="4.73378">
        <ele>12</ele>
      </trkpt>
      <trkpt lat="50.94684" lon="4.73377">
        <ele>12</ele>
      </trkpt>
      <trkpt lat="50.94689" lon="4.73381">
        <ele>12</ele>
      </trkpt>
      <trkpt lat="50.94693" lon="4.73392">
        <ele>12</ele>
      </trkpt>
      <trkpt lat="50.947" lon="4.73397">
        <ele>12</ele>
      </trkpt>
      <trkpt lat="50.94703" lon="4.73395">
        <ele>12</ele>
      </trkpt>
      <trkpt lat="50.9473" lon="4.73363">
        <ele>12</ele>
      </trkpt>
      <trkpt lat="50.94744" lon="4.73345">
        <ele>12</ele>
      </trkpt>
      <trkpt lat="50.94756" lon="4.73322">
        <ele>12</ele>
      </trkpt>
      <trkpt lat="50.94757" lon="4.7331">
        <ele>12</ele>
      </trkpt>
      <trkpt lat="50.94757" lon="4.73293">
        <ele>12</ele>
      </trkpt>
      <trkpt lat="50.9472" lon="4.73146">
        <ele>13</ele>
      </trkpt>
      <trkpt lat="50.94711" lon="4.73111">
        <ele>13</ele>
      </trkpt>
      <trkpt lat="50.947" lon="4.73087">
        <ele>13</ele>
      </trkpt>
      <trkpt lat="50.94685" lon="4.73063">
        <ele>13</ele>
      </trkpt>
      <trkpt lat="50.94621" lon="4.72982">
        <ele>13</ele>
      </trkpt>
      <trkpt lat="50.94542" lon="4.7291">
        <ele>13</ele>
      </trkpt>
      <trkpt lat="50.94475" lon="4.72857">
        <ele>12</ele>
      </trkpt>
      <trkpt lat="50.94433" lon="4.72836">
        <ele>12</ele>
      </trkpt>
      <trkpt lat="50.94416" lon="4.72826">
        <ele>12</ele>
      </trkpt>
      <trkpt lat="50.94274" lon="4.72618">
        <ele>9</ele>
      </trkpt>
      <trkpt lat="50.94266" lon="4.72593">
        <ele>9</ele>
      </trkpt>
      <trkpt lat="50.94246" lon="4.7253">
        <ele>10</ele>
      </trkpt>
      <trkpt lat="50.94165" lon="4.72605">
        <ele>11</ele>
      </trkpt>
      <trkpt lat="50.9409" lon="4.72673">
        <ele>10</ele>
      </trkpt>
      <trkpt lat="50.94073" lon="4.72653">
        <ele>10</ele>
      </trkpt>
      <trkpt lat="50.93952" lon="4.72484">
        <ele>10</ele>
      </trkpt>
      <trkpt lat="50.93908" lon="4.72427">
        <ele>9</ele>
      </trkpt>
      <trkpt lat="50.93887" lon="4.72399">
        <ele>10</ele>
      </trkpt>
      <trkpt lat="50.93842" lon="4.72358">
        <ele>10</ele>
      </trkpt>
      <trkpt lat="50.93774" lon="4.72314">
        <ele>11</ele>
      </trkpt>
      <trkpt lat="50.93758" lon="4.72308">
        <ele>12</ele>
      </trkpt>
      <trkpt lat="50.93749" lon="4.72307">
        <ele>12</ele>
      </trkpt>
      <trkpt lat="50.9374" lon="4.72311">
        <ele>12</ele>
      </trkpt>
      <trkpt lat="50.93723" lon="4.72321">
        <ele>12</ele>
      </trkpt>
      <trkpt lat="50.93708" lon="4.72337">
        <ele>11</ele>
      </trkpt>
      <trkpt lat="50.93674" lon="4.72286">
        <ele>12</ele>
      </trkpt>
      <trkpt lat="50.9366" lon="4.72274">
        <ele>12</ele>
      </trkpt>
      <trkpt lat="50.93612" lon="4.72248">
        <ele>12</ele>
      </trkpt>
      <trkpt lat="50.93468" lon="4.72138">
        <ele>13</ele>
      </trkpt>
      <trkpt lat="50.93415" lon="4.72104">
        <ele>13</ele>
      </trkpt>
      <trkpt lat="50.93396" lon="4.72095">
        <ele>13</ele>
      </trkpt>
      <trkpt lat="50.9333" lon="4.72069">
        <ele>15</ele>
      </trkpt>
      <trkpt lat="50.93285" lon="4.72056">
        <ele>15</ele>
      </trkpt>
      <trkpt lat="50.93221" lon="4.72042">
        <ele>13</ele>
      </trkpt>
      <trkpt lat="50.93174" lon="4.72021">
        <ele>12</ele>
      </trkpt>
      <trkpt lat="50.93069" lon="4.71953">
        <ele>11</ele>
      </trkpt>
      <trkpt lat="50.93042" lon="4.71938">
        <ele>11</ele>
      </trkpt>
      <trkpt lat="50.93006" lon="4.71923">
        <ele>11</ele>
      </trkpt>
      <trkpt lat="50.92965" lon="4.71906">
        <ele>11</ele>
      </trkpt>
      <trkpt lat="50.92939" lon="4.71899">
        <ele>11</ele>
      </trkpt>
      <trkpt lat="50.9292" lon="4.71898">
        <ele>11</ele>
      </trkpt>
      <trkpt lat="50.92882" lon="4.71902">
        <ele>11</ele>
      </trkpt>
      <trkpt lat="50.92874" lon="4.71897">
        <ele>11</ele>
      </trkpt>
      <trkpt lat="50.92873" lon="4.71888">
        <ele>11</ele>
      </trkpt>
      <trkpt lat="50.92863" lon="4.71844">
        <ele>11</ele>
      </trkpt>
      <trkpt lat="50.92851" lon="4.71813">
        <ele>11</ele>
      </trkpt>
      <trkpt lat="50.92834" lon="4.71793">
        <ele>12</ele>
      </trkpt>
      <trkpt lat="50.92799" lon="4.71769">
        <ele>12</ele>
      </trkpt>
      <trkpt lat="50.92751" lon="4.71752">
        <ele>13</ele>
      </trkpt>
      <trkpt lat="50.92699" lon="4.71747">
        <ele>13</ele>
      </trkpt>
      <trkpt lat="50.92692" lon="4.71756">
        <ele>13</ele>
      </trkpt>
      <trkpt lat="50.92606" lon="4.71667">
        <ele>13</ele>
      </trkpt>
      <trkpt lat="50.9258" lon="4.71638">
        <ele>13</ele>
      </trkpt>
      <trkpt lat="50.92547" lon="4.71586">
        <ele>14</ele>
      </trkpt>
      <trkpt lat="50.92514" lon="4.71562">
        <ele>14</ele>
      </trkpt>
      <trkpt lat="50.92502" lon="4.71551">
        <ele>14</ele>
      </trkpt>
      <trkpt lat="50.92481" lon="4.71517">
        <ele>14</ele>
      </trkpt>
      <trkpt lat="50.92477" lon="4.71513">
        <ele>14</ele>
      </trkpt>
      <trkpt lat="50.92511" lon="4.71359">
        <ele>14</ele>
      </trkpt>
      <trkpt lat="50.9255" lon="4.71179">
        <ele>14</ele>
      </trkpt>
      <trkpt lat="50.92564" lon="4.71105">
        <ele>13</ele>
      </trkpt>
      <trkpt lat="50.92564" lon="4.71077">
        <ele>13</ele>
      </trkpt>
      <trkpt lat="50.92545" lon="4.70721">
        <ele>14</ele>
      </trkpt>
      <trkpt lat="50.92533" lon="4.70554">
        <ele>15</ele>
      </trkpt>
      <trkpt lat="50.92528" lon="4.70528">
        <ele>16</ele>
      </trkpt>
      <trkpt lat="50.92517" lon="4.70502">
        <ele>16</ele>
      </trkpt>
      <trkpt lat="50.92502" lon="4.70476">
        <ele>16</ele>
      </trkpt>
      <trkpt lat="50.9227" lon="4.70253">
        <ele>18</ele>
      </trkpt>
      <trkpt lat="50.92247" lon="4.70219">
        <ele>18</ele>
      </trkpt>
      <trkpt lat="50.92234" lon="4.70196">
        <ele>17</ele>
      </trkpt>
      <trkpt lat="50.92226" lon="4.70187">
        <ele>18</ele>
      </trkpt>
      <trkpt lat="50.9221" lon="4.70183">
        <ele>18</ele>
      </trkpt>
      <trkpt lat="50.92177" lon="4.70185">
        <ele>18</ele>
      </trkpt>
      <trkpt lat="50.92162" lon="4.70181">
        <ele>18</ele>
      </trkpt>
      <trkpt lat="50.92085" lon="4.70109">
        <ele>18</ele>
      </trkpt>
      <trkpt lat="50.92181" lon="4.69864">
        <ele>21</ele>
      </trkpt>
      <trkpt lat="50.92359" lon="4.69387">
        <ele>18</ele>
      </trkpt>
      <trkpt lat="50.92356" lon="4.69384">
        <ele>18</ele>
      </trkpt>
      <trkpt lat="50.92417" lon="4.69227">
        <ele>18</ele>
      </trkpt>
      <trkpt lat="50.92381" lon="4.69213">
        <ele>18</ele>
      </trkpt>
      <trkpt lat="50.92369" lon="4.69221">
        <ele>18</ele>
      </trkpt>
      <trkpt lat="50.92358" lon="4.6922">
        <ele>18</ele>
      </trkpt>
      <trkpt lat="50.92295" lon="4.69205">
        <ele>19</ele>
      </trkpt>
      <trkpt lat="50.92251" lon="4.69192">
        <ele>20</ele>
      </trkpt>
      <trkpt lat="50.9224" lon="4.69188">
        <ele>20</ele>
      </trkpt>
      <trkpt lat="50.92229" lon="4.69174">
        <ele>20</ele>
      </trkpt>
      <trkpt lat="50.92225" lon="4.69161">
        <ele>20</ele>
      </trkpt>
      <trkpt lat="50.92206" lon="4.69157">
        <ele>20</ele>
      </trkpt>
      <trkpt lat="50.92165" lon="4.69138">
        <ele>20</ele>
      </trkpt>
      <trkpt lat="50.92149" lon="4.69133">
        <ele>20</ele>
      </trkpt>
      <trkpt lat="50.92067" lon="4.69122">
        <ele>20</ele>
      </trkpt>
      <trkpt lat="50.92029" lon="4.69117">
        <ele>19</ele>
      </trkpt>
      <trkpt lat="50.91686" lon="4.69098">
        <ele>19</ele>
      </trkpt>
      <trkpt lat="50.91654" lon="4.69093">
        <ele>19</ele>
      </trkpt>
      <trkpt lat="50.91627" lon="4.69084">
        <ele>19</ele>
      </trkpt>
      <trkpt lat="50.91535" lon="4.6904">
        <ele>20</ele>
      </trkpt>
      <trkpt lat="50.91518" lon="4.69028">
        <ele>20</ele>
      </trkpt>
      <trkpt lat="50.91514" lon="4.69024">
        <ele>20</ele>
      </trkpt>
      <trkpt lat="50.91498" lon="4.68993">
        <ele>20</ele>
      </trkpt>
      <trkpt lat="50.91488" lon="4.68968">
        <ele>20</ele>
      </trkpt>
      <trkpt lat="50.91484" lon="4.68952">
        <ele>20</ele>
      </trkpt>
      <trkpt lat="50.91469" lon="4.68743">
        <ele>20</ele>
      </trkpt>
      <trkpt lat="50.91462" lon="4.68625">
        <ele>19</ele>
      </trkpt>
      <trkpt lat="50.91436" lon="4.68637">
        <ele>19</ele>
      </trkpt>
      <trkpt lat="50.91391" lon="4.68647">
        <ele>19</ele>
      </trkpt>
      <trkpt lat="50.91337" lon="4.68641">
        <ele>19</ele>
      </trkpt>
      <trkpt lat="50.91309" lon="4.68633">
        <ele>19</ele>
      </trkpt>
      <trkpt lat="50.91283" lon="4.68619">
        <ele>19</ele>
      </trkpt>
      <trkpt lat="50.91255" lon="4.68599">
        <ele>20</ele>
      </trkpt>
      <trkpt lat="50.91163" lon="4.68522">
        <ele>20</ele>
      </trkpt>
      <trkpt lat="50.90955" lon="4.68343">
        <ele>21</ele>
      </trkpt>
      <trkpt lat="50.90937" lon="4.68333">
        <ele>22</ele>
      </trkpt>
      <trkpt lat="50.90926" lon="4.6833">
        <ele>22</ele>
      </trkpt>
      <trkpt lat="50.90727" lon="4.68344">
        <ele>25</ele>
      </trkpt>
      <trkpt lat="50.90693" lon="4.68352">
        <ele>26</ele>
      </trkpt>
      <trkpt lat="50.90654" lon="4.68368">
        <ele>28</ele>
      </trkpt>
      <trkpt lat="50.90572" lon="4.68413">
        <ele>29</ele>
      </trkpt>
      <trkpt lat="50.9057" lon="4.68405">
        <ele>30</ele>
      </trkpt>
      <trkpt lat="50.90556" lon="4.68395">
        <ele>30</ele>
      </trkpt>
      <trkpt lat="50.90552" lon="4.68392">
        <ele>30</ele>
      </trkpt>
      <trkpt lat="50.9055" lon="4.68202">
        <ele>30</ele>
      </trkpt>
      <trkpt lat="50.90551" lon="4.68173">
        <ele>29</ele>
      </trkpt>
      <trkpt lat="50.90578" lon="4.67982">
        <ele>28</ele>
      </trkpt>
      <trkpt lat="50.90606" lon="4.67762">
        <ele>28</ele>
      </trkpt>
      <trkpt lat="50.9061" lon="4.6772">
        <ele>29</ele>
      </trkpt>
      <trkpt lat="50.90611" lon="4.67657">
        <ele>29</ele>
      </trkpt>
      <trkpt lat="50.90607" lon="4.67389">
        <ele>30</ele>
      </trkpt>
      <trkpt lat="50.90613" lon="4.67351">
        <ele>30</ele>
      </trkpt>
      <trkpt lat="50.90648" lon="4.67209">
        <ele>30</ele>
      </trkpt>
      <trkpt lat="50.90654" lon="4.6718">
        <ele>29</ele>
      </trkpt>
      <trkpt lat="50.9066" lon="4.67094">
        <ele>30</ele>
      </trkpt>
      <trkpt lat="50.90659" lon="4.67058">
        <ele>30</ele>
      </trkpt>
      <trkpt lat="50.9065" lon="4.66982">
        <ele>30</ele>
      </trkpt>
      <trkpt lat="50.90652" lon="4.6695">
        <ele>30</ele>
      </trkpt>
      <trkpt lat="50.90647" lon="4.66944">
        <ele>30</ele>
      </trkpt>
      <trkpt lat="50.90644" lon="4.66934">
        <ele>30</ele>
      </trkpt>
      <trkpt lat="50.90636" lon="4.66888">
        <ele>30</ele>
      </trkpt>
      <trkpt lat="50.90632" lon="4.66839">
        <ele>30</ele>
      </trkpt>
      <trkpt lat="50.90601" lon="4.66559">
        <ele>32</ele>
      </trkpt>
      <trkpt lat="50.90575" lon="4.66444">
        <ele>34</ele>
      </trkpt>
      <trkpt lat="50.9056" lon="4.66387">
        <ele>34</ele>
      </trkpt>
      <trkpt lat="50.90481" lon="4.66134">
        <ele>32</ele>
      </trkpt>
      <trkpt lat="50.90465" lon="4.66076">
        <ele>31</ele>
      </trkpt>
      <trkpt lat="50.90435" lon="4.65933">
        <ele>30</ele>
      </trkpt>
      <trkpt lat="50.9041" lon="4.65804">
        <ele>30</ele>
      </trkpt>
      <trkpt lat="50.90415" lon="4.65546">
        <ele>28</ele>
      </trkpt>
      <trkpt lat="50.90414" lon="4.65481">
        <ele>29</ele>
      </trkpt>
      <trkpt lat="50.90407" lon="4.65432">
        <ele>29</ele>
      </trkpt>
      <trkpt lat="50.90376" lon="4.6527">
        <ele>29</ele>
      </trkpt>
      <trkpt lat="50.90375" lon="4.65184">
        <ele>29</ele>
      </trkpt>
      <trkpt lat="50.90376" lon="4.65121">
        <ele>29</ele>
      </trkpt>
      <trkpt lat="50.90374" lon="4.651">
        <ele>29</ele>
      </trkpt>
      <trkpt lat="50.90307" lon="4.64849">
        <ele>30</ele>
      </trkpt>
      <trkpt lat="50.90306" lon="4.64841">
        <ele>30</ele>
      </trkpt>
      <trkpt lat="50.90303" lon="4.64793">
        <ele>30</ele>
      </trkpt>
      <trkpt lat="50.90308" lon="4.64608">
        <ele>30</ele>
      </trkpt>
      <trkpt lat="50.90304" lon="4.64609">
        <ele>30</ele>
      </trkpt>
      <trkpt lat="50.90298" lon="4.64604">
        <ele>30</ele>
      </trkpt>
      <trkpt lat="50.90296" lon="4.64594">
        <ele>30</ele>
      </trkpt>
      <trkpt lat="50.90297" lon="4.64589">
        <ele>30</ele>
      </trkpt>
      <trkpt lat="50.90301" lon="4.64582">
        <ele>30</ele>
      </trkpt>
      <trkpt lat="50.90308" lon="4.64582">
        <ele>30</ele>
      </trkpt>
      <trkpt lat="50.90309" lon="4.64567">
        <ele>31</ele>
      </trkpt>
      <trkpt lat="50.90306" lon="4.64515">
        <ele>31</ele>
      </trkpt>
      <trkpt lat="50.90302" lon="4.64459">
        <ele>31</ele>
      </trkpt>
      <trkpt lat="50.90295" lon="4.64414">
        <ele>31</ele>
      </trkpt>
      <trkpt lat="50.90287" lon="4.64388">
        <ele>31</ele>
      </trkpt>
      <trkpt lat="50.9026" lon="4.64315">
        <ele>30</ele>
      </trkpt>
      <trkpt lat="50.9023" lon="4.64209">
        <ele>30</ele>
      </trkpt>
      <trkpt lat="50.90222" lon="4.64174">
        <ele>30</ele>
      </trkpt>
      <trkpt lat="50.90215" lon="4.64136">
        <ele>30</ele>
      </trkpt>
      <trkpt lat="50.90205" lon="4.63963">
        <ele>30</ele>
      </trkpt>
      <trkpt lat="50.90199" lon="4.63897">
        <ele>29</ele>
      </trkpt>
      <trkpt lat="50.90188" lon="4.63835">
        <ele>29</ele>
      </trkpt>
      <trkpt lat="50.90089" lon="4.63506">
        <ele>30</ele>
      </trkpt>
      <trkpt lat="50.90078" lon="4.63456">
        <ele>30</ele>
      </trkpt>
      <trkpt lat="50.90073" lon="4.63424">
        <ele>30</ele>
      </trkpt>
      <trkpt lat="50.90067" lon="4.63346">
        <ele>31</ele>
      </trkpt>
      <trkpt lat="50.90057" lon="4.6321">
        <ele>32</ele>
      </trkpt>
      <trkpt lat="50.90166" lon="4.62692">
        <ele>30</ele>
      </trkpt>
      <trkpt lat="50.90171" lon="4.6266">
        <ele>30</ele>
      </trkpt>
      <trkpt lat="50.90171" lon="4.62646">
        <ele>31</ele>
      </trkpt>
      <trkpt lat="50.90169" lon="4.62634">
        <ele>31</ele>
      </trkpt>
      <trkpt lat="50.90168" lon="4.62633">
        <ele>31</ele>
      </trkpt>
      <trkpt lat="50.90169" lon="4.62634">
        <ele>31</ele>
      </trkpt>
      <trkpt lat="50.90172" lon="4.62619">
        <ele>31</ele>
      </trkpt>
      <trkpt lat="50.90166" lon="4.62542">
        <ele>31</ele>
      </trkpt>
      <trkpt lat="50.90163" lon="4.62533">
        <ele>31</ele>
      </trkpt>
      <trkpt lat="50.9016" lon="4.62496">
        <ele>31</ele>
      </trkpt>
      <trkpt lat="50.90152" lon="4.62418">
        <ele>30</ele>
      </trkpt>
      <trkpt lat="50.90152" lon="4.62407">
        <ele>30</ele>
      </trkpt>
      <trkpt lat="50.90146" lon="4.62381">
        <ele>30</ele>
      </trkpt>
      <trkpt lat="50.90141" lon="4.62375">
        <ele>31</ele>
      </trkpt>
      <trkpt lat="50.90135" lon="4.62348">
        <ele>30</ele>
      </trkpt>
      <trkpt lat="50.90134" lon="4.62334">
        <ele>30</ele>
      </trkpt>
      <trkpt lat="50.90123" lon="4.62295">
        <ele>30</ele>
      </trkpt>
      <trkpt lat="50.90122" lon="4.62287">
        <ele>30</ele>
      </trkpt>
      <trkpt lat="50.90126" lon="4.62264">
        <ele>30</ele>
      </trkpt>
      <trkpt lat="50.90119" lon="4.62249">
        <ele>30</ele>
      </trkpt>
      <trkpt lat="50.90116" lon="4.62233">
        <ele>30</ele>
      </trkpt>
      <trkpt lat="50.90083" lon="4.6201">
        <ele>30</ele>
      </trkpt>
      <trkpt lat="50.90061" lon="4.61899">
        <ele>30</ele>
      </trkpt>
      <trkpt lat="50.90038" lon="4.618">
        <ele>30</ele>
      </trkpt>
      <trkpt lat="50.90032" lon="4.61793">
        <ele>30</ele>
      </trkpt>
      <trkpt lat="50.90021" lon="4.61748">
        <ele>30</ele>
      </trkpt>
      <trkpt lat="50.90009" lon="4.61724">
        <ele>31</ele>
      </trkpt>
      <trkpt lat="50.89989" lon="4.61704">
        <ele>31</ele>
      </trkpt>
      <trkpt lat="50.89982" lon="4.617">
        <ele>31</ele>
      </trkpt>
      <trkpt lat="50.89943" lon="4.61683">
        <ele>31</ele>
      </trkpt>
      <trkpt lat="50.89895" lon="4.61663">
        <ele>32</ele>
      </trkpt>
      <trkpt lat="50.89887" lon="4.61671">
        <ele>32</ele>
      </trkpt>
      <trkpt lat="50.89884" lon="4.61679">
        <ele>32</ele>
      </trkpt>
      <trkpt lat="50.89879" lon="4.61685">
        <ele>32</ele>
      </trkpt>
      <trkpt lat="50.89876" lon="4.61656">
        <ele>31</ele>
      </trkpt>
      <trkpt lat="50.89869" lon="4.61647">
        <ele>31</ele>
      </trkpt>
      <trkpt lat="50.89871" lon="4.6164">
        <ele>31</ele>
      </trkpt>
      <trkpt lat="50.89861" lon="4.6163">
        <ele>31</ele>
      </trkpt>
      <trkpt lat="50.8985" lon="4.61613">
        <ele>31</ele>
      </trkpt>
      <trkpt lat="50.89807" lon="4.615">
        <ele>31</ele>
      </trkpt>
      <trkpt lat="50.89744" lon="4.61323">
        <ele>32</ele>
      </trkpt>
      <trkpt lat="50.89649" lon="4.61116">
        <ele>33</ele>
      </trkpt>
      <trkpt lat="50.89602" lon="4.61049">
        <ele>33</ele>
      </trkpt>
      <trkpt lat="50.89556" lon="4.60997">
        <ele>34</ele>
      </trkpt>
      <trkpt lat="50.8911" lon="4.60475">
        <ele>35</ele>
      </trkpt>
      <trkpt lat="50.88998" lon="4.60338">
        <ele>36</ele>
      </trkpt>
      <trkpt lat="50.88606" lon="4.59804">
        <ele>39</ele>
      </trkpt>
      <trkpt lat="50.88586" lon="4.59767">
        <ele>39</ele>
      </trkpt>
      <trkpt lat="50.88564" lon="4.59719">
        <ele>39</ele>
      </trkpt>
      <trkpt lat="50.88556" lon="4.59707">
        <ele>39</ele>
      </trkpt>
      <trkpt lat="50.88548" lon="4.59699">
        <ele>39</ele>
      </trkpt>
      <trkpt lat="50.88528" lon="4.59687">
        <ele>39</ele>
      </trkpt>
      <trkpt lat="50.88511" lon="4.59672">
        <ele>39</ele>
      </trkpt>
      <trkpt lat="50.88416" lon="4.59508">
        <ele>38</ele>
      </trkpt>
      <trkpt lat="50.88298" lon="4.59299">
        <ele>37</ele>
      </trkpt>
      <trkpt lat="50.8829" lon="4.5928">
        <ele>37</ele>
      </trkpt>
      <trkpt lat="50.88276" lon="4.59233">
        <ele>38</ele>
      </trkpt>
      <trkpt lat="50.88271" lon="4.59193">
        <ele>38</ele>
      </trkpt>
      <trkpt lat="50.88264" lon="4.59101">
        <ele>39</ele>
      </trkpt>
      <trkpt lat="50.88254" lon="4.59057">
        <ele>40</ele>
      </trkpt>
      <trkpt lat="50.88237" lon="4.59015">
        <ele>40</ele>
      </trkpt>
      <trkpt lat="50.88142" lon="4.58848">
        <ele>44</ele>
      </trkpt>
      <trkpt lat="50.88084" lon="4.58736">
        <ele>44</ele>
      </trkpt>
      <trkpt lat="50.88067" lon="4.58698">
        <ele>44</ele>
      </trkpt>
      <trkpt lat="50.8805" lon="4.58667">
        <ele>44</ele>
      </trkpt>
      <trkpt lat="50.88022" lon="4.58613">
        <ele>43</ele>
      </trkpt>
      <trkpt lat="50.88147" lon="4.58463">
        <ele>40</ele>
      </trkpt>
      <trkpt lat="50.88176" lon="4.5842">
        <ele>39</ele>
      </trkpt>
      <trkpt lat="50.88201" lon="4.58382">
        <ele>38</ele>
      </trkpt>
      <trkpt lat="50.88308" lon="4.58191">
        <ele>40</ele>
      </trkpt>
      <trkpt lat="50.88302" lon="4.58173">
        <ele>39</ele>
      </trkpt>
      <trkpt lat="50.8826" lon="4.58019">
        <ele>37</ele>
      </trkpt>
      <trkpt lat="50.882" lon="4.57823">
        <ele>37</ele>
      </trkpt>
      <trkpt lat="50.88194" lon="4.57805">
        <ele>37</ele>
      </trkpt>
      <trkpt lat="50.88125" lon="4.57644">
        <ele>40</ele>
      </trkpt>
      <trkpt lat="50.88035" lon="4.5748">
        <ele>42</ele>
      </trkpt>
      <trkpt lat="50.8799" lon="4.57392">
        <ele>44</ele>
      </trkpt>
      <trkpt lat="50.87931" lon="4.57211">
        <ele>47</ele>
      </trkpt>
      <trkpt lat="50.87882" lon="4.57121">
        <ele>48</ele>
      </trkpt>
      <trkpt lat="50.87866" lon="4.57103">
        <ele>49</ele>
      </trkpt>
      <trkpt lat="50.87829" lon="4.57074">
        <ele>51</ele>
      </trkpt>
      <trkpt lat="50.87821" lon="4.57058">
        <ele>52</ele>
      </trkpt>
      <trkpt lat="50.8781" lon="4.57023">
        <ele>52</ele>
      </trkpt>
      <trkpt lat="50.87798" lon="4.56991">
        <ele>51</ele>
      </trkpt>
      <trkpt lat="50.87779" lon="4.5695">
        <ele>52</ele>
      </trkpt>
      <trkpt lat="50.87748" lon="4.56894">
        <ele>54</ele>
      </trkpt>
      <trkpt lat="50.87735" lon="4.56861">
        <ele>54</ele>
      </trkpt>
      <trkpt lat="50.87731" lon="4.56833">
        <ele>54</ele>
      </trkpt>
      <trkpt lat="50.87728" lon="4.56833">
        <ele>54</ele>
      </trkpt>
      <trkpt lat="50.87722" lon="4.56827">
        <ele>54</ele>
      </trkpt>
      <trkpt lat="50.8772" lon="4.56822">
        <ele>53</ele>
      </trkpt>
      <trkpt lat="50.8772" lon="4.5681">
        <ele>53</ele>
      </trkpt>
      <trkpt lat="50.87725" lon="4.56802">
        <ele>53</ele>
      </trkpt>
      <trkpt lat="50.8773" lon="4.568">
        <ele>53</ele>
      </trkpt>
      <trkpt lat="50.87737" lon="4.56806">
        <ele>53</ele>
      </trkpt>
      <trkpt lat="50.87739" lon="4.5681">
        <ele>53</ele>
      </trkpt>
      <trkpt lat="50.87744" lon="4.56808">
        <ele>53</ele>
      </trkpt>
      <trkpt lat="50.87784" lon="4.56786">
        <ele>50</ele>
      </trkpt>
      <trkpt lat="50.87886" lon="4.567">
        <ele>46</ele>
      </trkpt>
      <trkpt lat="50.88002" lon="4.56636">
        <ele>46</ele>
      </trkpt>
      <trkpt lat="50.88002" lon="4.5663">
        <ele>46</ele>
      </trkpt>
      <trkpt lat="50.88006" lon="4.56621">
        <ele>46</ele>
      </trkpt>
      <trkpt lat="50.88009" lon="4.56619">
        <ele>46</ele>
      </trkpt>
      <trkpt lat="50.88005" lon="4.56437">
        <ele>49</ele>
      </trkpt>
      <trkpt lat="50.88007" lon="4.56408">
        <ele>51</ele>
      </trkpt>
      <trkpt lat="50.88047" lon="4.56195">
        <ele>59</ele>
      </trkpt>
      <trkpt lat="50.88051" lon="4.56137">
        <ele>59</ele>
      </trkpt>
      <trkpt lat="50.88046" lon="4.5608">
        <ele>59</ele>
      </trkpt>
      <trkpt lat="50.87985" lon="4.55718">
        <ele>55</ele>
      </trkpt>
      <trkpt lat="50.87933" lon="4.55516">
        <ele>54</ele>
      </trkpt>
      <trkpt lat="50.87926" lon="4.5547">
        <ele>51</ele>
      </trkpt>
      <trkpt lat="50.87887" lon="4.55149">
        <ele>54</ele>
      </trkpt>
    </trkseg>
  </trk>
</gpx>