<?xml version='1.0' encoding='UTF-8'?>
<gpx xmlns="http://www.topografix.com/GPX/1/1" xmlns:xsi="http://www.w3.org/2001/XMLSchema-instance" creator="RouteYou" version="1.1" xsi:schemaLocation="http://www.topografix.com/GPX/1/1 http://www.topografix.com/GPX/1/1/gpx.xsd">
  <trk>
    <name>Londerzeel 2025</name>
    <desc />
    <trkseg>
      <trkpt lat="50.87755" lon="4.56908">
        <ele>53</ele>
      </trkpt>
      <trkpt lat="50.87779" lon="4.5695">
        <ele>52</ele>
      </trkpt>
      <trkpt lat="50.87798" lon="4.56991">
        <ele>51</ele>
      </trkpt>
      <trkpt lat="50.8781" lon="4.57023">
        <ele>52</ele>
      </trkpt>
      <trkpt lat="50.87821" lon="4.57058">
        <ele>52</ele>
      </trkpt>
      <trkpt lat="50.87829" lon="4.57074">
        <ele>51</ele>
      </trkpt>
      <trkpt lat="50.87866" lon="4.57102">
        <ele>49</ele>
      </trkpt>
      <trkpt lat="50.87882" lon="4.57121">
        <ele>48</ele>
      </trkpt>
      <trkpt lat="50.87904" lon="4.5716">
        <ele>48</ele>
      </trkpt>
      <trkpt lat="50.87922" lon="4.57197">
        <ele>47</ele>
      </trkpt>
      <trkpt lat="50.8794" lon="4.57243">
        <ele>45</ele>
      </trkpt>
      <trkpt lat="50.8799" lon="4.57392">
        <ele>44</ele>
      </trkpt>
      <trkpt lat="50.88015" lon="4.57443">
        <ele>42</ele>
      </trkpt>
      <trkpt lat="50.88092" lon="4.57579">
        <ele>41</ele>
      </trkpt>
      <trkpt lat="50.88125" lon="4.57644">
        <ele>40</ele>
      </trkpt>
      <trkpt lat="50.88162" lon="4.57722">
        <ele>39</ele>
      </trkpt>
      <trkpt lat="50.88195" lon="4.57805">
        <ele>37</ele>
      </trkpt>
      <trkpt lat="50.88228" lon="4.57907">
        <ele>37</ele>
      </trkpt>
      <trkpt lat="50.88261" lon="4.58023">
        <ele>37</ele>
      </trkpt>
      <trkpt lat="50.88309" lon="4.58195">
        <ele>40</ele>
      </trkpt>
      <trkpt lat="50.88345" lon="4.58133">
        <ele>39</ele>
      </trkpt>
      <trkpt lat="50.884" lon="4.58057">
        <ele>38</ele>
      </trkpt>
      <trkpt lat="50.8843" lon="4.58023">
        <ele>38</ele>
      </trkpt>
      <trkpt lat="50.88539" lon="4.57909">
        <ele>42</ele>
      </trkpt>
      <trkpt lat="50.88625" lon="4.57824">
        <ele>44</ele>
      </trkpt>
      <trkpt lat="50.88683" lon="4.57761">
        <ele>43</ele>
      </trkpt>
      <trkpt lat="50.88719" lon="4.57719">
        <ele>44</ele>
      </trkpt>
      <trkpt lat="50.88743" lon="4.5768">
        <ele>44</ele>
      </trkpt>
      <trkpt lat="50.88757" lon="4.57651">
        <ele>44</ele>
      </trkpt>
      <trkpt lat="50.88812" lon="4.57508">
        <ele>41</ele>
      </trkpt>
      <trkpt lat="50.8883" lon="4.57476">
        <ele>42</ele>
      </trkpt>
      <trkpt lat="50.88868" lon="4.57423">
        <ele>39</ele>
      </trkpt>
      <trkpt lat="50.89021" lon="4.57268">
        <ele>37</ele>
      </trkpt>
      <trkpt lat="50.8905" lon="4.57229">
        <ele>37</ele>
      </trkpt>
      <trkpt lat="50.89088" lon="4.57167">
        <ele>37</ele>
      </trkpt>
      <trkpt lat="50.89093" lon="4.57154">
        <ele>37</ele>
      </trkpt>
      <trkpt lat="50.89102" lon="4.57116">
        <ele>36</ele>
      </trkpt>
      <trkpt lat="50.89109" lon="4.57092">
        <ele>36</ele>
      </trkpt>
      <trkpt lat="50.89128" lon="4.57063">
        <ele>36</ele>
      </trkpt>
      <trkpt lat="50.89138" lon="4.57056">
        <ele>35</ele>
      </trkpt>
      <trkpt lat="50.89141" lon="4.57065">
        <ele>36</ele>
      </trkpt>
      <trkpt lat="50.89145" lon="4.57071">
        <ele>36</ele>
      </trkpt>
      <trkpt lat="50.89151" lon="4.57074">
        <ele>36</ele>
      </trkpt>
      <trkpt lat="50.89157" lon="4.57074">
        <ele>35</ele>
      </trkpt>
      <trkpt lat="50.89162" lon="4.57071">
        <ele>35</ele>
      </trkpt>
      <trkpt lat="50.89167" lon="4.57066">
        <ele>35</ele>
      </trkpt>
      <trkpt lat="50.8917" lon="4.57058">
        <ele>35</ele>
      </trkpt>
      <trkpt lat="50.89171" lon="4.5705">
        <ele>35</ele>
      </trkpt>
      <trkpt lat="50.89171" lon="4.57041">
        <ele>35</ele>
      </trkpt>
      <trkpt lat="50.89183" lon="4.57035">
        <ele>35</ele>
      </trkpt>
      <trkpt lat="50.89201" lon="4.57013">
        <ele>35</ele>
      </trkpt>
      <trkpt lat="50.89267" lon="4.5692">
        <ele>34</ele>
      </trkpt>
      <trkpt lat="50.89301" lon="4.56879">
        <ele>34</ele>
      </trkpt>
      <trkpt lat="50.89387" lon="4.56783">
        <ele>36</ele>
      </trkpt>
      <trkpt lat="50.89465" lon="4.56684">
        <ele>37</ele>
      </trkpt>
      <trkpt lat="50.89624" lon="4.56534">
        <ele>37</ele>
      </trkpt>
      <trkpt lat="50.89684" lon="4.56473">
        <ele>37</ele>
      </trkpt>
      <trkpt lat="50.90171" lon="4.55956">
        <ele>33</ele>
      </trkpt>
      <trkpt lat="50.90184" lon="4.5594">
        <ele>33</ele>
      </trkpt>
      <trkpt lat="50.90218" lon="4.55979">
        <ele>33</ele>
      </trkpt>
      <trkpt lat="50.90242" lon="4.55953">
        <ele>33</ele>
      </trkpt>
      <trkpt lat="50.90274" lon="4.55918">
        <ele>34</ele>
      </trkpt>
      <trkpt lat="50.90347" lon="4.55854">
        <ele>35</ele>
      </trkpt>
      <trkpt lat="50.9035" lon="4.55846">
        <ele>36</ele>
      </trkpt>
      <trkpt lat="50.90351" lon="4.5584">
        <ele>36</ele>
      </trkpt>
      <trkpt lat="50.90345" lon="4.55807">
        <ele>36</ele>
      </trkpt>
      <trkpt lat="50.90347" lon="4.55777">
        <ele>36</ele>
      </trkpt>
      <trkpt lat="50.90351" lon="4.55764">
        <ele>36</ele>
      </trkpt>
      <trkpt lat="50.90379" lon="4.55741">
        <ele>37</ele>
      </trkpt>
      <trkpt lat="50.90383" lon="4.55733">
        <ele>37</ele>
      </trkpt>
      <trkpt lat="50.90392" lon="4.55726">
        <ele>37</ele>
      </trkpt>
      <trkpt lat="50.90401" lon="4.55719">
        <ele>37</ele>
      </trkpt>
      <trkpt lat="50.90437" lon="4.55799">
        <ele>36</ele>
      </trkpt>
      <trkpt lat="50.90442" lon="4.55815">
        <ele>36</ele>
      </trkpt>
      <trkpt lat="50.90466" lon="4.55907">
        <ele>35</ele>
      </trkpt>
      <trkpt lat="50.90515" lon="4.56057">
        <ele>34</ele>
      </trkpt>
      <trkpt lat="50.9053" lon="4.56098">
        <ele>32</ele>
      </trkpt>
      <trkpt lat="50.90551" lon="4.5615">
        <ele>32</ele>
      </trkpt>
      <trkpt lat="50.90651" lon="4.56297">
        <ele>29</ele>
      </trkpt>
      <trkpt lat="50.90793" lon="4.56497">
        <ele>27</ele>
      </trkpt>
      <trkpt lat="50.90797" lon="4.56516">
        <ele>28</ele>
      </trkpt>
      <trkpt lat="50.90839" lon="4.56543">
        <ele>27</ele>
      </trkpt>
      <trkpt lat="50.90864" lon="4.56544">
        <ele>27</ele>
      </trkpt>
      <trkpt lat="50.9088" lon="4.56534">
        <ele>27</ele>
      </trkpt>
      <trkpt lat="50.90902" lon="4.56515">
        <ele>27</ele>
      </trkpt>
      <trkpt lat="50.91071" lon="4.56368">
        <ele>27</ele>
      </trkpt>
      <trkpt lat="50.91099" lon="4.56348">
        <ele>27</ele>
      </trkpt>
      <trkpt lat="50.91121" lon="4.56339">
        <ele>27</ele>
      </trkpt>
      <trkpt lat="50.91151" lon="4.56333">
        <ele>27</ele>
      </trkpt>
      <trkpt lat="50.91172" lon="4.56335">
        <ele>27</ele>
      </trkpt>
      <trkpt lat="50.91543" lon="4.56432">
        <ele>26</ele>
      </trkpt>
      <trkpt lat="50.91575" lon="4.56434">
        <ele>25</ele>
      </trkpt>
      <trkpt lat="50.91608" lon="4.5643">
        <ele>25</ele>
      </trkpt>
      <trkpt lat="50.9164" lon="4.56416">
        <ele>25</ele>
      </trkpt>
      <trkpt lat="50.91661" lon="4.56403">
        <ele>25</ele>
      </trkpt>
      <trkpt lat="50.91738" lon="4.56346">
        <ele>25</ele>
      </trkpt>
      <trkpt lat="50.91786" lon="4.56314">
        <ele>24</ele>
      </trkpt>
      <trkpt lat="50.91811" lon="4.56305">
        <ele>24</ele>
      </trkpt>
      <trkpt lat="50.91837" lon="4.56303">
        <ele>24</ele>
      </trkpt>
      <trkpt lat="50.91858" lon="4.56305">
        <ele>24</ele>
      </trkpt>
      <trkpt lat="50.91869" lon="4.56301">
        <ele>23</ele>
      </trkpt>
      <trkpt lat="50.91934" lon="4.56254">
        <ele>23</ele>
      </trkpt>
      <trkpt lat="50.91987" lon="4.56206">
        <ele>22</ele>
      </trkpt>
      <trkpt lat="50.91992" lon="4.56197">
        <ele>22</ele>
      </trkpt>
      <trkpt lat="50.91993" lon="4.56187">
        <ele>22</ele>
      </trkpt>
      <trkpt lat="50.91999" lon="4.56156">
        <ele>22</ele>
      </trkpt>
      <trkpt lat="50.92006" lon="4.56136">
        <ele>22</ele>
      </trkpt>
      <trkpt lat="50.92034" lon="4.56095">
        <ele>21</ele>
      </trkpt>
      <trkpt lat="50.92043" lon="4.5608">
        <ele>21</ele>
      </trkpt>
      <trkpt lat="50.92052" lon="4.56057">
        <ele>21</ele>
      </trkpt>
      <trkpt lat="50.92043" lon="4.56031">
        <ele>21</ele>
      </trkpt>
      <trkpt lat="50.92022" lon="4.55994">
        <ele>21</ele>
      </trkpt>
      <trkpt lat="50.92" lon="4.55964">
        <ele>22</ele>
      </trkpt>
      <trkpt lat="50.92009" lon="4.55921">
        <ele>22</ele>
      </trkpt>
      <trkpt lat="50.92029" lon="4.55835">
        <ele>22</ele>
      </trkpt>
      <trkpt lat="50.92057" lon="4.55744">
        <ele>23</ele>
      </trkpt>
      <trkpt lat="50.92191" lon="4.55366">
        <ele>24</ele>
      </trkpt>
      <trkpt lat="50.92208" lon="4.55325">
        <ele>23</ele>
      </trkpt>
      <trkpt lat="50.92204" lon="4.55318">
        <ele>23</ele>
      </trkpt>
      <trkpt lat="50.92204" lon="4.5531">
        <ele>23</ele>
      </trkpt>
      <trkpt lat="50.92208" lon="4.55303">
        <ele>23</ele>
      </trkpt>
      <trkpt lat="50.92211" lon="4.55302">
        <ele>23</ele>
      </trkpt>
      <trkpt lat="50.92203" lon="4.55284">
        <ele>23</ele>
      </trkpt>
      <trkpt lat="50.92199" lon="4.55264">
        <ele>23</ele>
      </trkpt>
      <trkpt lat="50.92199" lon="4.55216">
        <ele>23</ele>
      </trkpt>
      <trkpt lat="50.92217" lon="4.55047">
        <ele>22</ele>
      </trkpt>
      <trkpt lat="50.92219" lon="4.55016">
        <ele>22</ele>
      </trkpt>
      <trkpt lat="50.92219" lon="4.54961">
        <ele>22</ele>
      </trkpt>
      <trkpt lat="50.9222" lon="4.549">
        <ele>22</ele>
      </trkpt>
      <trkpt lat="50.92223" lon="4.54867">
        <ele>22</ele>
      </trkpt>
      <trkpt lat="50.92234" lon="4.54809">
        <ele>21</ele>
      </trkpt>
      <trkpt lat="50.92275" lon="4.54815">
        <ele>20</ele>
      </trkpt>
      <trkpt lat="50.92286" lon="4.54816">
        <ele>20</ele>
      </trkpt>
      <trkpt lat="50.92404" lon="4.54807">
        <ele>18</ele>
      </trkpt>
      <trkpt lat="50.92422" lon="4.54814">
        <ele>18</ele>
      </trkpt>
      <trkpt lat="50.92441" lon="4.54831">
        <ele>17</ele>
      </trkpt>
      <trkpt lat="50.92454" lon="4.5485">
        <ele>17</ele>
      </trkpt>
      <trkpt lat="50.92461" lon="4.54867">
        <ele>17</ele>
      </trkpt>
      <trkpt lat="50.92478" lon="4.54915">
        <ele>17</ele>
      </trkpt>
      <trkpt lat="50.92486" lon="4.54932">
        <ele>17</ele>
      </trkpt>
      <trkpt lat="50.9253" lon="4.5499">
        <ele>18</ele>
      </trkpt>
      <trkpt lat="50.92556" lon="4.55004">
        <ele>19</ele>
      </trkpt>
      <trkpt lat="50.92582" lon="4.55009">
        <ele>20</ele>
      </trkpt>
      <trkpt lat="50.92755" lon="4.55031">
        <ele>20</ele>
      </trkpt>
      <trkpt lat="50.92778" lon="4.55027">
        <ele>18</ele>
      </trkpt>
      <trkpt lat="50.92803" lon="4.55017">
        <ele>17</ele>
      </trkpt>
      <trkpt lat="50.92825" lon="4.55">
        <ele>17</ele>
      </trkpt>
      <trkpt lat="50.92848" lon="4.54975">
        <ele>17</ele>
      </trkpt>
      <trkpt lat="50.92934" lon="4.54861">
        <ele>16</ele>
      </trkpt>
      <trkpt lat="50.92972" lon="4.54818">
        <ele>16</ele>
      </trkpt>
      <trkpt lat="50.9298" lon="4.54801">
        <ele>16</ele>
      </trkpt>
      <trkpt lat="50.92985" lon="4.54786">
        <ele>16</ele>
      </trkpt>
      <trkpt lat="50.93035" lon="4.54559">
        <ele>17</ele>
      </trkpt>
      <trkpt lat="50.93037" lon="4.54533">
        <ele>17</ele>
      </trkpt>
      <trkpt lat="50.93036" lon="4.54503">
        <ele>18</ele>
      </trkpt>
      <trkpt lat="50.93031" lon="4.5445">
        <ele>19</ele>
      </trkpt>
      <trkpt lat="50.9303" lon="4.54427">
        <ele>19</ele>
      </trkpt>
      <trkpt lat="50.93033" lon="4.54374">
        <ele>19</ele>
      </trkpt>
      <trkpt lat="50.93038" lon="4.54337">
        <ele>20</ele>
      </trkpt>
      <trkpt lat="50.93053" lon="4.54274">
        <ele>20</ele>
      </trkpt>
      <trkpt lat="50.93077" lon="4.54187">
        <ele>20</ele>
      </trkpt>
      <trkpt lat="50.93083" lon="4.54157">
        <ele>20</ele>
      </trkpt>
      <trkpt lat="50.93087" lon="4.54129">
        <ele>20</ele>
      </trkpt>
      <trkpt lat="50.93086" lon="4.54081">
        <ele>20</ele>
      </trkpt>
      <trkpt lat="50.93081" lon="4.54013">
        <ele>19</ele>
      </trkpt>
      <trkpt lat="50.93096" lon="4.53942">
        <ele>18</ele>
      </trkpt>
      <trkpt lat="50.93126" lon="4.53852">
        <ele>17</ele>
      </trkpt>
      <trkpt lat="50.93155" lon="4.53781">
        <ele>16</ele>
      </trkpt>
      <trkpt lat="50.93164" lon="4.53764">
        <ele>16</ele>
      </trkpt>
      <trkpt lat="50.93181" lon="4.53739">
        <ele>16</ele>
      </trkpt>
      <trkpt lat="50.93215" lon="4.53698">
        <ele>16</ele>
      </trkpt>
      <trkpt lat="50.93256" lon="4.53821">
        <ele>16</ele>
      </trkpt>
      <trkpt lat="50.93286" lon="4.5391">
        <ele>16</ele>
      </trkpt>
      <trkpt lat="50.93405" lon="4.53864">
        <ele>14</ele>
      </trkpt>
      <trkpt lat="50.93411" lon="4.53867">
        <ele>14</ele>
      </trkpt>
      <trkpt lat="50.93444" lon="4.53856">
        <ele>14</ele>
      </trkpt>
      <trkpt lat="50.93467" lon="4.53851">
        <ele>14</ele>
      </trkpt>
      <trkpt lat="50.93576" lon="4.53853">
        <ele>14</ele>
      </trkpt>
      <trkpt lat="50.93594" lon="4.5385">
        <ele>13</ele>
      </trkpt>
      <trkpt lat="50.93631" lon="4.5384">
        <ele>13</ele>
      </trkpt>
      <trkpt lat="50.93652" lon="4.53832">
        <ele>13</ele>
      </trkpt>
      <trkpt lat="50.9378" lon="4.53772">
        <ele>13</ele>
      </trkpt>
      <trkpt lat="50.93845" lon="4.53732">
        <ele>13</ele>
      </trkpt>
      <trkpt lat="50.93879" lon="4.53708">
        <ele>13</ele>
      </trkpt>
      <trkpt lat="50.93955" lon="4.53645">
        <ele>12</ele>
      </trkpt>
      <trkpt lat="50.94007" lon="4.53593">
        <ele>12</ele>
      </trkpt>
      <trkpt lat="50.94078" lon="4.5351">
        <ele>11</ele>
      </trkpt>
      <trkpt lat="50.94109" lon="4.53473">
        <ele>11</ele>
      </trkpt>
      <trkpt lat="50.94107" lon="4.53468">
        <ele>11</ele>
      </trkpt>
      <trkpt lat="50.9417" lon="4.53395">
        <ele>11</ele>
      </trkpt>
      <trkpt lat="50.9421" lon="4.53358">
        <ele>11</ele>
      </trkpt>
      <trkpt lat="50.94213" lon="4.53349">
        <ele>11</ele>
      </trkpt>
      <trkpt lat="50.94209" lon="4.53119">
        <ele>12</ele>
      </trkpt>
      <trkpt lat="50.94211" lon="4.53046">
        <ele>12</ele>
      </trkpt>
      <trkpt lat="50.94218" lon="4.52956">
        <ele>13</ele>
      </trkpt>
      <trkpt lat="50.94225" lon="4.52908">
        <ele>12</ele>
      </trkpt>
      <trkpt lat="50.94242" lon="4.52825">
        <ele>12</ele>
      </trkpt>
      <trkpt lat="50.94248" lon="4.52801">
        <ele>12</ele>
      </trkpt>
      <trkpt lat="50.94269" lon="4.52733">
        <ele>12</ele>
      </trkpt>
      <trkpt lat="50.94333" lon="4.52566">
        <ele>11</ele>
      </trkpt>
      <trkpt lat="50.9434" lon="4.52541">
        <ele>11</ele>
      </trkpt>
      <trkpt lat="50.94347" lon="4.52501">
        <ele>10</ele>
      </trkpt>
      <trkpt lat="50.9435" lon="4.52477">
        <ele>10</ele>
      </trkpt>
      <trkpt lat="50.9435" lon="4.52422">
        <ele>10</ele>
      </trkpt>
      <trkpt lat="50.94333" lon="4.52237">
        <ele>14</ele>
      </trkpt>
      <trkpt lat="50.94333" lon="4.5217">
        <ele>14</ele>
      </trkpt>
      <trkpt lat="50.9434" lon="4.52107">
        <ele>15</ele>
      </trkpt>
      <trkpt lat="50.9437" lon="4.51886">
        <ele>16</ele>
      </trkpt>
      <trkpt lat="50.94388" lon="4.51588">
        <ele>11</ele>
      </trkpt>
      <trkpt lat="50.94386" lon="4.51538">
        <ele>10</ele>
      </trkpt>
      <trkpt lat="50.94382" lon="4.51496">
        <ele>10</ele>
      </trkpt>
      <trkpt lat="50.94347" lon="4.51356">
        <ele>10</ele>
      </trkpt>
      <trkpt lat="50.94352" lon="4.51346">
        <ele>10</ele>
      </trkpt>
      <trkpt lat="50.94379" lon="4.51317">
        <ele>10</ele>
      </trkpt>
      <trkpt lat="50.94497" lon="4.51189">
        <ele>9</ele>
      </trkpt>
      <trkpt lat="50.94566" lon="4.51117">
        <ele>8</ele>
      </trkpt>
      <trkpt lat="50.94611" lon="4.51074">
        <ele>9</ele>
      </trkpt>
      <trkpt lat="50.94778" lon="4.50939">
        <ele>10</ele>
      </trkpt>
      <trkpt lat="50.9479" lon="4.50932">
        <ele>10</ele>
      </trkpt>
      <trkpt lat="50.94806" lon="4.50956">
        <ele>10</ele>
      </trkpt>
      <trkpt lat="50.94811" lon="4.50956">
        <ele>10</ele>
      </trkpt>
      <trkpt lat="50.94954" lon="4.50929">
        <ele>10</ele>
      </trkpt>
      <trkpt lat="50.94994" lon="4.50923">
        <ele>10</ele>
      </trkpt>
      <trkpt lat="50.95021" lon="4.50923">
        <ele>10</ele>
      </trkpt>
      <trkpt lat="50.95117" lon="4.50908">
        <ele>9</ele>
      </trkpt>
      <trkpt lat="50.95163" lon="4.50895">
        <ele>9</ele>
      </trkpt>
      <trkpt lat="50.95408" lon="4.50719">
        <ele>9</ele>
      </trkpt>
      <trkpt lat="50.95417" lon="4.50714">
        <ele>9</ele>
      </trkpt>
      <trkpt lat="50.95485" lon="4.50696">
        <ele>8</ele>
      </trkpt>
      <trkpt lat="50.95514" lon="4.50685">
        <ele>8</ele>
      </trkpt>
      <trkpt lat="50.95524" lon="4.50749">
        <ele>10</ele>
      </trkpt>
      <trkpt lat="50.9554" lon="4.50858">
        <ele>13</ele>
      </trkpt>
      <trkpt lat="50.95682" lon="4.50818">
        <ele>11</ele>
      </trkpt>
      <trkpt lat="50.95697" lon="4.50819">
        <ele>10</ele>
      </trkpt>
      <trkpt lat="50.95764" lon="4.50863">
        <ele>12</ele>
      </trkpt>
      <trkpt lat="50.95841" lon="4.50906">
        <ele>10</ele>
      </trkpt>
      <trkpt lat="50.96074" lon="4.51028">
        <ele>8</ele>
      </trkpt>
      <trkpt lat="50.96104" lon="4.51045">
        <ele>8</ele>
      </trkpt>
      <trkpt lat="50.96133" lon="4.5109">
        <ele>8</ele>
      </trkpt>
      <trkpt lat="50.96148" lon="4.51101">
        <ele>8</ele>
      </trkpt>
      <trkpt lat="50.96167" lon="4.51108">
        <ele>8</ele>
      </trkpt>
      <trkpt lat="50.96188" lon="4.511">
        <ele>8</ele>
      </trkpt>
      <trkpt lat="50.96201" lon="4.51088">
        <ele>8</ele>
      </trkpt>
      <trkpt lat="50.96264" lon="4.51">
        <ele>8</ele>
      </trkpt>
      <trkpt lat="50.96281" lon="4.50985">
        <ele>8</ele>
      </trkpt>
      <trkpt lat="50.96354" lon="4.50933">
        <ele>8</ele>
      </trkpt>
      <trkpt lat="50.96353" lon="4.5091">
        <ele>8</ele>
      </trkpt>
      <trkpt lat="50.96468" lon="4.50842">
        <ele>8</ele>
      </trkpt>
      <trkpt lat="50.96537" lon="4.50801">
        <ele>8</ele>
      </trkpt>
      <trkpt lat="50.96463" lon="4.50562">
        <ele>8</ele>
      </trkpt>
      <trkpt lat="50.9644" lon="4.50483">
        <ele>8</ele>
      </trkpt>
      <trkpt lat="50.96373" lon="4.50266">
        <ele>8</ele>
      </trkpt>
      <trkpt lat="50.96368" lon="4.5024">
        <ele>8</ele>
      </trkpt>
      <trkpt lat="50.96365" lon="4.50169">
        <ele>8</ele>
      </trkpt>
      <trkpt lat="50.96357" lon="4.5005">
        <ele>8</ele>
      </trkpt>
      <trkpt lat="50.96353" lon="4.50015">
        <ele>8</ele>
      </trkpt>
      <trkpt lat="50.96337" lon="4.49967">
        <ele>8</ele>
      </trkpt>
      <trkpt lat="50.96291" lon="4.49846">
        <ele>8</ele>
      </trkpt>
      <trkpt lat="50.96252" lon="4.49756">
        <ele>9</ele>
      </trkpt>
      <trkpt lat="50.96223" lon="4.49681">
        <ele>9</ele>
      </trkpt>
      <trkpt lat="50.96206" lon="4.49626">
        <ele>8</ele>
      </trkpt>
      <trkpt lat="50.96208" lon="4.49612">
        <ele>8</ele>
      </trkpt>
      <trkpt lat="50.96212" lon="4.49603">
        <ele>8</ele>
      </trkpt>
      <trkpt lat="50.96216" lon="4.49598">
        <ele>8</ele>
      </trkpt>
      <trkpt lat="50.9622" lon="4.49573">
        <ele>8</ele>
      </trkpt>
      <trkpt lat="50.96218" lon="4.49555">
        <ele>8</ele>
      </trkpt>
      <trkpt lat="50.96224" lon="4.49523">
        <ele>7</ele>
      </trkpt>
      <trkpt lat="50.9624" lon="4.49455">
        <ele>8</ele>
      </trkpt>
      <trkpt lat="50.96253" lon="4.4942">
        <ele>8</ele>
      </trkpt>
      <trkpt lat="50.96275" lon="4.49376">
        <ele>7</ele>
      </trkpt>
      <trkpt lat="50.96297" lon="4.49336">
        <ele>7</ele>
      </trkpt>
      <trkpt lat="50.96334" lon="4.49254">
        <ele>8</ele>
      </trkpt>
      <trkpt lat="50.96538" lon="4.4885">
        <ele>6</ele>
      </trkpt>
      <trkpt lat="50.96559" lon="4.48803">
        <ele>6</ele>
      </trkpt>
      <trkpt lat="50.96574" lon="4.48778">
        <ele>6</ele>
      </trkpt>
      <trkpt lat="50.96572" lon="4.48769">
        <ele>6</ele>
      </trkpt>
      <trkpt lat="50.96932" lon="4.48055">
        <ele>6</ele>
      </trkpt>
      <trkpt lat="50.96945" lon="4.48021">
        <ele>6</ele>
      </trkpt>
      <trkpt lat="50.96955" lon="4.47986">
        <ele>7</ele>
      </trkpt>
      <trkpt lat="50.96958" lon="4.47968">
        <ele>7</ele>
      </trkpt>
      <trkpt lat="50.96966" lon="4.47881">
        <ele>7</ele>
      </trkpt>
      <trkpt lat="50.96971" lon="4.47871">
        <ele>8</ele>
      </trkpt>
      <trkpt lat="50.96984" lon="4.47714">
        <ele>8</ele>
      </trkpt>
      <trkpt lat="50.96994" lon="4.47675">
        <ele>8</ele>
      </trkpt>
      <trkpt lat="50.97002" lon="4.47655">
        <ele>8</ele>
      </trkpt>
      <trkpt lat="50.9701" lon="4.47643">
        <ele>8</ele>
      </trkpt>
      <trkpt lat="50.97069" lon="4.47574">
        <ele>9</ele>
      </trkpt>
      <trkpt lat="50.97102" lon="4.4754">
        <ele>9</ele>
      </trkpt>
      <trkpt lat="50.97127" lon="4.47523">
        <ele>9</ele>
      </trkpt>
      <trkpt lat="50.97151" lon="4.47512">
        <ele>9</ele>
      </trkpt>
      <trkpt lat="50.97231" lon="4.47498">
        <ele>8</ele>
      </trkpt>
      <trkpt lat="50.97231" lon="4.47492">
        <ele>8</ele>
      </trkpt>
      <trkpt lat="50.9726" lon="4.47491">
        <ele>8</ele>
      </trkpt>
      <trkpt lat="50.97269" lon="4.47491">
        <ele>8</ele>
      </trkpt>
      <trkpt lat="50.97274" lon="4.47459">
        <ele>8</ele>
      </trkpt>
      <trkpt lat="50.97289" lon="4.47417">
        <ele>8</ele>
      </trkpt>
      <trkpt lat="50.97299" lon="4.47397">
        <ele>8</ele>
      </trkpt>
      <trkpt lat="50.97306" lon="4.47376">
        <ele>8</ele>
      </trkpt>
      <trkpt lat="50.97314" lon="4.47335">
        <ele>8</ele>
      </trkpt>
      <trkpt lat="50.97327" lon="4.4721">
        <ele>8</ele>
      </trkpt>
      <trkpt lat="50.97336" lon="4.47138">
        <ele>9</ele>
      </trkpt>
      <trkpt lat="50.97347" lon="4.47092">
        <ele>9</ele>
      </trkpt>
      <trkpt lat="50.97424" lon="4.46865">
        <ele>10</ele>
      </trkpt>
      <trkpt lat="50.97425" lon="4.46853">
        <ele>10</ele>
      </trkpt>
      <trkpt lat="50.97436" lon="4.46816">
        <ele>8</ele>
      </trkpt>
      <trkpt lat="50.97443" lon="4.46791">
        <ele>8</ele>
      </trkpt>
      <trkpt lat="50.97453" lon="4.46763">
        <ele>8</ele>
      </trkpt>
      <trkpt lat="50.97459" lon="4.46742">
        <ele>8</ele>
      </trkpt>
      <trkpt lat="50.97468" lon="4.46699">
        <ele>7</ele>
      </trkpt>
      <trkpt lat="50.97471" lon="4.46671">
        <ele>7</ele>
      </trkpt>
      <trkpt lat="50.97473" lon="4.46632">
        <ele>8</ele>
      </trkpt>
      <trkpt lat="50.97465" lon="4.46543">
        <ele>8</ele>
      </trkpt>
      <trkpt lat="50.97465" lon="4.46519">
        <ele>8</ele>
      </trkpt>
      <trkpt lat="50.97463" lon="4.46498">
        <ele>7</ele>
      </trkpt>
      <trkpt lat="50.97466" lon="4.46495">
        <ele>7</ele>
      </trkpt>
      <trkpt lat="50.97457" lon="4.46408">
        <ele>7</ele>
      </trkpt>
      <trkpt lat="50.97454" lon="4.46363">
        <ele>7</ele>
      </trkpt>
      <trkpt lat="50.97456" lon="4.46326">
        <ele>7</ele>
      </trkpt>
      <trkpt lat="50.9746" lon="4.46297">
        <ele>6</ele>
      </trkpt>
      <trkpt lat="50.97469" lon="4.46267">
        <ele>6</ele>
      </trkpt>
      <trkpt lat="50.97488" lon="4.4623">
        <ele>6</ele>
      </trkpt>
      <trkpt lat="50.97603" lon="4.46069">
        <ele>7</ele>
      </trkpt>
      <trkpt lat="50.97605" lon="4.46065">
        <ele>7</ele>
      </trkpt>
      <trkpt lat="50.97612" lon="4.46071">
        <ele>7</ele>
      </trkpt>
      <trkpt lat="50.97668" lon="4.46138">
        <ele>7</ele>
      </trkpt>
      <trkpt lat="50.97759" lon="4.4624">
        <ele>8</ele>
      </trkpt>
      <trkpt lat="50.97819" lon="4.46325">
        <ele>7</ele>
      </trkpt>
      <trkpt lat="50.97836" lon="4.46352">
        <ele>7</ele>
      </trkpt>
      <trkpt lat="50.97887" lon="4.46449">
        <ele>8</ele>
      </trkpt>
      <trkpt lat="50.9791" lon="4.46488">
        <ele>8</ele>
      </trkpt>
      <trkpt lat="50.98021" lon="4.46662">
        <ele>9</ele>
      </trkpt>
      <trkpt lat="50.9812" lon="4.46796">
        <ele>9</ele>
      </trkpt>
      <trkpt lat="50.98185" lon="4.46875">
        <ele>8</ele>
      </trkpt>
      <trkpt lat="50.98293" lon="4.46725">
        <ele>10</ele>
      </trkpt>
      <trkpt lat="50.98375" lon="4.46609">
        <ele>11</ele>
      </trkpt>
      <trkpt lat="50.98405" lon="4.4657">
        <ele>11</ele>
      </trkpt>
      <trkpt lat="50.98419" lon="4.46557">
        <ele>11</ele>
      </trkpt>
      <trkpt lat="50.98437" lon="4.46544">
        <ele>11</ele>
      </trkpt>
      <trkpt lat="50.98479" lon="4.46519">
        <ele>10</ele>
      </trkpt>
      <trkpt lat="50.98504" lon="4.46495">
        <ele>10</ele>
      </trkpt>
      <trkpt lat="50.9854" lon="4.46443">
        <ele>9</ele>
      </trkpt>
      <trkpt lat="50.98549" lon="4.46425">
        <ele>9</ele>
      </trkpt>
      <trkpt lat="50.98562" lon="4.46382">
        <ele>10</ele>
      </trkpt>
      <trkpt lat="50.98569" lon="4.46311">
        <ele>11</ele>
      </trkpt>
      <trkpt lat="50.98574" lon="4.46277">
        <ele>11</ele>
      </trkpt>
      <trkpt lat="50.98582" lon="4.46246">
        <ele>11</ele>
      </trkpt>
      <trkpt lat="50.98676" lon="4.46027">
        <ele>12</ele>
      </trkpt>
      <trkpt lat="50.98718" lon="4.4592">
        <ele>12</ele>
      </trkpt>
      <trkpt lat="50.98732" lon="4.45891">
        <ele>12</ele>
      </trkpt>
      <trkpt lat="50.98757" lon="4.45842">
        <ele>12</ele>
      </trkpt>
      <trkpt lat="50.98794" lon="4.45777">
        <ele>11</ele>
      </trkpt>
      <trkpt lat="50.98722" lon="4.45624">
        <ele>10</ele>
      </trkpt>
      <trkpt lat="50.98705" lon="4.45583">
        <ele>10</ele>
      </trkpt>
      <trkpt lat="50.98647" lon="4.45454">
        <ele>8</ele>
      </trkpt>
      <trkpt lat="50.98626" lon="4.45372">
        <ele>7</ele>
      </trkpt>
      <trkpt lat="50.98606" lon="4.45318">
        <ele>7</ele>
      </trkpt>
      <trkpt lat="50.98601" lon="4.453">
        <ele>7</ele>
      </trkpt>
      <trkpt lat="50.986" lon="4.4526">
        <ele>7</ele>
      </trkpt>
      <trkpt lat="50.98596" lon="4.45239">
        <ele>7</ele>
      </trkpt>
      <trkpt lat="50.98597" lon="4.45207">
        <ele>7</ele>
      </trkpt>
      <trkpt lat="50.98584" lon="4.45154">
        <ele>7</ele>
      </trkpt>
      <trkpt lat="50.98575" lon="4.45134">
        <ele>7</ele>
      </trkpt>
      <trkpt lat="50.98549" lon="4.45078">
        <ele>7</ele>
      </trkpt>
      <trkpt lat="50.98545" lon="4.45055">
        <ele>7</ele>
      </trkpt>
      <trkpt lat="50.98545" lon="4.45018">
        <ele>7</ele>
      </trkpt>
      <trkpt lat="50.9855" lon="4.44994">
        <ele>8</ele>
      </trkpt>
      <trkpt lat="50.98603" lon="4.44851">
        <ele>8</ele>
      </trkpt>
      <trkpt lat="50.9861" lon="4.44805">
        <ele>9</ele>
      </trkpt>
      <trkpt lat="50.9861" lon="4.44767">
        <ele>9</ele>
      </trkpt>
      <trkpt lat="50.98606" lon="4.44734">
        <ele>9</ele>
      </trkpt>
      <trkpt lat="50.98575" lon="4.44591">
        <ele>10</ele>
      </trkpt>
      <trkpt lat="50.98546" lon="4.44501">
        <ele>11</ele>
      </trkpt>
      <trkpt lat="50.98544" lon="4.44491">
        <ele>11</ele>
      </trkpt>
      <trkpt lat="50.98545" lon="4.44482">
        <ele>13</ele>
      </trkpt>
      <trkpt lat="50.98551" lon="4.44462">
        <ele>13</ele>
      </trkpt>
      <trkpt lat="50.98564" lon="4.44442">
        <ele>13</ele>
      </trkpt>
      <trkpt lat="50.9861" lon="4.44392">
        <ele>14</ele>
      </trkpt>
      <trkpt lat="50.98645" lon="4.44348">
        <ele>14</ele>
      </trkpt>
      <trkpt lat="50.98693" lon="4.44276">
        <ele>13</ele>
      </trkpt>
      <trkpt lat="50.98788" lon="4.44168">
        <ele>12</ele>
      </trkpt>
      <trkpt lat="50.98811" lon="4.44145">
        <ele>11</ele>
      </trkpt>
      <trkpt lat="50.98849" lon="4.44112">
        <ele>11</ele>
      </trkpt>
      <trkpt lat="50.98926" lon="4.4406">
        <ele>9</ele>
      </trkpt>
      <trkpt lat="50.98942" lon="4.44047">
        <ele>8</ele>
      </trkpt>
      <trkpt lat="50.98948" lon="4.44035">
        <ele>8</ele>
      </trkpt>
      <trkpt lat="50.98958" lon="4.43995">
        <ele>8</ele>
      </trkpt>
      <trkpt lat="50.98966" lon="4.43979">
        <ele>8</ele>
      </trkpt>
      <trkpt lat="50.99015" lon="4.43903">
        <ele>8</ele>
      </trkpt>
      <trkpt lat="50.99045" lon="4.43842">
        <ele>8</ele>
      </trkpt>
      <trkpt lat="50.99049" lon="4.43826">
        <ele>8</ele>
      </trkpt>
      <trkpt lat="50.99051" lon="4.43803">
        <ele>8</ele>
      </trkpt>
      <trkpt lat="50.99048" lon="4.43785">
        <ele>7</ele>
      </trkpt>
      <trkpt lat="50.99032" lon="4.43726">
        <ele>8</ele>
      </trkpt>
      <trkpt lat="50.99023" lon="4.43701">
        <ele>8</ele>
      </trkpt>
      <trkpt lat="50.98998" lon="4.43653">
        <ele>8</ele>
      </trkpt>
      <trkpt lat="50.98982" lon="4.43615">
        <ele>8</ele>
      </trkpt>
      <trkpt lat="50.98957" lon="4.43549">
        <ele>8</ele>
      </trkpt>
      <trkpt lat="50.98943" lon="4.43504">
        <ele>8</ele>
      </trkpt>
      <trkpt lat="50.98933" lon="4.43451">
        <ele>9</ele>
      </trkpt>
      <trkpt lat="50.98932" lon="4.43415">
        <ele>9</ele>
      </trkpt>
      <trkpt lat="50.98934" lon="4.43403">
        <ele>9</ele>
      </trkpt>
      <trkpt lat="50.98942" lon="4.43387">
        <ele>9</ele>
      </trkpt>
      <trkpt lat="50.98937" lon="4.43381">
        <ele>9</ele>
      </trkpt>
      <trkpt lat="50.98925" lon="4.4333">
        <ele>9</ele>
      </trkpt>
      <trkpt lat="50.98914" lon="4.43272">
        <ele>9</ele>
      </trkpt>
      <trkpt lat="50.98888" lon="4.43189">
        <ele>9</ele>
      </trkpt>
      <trkpt lat="50.98866" lon="4.43122">
        <ele>9</ele>
      </trkpt>
      <trkpt lat="50.98776" lon="4.42869">
        <ele>8</ele>
      </trkpt>
      <trkpt lat="50.98769" lon="4.42858">
        <ele>8</ele>
      </trkpt>
      <trkpt lat="50.98777" lon="4.4283">
        <ele>8</ele>
      </trkpt>
      <trkpt lat="50.98776" lon="4.42804">
        <ele>8</ele>
      </trkpt>
      <trkpt lat="50.98746" lon="4.42678">
        <ele>9</ele>
      </trkpt>
      <trkpt lat="50.98717" lon="4.42525">
        <ele>9</ele>
      </trkpt>
      <trkpt lat="50.98704" lon="4.42479">
        <ele>8</ele>
      </trkpt>
      <trkpt lat="50.98697" lon="4.42441">
        <ele>8</ele>
      </trkpt>
      <trkpt lat="50.98697" lon="4.42409">
        <ele>8</ele>
      </trkpt>
      <trkpt lat="50.98705" lon="4.4231">
        <ele>8</ele>
      </trkpt>
      <trkpt lat="50.98707" lon="4.42256">
        <ele>8</ele>
      </trkpt>
      <trkpt lat="50.98713" lon="4.41969">
        <ele>9</ele>
      </trkpt>
      <trkpt lat="50.98717" lon="4.41949">
        <ele>9</ele>
      </trkpt>
      <trkpt lat="50.98732" lon="4.41904">
        <ele>9</ele>
      </trkpt>
      <trkpt lat="50.98812" lon="4.41692">
        <ele>9</ele>
      </trkpt>
      <trkpt lat="50.98836" lon="4.41628">
        <ele>9</ele>
      </trkpt>
      <trkpt lat="50.98839" lon="4.41614">
        <ele>9</ele>
      </trkpt>
      <trkpt lat="50.98841" lon="4.41589">
        <ele>9</ele>
      </trkpt>
      <trkpt lat="50.98896" lon="4.41611">
        <ele>9</ele>
      </trkpt>
      <trkpt lat="50.98933" lon="4.4161">
        <ele>9</ele>
      </trkpt>
      <trkpt lat="50.98953" lon="4.41605">
        <ele>9</ele>
      </trkpt>
      <trkpt lat="50.98971" lon="4.4159">
        <ele>9</ele>
      </trkpt>
      <trkpt lat="50.99022" lon="4.41544">
        <ele>9</ele>
      </trkpt>
      <trkpt lat="50.99089" lon="4.41495">
        <ele>9</ele>
      </trkpt>
      <trkpt lat="50.99156" lon="4.41441">
        <ele>8</ele>
      </trkpt>
      <trkpt lat="50.99187" lon="4.41416">
        <ele>9</ele>
      </trkpt>
      <trkpt lat="50.99177" lon="4.41393">
        <ele>9</ele>
      </trkpt>
      <trkpt lat="50.99152" lon="4.41346">
        <ele>8</ele>
      </trkpt>
      <trkpt lat="50.99126" lon="4.41307">
        <ele>8</ele>
      </trkpt>
      <trkpt lat="50.99111" lon="4.4128">
        <ele>8</ele>
      </trkpt>
      <trkpt lat="50.99088" lon="4.41229">
        <ele>8</ele>
      </trkpt>
      <trkpt lat="50.99062" lon="4.41152">
        <ele>9</ele>
      </trkpt>
      <trkpt lat="50.99041" lon="4.41105">
        <ele>9</ele>
      </trkpt>
      <trkpt lat="50.98988" lon="4.41012">
        <ele>9</ele>
      </trkpt>
      <trkpt lat="50.98939" lon="4.4093">
        <ele>9</ele>
      </trkpt>
      <trkpt lat="50.9892" lon="4.40889">
        <ele>9</ele>
      </trkpt>
      <trkpt lat="50.989" lon="4.40837">
        <ele>9</ele>
      </trkpt>
      <trkpt lat="50.9888" lon="4.40774">
        <ele>10</ele>
      </trkpt>
      <trkpt lat="50.98848" lon="4.40695">
        <ele>9</ele>
      </trkpt>
      <trkpt lat="50.9884" lon="4.40664">
        <ele>9</ele>
      </trkpt>
      <trkpt lat="50.98836" lon="4.40631">
        <ele>8</ele>
      </trkpt>
      <trkpt lat="50.98831" lon="4.40613">
        <ele>8</ele>
      </trkpt>
      <trkpt lat="50.98826" lon="4.406">
        <ele>8</ele>
      </trkpt>
      <trkpt lat="50.98807" lon="4.40566">
        <ele>8</ele>
      </trkpt>
      <trkpt lat="50.98797" lon="4.40545">
        <ele>8</ele>
      </trkpt>
      <trkpt lat="50.98786" lon="4.405">
        <ele>8</ele>
      </trkpt>
      <trkpt lat="50.98782" lon="4.40467">
        <ele>8</ele>
      </trkpt>
      <trkpt lat="50.98777" lon="4.40429">
        <ele>8</ele>
      </trkpt>
      <trkpt lat="50.98772" lon="4.40406">
        <ele>8</ele>
      </trkpt>
      <trkpt lat="50.98742" lon="4.40304">
        <ele>8</ele>
      </trkpt>
      <trkpt lat="50.98734" lon="4.40271">
        <ele>8</ele>
      </trkpt>
      <trkpt lat="50.9873" lon="4.40245">
        <ele>8</ele>
      </trkpt>
      <trkpt lat="50.98727" lon="4.40176">
        <ele>8</ele>
      </trkpt>
      <trkpt lat="50.98719" lon="4.40134">
        <ele>8</ele>
      </trkpt>
      <trkpt lat="50.98691" lon="4.40024">
        <ele>8</ele>
      </trkpt>
      <trkpt lat="50.98679" lon="4.39988">
        <ele>9</ele>
      </trkpt>
      <trkpt lat="50.98621" lon="4.39845">
        <ele>9</ele>
      </trkpt>
      <trkpt lat="50.98606" lon="4.39803">
        <ele>9</ele>
      </trkpt>
      <trkpt lat="50.98592" lon="4.39752">
        <ele>9</ele>
      </trkpt>
      <trkpt lat="50.98581" lon="4.39698">
        <ele>9</ele>
      </trkpt>
      <trkpt lat="50.98574" lon="4.39679">
        <ele>9</ele>
      </trkpt>
      <trkpt lat="50.98565" lon="4.39659">
        <ele>9</ele>
      </trkpt>
      <trkpt lat="50.98553" lon="4.39643">
        <ele>9</ele>
      </trkpt>
      <trkpt lat="50.98467" lon="4.39563">
        <ele>9</ele>
      </trkpt>
      <trkpt lat="50.98446" lon="4.39534">
        <ele>9</ele>
      </trkpt>
      <trkpt lat="50.98418" lon="4.39467">
        <ele>9</ele>
      </trkpt>
      <trkpt lat="50.98386" lon="4.39408">
        <ele>9</ele>
      </trkpt>
      <trkpt lat="50.98332" lon="4.39316">
        <ele>9</ele>
      </trkpt>
      <trkpt lat="50.98303" lon="4.39278">
        <ele>9</ele>
      </trkpt>
      <trkpt lat="50.98298" lon="4.39274">
        <ele>9</ele>
      </trkpt>
      <trkpt lat="50.98257" lon="4.39253">
        <ele>10</ele>
      </trkpt>
      <trkpt lat="50.98194" lon="4.39194">
        <ele>10</ele>
      </trkpt>
      <trkpt lat="50.98052" lon="4.39112">
        <ele>10</ele>
      </trkpt>
      <trkpt lat="50.97994" lon="4.39078">
        <ele>11</ele>
      </trkpt>
      <trkpt lat="50.97972" lon="4.39063">
        <ele>11</ele>
      </trkpt>
      <trkpt lat="50.9797" lon="4.3906">
        <ele>11</ele>
      </trkpt>
      <trkpt lat="50.97877" lon="4.39137">
        <ele>12</ele>
      </trkpt>
      <trkpt lat="50.9786" lon="4.39115">
        <ele>12</ele>
      </trkpt>
      <trkpt lat="50.97835" lon="4.39037">
        <ele>12</ele>
      </trkpt>
      <trkpt lat="50.97826" lon="4.39005">
        <ele>12</ele>
      </trkpt>
      <trkpt lat="50.97817" lon="4.38984">
        <ele>12</ele>
      </trkpt>
      <trkpt lat="50.97805" lon="4.38971">
        <ele>12</ele>
      </trkpt>
      <trkpt lat="50.97749" lon="4.38937">
        <ele>12</ele>
      </trkpt>
      <trkpt lat="50.9762" lon="4.3885">
        <ele>12</ele>
      </trkpt>
      <trkpt lat="50.97613" lon="4.38841">
        <ele>12</ele>
      </trkpt>
      <trkpt lat="50.976" lon="4.38836">
        <ele>12</ele>
      </trkpt>
      <trkpt lat="50.97596" lon="4.38832">
        <ele>13</ele>
      </trkpt>
      <trkpt lat="50.97561" lon="4.3881">
        <ele>13</ele>
      </trkpt>
      <trkpt lat="50.97507" lon="4.3877">
        <ele>13</ele>
      </trkpt>
      <trkpt lat="50.97505" lon="4.38764">
        <ele>13</ele>
      </trkpt>
      <trkpt lat="50.97494" lon="4.38755">
        <ele>14</ele>
      </trkpt>
      <trkpt lat="50.97486" lon="4.3874">
        <ele>14</ele>
      </trkpt>
      <trkpt lat="50.97477" lon="4.38728">
        <ele>14</ele>
      </trkpt>
      <trkpt lat="50.9746" lon="4.38711">
        <ele>14</ele>
      </trkpt>
      <trkpt lat="50.97405" lon="4.38646">
        <ele>14</ele>
      </trkpt>
      <trkpt lat="50.97373" lon="4.38616">
        <ele>14</ele>
      </trkpt>
      <trkpt lat="50.97269" lon="4.38552">
        <ele>15</ele>
      </trkpt>
      <trkpt lat="50.9717" lon="4.38498">
        <ele>15</ele>
      </trkpt>
      <trkpt lat="50.9714" lon="4.38476">
        <ele>14</ele>
      </trkpt>
      <trkpt lat="50.97118" lon="4.38455">
        <ele>14</ele>
      </trkpt>
      <trkpt lat="50.97078" lon="4.38411">
        <ele>15</ele>
      </trkpt>
      <trkpt lat="50.97014" lon="4.3832">
        <ele>16</ele>
      </trkpt>
      <trkpt lat="50.97003" lon="4.38307">
        <ele>16</ele>
      </trkpt>
      <trkpt lat="50.9695" lon="4.38258">
        <ele>16</ele>
      </trkpt>
      <trkpt lat="50.96941" lon="4.38252">
        <ele>16</ele>
      </trkpt>
      <trkpt lat="50.96933" lon="4.38251">
        <ele>16</ele>
      </trkpt>
      <trkpt lat="50.96913" lon="4.38223">
        <ele>17</ele>
      </trkpt>
      <trkpt lat="50.96892" lon="4.38204">
        <ele>17</ele>
      </trkpt>
      <trkpt lat="50.96874" lon="4.38184">
        <ele>17</ele>
      </trkpt>
      <trkpt lat="50.9684" lon="4.38135">
        <ele>17</ele>
      </trkpt>
      <trkpt lat="50.96798" lon="4.38048">
        <ele>17</ele>
      </trkpt>
      <trkpt lat="50.96796" lon="4.38036">
        <ele>17</ele>
      </trkpt>
      <trkpt lat="50.96782" lon="4.38002">
        <ele>17</ele>
      </trkpt>
      <trkpt lat="50.96773" lon="4.37989">
        <ele>17</ele>
      </trkpt>
      <trkpt lat="50.96753" lon="4.37939">
        <ele>17</ele>
      </trkpt>
      <trkpt lat="50.96739" lon="4.37899">
        <ele>17</ele>
      </trkpt>
      <trkpt lat="50.96669" lon="4.37723">
        <ele>17</ele>
      </trkpt>
      <trkpt lat="50.96657" lon="4.37706">
        <ele>17</ele>
      </trkpt>
      <trkpt lat="50.96645" lon="4.37694">
        <ele>16</ele>
      </trkpt>
      <trkpt lat="50.96636" lon="4.37693">
        <ele>16</ele>
      </trkpt>
      <trkpt lat="50.96578" lon="4.37672">
        <ele>18</ele>
      </trkpt>
      <trkpt lat="50.96569" lon="4.37658">
        <ele>18</ele>
      </trkpt>
      <trkpt lat="50.96494" lon="4.37455">
        <ele>20</ele>
      </trkpt>
      <trkpt lat="50.96408" lon="4.37233">
        <ele>22</ele>
      </trkpt>
      <trkpt lat="50.96393" lon="4.37198">
        <ele>22</ele>
      </trkpt>
      <trkpt lat="50.96331" lon="4.37087">
        <ele>22</ele>
      </trkpt>
      <trkpt lat="50.9638" lon="4.37064">
        <ele>21</ele>
      </trkpt>
      <trkpt lat="50.96405" lon="4.37054">
        <ele>21</ele>
      </trkpt>
      <trkpt lat="50.96439" lon="4.3703">
        <ele>22</ele>
      </trkpt>
      <trkpt lat="50.96538" lon="4.36944">
        <ele>21</ele>
      </trkpt>
      <trkpt lat="50.96573" lon="4.36916">
        <ele>21</ele>
      </trkpt>
      <trkpt lat="50.9666" lon="4.36864">
        <ele>22</ele>
      </trkpt>
      <trkpt lat="50.96694" lon="4.36858">
        <ele>22</ele>
      </trkpt>
      <trkpt lat="50.96734" lon="4.36862">
        <ele>22</ele>
      </trkpt>
      <trkpt lat="50.96751" lon="4.36857">
        <ele>21</ele>
      </trkpt>
      <trkpt lat="50.96885" lon="4.36789">
        <ele>20</ele>
      </trkpt>
      <trkpt lat="50.96901" lon="4.36784">
        <ele>20</ele>
      </trkpt>
      <trkpt lat="50.96953" lon="4.36778">
        <ele>18</ele>
      </trkpt>
      <trkpt lat="50.96987" lon="4.36768">
        <ele>18</ele>
      </trkpt>
      <trkpt lat="50.97009" lon="4.36757">
        <ele>18</ele>
      </trkpt>
      <trkpt lat="50.97033" lon="4.36741">
        <ele>17</ele>
      </trkpt>
      <trkpt lat="50.97098" lon="4.36687">
        <ele>17</ele>
      </trkpt>
      <trkpt lat="50.97167" lon="4.36629">
        <ele>16</ele>
      </trkpt>
      <trkpt lat="50.97179" lon="4.36617">
        <ele>16</ele>
      </trkpt>
      <trkpt lat="50.97195" lon="4.3659">
        <ele>16</ele>
      </trkpt>
      <trkpt lat="50.97203" lon="4.36579">
        <ele>16</ele>
      </trkpt>
      <trkpt lat="50.97215" lon="4.3657">
        <ele>16</ele>
      </trkpt>
      <trkpt lat="50.97226" lon="4.36565">
        <ele>16</ele>
      </trkpt>
      <trkpt lat="50.97315" lon="4.36548">
        <ele>15</ele>
      </trkpt>
      <trkpt lat="50.97317" lon="4.36537">
        <ele>15</ele>
      </trkpt>
      <trkpt lat="50.97323" lon="4.36533">
        <ele>15</ele>
      </trkpt>
      <trkpt lat="50.97327" lon="4.36535">
        <ele>15</ele>
      </trkpt>
      <trkpt lat="50.9733" lon="4.36543">
        <ele>15</ele>
      </trkpt>
      <trkpt lat="50.97401" lon="4.36529">
        <ele>14</ele>
      </trkpt>
      <trkpt lat="50.9751" lon="4.36507">
        <ele>15</ele>
      </trkpt>
      <trkpt lat="50.97659" lon="4.36477">
        <ele>13</ele>
      </trkpt>
      <trkpt lat="50.97679" lon="4.36479">
        <ele>13</ele>
      </trkpt>
      <trkpt lat="50.97887" lon="4.3653">
        <ele>11</ele>
      </trkpt>
      <trkpt lat="50.98105" lon="4.36582">
        <ele>16</ele>
      </trkpt>
      <trkpt lat="50.9829" lon="4.36569">
        <ele>12</ele>
      </trkpt>
      <trkpt lat="50.98309" lon="4.36559">
        <ele>12</ele>
      </trkpt>
      <trkpt lat="50.98381" lon="4.36495">
        <ele>11</ele>
      </trkpt>
      <trkpt lat="50.9841" lon="4.36473">
        <ele>11</ele>
      </trkpt>
      <trkpt lat="50.98428" lon="4.36464">
        <ele>11</ele>
      </trkpt>
      <trkpt lat="50.98486" lon="4.36441">
        <ele>11</ele>
      </trkpt>
      <trkpt lat="50.98491" lon="4.36443">
        <ele>11</ele>
      </trkpt>
      <trkpt lat="50.98499" lon="4.3645">
        <ele>11</ele>
      </trkpt>
      <trkpt lat="50.98546" lon="4.36534">
        <ele>12</ele>
      </trkpt>
      <trkpt lat="50.98578" lon="4.36593">
        <ele>12</ele>
      </trkpt>
      <trkpt lat="50.9861" lon="4.36582">
        <ele>12</ele>
      </trkpt>
      <trkpt lat="50.98706" lon="4.36502">
        <ele>12</ele>
      </trkpt>
      <trkpt lat="50.98731" lon="4.36491">
        <ele>12</ele>
      </trkpt>
      <trkpt lat="50.9876" lon="4.36487">
        <ele>12</ele>
      </trkpt>
      <trkpt lat="50.98793" lon="4.36495">
        <ele>12</ele>
      </trkpt>
      <trkpt lat="50.98816" lon="4.36506">
        <ele>12</ele>
      </trkpt>
      <trkpt lat="50.98851" lon="4.36517">
        <ele>12</ele>
      </trkpt>
      <trkpt lat="50.98887" lon="4.36525">
        <ele>12</ele>
      </trkpt>
      <trkpt lat="50.98986" lon="4.3654">
        <ele>11</ele>
      </trkpt>
      <trkpt lat="50.99059" lon="4.36557">
        <ele>12</ele>
      </trkpt>
      <trkpt lat="50.99102" lon="4.36557">
        <ele>12</ele>
      </trkpt>
      <trkpt lat="50.99118" lon="4.36555">
        <ele>12</ele>
      </trkpt>
      <trkpt lat="50.9914" lon="4.36544">
        <ele>12</ele>
      </trkpt>
      <trkpt lat="50.99162" lon="4.36523">
        <ele>12</ele>
      </trkpt>
      <trkpt lat="50.9922" lon="4.36449">
        <ele>11</ele>
      </trkpt>
      <trkpt lat="50.99268" lon="4.36385">
        <ele>10</ele>
      </trkpt>
      <trkpt lat="50.99301" lon="4.36341">
        <ele>10</ele>
      </trkpt>
      <trkpt lat="50.99321" lon="4.36311">
        <ele>10</ele>
      </trkpt>
      <trkpt lat="50.99364" lon="4.36348">
        <ele>10</ele>
      </trkpt>
      <trkpt lat="50.99372" lon="4.36356">
        <ele>10</ele>
      </trkpt>
      <trkpt lat="50.99402" lon="4.36392">
        <ele>10</ele>
      </trkpt>
      <trkpt lat="50.99498" lon="4.36288">
        <ele>10</ele>
      </trkpt>
      <trkpt lat="50.99645" lon="4.36144">
        <ele>9</ele>
      </trkpt>
      <trkpt lat="50.99658" lon="4.36127">
        <ele>9</ele>
      </trkpt>
      <trkpt lat="50.99683" lon="4.36071">
        <ele>9</ele>
      </trkpt>
      <trkpt lat="50.99768" lon="4.35873">
        <ele>9</ele>
      </trkpt>
      <trkpt lat="50.99789" lon="4.35835">
        <ele>9</ele>
      </trkpt>
      <trkpt lat="50.99807" lon="4.3581">
        <ele>9</ele>
      </trkpt>
      <trkpt lat="50.9985" lon="4.35777">
        <ele>9</ele>
      </trkpt>
      <trkpt lat="50.99934" lon="4.35749">
        <ele>9</ele>
      </trkpt>
      <trkpt lat="50.99979" lon="4.35732">
        <ele>8</ele>
      </trkpt>
      <trkpt lat="50.99994" lon="4.35724">
        <ele>8</ele>
      </trkpt>
      <trkpt lat="51.00119" lon="4.35615">
        <ele>8</ele>
      </trkpt>
      <trkpt lat="51.00146" lon="4.356">
        <ele>8</ele>
      </trkpt>
      <trkpt lat="51.00261" lon="4.35595">
        <ele>9</ele>
      </trkpt>
      <trkpt lat="51.00304" lon="4.35581">
        <ele>9</ele>
      </trkpt>
      <trkpt lat="51.00392" lon="4.35531">
        <ele>11</ele>
      </trkpt>
      <trkpt lat="51.00556" lon="4.35509">
        <ele>9</ele>
      </trkpt>
      <trkpt lat="51.00575" lon="4.35506">
        <ele>9</ele>
      </trkpt>
      <trkpt lat="51.00629" lon="4.35491">
        <ele>9</ele>
      </trkpt>
      <trkpt lat="51.0073" lon="4.35485">
        <ele>8</ele>
      </trkpt>
      <trkpt lat="51.00785" lon="4.35483">
        <ele>8</ele>
      </trkpt>
      <trkpt lat="51.0079" lon="4.35454">
        <ele>8</ele>
      </trkpt>
      <trkpt lat="51.00803" lon="4.35415">
        <ele>8</ele>
      </trkpt>
      <trkpt lat="51.00809" lon="4.35397">
        <ele>8</ele>
      </trkpt>
      <trkpt lat="51.00667" lon="4.35224">
        <ele>7</ele>
      </trkpt>
      <trkpt lat="51.00561" lon="4.35103">
        <ele>9</ele>
      </trkpt>
      <trkpt lat="51.00447" lon="4.34942">
        <ele>9</ele>
      </trkpt>
      <trkpt lat="51.00246" lon="4.34674">
        <ele>8</ele>
      </trkpt>
      <trkpt lat="51.00148" lon="4.34534">
        <ele>9</ele>
      </trkpt>
      <trkpt lat="50.99877" lon="4.34186">
        <ele>10</ele>
      </trkpt>
      <trkpt lat="50.99713" lon="4.34022">
        <ele>11</ele>
      </trkpt>
      <trkpt lat="50.99547" lon="4.33866">
        <ele>10</ele>
      </trkpt>
      <trkpt lat="50.99599" lon="4.33784">
        <ele>10</ele>
      </trkpt>
      <trkpt lat="50.996" lon="4.33784">
        <ele>10</ele>
      </trkpt>
      <trkpt lat="50.99627" lon="4.33742">
        <ele>10</ele>
      </trkpt>
      <trkpt lat="50.99725" lon="4.33605">
        <ele>11</ele>
      </trkpt>
      <trkpt lat="50.99758" lon="4.33567">
        <ele>11</ele>
      </trkpt>
      <trkpt lat="50.999" lon="4.33444">
        <ele>10</ele>
      </trkpt>
      <trkpt lat="50.99926" lon="4.33426">
        <ele>10</ele>
      </trkpt>
      <trkpt lat="50.99999" lon="4.33388">
        <ele>10</ele>
      </trkpt>
      <trkpt lat="51.00062" lon="4.33357">
        <ele>9</ele>
      </trkpt>
      <trkpt lat="51.00097" lon="4.33345">
        <ele>9</ele>
      </trkpt>
      <trkpt lat="51.00113" lon="4.33332">
        <ele>9</ele>
      </trkpt>
      <trkpt lat="51.0021" lon="4.33235">
        <ele>9</ele>
      </trkpt>
      <trkpt lat="51.00251" lon="4.33201">
        <ele>9</ele>
      </trkpt>
      <trkpt lat="51.00291" lon="4.33172">
        <ele>9</ele>
      </trkpt>
      <trkpt lat="51.00329" lon="4.33154">
        <ele>9</ele>
      </trkpt>
      <trkpt lat="51.00344" lon="4.3315">
        <ele>9</ele>
      </trkpt>
      <trkpt lat="51.00417" lon="4.3315">
        <ele>9</ele>
      </trkpt>
      <trkpt lat="51.00463" lon="4.33145">
        <ele>9</ele>
      </trkpt>
      <trkpt lat="51.00525" lon="4.33129">
        <ele>9</ele>
      </trkpt>
      <trkpt lat="51.00589" lon="4.33112">
        <ele>9</ele>
      </trkpt>
      <trkpt lat="51.00614" lon="4.331">
        <ele>9</ele>
      </trkpt>
      <trkpt lat="51.00651" lon="4.33072">
        <ele>9</ele>
      </trkpt>
      <trkpt lat="51.00686" lon="4.3304">
        <ele>9</ele>
      </trkpt>
      <trkpt lat="51.00736" lon="4.32984">
        <ele>9</ele>
      </trkpt>
      <trkpt lat="51.00765" lon="4.32967">
        <ele>10</ele>
      </trkpt>
      <trkpt lat="51.00786" lon="4.32961">
        <ele>10</ele>
      </trkpt>
      <trkpt lat="51.00786" lon="4.32951">
        <ele>10</ele>
      </trkpt>
      <trkpt lat="51.00815" lon="4.3295">
        <ele>10</ele>
      </trkpt>
      <trkpt lat="51.0084" lon="4.32956">
        <ele>10</ele>
      </trkpt>
      <trkpt lat="51.00845" lon="4.32955">
        <ele>10</ele>
      </trkpt>
      <trkpt lat="51.00849" lon="4.32949">
        <ele>10</ele>
      </trkpt>
      <trkpt lat="51.00851" lon="4.32942">
        <ele>10</ele>
      </trkpt>
      <trkpt lat="51.00861" lon="4.32829">
        <ele>11</ele>
      </trkpt>
      <trkpt lat="51.00867" lon="4.32831">
        <ele>11</ele>
      </trkpt>
      <trkpt lat="51.00877" lon="4.32662">
        <ele>11</ele>
      </trkpt>
      <trkpt lat="51.00873" lon="4.32627">
        <ele>11</ele>
      </trkpt>
      <trkpt lat="51.00866" lon="4.32598">
        <ele>11</ele>
      </trkpt>
      <trkpt lat="51.00857" lon="4.32578">
        <ele>11</ele>
      </trkpt>
      <trkpt lat="51.0085" lon="4.32566">
        <ele>11</ele>
      </trkpt>
      <trkpt lat="51.00779" lon="4.32496">
        <ele>11</ele>
      </trkpt>
      <trkpt lat="51.00749" lon="4.32454">
        <ele>11</ele>
      </trkpt>
      <trkpt lat="51.00699" lon="4.32364">
        <ele>10</ele>
      </trkpt>
      <trkpt lat="51.0069" lon="4.32331">
        <ele>10</ele>
      </trkpt>
      <trkpt lat="51.00699" lon="4.32293">
        <ele>10</ele>
      </trkpt>
      <trkpt lat="51.00712" lon="4.32253">
        <ele>10</ele>
      </trkpt>
      <trkpt lat="51.00731" lon="4.32146">
        <ele>10</ele>
      </trkpt>
      <trkpt lat="51.00734" lon="4.32126">
        <ele>9</ele>
      </trkpt>
      <trkpt lat="51.00732" lon="4.32104">
        <ele>9</ele>
      </trkpt>
      <trkpt lat="51.00699" lon="4.31945">
        <ele>9</ele>
      </trkpt>
      <trkpt lat="51.00699" lon="4.31929">
        <ele>9</ele>
      </trkpt>
      <trkpt lat="51.00701" lon="4.31913">
        <ele>9</ele>
      </trkpt>
      <trkpt lat="51.00759" lon="4.3176">
        <ele>10</ele>
      </trkpt>
      <trkpt lat="51.0076" lon="4.31752">
        <ele>10</ele>
      </trkpt>
      <trkpt lat="51.00689" lon="4.31284">
        <ele>11</ele>
      </trkpt>
      <trkpt lat="51.00656" lon="4.31146">
        <ele>12</ele>
      </trkpt>
      <trkpt lat="51.0064" lon="4.31093">
        <ele>13</ele>
      </trkpt>
      <trkpt lat="51.00633" lon="4.31074">
        <ele>13</ele>
      </trkpt>
      <trkpt lat="51.00619" lon="4.31041">
        <ele>12</ele>
      </trkpt>
      <trkpt lat="51.00584" lon="4.30976">
        <ele>12</ele>
      </trkpt>
      <trkpt lat="51.00549" lon="4.30919">
        <ele>12</ele>
      </trkpt>
      <trkpt lat="51.00512" lon="4.30867">
        <ele>13</ele>
      </trkpt>
      <trkpt lat="51.00448" lon="4.30761">
        <ele>13</ele>
      </trkpt>
      <trkpt lat="51.00416" lon="4.3068">
        <ele>13</ele>
      </trkpt>
      <trkpt lat="51.00416" lon="4.30662">
        <ele>13</ele>
      </trkpt>
      <trkpt lat="51.00406" lon="4.30643">
        <ele>12</ele>
      </trkpt>
      <trkpt lat="51.00374" lon="4.30497">
        <ele>12</ele>
      </trkpt>
      <trkpt lat="51.00327" lon="4.30304">
        <ele>12</ele>
      </trkpt>
      <trkpt lat="51.00318" lon="4.30283">
        <ele>12</ele>
      </trkpt>
      <trkpt lat="51.00313" lon="4.30265">
        <ele>12</ele>
      </trkpt>
      <trkpt lat="51.00312" lon="4.30255">
        <ele>12</ele>
      </trkpt>
      <trkpt lat="51.00262" lon="4.30228">
        <ele>12</ele>
      </trkpt>
      <trkpt lat="51.00207" lon="4.30201">
        <ele>12</ele>
      </trkpt>
      <trkpt lat="51.0019" lon="4.30181">
        <ele>12</ele>
      </trkpt>
      <trkpt lat="51.00176" lon="4.3018">
        <ele>13</ele>
      </trkpt>
      <trkpt lat="51.00162" lon="4.30164">
        <ele>13</ele>
      </trkpt>
      <trkpt lat="51.00155" lon="4.30164">
        <ele>13</ele>
      </trkpt>
      <trkpt lat="51.00143" lon="4.3018">
        <ele>13</ele>
      </trkpt>
      <trkpt lat="51.00133" lon="4.30198">
        <ele>13</ele>
      </trkpt>
      <trkpt lat="51.00124" lon="4.302">
        <ele>13</ele>
      </trkpt>
      <trkpt lat="51.00116" lon="4.30208">
        <ele>13</ele>
      </trkpt>
      <trkpt lat="51.00075" lon="4.30216">
        <ele>13</ele>
      </trkpt>
      <trkpt lat="51.00048" lon="4.30213">
        <ele>13</ele>
      </trkpt>
      <trkpt lat="50.99952" lon="4.30219">
        <ele>13</ele>
      </trkpt>
      <trkpt lat="50.99937" lon="4.30226">
        <ele>13</ele>
      </trkpt>
      <trkpt lat="50.99931" lon="4.30222">
        <ele>13</ele>
      </trkpt>
      <trkpt lat="50.99879" lon="4.30225">
        <ele>13</ele>
      </trkpt>
      <trkpt lat="50.99711" lon="4.30222">
        <ele>11</ele>
      </trkpt>
      <trkpt lat="50.99701" lon="4.30219">
        <ele>11</ele>
      </trkpt>
      <trkpt lat="50.99695" lon="4.30211">
        <ele>11</ele>
      </trkpt>
      <trkpt lat="50.99688" lon="4.30213">
        <ele>12</ele>
      </trkpt>
      <trkpt lat="50.99667" lon="4.30209">
        <ele>12</ele>
      </trkpt>
      <trkpt lat="50.99613" lon="4.30192">
        <ele>12</ele>
      </trkpt>
      <trkpt lat="50.99585" lon="4.30177">
        <ele>12</ele>
      </trkpt>
      <trkpt lat="50.99267" lon="4.29957">
        <ele>14</ele>
      </trkpt>
      <trkpt lat="50.99105" lon="4.29844">
        <ele>15</ele>
      </trkpt>
      <trkpt lat="50.99083" lon="4.29833">
        <ele>15</ele>
      </trkpt>
      <trkpt lat="50.99054" lon="4.29823">
        <ele>16</ele>
      </trkpt>
      <trkpt lat="50.99038" lon="4.29821">
        <ele>16</ele>
      </trkpt>
      <trkpt lat="50.99005" lon="4.29821">
        <ele>16</ele>
      </trkpt>
      <trkpt lat="50.98588" lon="4.29905">
        <ele>15</ele>
      </trkpt>
      <trkpt lat="50.98433" lon="4.29938">
        <ele>14</ele>
      </trkpt>
      <trkpt lat="50.98399" lon="4.29959">
        <ele>14</ele>
      </trkpt>
      <trkpt lat="50.98109" lon="4.30174">
        <ele>13</ele>
      </trkpt>
      <trkpt lat="50.97951" lon="4.30292">
        <ele>14</ele>
      </trkpt>
      <trkpt lat="50.97752" lon="4.30434">
        <ele>15</ele>
      </trkpt>
      <trkpt lat="50.97541" lon="4.30587">
        <ele>17</ele>
      </trkpt>
      <trkpt lat="50.97523" lon="4.30601">
        <ele>18</ele>
      </trkpt>
      <trkpt lat="50.97505" lon="4.30621">
        <ele>19</ele>
      </trkpt>
      <trkpt lat="50.97473" lon="4.30647">
        <ele>19</ele>
      </trkpt>
      <trkpt lat="50.97346" lon="4.30737">
        <ele>18</ele>
      </trkpt>
      <trkpt lat="50.97335" lon="4.30748">
        <ele>18</ele>
      </trkpt>
      <trkpt lat="50.97319" lon="4.30769">
        <ele>18</ele>
      </trkpt>
      <trkpt lat="50.97307" lon="4.30799">
        <ele>18</ele>
      </trkpt>
      <trkpt lat="50.97193" lon="4.31179">
        <ele>18</ele>
      </trkpt>
      <trkpt lat="50.97175" lon="4.3123">
        <ele>20</ele>
      </trkpt>
      <trkpt lat="50.97156" lon="4.31265">
        <ele>19</ele>
      </trkpt>
      <trkpt lat="50.96985" lon="4.31481">
        <ele>16</ele>
      </trkpt>
      <trkpt lat="50.96965" lon="4.315">
        <ele>16</ele>
      </trkpt>
      <trkpt lat="50.96945" lon="4.31508">
        <ele>16</ele>
      </trkpt>
      <trkpt lat="50.96915" lon="4.31512">
        <ele>17</ele>
      </trkpt>
      <trkpt lat="50.96884" lon="4.31508">
        <ele>17</ele>
      </trkpt>
      <trkpt lat="50.96633" lon="4.31503">
        <ele>19</ele>
      </trkpt>
      <trkpt lat="50.96593" lon="4.31502">
        <ele>18</ele>
      </trkpt>
      <trkpt lat="50.96541" lon="4.31497">
        <ele>18</ele>
      </trkpt>
      <trkpt lat="50.965" lon="4.31481">
        <ele>18</ele>
      </trkpt>
      <trkpt lat="50.9648" lon="4.31471">
        <ele>19</ele>
      </trkpt>
      <trkpt lat="50.96458" lon="4.31456">
        <ele>19</ele>
      </trkpt>
      <trkpt lat="50.96437" lon="4.31437">
        <ele>19</ele>
      </trkpt>
      <trkpt lat="50.96401" lon="4.31395">
        <ele>21</ele>
      </trkpt>
      <trkpt lat="50.96358" lon="4.31329">
        <ele>21</ele>
      </trkpt>
      <trkpt lat="50.96342" lon="4.31308">
        <ele>21</ele>
      </trkpt>
      <trkpt lat="50.96313" lon="4.31277">
        <ele>21</ele>
      </trkpt>
      <trkpt lat="50.96283" lon="4.31252">
        <ele>22</ele>
      </trkpt>
      <trkpt lat="50.96248" lon="4.31233">
        <ele>23</ele>
      </trkpt>
      <trkpt lat="50.96214" lon="4.31222">
        <ele>24</ele>
      </trkpt>
      <trkpt lat="50.96164" lon="4.3122">
        <ele>26</ele>
      </trkpt>
      <trkpt lat="50.96138" lon="4.31223">
        <ele>26</ele>
      </trkpt>
      <trkpt lat="50.96101" lon="4.31235">
        <ele>26</ele>
      </trkpt>
      <trkpt lat="50.96037" lon="4.3126">
        <ele>25</ele>
      </trkpt>
      <trkpt lat="50.95983" lon="4.31289">
        <ele>24</ele>
      </trkpt>
      <trkpt lat="50.95931" lon="4.31321">
        <ele>25</ele>
      </trkpt>
      <trkpt lat="50.95942" lon="4.31399">
        <ele>25</ele>
      </trkpt>
      <trkpt lat="50.95942" lon="4.31414">
        <ele>26</ele>
      </trkpt>
      <trkpt lat="50.95943" lon="4.31456">
        <ele>26</ele>
      </trkpt>
      <trkpt lat="50.95941" lon="4.31622">
        <ele>27</ele>
      </trkpt>
      <trkpt lat="50.95936" lon="4.3165">
        <ele>27</ele>
      </trkpt>
      <trkpt lat="50.95925" lon="4.31746">
        <ele>28</ele>
      </trkpt>
      <trkpt lat="50.95916" lon="4.3178">
        <ele>28</ele>
      </trkpt>
      <trkpt lat="50.95908" lon="4.31798">
        <ele>28</ele>
      </trkpt>
      <trkpt lat="50.95911" lon="4.31807">
        <ele>28</ele>
      </trkpt>
      <trkpt lat="50.95911" lon="4.31812">
        <ele>28</ele>
      </trkpt>
      <trkpt lat="50.95909" lon="4.31821">
        <ele>28</ele>
      </trkpt>
      <trkpt lat="50.95905" lon="4.31824">
        <ele>28</ele>
      </trkpt>
      <trkpt lat="50.959" lon="4.31825">
        <ele>28</ele>
      </trkpt>
      <trkpt lat="50.95895" lon="4.31821">
        <ele>28</ele>
      </trkpt>
      <trkpt lat="50.95892" lon="4.31812">
        <ele>28</ele>
      </trkpt>
      <trkpt lat="50.95888" lon="4.31814">
        <ele>28</ele>
      </trkpt>
      <trkpt lat="50.95879" lon="4.31812">
        <ele>28</ele>
      </trkpt>
      <trkpt lat="50.95853" lon="4.31798">
        <ele>28</ele>
      </trkpt>
      <trkpt lat="50.95712" lon="4.32121">
        <ele>28</ele>
      </trkpt>
      <trkpt lat="50.95707" lon="4.32149">
        <ele>28</ele>
      </trkpt>
      <trkpt lat="50.95707" lon="4.32158">
        <ele>27</ele>
      </trkpt>
      <trkpt lat="50.95708" lon="4.32165">
        <ele>27</ele>
      </trkpt>
      <trkpt lat="50.95714" lon="4.32197">
        <ele>27</ele>
      </trkpt>
      <trkpt lat="50.95744" lon="4.32287">
        <ele>26</ele>
      </trkpt>
      <trkpt lat="50.95749" lon="4.32312">
        <ele>26</ele>
      </trkpt>
      <trkpt lat="50.95751" lon="4.32337">
        <ele>25</ele>
      </trkpt>
      <trkpt lat="50.95749" lon="4.32362">
        <ele>25</ele>
      </trkpt>
      <trkpt lat="50.95746" lon="4.32376">
        <ele>25</ele>
      </trkpt>
      <trkpt lat="50.95705" lon="4.32486">
        <ele>25</ele>
      </trkpt>
      <trkpt lat="50.95677" lon="4.32556">
        <ele>26</ele>
      </trkpt>
      <trkpt lat="50.95676" lon="4.32566">
        <ele>26</ele>
      </trkpt>
      <trkpt lat="50.95677" lon="4.32595">
        <ele>26</ele>
      </trkpt>
      <trkpt lat="50.95682" lon="4.32611">
        <ele>26</ele>
      </trkpt>
      <trkpt lat="50.95689" lon="4.32623">
        <ele>25</ele>
      </trkpt>
      <trkpt lat="50.95737" lon="4.32679">
        <ele>25</ele>
      </trkpt>
      <trkpt lat="50.95785" lon="4.32753">
        <ele>24</ele>
      </trkpt>
      <trkpt lat="50.95885" lon="4.32907">
        <ele>23</ele>
      </trkpt>
      <trkpt lat="50.95959" lon="4.33013">
        <ele>23</ele>
      </trkpt>
      <trkpt lat="50.96027" lon="4.33117">
        <ele>24</ele>
      </trkpt>
      <trkpt lat="50.96052" lon="4.33165">
        <ele>22</ele>
      </trkpt>
      <trkpt lat="50.96023" lon="4.33226">
        <ele>22</ele>
      </trkpt>
      <trkpt lat="50.95965" lon="4.33341">
        <ele>25</ele>
      </trkpt>
      <trkpt lat="50.95927" lon="4.33419">
        <ele>25</ele>
      </trkpt>
      <trkpt lat="50.95916" lon="4.3345">
        <ele>25</ele>
      </trkpt>
      <trkpt lat="50.95909" lon="4.33489">
        <ele>25</ele>
      </trkpt>
      <trkpt lat="50.95911" lon="4.33526">
        <ele>24</ele>
      </trkpt>
      <trkpt lat="50.95918" lon="4.33563">
        <ele>24</ele>
      </trkpt>
      <trkpt lat="50.95932" lon="4.33594">
        <ele>24</ele>
      </trkpt>
      <trkpt lat="50.96045" lon="4.33853">
        <ele>22</ele>
      </trkpt>
      <trkpt lat="50.96074" lon="4.33938">
        <ele>22</ele>
      </trkpt>
      <trkpt lat="50.96095" lon="4.34033">
        <ele>23</ele>
      </trkpt>
      <trkpt lat="50.96107" lon="4.34107">
        <ele>25</ele>
      </trkpt>
      <trkpt lat="50.96117" lon="4.34188">
        <ele>25</ele>
      </trkpt>
      <trkpt lat="50.96132" lon="4.34311">
        <ele>25</ele>
      </trkpt>
      <trkpt lat="50.96134" lon="4.34351">
        <ele>24</ele>
      </trkpt>
      <trkpt lat="50.9613" lon="4.34396">
        <ele>25</ele>
      </trkpt>
      <trkpt lat="50.96127" lon="4.34424">
        <ele>25</ele>
      </trkpt>
      <trkpt lat="50.96118" lon="4.34458">
        <ele>25</ele>
      </trkpt>
      <trkpt lat="50.96104" lon="4.34486">
        <ele>25</ele>
      </trkpt>
      <trkpt lat="50.96091" lon="4.34473">
        <ele>26</ele>
      </trkpt>
      <trkpt lat="50.96055" lon="4.34453">
        <ele>26</ele>
      </trkpt>
      <trkpt lat="50.96053" lon="4.34519">
        <ele>27</ele>
      </trkpt>
      <trkpt lat="50.96048" lon="4.34583">
        <ele>27</ele>
      </trkpt>
      <trkpt lat="50.96024" lon="4.34642">
        <ele>27</ele>
      </trkpt>
      <trkpt lat="50.95988" lon="4.34708">
        <ele>28</ele>
      </trkpt>
      <trkpt lat="50.95962" lon="4.34776">
        <ele>28</ele>
      </trkpt>
      <trkpt lat="50.95955" lon="4.34788">
        <ele>28</ele>
      </trkpt>
      <trkpt lat="50.95957" lon="4.34798">
        <ele>28</ele>
      </trkpt>
      <trkpt lat="50.95957" lon="4.34815">
        <ele>28</ele>
      </trkpt>
      <trkpt lat="50.95948" lon="4.34899">
        <ele>28</ele>
      </trkpt>
      <trkpt lat="50.9594" lon="4.34947">
        <ele>28</ele>
      </trkpt>
      <trkpt lat="50.95914" lon="4.35016">
        <ele>29</ele>
      </trkpt>
      <trkpt lat="50.95878" lon="4.35089">
        <ele>29</ele>
      </trkpt>
      <trkpt lat="50.95879" lon="4.35105">
        <ele>29</ele>
      </trkpt>
      <trkpt lat="50.95883" lon="4.35204">
        <ele>29</ele>
      </trkpt>
      <trkpt lat="50.95882" lon="4.35214">
        <ele>29</ele>
      </trkpt>
      <trkpt lat="50.95833" lon="4.35305">
        <ele>30</ele>
      </trkpt>
      <trkpt lat="50.95831" lon="4.3532">
        <ele>30</ele>
      </trkpt>
      <trkpt lat="50.95842" lon="4.35411">
        <ele>30</ele>
      </trkpt>
      <trkpt lat="50.95859" lon="4.35629">
        <ele>29</ele>
      </trkpt>
      <trkpt lat="50.95867" lon="4.35671">
        <ele>29</ele>
      </trkpt>
      <trkpt lat="50.95875" lon="4.35705">
        <ele>29</ele>
      </trkpt>
      <trkpt lat="50.95886" lon="4.35742">
        <ele>28</ele>
      </trkpt>
      <trkpt lat="50.95901" lon="4.35776">
        <ele>29</ele>
      </trkpt>
      <trkpt lat="50.95927" lon="4.35817">
        <ele>28</ele>
      </trkpt>
      <trkpt lat="50.95943" lon="4.35887">
        <ele>27</ele>
      </trkpt>
      <trkpt lat="50.95971" lon="4.35925">
        <ele>27</ele>
      </trkpt>
      <trkpt lat="50.95976" lon="4.35933">
        <ele>27</ele>
      </trkpt>
      <trkpt lat="50.95984" lon="4.35958">
        <ele>27</ele>
      </trkpt>
      <trkpt lat="50.95987" lon="4.35974">
        <ele>27</ele>
      </trkpt>
      <trkpt lat="50.95989" lon="4.36003">
        <ele>27</ele>
      </trkpt>
      <trkpt lat="50.95971" lon="4.35995">
        <ele>27</ele>
      </trkpt>
      <trkpt lat="50.95946" lon="4.35998">
        <ele>28</ele>
      </trkpt>
      <trkpt lat="50.95869" lon="4.3602">
        <ele>29</ele>
      </trkpt>
      <trkpt lat="50.95714" lon="4.36065">
        <ele>31</ele>
      </trkpt>
      <trkpt lat="50.95531" lon="4.36112">
        <ele>34</ele>
      </trkpt>
      <trkpt lat="50.95466" lon="4.36132">
        <ele>33</ele>
      </trkpt>
      <trkpt lat="50.9544" lon="4.3615">
        <ele>33</ele>
      </trkpt>
      <trkpt lat="50.95367" lon="4.36207">
        <ele>33</ele>
      </trkpt>
      <trkpt lat="50.95328" lon="4.36258">
        <ele>33</ele>
      </trkpt>
      <trkpt lat="50.95302" lon="4.3628">
        <ele>33</ele>
      </trkpt>
      <trkpt lat="50.95232" lon="4.3632">
        <ele>34</ele>
      </trkpt>
      <trkpt lat="50.95184" lon="4.36335">
        <ele>33</ele>
      </trkpt>
      <trkpt lat="50.95108" lon="4.36371">
        <ele>34</ele>
      </trkpt>
      <trkpt lat="50.94966" lon="4.36445">
        <ele>35</ele>
      </trkpt>
      <trkpt lat="50.94739" lon="4.36571">
        <ele>37</ele>
      </trkpt>
      <trkpt lat="50.94713" lon="4.36587">
        <ele>37</ele>
      </trkpt>
      <trkpt lat="50.94645" lon="4.3656">
        <ele>37</ele>
      </trkpt>
      <trkpt lat="50.94653" lon="4.36725">
        <ele>37</ele>
      </trkpt>
      <trkpt lat="50.94656" lon="4.3675">
        <ele>36</ele>
      </trkpt>
      <trkpt lat="50.94669" lon="4.3687">
        <ele>36</ele>
      </trkpt>
      <trkpt lat="50.94636" lon="4.36943">
        <ele>37</ele>
      </trkpt>
      <trkpt lat="50.94624" lon="4.36967">
        <ele>37</ele>
      </trkpt>
      <trkpt lat="50.94599" lon="4.37005">
        <ele>37</ele>
      </trkpt>
      <trkpt lat="50.94501" lon="4.37101">
        <ele>36</ele>
      </trkpt>
      <trkpt lat="50.94436" lon="4.37204">
        <ele>35</ele>
      </trkpt>
      <trkpt lat="50.94396" lon="4.37255">
        <ele>33</ele>
      </trkpt>
      <trkpt lat="50.94298" lon="4.37357">
        <ele>33</ele>
      </trkpt>
      <trkpt lat="50.94284" lon="4.37361">
        <ele>32</ele>
      </trkpt>
      <trkpt lat="50.94251" lon="4.37363">
        <ele>32</ele>
      </trkpt>
      <trkpt lat="50.93842" lon="4.37347">
        <ele>30</ele>
      </trkpt>
      <trkpt lat="50.93817" lon="4.37355">
        <ele>31</ele>
      </trkpt>
      <trkpt lat="50.93724" lon="4.37411">
        <ele>24</ele>
      </trkpt>
      <trkpt lat="50.93725" lon="4.37411">
        <ele>24</ele>
      </trkpt>
      <trkpt lat="50.93671" lon="4.37447">
        <ele>22</ele>
      </trkpt>
      <trkpt lat="50.93597" lon="4.37457">
        <ele>21</ele>
      </trkpt>
      <trkpt lat="50.93452" lon="4.37526">
        <ele>23</ele>
      </trkpt>
      <trkpt lat="50.93444" lon="4.37534">
        <ele>23</ele>
      </trkpt>
      <trkpt lat="50.93438" lon="4.37544">
        <ele>23</ele>
      </trkpt>
      <trkpt lat="50.93428" lon="4.37587">
        <ele>25</ele>
      </trkpt>
      <trkpt lat="50.93431" lon="4.37656">
        <ele>24</ele>
      </trkpt>
      <trkpt lat="50.93433" lon="4.37714">
        <ele>22</ele>
      </trkpt>
      <trkpt lat="50.93426" lon="4.37904">
        <ele>24</ele>
      </trkpt>
      <trkpt lat="50.93428" lon="4.37929">
        <ele>24</ele>
      </trkpt>
      <trkpt lat="50.93438" lon="4.37975">
        <ele>23</ele>
      </trkpt>
      <trkpt lat="50.93446" lon="4.37997">
        <ele>24</ele>
      </trkpt>
      <trkpt lat="50.93456" lon="4.38016">
        <ele>24</ele>
      </trkpt>
      <trkpt lat="50.93504" lon="4.38097">
        <ele>24</ele>
      </trkpt>
      <trkpt lat="50.93521" lon="4.38133">
        <ele>24</ele>
      </trkpt>
      <trkpt lat="50.93577" lon="4.38311">
        <ele>23</ele>
      </trkpt>
      <trkpt lat="50.93623" lon="4.38434">
        <ele>22</ele>
      </trkpt>
      <trkpt lat="50.93656" lon="4.38508">
        <ele>22</ele>
      </trkpt>
      <trkpt lat="50.93683" lon="4.3856">
        <ele>22</ele>
      </trkpt>
      <trkpt lat="50.93727" lon="4.38632">
        <ele>22</ele>
      </trkpt>
      <trkpt lat="50.93736" lon="4.38657">
        <ele>22</ele>
      </trkpt>
      <trkpt lat="50.93746" lon="4.38699">
        <ele>22</ele>
      </trkpt>
      <trkpt lat="50.93759" lon="4.38783">
        <ele>22</ele>
      </trkpt>
      <trkpt lat="50.9379" lon="4.39033">
        <ele>21</ele>
      </trkpt>
      <trkpt lat="50.93794" lon="4.39055">
        <ele>21</ele>
      </trkpt>
      <trkpt lat="50.93803" lon="4.39082">
        <ele>21</ele>
      </trkpt>
      <trkpt lat="50.93862" lon="4.39226">
        <ele>19</ele>
      </trkpt>
      <trkpt lat="50.93987" lon="4.39504">
        <ele>20</ele>
      </trkpt>
      <trkpt lat="50.94077" lon="4.39713">
        <ele>18</ele>
      </trkpt>
      <trkpt lat="50.94103" lon="4.3978">
        <ele>19</ele>
      </trkpt>
      <trkpt lat="50.94118" lon="4.3982">
        <ele>19</ele>
      </trkpt>
      <trkpt lat="50.94159" lon="4.3995">
        <ele>20</ele>
      </trkpt>
      <trkpt lat="50.94183" lon="4.40039">
        <ele>19</ele>
      </trkpt>
      <trkpt lat="50.94207" lon="4.40229">
        <ele>19</ele>
      </trkpt>
      <trkpt lat="50.94208" lon="4.40266">
        <ele>18</ele>
      </trkpt>
      <trkpt lat="50.94199" lon="4.4035">
        <ele>18</ele>
      </trkpt>
      <trkpt lat="50.94196" lon="4.40377">
        <ele>18</ele>
      </trkpt>
      <trkpt lat="50.94195" lon="4.40403">
        <ele>18</ele>
      </trkpt>
      <trkpt lat="50.94199" lon="4.40453">
        <ele>17</ele>
      </trkpt>
      <trkpt lat="50.94196" lon="4.40481">
        <ele>17</ele>
      </trkpt>
      <trkpt lat="50.94227" lon="4.40509">
        <ele>16</ele>
      </trkpt>
      <trkpt lat="50.94242" lon="4.40526">
        <ele>16</ele>
      </trkpt>
      <trkpt lat="50.94285" lon="4.40593">
        <ele>16</ele>
      </trkpt>
      <trkpt lat="50.94364" lon="4.40728">
        <ele>15</ele>
      </trkpt>
      <trkpt lat="50.94408" lon="4.40799">
        <ele>15</ele>
      </trkpt>
      <trkpt lat="50.94428" lon="4.40836">
        <ele>15</ele>
      </trkpt>
      <trkpt lat="50.94433" lon="4.40855">
        <ele>14</ele>
      </trkpt>
      <trkpt lat="50.94434" lon="4.40882">
        <ele>14</ele>
      </trkpt>
      <trkpt lat="50.94433" lon="4.40898">
        <ele>14</ele>
      </trkpt>
      <trkpt lat="50.9443" lon="4.40908">
        <ele>15</ele>
      </trkpt>
      <trkpt lat="50.9442" lon="4.4093">
        <ele>15</ele>
      </trkpt>
      <trkpt lat="50.94373" lon="4.40992">
        <ele>15</ele>
      </trkpt>
      <trkpt lat="50.9437" lon="4.41">
        <ele>15</ele>
      </trkpt>
      <trkpt lat="50.94369" lon="4.41008">
        <ele>15</ele>
      </trkpt>
      <trkpt lat="50.94373" lon="4.41025">
        <ele>16</ele>
      </trkpt>
      <trkpt lat="50.94435" lon="4.4114">
        <ele>15</ele>
      </trkpt>
      <trkpt lat="50.94446" lon="4.41164">
        <ele>15</ele>
      </trkpt>
      <trkpt lat="50.94464" lon="4.41225">
        <ele>15</ele>
      </trkpt>
      <trkpt lat="50.94475" lon="4.41251">
        <ele>16</ele>
      </trkpt>
      <trkpt lat="50.94498" lon="4.41296">
        <ele>16</ele>
      </trkpt>
      <trkpt lat="50.94516" lon="4.41314">
        <ele>15</ele>
      </trkpt>
      <trkpt lat="50.94544" lon="4.41328">
        <ele>15</ele>
      </trkpt>
      <trkpt lat="50.94565" lon="4.41347">
        <ele>15</ele>
      </trkpt>
      <trkpt lat="50.94603" lon="4.41394">
        <ele>13</ele>
      </trkpt>
      <trkpt lat="50.94614" lon="4.41396">
        <ele>13</ele>
      </trkpt>
      <trkpt lat="50.94625" lon="4.41392">
        <ele>13</ele>
      </trkpt>
      <trkpt lat="50.94742" lon="4.41313">
        <ele>11</ele>
      </trkpt>
      <trkpt lat="50.94746" lon="4.41307">
        <ele>11</ele>
      </trkpt>
      <trkpt lat="50.94749" lon="4.4131">
        <ele>11</ele>
      </trkpt>
      <trkpt lat="50.94767" lon="4.413">
        <ele>11</ele>
      </trkpt>
      <trkpt lat="50.9477" lon="4.413">
        <ele>11</ele>
      </trkpt>
      <trkpt lat="50.94779" lon="4.41309">
        <ele>11</ele>
      </trkpt>
      <trkpt lat="50.94803" lon="4.41396">
        <ele>10</ele>
      </trkpt>
      <trkpt lat="50.94805" lon="4.41433">
        <ele>11</ele>
      </trkpt>
      <trkpt lat="50.94807" lon="4.41448">
        <ele>10</ele>
      </trkpt>
      <trkpt lat="50.94879" lon="4.41585">
        <ele>13</ele>
      </trkpt>
      <trkpt lat="50.94878" lon="4.41611">
        <ele>13</ele>
      </trkpt>
      <trkpt lat="50.94873" lon="4.41674">
        <ele>12</ele>
      </trkpt>
      <trkpt lat="50.94868" lon="4.41695">
        <ele>12</ele>
      </trkpt>
      <trkpt lat="50.94856" lon="4.41732">
        <ele>12</ele>
      </trkpt>
      <trkpt lat="50.94833" lon="4.41774">
        <ele>12</ele>
      </trkpt>
      <trkpt lat="50.94814" lon="4.41794">
        <ele>12</ele>
      </trkpt>
      <trkpt lat="50.94685" lon="4.41865">
        <ele>11</ele>
      </trkpt>
      <trkpt lat="50.94644" lon="4.41906">
        <ele>12</ele>
      </trkpt>
      <trkpt lat="50.94627" lon="4.41907">
        <ele>12</ele>
      </trkpt>
      <trkpt lat="50.94618" lon="4.41917">
        <ele>13</ele>
      </trkpt>
      <trkpt lat="50.94612" lon="4.41929">
        <ele>13</ele>
      </trkpt>
      <trkpt lat="50.94599" lon="4.41936">
        <ele>14</ele>
      </trkpt>
      <trkpt lat="50.94569" lon="4.41962">
        <ele>14</ele>
      </trkpt>
      <trkpt lat="50.94556" lon="4.41968">
        <ele>14</ele>
      </trkpt>
      <trkpt lat="50.94521" lon="4.41973">
        <ele>15</ele>
      </trkpt>
      <trkpt lat="50.94517" lon="4.41978">
        <ele>14</ele>
      </trkpt>
      <trkpt lat="50.9423" lon="4.41946">
        <ele>16</ele>
      </trkpt>
      <trkpt lat="50.94183" lon="4.41948">
        <ele>15</ele>
      </trkpt>
      <trkpt lat="50.94137" lon="4.4197">
        <ele>15</ele>
      </trkpt>
      <trkpt lat="50.94115" lon="4.41984">
        <ele>14</ele>
      </trkpt>
      <trkpt lat="50.9408" lon="4.42013">
        <ele>13</ele>
      </trkpt>
      <trkpt lat="50.94052" lon="4.42046">
        <ele>13</ele>
      </trkpt>
      <trkpt lat="50.93857" lon="4.42316">
        <ele>9</ele>
      </trkpt>
      <trkpt lat="50.93861" lon="4.42327">
        <ele>10</ele>
      </trkpt>
      <trkpt lat="50.93885" lon="4.42369">
        <ele>9</ele>
      </trkpt>
      <trkpt lat="50.93954" lon="4.42489">
        <ele>11</ele>
      </trkpt>
      <trkpt lat="50.93998" lon="4.42571">
        <ele>11</ele>
      </trkpt>
      <trkpt lat="50.94022" lon="4.42623">
        <ele>11</ele>
      </trkpt>
      <trkpt lat="50.94063" lon="4.42719">
        <ele>10</ele>
      </trkpt>
      <trkpt lat="50.94106" lon="4.42838">
        <ele>11</ele>
      </trkpt>
      <trkpt lat="50.94131" lon="4.42916">
        <ele>12</ele>
      </trkpt>
      <trkpt lat="50.94155" lon="4.43002">
        <ele>11</ele>
      </trkpt>
      <trkpt lat="50.94171" lon="4.43065">
        <ele>11</ele>
      </trkpt>
      <trkpt lat="50.94187" lon="4.43133">
        <ele>12</ele>
      </trkpt>
      <trkpt lat="50.94271" lon="4.43556">
        <ele>12</ele>
      </trkpt>
      <trkpt lat="50.94298" lon="4.43665">
        <ele>12</ele>
      </trkpt>
      <trkpt lat="50.9432" lon="4.43738">
        <ele>12</ele>
      </trkpt>
      <trkpt lat="50.94366" lon="4.43866">
        <ele>10</ele>
      </trkpt>
      <trkpt lat="50.94426" lon="4.43989">
        <ele>10</ele>
      </trkpt>
      <trkpt lat="50.94454" lon="4.44038">
        <ele>11</ele>
      </trkpt>
      <trkpt lat="50.94513" lon="4.44128">
        <ele>11</ele>
      </trkpt>
      <trkpt lat="50.94602" lon="4.44254">
        <ele>9</ele>
      </trkpt>
      <trkpt lat="50.94615" lon="4.44283">
        <ele>9</ele>
      </trkpt>
      <trkpt lat="50.94624" lon="4.44296">
        <ele>9</ele>
      </trkpt>
      <trkpt lat="50.94634" lon="4.44307">
        <ele>9</ele>
      </trkpt>
      <trkpt lat="50.94655" lon="4.44325">
        <ele>9</ele>
      </trkpt>
      <trkpt lat="50.94741" lon="4.44442">
        <ele>8</ele>
      </trkpt>
      <trkpt lat="50.9481" lon="4.44528">
        <ele>10</ele>
      </trkpt>
      <trkpt lat="50.94882" lon="4.44603">
        <ele>9</ele>
      </trkpt>
      <trkpt lat="50.95295" lon="4.44954">
        <ele>9</ele>
      </trkpt>
      <trkpt lat="50.95434" lon="4.45071">
        <ele>7</ele>
      </trkpt>
      <trkpt lat="50.95683" lon="4.45284">
        <ele>8</ele>
      </trkpt>
      <trkpt lat="50.95762" lon="4.45333">
        <ele>9</ele>
      </trkpt>
      <trkpt lat="50.95905" lon="4.45403">
        <ele>9</ele>
      </trkpt>
      <trkpt lat="50.95924" lon="4.45417">
        <ele>9</ele>
      </trkpt>
      <trkpt lat="50.95939" lon="4.45432">
        <ele>9</ele>
      </trkpt>
      <trkpt lat="50.95953" lon="4.45451">
        <ele>9</ele>
      </trkpt>
      <trkpt lat="50.95983" lon="4.45507">
        <ele>8</ele>
      </trkpt>
      <trkpt lat="50.96008" lon="4.45553">
        <ele>8</ele>
      </trkpt>
      <trkpt lat="50.96027" lon="4.45585">
        <ele>9</ele>
      </trkpt>
      <trkpt lat="50.96036" lon="4.45604">
        <ele>8</ele>
      </trkpt>
      <trkpt lat="50.95988" lon="4.45655">
        <ele>8</ele>
      </trkpt>
      <trkpt lat="50.95979" lon="4.45662">
        <ele>8</ele>
      </trkpt>
      <trkpt lat="50.9597" lon="4.45678">
        <ele>8</ele>
      </trkpt>
      <trkpt lat="50.95968" lon="4.4569">
        <ele>8</ele>
      </trkpt>
      <trkpt lat="50.95976" lon="4.45857">
        <ele>8</ele>
      </trkpt>
      <trkpt lat="50.95977" lon="4.45884">
        <ele>8</ele>
      </trkpt>
      <trkpt lat="50.95973" lon="4.45882">
        <ele>8</ele>
      </trkpt>
      <trkpt lat="50.95974" lon="4.45903">
        <ele>8</ele>
      </trkpt>
      <trkpt lat="50.95962" lon="4.45903">
        <ele>8</ele>
      </trkpt>
      <trkpt lat="50.95884" lon="4.45851">
        <ele>9</ele>
      </trkpt>
      <trkpt lat="50.95873" lon="4.45846">
        <ele>8</ele>
      </trkpt>
      <trkpt lat="50.9585" lon="4.45849">
        <ele>8</ele>
      </trkpt>
      <trkpt lat="50.95834" lon="4.45857">
        <ele>8</ele>
      </trkpt>
      <trkpt lat="50.95712" lon="4.4595">
        <ele>7</ele>
      </trkpt>
      <trkpt lat="50.95582" lon="4.46018">
        <ele>6</ele>
      </trkpt>
      <trkpt lat="50.95562" lon="4.46024">
        <ele>5</ele>
      </trkpt>
      <trkpt lat="50.95522" lon="4.46027">
        <ele>6</ele>
      </trkpt>
      <trkpt lat="50.95234" lon="4.46013">
        <ele>9</ele>
      </trkpt>
      <trkpt lat="50.9519" lon="4.46014">
        <ele>8</ele>
      </trkpt>
      <trkpt lat="50.9516" lon="4.46019">
        <ele>8</ele>
      </trkpt>
      <trkpt lat="50.95136" lon="4.46025">
        <ele>8</ele>
      </trkpt>
      <trkpt lat="50.95044" lon="4.46065">
        <ele>8</ele>
      </trkpt>
      <trkpt lat="50.95016" lon="4.46071">
        <ele>8</ele>
      </trkpt>
      <trkpt lat="50.95004" lon="4.4607">
        <ele>8</ele>
      </trkpt>
      <trkpt lat="50.94995" lon="4.46067">
        <ele>8</ele>
      </trkpt>
      <trkpt lat="50.94988" lon="4.46068">
        <ele>8</ele>
      </trkpt>
      <trkpt lat="50.94884" lon="4.46055">
        <ele>9</ele>
      </trkpt>
      <trkpt lat="50.94882" lon="4.46049">
        <ele>9</ele>
      </trkpt>
      <trkpt lat="50.94877" lon="4.46044">
        <ele>9</ele>
      </trkpt>
      <trkpt lat="50.94872" lon="4.46045">
        <ele>9</ele>
      </trkpt>
      <trkpt lat="50.94868" lon="4.46054">
        <ele>9</ele>
      </trkpt>
      <trkpt lat="50.94815" lon="4.46021">
        <ele>10</ele>
      </trkpt>
      <trkpt lat="50.94792" lon="4.46024">
        <ele>10</ele>
      </trkpt>
      <trkpt lat="50.94774" lon="4.46026">
        <ele>10</ele>
      </trkpt>
      <trkpt lat="50.94747" lon="4.46036">
        <ele>10</ele>
      </trkpt>
      <trkpt lat="50.9472" lon="4.4605">
        <ele>10</ele>
      </trkpt>
      <trkpt lat="50.94699" lon="4.46058">
        <ele>10</ele>
      </trkpt>
      <trkpt lat="50.94686" lon="4.46059">
        <ele>10</ele>
      </trkpt>
      <trkpt lat="50.94665" lon="4.46056">
        <ele>11</ele>
      </trkpt>
      <trkpt lat="50.946" lon="4.46041">
        <ele>11</ele>
      </trkpt>
      <trkpt lat="50.94575" lon="4.46033">
        <ele>12</ele>
      </trkpt>
      <trkpt lat="50.94288" lon="4.45907">
        <ele>13</ele>
      </trkpt>
      <trkpt lat="50.94272" lon="4.45905">
        <ele>13</ele>
      </trkpt>
      <trkpt lat="50.94231" lon="4.45907">
        <ele>13</ele>
      </trkpt>
      <trkpt lat="50.94213" lon="4.45905">
        <ele>13</ele>
      </trkpt>
      <trkpt lat="50.94204" lon="4.459">
        <ele>13</ele>
      </trkpt>
      <trkpt lat="50.94194" lon="4.4589">
        <ele>13</ele>
      </trkpt>
      <trkpt lat="50.94171" lon="4.45858">
        <ele>13</ele>
      </trkpt>
      <trkpt lat="50.94157" lon="4.45846">
        <ele>13</ele>
      </trkpt>
      <trkpt lat="50.94132" lon="4.45834">
        <ele>13</ele>
      </trkpt>
      <trkpt lat="50.94043" lon="4.4578">
        <ele>13</ele>
      </trkpt>
      <trkpt lat="50.94014" lon="4.45755">
        <ele>14</ele>
      </trkpt>
      <trkpt lat="50.9399" lon="4.45728">
        <ele>13</ele>
      </trkpt>
      <trkpt lat="50.93972" lon="4.45714">
        <ele>14</ele>
      </trkpt>
      <trkpt lat="50.9394" lon="4.45696">
        <ele>14</ele>
      </trkpt>
      <trkpt lat="50.93867" lon="4.45647">
        <ele>14</ele>
      </trkpt>
      <trkpt lat="50.93847" lon="4.45636">
        <ele>14</ele>
      </trkpt>
      <trkpt lat="50.93752" lon="4.45608">
        <ele>14</ele>
      </trkpt>
      <trkpt lat="50.93668" lon="4.45571">
        <ele>15</ele>
      </trkpt>
      <trkpt lat="50.93413" lon="4.45446">
        <ele>15</ele>
      </trkpt>
      <trkpt lat="50.93206" lon="4.45356">
        <ele>15</ele>
      </trkpt>
      <trkpt lat="50.92979" lon="4.45237">
        <ele>17</ele>
      </trkpt>
      <trkpt lat="50.92844" lon="4.45186">
        <ele>19</ele>
      </trkpt>
      <trkpt lat="50.92726" lon="4.45093">
        <ele>18</ele>
      </trkpt>
      <trkpt lat="50.92693" lon="4.4507">
        <ele>18</ele>
      </trkpt>
      <trkpt lat="50.92566" lon="4.44997">
        <ele>17</ele>
      </trkpt>
      <trkpt lat="50.92554" lon="4.44984">
        <ele>16</ele>
      </trkpt>
      <trkpt lat="50.92472" lon="4.44885">
        <ele>16</ele>
      </trkpt>
      <trkpt lat="50.92461" lon="4.44909">
        <ele>16</ele>
      </trkpt>
      <trkpt lat="50.92432" lon="4.44976">
        <ele>16</ele>
      </trkpt>
      <trkpt lat="50.92416" lon="4.45003">
        <ele>16</ele>
      </trkpt>
      <trkpt lat="50.92398" lon="4.45025">
        <ele>17</ele>
      </trkpt>
      <trkpt lat="50.92201" lon="4.45214">
        <ele>15</ele>
      </trkpt>
      <trkpt lat="50.92174" lon="4.45235">
        <ele>16</ele>
      </trkpt>
      <trkpt lat="50.92161" lon="4.45247">
        <ele>16</ele>
      </trkpt>
      <trkpt lat="50.92155" lon="4.45234">
        <ele>16</ele>
      </trkpt>
      <trkpt lat="50.9211" lon="4.45141">
        <ele>16</ele>
      </trkpt>
      <trkpt lat="50.92092" lon="4.45108">
        <ele>17</ele>
      </trkpt>
      <trkpt lat="50.92073" lon="4.45086">
        <ele>17</ele>
      </trkpt>
      <trkpt lat="50.91984" lon="4.45017">
        <ele>18</ele>
      </trkpt>
      <trkpt lat="50.91971" lon="4.45003">
        <ele>18</ele>
      </trkpt>
      <trkpt lat="50.91905" lon="4.44877">
        <ele>18</ele>
      </trkpt>
      <trkpt lat="50.91902" lon="4.44881">
        <ele>18</ele>
      </trkpt>
      <trkpt lat="50.91866" lon="4.44809">
        <ele>18</ele>
      </trkpt>
      <trkpt lat="50.9186" lon="4.44792">
        <ele>18</ele>
      </trkpt>
      <trkpt lat="50.91809" lon="4.44622">
        <ele>19</ele>
      </trkpt>
      <trkpt lat="50.91801" lon="4.44631">
        <ele>19</ele>
      </trkpt>
      <trkpt lat="50.91781" lon="4.44659">
        <ele>19</ele>
      </trkpt>
      <trkpt lat="50.91722" lon="4.4474">
        <ele>19</ele>
      </trkpt>
      <trkpt lat="50.91661" lon="4.44817">
        <ele>21</ele>
      </trkpt>
      <trkpt lat="50.91654" lon="4.44822">
        <ele>21</ele>
      </trkpt>
      <trkpt lat="50.91641" lon="4.44816">
        <ele>21</ele>
      </trkpt>
      <trkpt lat="50.91581" lon="4.44774">
        <ele>22</ele>
      </trkpt>
      <trkpt lat="50.91501" lon="4.44716">
        <ele>23</ele>
      </trkpt>
      <trkpt lat="50.91256" lon="4.44546">
        <ele>26</ele>
      </trkpt>
      <trkpt lat="50.91222" lon="4.44519">
        <ele>26</ele>
      </trkpt>
      <trkpt lat="50.91195" lon="4.44493">
        <ele>27</ele>
      </trkpt>
      <trkpt lat="50.91162" lon="4.44478">
        <ele>28</ele>
      </trkpt>
      <trkpt lat="50.91105" lon="4.44459">
        <ele>29</ele>
      </trkpt>
      <trkpt lat="50.91072" lon="4.44456">
        <ele>29</ele>
      </trkpt>
      <trkpt lat="50.91058" lon="4.44458">
        <ele>29</ele>
      </trkpt>
      <trkpt lat="50.91052" lon="4.44452">
        <ele>29</ele>
      </trkpt>
      <trkpt lat="50.91032" lon="4.44441">
        <ele>30</ele>
      </trkpt>
      <trkpt lat="50.90814" lon="4.44365">
        <ele>31</ele>
      </trkpt>
      <trkpt lat="50.90769" lon="4.44346">
        <ele>31</ele>
      </trkpt>
      <trkpt lat="50.90772" lon="4.44333">
        <ele>31</ele>
      </trkpt>
      <trkpt lat="50.90743" lon="4.44333">
        <ele>31</ele>
      </trkpt>
      <trkpt lat="50.90734" lon="4.4433">
        <ele>31</ele>
      </trkpt>
      <trkpt lat="50.90669" lon="4.44285">
        <ele>31</ele>
      </trkpt>
      <trkpt lat="50.9064" lon="4.44261">
        <ele>32</ele>
      </trkpt>
      <trkpt lat="50.9057" lon="4.44194">
        <ele>33</ele>
      </trkpt>
      <trkpt lat="50.9056" lon="4.44204">
        <ele>33</ele>
      </trkpt>
      <trkpt lat="50.90553" lon="4.44205">
        <ele>33</ele>
      </trkpt>
      <trkpt lat="50.90544" lon="4.44213">
        <ele>33</ele>
      </trkpt>
      <trkpt lat="50.9048" lon="4.44316">
        <ele>34</ele>
      </trkpt>
      <trkpt lat="50.9047" lon="4.44339">
        <ele>34</ele>
      </trkpt>
      <trkpt lat="50.90469" lon="4.44349">
        <ele>34</ele>
      </trkpt>
      <trkpt lat="50.9047" lon="4.44364">
        <ele>34</ele>
      </trkpt>
      <trkpt lat="50.90477" lon="4.4438">
        <ele>34</ele>
      </trkpt>
      <trkpt lat="50.90458" lon="4.44408">
        <ele>33</ele>
      </trkpt>
      <trkpt lat="50.90456" lon="4.44412">
        <ele>33</ele>
      </trkpt>
      <trkpt lat="50.90433" lon="4.44369">
        <ele>34</ele>
      </trkpt>
      <trkpt lat="50.90425" lon="4.44377">
        <ele>34</ele>
      </trkpt>
      <trkpt lat="50.90421" lon="4.44375">
        <ele>34</ele>
      </trkpt>
      <trkpt lat="50.90415" lon="4.44362">
        <ele>34</ele>
      </trkpt>
      <trkpt lat="50.90407" lon="4.44339">
        <ele>34</ele>
      </trkpt>
      <trkpt lat="50.90386" lon="4.44301">
        <ele>34</ele>
      </trkpt>
      <trkpt lat="50.90312" lon="4.4419">
        <ele>33</ele>
      </trkpt>
      <trkpt lat="50.90242" lon="4.44098">
        <ele>34</ele>
      </trkpt>
      <trkpt lat="50.90223" lon="4.44078">
        <ele>34</ele>
      </trkpt>
      <trkpt lat="50.90186" lon="4.44058">
        <ele>35</ele>
      </trkpt>
      <trkpt lat="50.90146" lon="4.44026">
        <ele>35</ele>
      </trkpt>
      <trkpt lat="50.90146" lon="4.44025">
        <ele>35</ele>
      </trkpt>
      <trkpt lat="50.90105" lon="4.43985">
        <ele>35</ele>
      </trkpt>
      <trkpt lat="50.90074" lon="4.43962">
        <ele>34</ele>
      </trkpt>
      <trkpt lat="50.90051" lon="4.43948">
        <ele>34</ele>
      </trkpt>
      <trkpt lat="50.90042" lon="4.43945">
        <ele>33</ele>
      </trkpt>
      <trkpt lat="50.90034" lon="4.43944">
        <ele>33</ele>
      </trkpt>
      <trkpt lat="50.90025" lon="4.43947">
        <ele>33</ele>
      </trkpt>
      <trkpt lat="50.90014" lon="4.43956">
        <ele>31</ele>
      </trkpt>
      <trkpt lat="50.89993" lon="4.43991">
        <ele>33</ele>
      </trkpt>
      <trkpt lat="50.89958" lon="4.44053">
        <ele>33</ele>
      </trkpt>
      <trkpt lat="50.89954" lon="4.44065">
        <ele>33</ele>
      </trkpt>
      <trkpt lat="50.89935" lon="4.441">
        <ele>34</ele>
      </trkpt>
      <trkpt lat="50.89932" lon="4.44103">
        <ele>34</ele>
      </trkpt>
      <trkpt lat="50.89906" lon="4.44173">
        <ele>34</ele>
      </trkpt>
      <trkpt lat="50.8988" lon="4.44237">
        <ele>35</ele>
      </trkpt>
      <trkpt lat="50.8984" lon="4.44318">
        <ele>35</ele>
      </trkpt>
      <trkpt lat="50.89832" lon="4.4434">
        <ele>36</ele>
      </trkpt>
      <trkpt lat="50.89707" lon="4.44603">
        <ele>36</ele>
      </trkpt>
      <trkpt lat="50.89679" lon="4.44672">
        <ele>36</ele>
      </trkpt>
      <trkpt lat="50.89448" lon="4.45293">
        <ele>31</ele>
      </trkpt>
      <trkpt lat="50.89363" lon="4.45623">
        <ele>33</ele>
      </trkpt>
      <trkpt lat="50.89363" lon="4.45638">
        <ele>33</ele>
      </trkpt>
      <trkpt lat="50.89368" lon="4.45648">
        <ele>33</ele>
      </trkpt>
      <trkpt lat="50.89377" lon="4.45657">
        <ele>33</ele>
      </trkpt>
      <trkpt lat="50.894" lon="4.45681">
        <ele>34</ele>
      </trkpt>
      <trkpt lat="50.89418" lon="4.45712">
        <ele>34</ele>
      </trkpt>
      <trkpt lat="50.89475" lon="4.45829">
        <ele>35</ele>
      </trkpt>
      <trkpt lat="50.89482" lon="4.45855">
        <ele>35</ele>
      </trkpt>
      <trkpt lat="50.89487" lon="4.45854">
        <ele>35</ele>
      </trkpt>
      <trkpt lat="50.89532" lon="4.45947">
        <ele>35</ele>
      </trkpt>
      <trkpt lat="50.8951" lon="4.46018">
        <ele>35</ele>
      </trkpt>
      <trkpt lat="50.89492" lon="4.46081">
        <ele>35</ele>
      </trkpt>
      <trkpt lat="50.89482" lon="4.46122">
        <ele>35</ele>
      </trkpt>
      <trkpt lat="50.89478" lon="4.46154">
        <ele>35</ele>
      </trkpt>
      <trkpt lat="50.89476" lon="4.46178">
        <ele>35</ele>
      </trkpt>
      <trkpt lat="50.89481" lon="4.47044">
        <ele>40</ele>
      </trkpt>
      <trkpt lat="50.89486" lon="4.47075">
        <ele>41</ele>
      </trkpt>
      <trkpt lat="50.89495" lon="4.47106">
        <ele>41</ele>
      </trkpt>
      <trkpt lat="50.89488" lon="4.47111">
        <ele>41</ele>
      </trkpt>
      <trkpt lat="50.89442" lon="4.47147">
        <ele>41</ele>
      </trkpt>
      <trkpt lat="50.8941" lon="4.47169">
        <ele>40</ele>
      </trkpt>
      <trkpt lat="50.89407" lon="4.47175">
        <ele>40</ele>
      </trkpt>
      <trkpt lat="50.89401" lon="4.47182">
        <ele>40</ele>
      </trkpt>
      <trkpt lat="50.89392" lon="4.47185">
        <ele>40</ele>
      </trkpt>
      <trkpt lat="50.89385" lon="4.47181">
        <ele>40</ele>
      </trkpt>
      <trkpt lat="50.8938" lon="4.47175">
        <ele>40</ele>
      </trkpt>
      <trkpt lat="50.89376" lon="4.47156">
        <ele>39</ele>
      </trkpt>
      <trkpt lat="50.89369" lon="4.47155">
        <ele>39</ele>
      </trkpt>
      <trkpt lat="50.89368" lon="4.47172">
        <ele>40</ele>
      </trkpt>
      <trkpt lat="50.89368" lon="4.47178">
        <ele>40</ele>
      </trkpt>
      <trkpt lat="50.89364" lon="4.47235">
        <ele>40</ele>
      </trkpt>
      <trkpt lat="50.89364" lon="4.47267">
        <ele>40</ele>
      </trkpt>
      <trkpt lat="50.89366" lon="4.47408">
        <ele>41</ele>
      </trkpt>
      <trkpt lat="50.89367" lon="4.47432">
        <ele>41</ele>
      </trkpt>
      <trkpt lat="50.89386" lon="4.47579">
        <ele>41</ele>
      </trkpt>
      <trkpt lat="50.89382" lon="4.47595">
        <ele>41</ele>
      </trkpt>
      <trkpt lat="50.89367" lon="4.47628">
        <ele>41</ele>
      </trkpt>
      <trkpt lat="50.89346" lon="4.47676">
        <ele>41</ele>
      </trkpt>
      <trkpt lat="50.89338" lon="4.47686">
        <ele>41</ele>
      </trkpt>
      <trkpt lat="50.8932" lon="4.47696">
        <ele>41</ele>
      </trkpt>
      <trkpt lat="50.89306" lon="4.47697">
        <ele>40</ele>
      </trkpt>
      <trkpt lat="50.89304" lon="4.47686">
        <ele>41</ele>
      </trkpt>
      <trkpt lat="50.89264" lon="4.47646">
        <ele>41</ele>
      </trkpt>
      <trkpt lat="50.89264" lon="4.47645">
        <ele>41</ele>
      </trkpt>
      <trkpt lat="50.89264" lon="4.47646">
        <ele>41</ele>
      </trkpt>
      <trkpt lat="50.89232" lon="4.47614">
        <ele>41</ele>
      </trkpt>
      <trkpt lat="50.89212" lon="4.47598">
        <ele>41</ele>
      </trkpt>
      <trkpt lat="50.89186" lon="4.47583">
        <ele>41</ele>
      </trkpt>
      <trkpt lat="50.89158" lon="4.47571">
        <ele>41</ele>
      </trkpt>
      <trkpt lat="50.89121" lon="4.47562">
        <ele>41</ele>
      </trkpt>
      <trkpt lat="50.89081" lon="4.47559">
        <ele>42</ele>
      </trkpt>
      <trkpt lat="50.89052" lon="4.47561">
        <ele>42</ele>
      </trkpt>
      <trkpt lat="50.89012" lon="4.47573">
        <ele>43</ele>
      </trkpt>
      <trkpt lat="50.88981" lon="4.47587">
        <ele>43</ele>
      </trkpt>
      <trkpt lat="50.8895" lon="4.47606">
        <ele>43</ele>
      </trkpt>
      <trkpt lat="50.88921" lon="4.4763">
        <ele>44</ele>
      </trkpt>
      <trkpt lat="50.88843" lon="4.47711">
        <ele>45</ele>
      </trkpt>
      <trkpt lat="50.88815" lon="4.47749">
        <ele>46</ele>
      </trkpt>
      <trkpt lat="50.88798" lon="4.47779">
        <ele>46</ele>
      </trkpt>
      <trkpt lat="50.88781" lon="4.47816">
        <ele>47</ele>
      </trkpt>
      <trkpt lat="50.8877" lon="4.47844">
        <ele>48</ele>
      </trkpt>
      <trkpt lat="50.88757" lon="4.47889">
        <ele>48</ele>
      </trkpt>
      <trkpt lat="50.88748" lon="4.47932">
        <ele>49</ele>
      </trkpt>
      <trkpt lat="50.88741" lon="4.47979">
        <ele>49</ele>
      </trkpt>
      <trkpt lat="50.88738" lon="4.48046">
        <ele>48</ele>
      </trkpt>
      <trkpt lat="50.88749" lon="4.48502">
        <ele>49</ele>
      </trkpt>
      <trkpt lat="50.88748" lon="4.48532">
        <ele>49</ele>
      </trkpt>
      <trkpt lat="50.88745" lon="4.48574">
        <ele>49</ele>
      </trkpt>
      <trkpt lat="50.88739" lon="4.48615">
        <ele>50</ele>
      </trkpt>
      <trkpt lat="50.88734" lon="4.48633">
        <ele>50</ele>
      </trkpt>
      <trkpt lat="50.88719" lon="4.48678">
        <ele>51</ele>
      </trkpt>
      <trkpt lat="50.88707" lon="4.48702">
        <ele>51</ele>
      </trkpt>
      <trkpt lat="50.88696" lon="4.4872">
        <ele>50</ele>
      </trkpt>
      <trkpt lat="50.88658" lon="4.4876">
        <ele>48</ele>
      </trkpt>
      <trkpt lat="50.88649" lon="4.48776">
        <ele>48</ele>
      </trkpt>
      <trkpt lat="50.88652" lon="4.48783">
        <ele>48</ele>
      </trkpt>
      <trkpt lat="50.88659" lon="4.48803">
        <ele>47</ele>
      </trkpt>
      <trkpt lat="50.8866" lon="4.48829">
        <ele>47</ele>
      </trkpt>
      <trkpt lat="50.88658" lon="4.48841">
        <ele>47</ele>
      </trkpt>
      <trkpt lat="50.88654" lon="4.48854">
        <ele>47</ele>
      </trkpt>
      <trkpt lat="50.88647" lon="4.48865">
        <ele>47</ele>
      </trkpt>
      <trkpt lat="50.88629" lon="4.48882">
        <ele>46</ele>
      </trkpt>
      <trkpt lat="50.88587" lon="4.48914">
        <ele>46</ele>
      </trkpt>
      <trkpt lat="50.88503" lon="4.48967">
        <ele>46</ele>
      </trkpt>
      <trkpt lat="50.88492" lon="4.48975">
        <ele>46</ele>
      </trkpt>
      <trkpt lat="50.88381" lon="4.49126">
        <ele>45</ele>
      </trkpt>
      <trkpt lat="50.88361" lon="4.4912">
        <ele>45</ele>
      </trkpt>
      <trkpt lat="50.88358" lon="4.49132">
        <ele>45</ele>
      </trkpt>
      <trkpt lat="50.88332" lon="4.4917">
        <ele>44</ele>
      </trkpt>
      <trkpt lat="50.8833" lon="4.49187">
        <ele>44</ele>
      </trkpt>
      <trkpt lat="50.88323" lon="4.49298">
        <ele>44</ele>
      </trkpt>
      <trkpt lat="50.88322" lon="4.49313">
        <ele>44</ele>
      </trkpt>
      <trkpt lat="50.8834" lon="4.49447">
        <ele>44</ele>
      </trkpt>
      <trkpt lat="50.88362" lon="4.4963">
        <ele>45</ele>
      </trkpt>
      <trkpt lat="50.88361" lon="4.49648">
        <ele>45</ele>
      </trkpt>
      <trkpt lat="50.88358" lon="4.4966">
        <ele>44</ele>
      </trkpt>
      <trkpt lat="50.88352" lon="4.49672">
        <ele>44</ele>
      </trkpt>
      <trkpt lat="50.88354" lon="4.49721">
        <ele>44</ele>
      </trkpt>
      <trkpt lat="50.88361" lon="4.49863">
        <ele>46</ele>
      </trkpt>
      <trkpt lat="50.88362" lon="4.49932">
        <ele>48</ele>
      </trkpt>
      <trkpt lat="50.88361" lon="4.4997">
        <ele>49</ele>
      </trkpt>
      <trkpt lat="50.88396" lon="4.50327">
        <ele>56</ele>
      </trkpt>
      <trkpt lat="50.88408" lon="4.50375">
        <ele>57</ele>
      </trkpt>
      <trkpt lat="50.88414" lon="4.50419">
        <ele>59</ele>
      </trkpt>
      <trkpt lat="50.88414" lon="4.50468">
        <ele>59</ele>
      </trkpt>
      <trkpt lat="50.88409" lon="4.505">
        <ele>60</ele>
      </trkpt>
      <trkpt lat="50.88409" lon="4.5052">
        <ele>61</ele>
      </trkpt>
      <trkpt lat="50.88439" lon="4.50828">
        <ele>62</ele>
      </trkpt>
      <trkpt lat="50.88447" lon="4.50893">
        <ele>63</ele>
      </trkpt>
      <trkpt lat="50.88491" lon="4.51177">
        <ele>58</ele>
      </trkpt>
      <trkpt lat="50.88532" lon="4.51319">
        <ele>57</ele>
      </trkpt>
      <trkpt lat="50.88546" lon="4.5136">
        <ele>56</ele>
      </trkpt>
      <trkpt lat="50.88564" lon="4.51387">
        <ele>56</ele>
      </trkpt>
      <trkpt lat="50.88572" lon="4.51406">
        <ele>56</ele>
      </trkpt>
      <trkpt lat="50.88652" lon="4.51634">
        <ele>55</ele>
      </trkpt>
      <trkpt lat="50.88676" lon="4.51692">
        <ele>55</ele>
      </trkpt>
      <trkpt lat="50.88941" lon="4.52483">
        <ele>54</ele>
      </trkpt>
      <trkpt lat="50.89104" lon="4.52962">
        <ele>52</ele>
      </trkpt>
      <trkpt lat="50.89132" lon="4.53063">
        <ele>51</ele>
      </trkpt>
      <trkpt lat="50.89159" lon="4.53162">
        <ele>49</ele>
      </trkpt>
      <trkpt lat="50.89201" lon="4.53339">
        <ele>47</ele>
      </trkpt>
      <trkpt lat="50.89226" lon="4.53457">
        <ele>47</ele>
      </trkpt>
      <trkpt lat="50.89232" lon="4.53502">
        <ele>46</ele>
      </trkpt>
      <trkpt lat="50.89239" lon="4.53566">
        <ele>46</ele>
      </trkpt>
      <trkpt lat="50.8925" lon="4.53633">
        <ele>46</ele>
      </trkpt>
      <trkpt lat="50.8925" lon="4.53664">
        <ele>45</ele>
      </trkpt>
      <trkpt lat="50.89253" lon="4.53673">
        <ele>45</ele>
      </trkpt>
      <trkpt lat="50.89269" lon="4.53695">
        <ele>47</ele>
      </trkpt>
      <trkpt lat="50.8931" lon="4.53768">
        <ele>46</ele>
      </trkpt>
      <trkpt lat="50.89322" lon="4.53789">
        <ele>46</ele>
      </trkpt>
      <trkpt lat="50.893" lon="4.53821">
        <ele>46</ele>
      </trkpt>
      <trkpt lat="50.89279" lon="4.53844">
        <ele>45</ele>
      </trkpt>
      <trkpt lat="50.89276" lon="4.53858">
        <ele>45</ele>
      </trkpt>
      <trkpt lat="50.89277" lon="4.53887">
        <ele>45</ele>
      </trkpt>
      <trkpt lat="50.89288" lon="4.53996">
        <ele>45</ele>
      </trkpt>
      <trkpt lat="50.89292" lon="4.54005">
        <ele>45</ele>
      </trkpt>
      <trkpt lat="50.89298" lon="4.54012">
        <ele>45</ele>
      </trkpt>
      <trkpt lat="50.89335" lon="4.53919">
        <ele>45</ele>
      </trkpt>
      <trkpt lat="50.89347" lon="4.53872">
        <ele>45</ele>
      </trkpt>
      <trkpt lat="50.89342" lon="4.53869">
        <ele>45</ele>
      </trkpt>
      <trkpt lat="50.89339" lon="4.53861">
        <ele>45</ele>
      </trkpt>
      <trkpt lat="50.89339" lon="4.53854">
        <ele>45</ele>
      </trkpt>
      <trkpt lat="50.89327" lon="4.53848">
        <ele>45</ele>
      </trkpt>
      <trkpt lat="50.89299" lon="4.53842">
        <ele>45</ele>
      </trkpt>
      <trkpt lat="50.89288" lon="4.53842">
        <ele>45</ele>
      </trkpt>
      <trkpt lat="50.89273" lon="4.53847">
        <ele>45</ele>
      </trkpt>
      <trkpt lat="50.89258" lon="4.5386">
        <ele>44</ele>
      </trkpt>
      <trkpt lat="50.89248" lon="4.53874">
        <ele>44</ele>
      </trkpt>
      <trkpt lat="50.8924" lon="4.53895">
        <ele>44</ele>
      </trkpt>
      <trkpt lat="50.89234" lon="4.5392">
        <ele>44</ele>
      </trkpt>
      <trkpt lat="50.89233" lon="4.53945">
        <ele>44</ele>
      </trkpt>
      <trkpt lat="50.89235" lon="4.53964">
        <ele>44</ele>
      </trkpt>
      <trkpt lat="50.89246" lon="4.54032">
        <ele>44</ele>
      </trkpt>
      <trkpt lat="50.89254" lon="4.54097">
        <ele>44</ele>
      </trkpt>
      <trkpt lat="50.89261" lon="4.54177">
        <ele>44</ele>
      </trkpt>
      <trkpt lat="50.89258" lon="4.54196">
        <ele>44</ele>
      </trkpt>
      <trkpt lat="50.89253" lon="4.54205">
        <ele>44</ele>
      </trkpt>
      <trkpt lat="50.89247" lon="4.54211">
        <ele>44</ele>
      </trkpt>
      <trkpt lat="50.89228" lon="4.5422">
        <ele>44</ele>
      </trkpt>
      <trkpt lat="50.88887" lon="4.54379">
        <ele>47</ele>
      </trkpt>
      <trkpt lat="50.88839" lon="4.54409">
        <ele>47</ele>
      </trkpt>
      <trkpt lat="50.88837" lon="4.54401">
        <ele>47</ele>
      </trkpt>
      <trkpt lat="50.88598" lon="4.54513">
        <ele>45</ele>
      </trkpt>
      <trkpt lat="50.88558" lon="4.54531">
        <ele>44</ele>
      </trkpt>
      <trkpt lat="50.88538" lon="4.54537">
        <ele>44</ele>
      </trkpt>
      <trkpt lat="50.88494" lon="4.54523">
        <ele>44</ele>
      </trkpt>
      <trkpt lat="50.88432" lon="4.54511">
        <ele>43</ele>
      </trkpt>
      <trkpt lat="50.88397" lon="4.54496">
        <ele>43</ele>
      </trkpt>
      <trkpt lat="50.8835" lon="4.54458">
        <ele>43</ele>
      </trkpt>
      <trkpt lat="50.88344" lon="4.54456">
        <ele>43</ele>
      </trkpt>
      <trkpt lat="50.88283" lon="4.54456">
        <ele>44</ele>
      </trkpt>
      <trkpt lat="50.8826" lon="4.54456">
        <ele>45</ele>
      </trkpt>
      <trkpt lat="50.88248" lon="4.54453">
        <ele>45</ele>
      </trkpt>
      <trkpt lat="50.88235" lon="4.54441">
        <ele>45</ele>
      </trkpt>
      <trkpt lat="50.88219" lon="4.54394">
        <ele>45</ele>
      </trkpt>
      <trkpt lat="50.88212" lon="4.54384">
        <ele>45</ele>
      </trkpt>
      <trkpt lat="50.88204" lon="4.54379">
        <ele>45</ele>
      </trkpt>
      <trkpt lat="50.88145" lon="4.54371">
        <ele>46</ele>
      </trkpt>
      <trkpt lat="50.88131" lon="4.54363">
        <ele>47</ele>
      </trkpt>
      <trkpt lat="50.88123" lon="4.54355">
        <ele>47</ele>
      </trkpt>
      <trkpt lat="50.88088" lon="4.54312">
        <ele>49</ele>
      </trkpt>
      <trkpt lat="50.87999" lon="4.54219">
        <ele>50</ele>
      </trkpt>
      <trkpt lat="50.87983" lon="4.54199">
        <ele>49</ele>
      </trkpt>
      <trkpt lat="50.87918" lon="4.54064">
        <ele>48</ele>
      </trkpt>
      <trkpt lat="50.87914" lon="4.54061">
        <ele>48</ele>
      </trkpt>
      <trkpt lat="50.87902" lon="4.54059">
        <ele>48</ele>
      </trkpt>
      <trkpt lat="50.87808" lon="4.54071">
        <ele>53</ele>
      </trkpt>
      <trkpt lat="50.87749" lon="4.54065">
        <ele>55</ele>
      </trkpt>
      <trkpt lat="50.87641" lon="4.54089">
        <ele>59</ele>
      </trkpt>
      <trkpt lat="50.8763" lon="4.5409">
        <ele>59</ele>
      </trkpt>
      <trkpt lat="50.87622" lon="4.54087">
        <ele>59</ele>
      </trkpt>
      <trkpt lat="50.87605" lon="4.54126">
        <ele>59</ele>
      </trkpt>
      <trkpt lat="50.87598" lon="4.54159">
        <ele>60</ele>
      </trkpt>
      <trkpt lat="50.87594" lon="4.54184">
        <ele>62</ele>
      </trkpt>
      <trkpt lat="50.87593" lon="4.5421">
        <ele>62</ele>
      </trkpt>
      <trkpt lat="50.87596" lon="4.54242">
        <ele>62</ele>
      </trkpt>
      <trkpt lat="50.87604" lon="4.54284">
        <ele>63</ele>
      </trkpt>
      <trkpt lat="50.8763" lon="4.54378">
        <ele>62</ele>
      </trkpt>
      <trkpt lat="50.87629" lon="4.54383">
        <ele>62</ele>
      </trkpt>
      <trkpt lat="50.8763" lon="4.54392">
        <ele>62</ele>
      </trkpt>
      <trkpt lat="50.87634" lon="4.54406">
        <ele>62</ele>
      </trkpt>
      <trkpt lat="50.87637" lon="4.54409">
        <ele>62</ele>
      </trkpt>
      <trkpt lat="50.87644" lon="4.54445">
        <ele>59</ele>
      </trkpt>
      <trkpt lat="50.87727" lon="4.54893">
        <ele>53</ele>
      </trkpt>
      <trkpt lat="50.87732" lon="4.54931">
        <ele>53</ele>
      </trkpt>
      <trkpt lat="50.87733" lon="4.54954">
        <ele>52</ele>
      </trkpt>
      <trkpt lat="50.87731" lon="4.54989">
        <ele>52</ele>
      </trkpt>
      <trkpt lat="50.87714" lon="4.55183">
        <ele>50</ele>
      </trkpt>
      <trkpt lat="50.8771" lon="4.55213">
        <ele>50</ele>
      </trkpt>
      <trkpt lat="50.877" lon="4.55253">
        <ele>50</ele>
      </trkpt>
      <trkpt lat="50.87687" lon="4.55284">
        <ele>50</ele>
      </trkpt>
      <trkpt lat="50.87645" lon="4.55368">
        <ele>50</ele>
      </trkpt>
      <trkpt lat="50.87629" lon="4.55405">
        <ele>50</ele>
      </trkpt>
      <trkpt lat="50.87612" lon="4.55448">
        <ele>49</ele>
      </trkpt>
      <trkpt lat="50.87603" lon="4.5548">
        <ele>49</ele>
      </trkpt>
      <trkpt lat="50.876" lon="4.55513">
        <ele>49</ele>
      </trkpt>
      <trkpt lat="50.87606" lon="4.55634">
        <ele>48</ele>
      </trkpt>
      <trkpt lat="50.87602" lon="4.55667">
        <ele>48</ele>
      </trkpt>
      <trkpt lat="50.87604" lon="4.55694">
        <ele>48</ele>
      </trkpt>
      <trkpt lat="50.8763" lon="4.55789">
        <ele>47</ele>
      </trkpt>
      <trkpt lat="50.87636" lon="4.55817">
        <ele>47</ele>
      </trkpt>
      <trkpt lat="50.87639" lon="4.5585">
        <ele>47</ele>
      </trkpt>
      <trkpt lat="50.87642" lon="4.55933">
        <ele>47</ele>
      </trkpt>
      <trkpt lat="50.87655" lon="4.56247">
        <ele>47</ele>
      </trkpt>
      <trkpt lat="50.8766" lon="4.56306">
        <ele>47</ele>
      </trkpt>
      <trkpt lat="50.87686" lon="4.56527">
        <ele>49</ele>
      </trkpt>
      <trkpt lat="50.87725" lon="4.56802">
        <ele>53</ele>
      </trkpt>
      <trkpt lat="50.8772" lon="4.56811">
        <ele>53</ele>
      </trkpt>
      <trkpt lat="50.87719" lon="4.56816">
        <ele>53</ele>
      </trkpt>
      <trkpt lat="50.87721" lon="4.56826">
        <ele>53</ele>
      </trkpt>
      <trkpt lat="50.87727" lon="4.56833">
        <ele>54</ele>
      </trkpt>
      <trkpt lat="50.87731" lon="4.56833">
        <ele>54</ele>
      </trkpt>
      <trkpt lat="50.87735" lon="4.56857">
        <ele>54</ele>
      </trkpt>
      <trkpt lat="50.87748" lon="4.56894">
        <ele>54</ele>
      </trkpt>
      <trkpt lat="50.87754" lon="4.56906">
        <ele>53</ele>
      </trkpt>
    </trkseg>
  </trk>
</gpx>