<?xml version='1.0' encoding='UTF-8'?>
<gpx xmlns="http://www.topografix.com/GPX/1/1" xmlns:xsi="http://www.w3.org/2001/XMLSchema-instance" creator="RouteYou" version="1.1" xsi:schemaLocation="http://www.topografix.com/GPX/1/1 http://www.topografix.com/GPX/1/1/gpx.xsd">
  <wpt lat="50.93343" lon="4.37133">
    <name>Sint-Servaasbasiliek</name>
    <desc>De Sint-Servaasbasiliek in Grimbergen wordt beschouwd als een van de mooiste en meest harmonieuze barokkerken in de Lage Landen. De kerk maakt onderdeel uit van de Norbertijner abdij van Grimbergen maar doet tevens dienst als parochiekerk. In 1999, op het hoogfeest van de Onbevlekte Ontvangenis van Maria, werd aan de kerk de eretitel van basiliek verleend. Onder het abbatiaat van Carolus Fernandez de Velasco werd in 1660 de bouw aangevat van deze abdijkerk volgens de plannen van de norbertijn Gilbert van Zinnick (1627 - 1665). In 1700 waren de werken dermate gevorderd dat de kerk kon worden ingewijd.&lt;br/&gt;&lt;br/&gt;Auteur: &lt;a href="https://www.routeyou.com/user/view/8046.nl"&gt;woelfie&lt;/a&gt;&lt;br/&gt;&lt;a href="https://www.routeyou.com/location/view/47028544.nl?toptext=439529"&gt;Meer informatie&lt;/a&gt;</desc>
    <type>Basiliek</type>
  </wpt>
  <wpt lat="50.93603" lon="4.37502">
    <name>Charleroyhoeve</name>
    <desc>De Charleroyhoeve is een voormalige abdijhoeve van de Abdij van Grimbergen. Ze werd in 1665 gebouwd door de Grimbergse abdijgemeenschap. Haar naam verwijst naar Karel II die in de 17e eeuw koning van Spanje was en landsheer van de Spaanse Nederlanden.&lt;br&gt;De fraaie rondbogige inrijpoort vermeldt 1741, het jaar waarin de boerderij werd vernieuwd. De bijgebouwen dateren uit de 19e eeuw.&lt;br&gt;Na een hevige brand in 1976 werd het gedeeltelijk vernield woonhuis in de restauratie ge´ntegreerd.&lt;br&gt;In de hoeve zijn een afdeling van de gemeentelijke bibliotheek en vergaderzalen voor allerlei culturele verenigingen gevestigd.&lt;br/&gt;&lt;br/&gt;Auteur: &lt;a href="https://www.routeyou.com/user/view/8046.nl"&gt;woelfie&lt;/a&gt;&lt;br/&gt;&lt;a href="https://www.routeyou.com/location/view/49450855.nl?toptext=439532"&gt;Meer informatie&lt;/a&gt;</desc>
    <type>Hoeve</type>
  </wpt>
  <wpt lat="50.94794" lon="4.41352">
    <name>Verbrande Brug</name>
    <desc>De Verbrande Brug dankt zijn benaming aan het feit dat kort na de bouw van de brug de Spanjaarden die in Vilvoorde gelegerd waren in 1577 de brug in brand staken om te verhinderen dat de Geuzen hen langs die weg konden aanvallen.&lt;br/&gt;&lt;br/&gt;Auteur: &lt;a href="https://www.routeyou.com/user/view/8046.nl"&gt;woelfie&lt;/a&gt;&lt;br/&gt;&lt;a href="https://www.routeyou.com/location/view/47028550.nl?toptext=439535"&gt;Meer informatie&lt;/a&gt;</desc>
    <type>Brug</type>
  </wpt>
  <wpt lat="50.93339" lon="4.37083">
    <name>Sint-Servaasbasiliek</name>
    <desc>&lt;p&gt;Sint-Servaas refereert aan de parochiekerk en de Sint-Petrus en Paulus aan de abdijkerk.&lt;br/&gt;
Kerk gebouwd in witte zandsteen in 1660-80. Dat was de glorietijd van de abdij (ontstaan omstreeks 1125). De toren met 48 klokken geeft een bekoorlijk zicht op de omgeving.&lt;br/&gt;
Opvallend groot koor in verhouding tot de rest van de kerk. Het schip bleef onvoltooid hetgeen is te zien aan de tijdelijke gevel.&lt;br/&gt;
Binnen vallen de sculpturaal bewerkte wanden op. In combinatie met vier prachtige biechtstoelen, de preekstoel, koorgestoelte, altaar en graftombe van de graaf van Grimbergen, geeft dit een van de mooiste barokensembles van het land.&lt;br/&gt;
In het koor kan men vier schilderijen over Sint-Norbertus door Jan van Orley bewonderen. Ook elders talrijke werken van De Craeyer, van Orley, van Loon.&lt;br/&gt;
Met de steun van de provincie Vlaams-Brabant&lt;/p&gt;&lt;br/&gt;&lt;br/&gt;Auteur: &lt;a href="https://www.routeyou.com/user/view/122267.nl"&gt;Wizpr.guide&lt;/a&gt;&lt;br/&gt;&lt;a href="https://www.routeyou.com/location/view/47028544.nl?toptext=993373"&gt;Meer informatie&lt;/a&gt;</desc>
    <type>Basiliek</type>
  </wpt>
  <wpt lat="50.93333" lon="4.37111">
    <name>Grimbergen</name>
    <desc>Grimbergen is een plaats en gemeente in de provincie Vlaams-Brabant in België. De gemeente, die de benaming "Parel van Brabant" deelt met de Nederlandse dorpen Oisterwijk en Heeze, telt iets meer dan 38.000 inwoners. De gemeente wordt gerekend tot de streek Brabantse Kouters. Sint-Servaas is de patroonheilige van Grimbergen.&lt;br/&gt;&lt;br/&gt;Auteur: &lt;a href="https://www.routeyou.com/user/view/165089.nl"&gt;Wikipedia&lt;/a&gt;&lt;br/&gt;&lt;a href="https://www.routeyou.com/location/view/47310464.nl?toptext=1664739"&gt;Meer informatie&lt;/a&gt;</desc>
    <type>Deelgemeente</type>
  </wpt>
  <wpt lat="50.93778" lon="4.38">
    <name>Tommenmolen</name>
    <desc>De Tommenmolen is een van de vijf watermolens aan de Maalbeek in de Vlaams-Brabantse gemeente Grimbergen.In deze 16e-eeuwse molen zijn tentoonstellingen van het Museum voor de Oudere Technieken ondergebracht.&lt;br/&gt;&lt;br/&gt;Auteur: &lt;a href="https://www.routeyou.com/user/view/165089.nl"&gt;Wikipedia&lt;/a&gt;&lt;br/&gt;&lt;a href="https://www.routeyou.com/location/view/47527680.nl?toptext=1668565"&gt;Meer informatie&lt;/a&gt;</desc>
    <type>Watermolen</type>
  </wpt>
  <wpt lat="50.887" lon="4.53868">
    <name>Café Europe</name>
    <desc>Café Europe&lt;br/&gt;&lt;br/&gt;&lt;a href="https://www.routeyou.com/location/view/48154854.nl?toptext=1725441"&gt;Meer informatie&lt;/a&gt;</desc>
    <type>Cafe</type>
  </wpt>
  <wpt lat="50.89089" lon="4.44159">
    <name>Café Gonda</name>
    <desc>Café Gonda&lt;br/&gt;&lt;br/&gt;&lt;a href="https://www.routeyou.com/location/view/48154855.nl?toptext=1725442"&gt;Meer informatie&lt;/a&gt;</desc>
    <type>Cafe</type>
  </wpt>
  <wpt lat="50.90403" lon="4.55729">
    <name>Café Central</name>
    <desc>Café Central&lt;br/&gt;&lt;br/&gt;&lt;a href="https://www.routeyou.com/location/view/50193918.nl?toptext=1738677"&gt;Meer informatie&lt;/a&gt;</desc>
    <type>Cafe</type>
  </wpt>
  <wpt lat="50.92217" lon="4.55308">
    <name>Classicistische kapel van zandsteen 1734 - O.-L.-Vrouw van Bijstand</name>
    <desc>Volgens de oude Kronijken van de St. Michiels Abdij van Antwerpen, die hier te Nederokkerzeel een afhankelijkheid bezat, namelijk de "Heerlijkheid van List", heerschte op de parochie, rond de jaren zeventienhonderd in de twintig een "quade ziekte", waarschijnlijk de vreeselijke choleraplaag. De geesel maakte zeer vele slachtoffers in de kom van het dorp; het gehucht "Laer" werd gespaard. Door de aloude volksoverlevering vernamen wij dat door de inwoners van het verder afgelegen gehucht Laer, breede en diepe grachten werden gegraven. De inwoners van het dorp mochten die grenslijn niet overschrijden. Hulp werd echter door de niet-aangetaste bevolking verleend en daartoe werden van de overkant (Laer) levensmiddelen, kleedingstukken, enz., met lange staken den besmetten kant toegestoken. O.L.Vrouw van Bijstand werd vurig aanroepen. Met betrouwen smeekten de "Laerenaren" de machtige Hemelmoeder hun van de verschrikkelijke ziekte te sparen. Wat gebeurde. Vandaar de oprichting dezer thans nog bestaande kapel. De kapel werd gebouwd in het jaar 1734 met witte steen uit de streek en heeft gekost de som van 300 gulden".
Twee passende opschriften, chronogrammen genoemd, waarin het jaarcijfer 1734 voorkomt, versieren het gebouwtje. Buiten op het geveltje:

MARIA WILT NEDEROCKERZEEL UWEN BIJSTANT GEVEN

bron: www.kerknet.be&lt;br/&gt;&lt;br/&gt;Auteur: &lt;a href="https://www.routeyou.com/user/view/119131.nl"&gt;Blauwkruikje&lt;/a&gt;&lt;br/&gt;&lt;a href="https://www.routeyou.com/location/view/48171977.nl?toptext=1752541"&gt;Meer informatie&lt;/a&gt;</desc>
    <type>Kapel</type>
  </wpt>
  <wpt lat="50.92276" lon="4.55377">
    <name>Drie kinderen slachtoffer van achtergelaten oorlogsmunitie</name>
    <desc>Begin september 1944 hadden de Duitse troepen in allerijl de gemeente verlaten voor de oprukkende geallieerden. In hun haast werd veel Duits materieel, waaronder ook munitie, onbeheerd achtergelaten. Vooral op de plaatselijke kinderen, oefende de munitie een bijzonder grote aantrekkingskracht uit. De rampzalige gevolgen hiervan lieten niet lang op zich wachten: behalve het dodelijke ongeval te Nederokkerzeel, deden zich, verspreid over Groot-Kampenhout, meerdere munitieongevallen voor waarvan kinderen het slachtoffer werden.

Meer info: http://www.kampenhout.be/heemkring/activiteiten-2014-09-06.php&lt;br/&gt;&lt;br/&gt;Auteur: &lt;a href="https://www.routeyou.com/user/view/119131.nl"&gt;Blauwkruikje&lt;/a&gt;&lt;br/&gt;&lt;a href="https://www.routeyou.com/location/view/48171978.nl?toptext=1752542"&gt;Meer informatie&lt;/a&gt;</desc>
    <type>Oorlog</type>
  </wpt>
  <wpt lat="50.93438" lon="4.37976">
    <name>Bevoorrading Grimbergen</name>
    <desc>Bevoorrading Grimbergen&lt;br/&gt;&lt;br/&gt;&lt;a href="https://www.routeyou.com/location/view/48179172.nl?toptext=1764737"&gt;Meer informatie&lt;/a&gt;</desc>
    <type>Eet en drinkgelegenheid</type>
  </wpt>
  <wpt lat="50.88697" lon="4.53901">
    <name>Café L'Europe</name>
    <desc>Café L'Europe&lt;br/&gt;&lt;br/&gt;&lt;a href="https://www.routeyou.com/location/view/48442725.nl?toptext=2062542"&gt;Meer informatie&lt;/a&gt;</desc>
    <type>Cafe</type>
  </wpt>
  <wpt lat="50.93077" lon="4.54089">
    <name>Sint-Servatius - Berg</name>
    <desc>Met de circa 450 overleden bisschop van Tongeren als patroonheilige kan de Sint-Servatiuskerk van Berg zich beroepen op een verre, mogelijk tot de 8ste eeuw opklimmende origine.

Meer info: http://www.kampenhout.be/heemkring/patrimonium-gebouwen-39858.php&lt;br/&gt;&lt;br/&gt;Auteur: &lt;a href="https://www.routeyou.com/user/view/119131.nl"&gt;Blauwkruikje&lt;/a&gt;&lt;br/&gt;&lt;a href="https://www.routeyou.com/location/view/48531331.nl?toptext=2160124"&gt;Meer informatie&lt;/a&gt;</desc>
    <type>Kerk</type>
  </wpt>
  <wpt lat="50.92716" lon="4.53814">
    <name>Torfbroek</name>
    <desc>Natuurpunt vzw vertegenwoordiger Jan Wouters en Jasper Segers van de Vlaamse Landmaatschappij gidsen ons verder door het natuurgebied.&lt;br/&gt;&lt;br/&gt;Auteur: &lt;a href="https://www.routeyou.com/user/view/119131.nl"&gt;Blauwkruikje&lt;/a&gt;&lt;br/&gt;&lt;a href="https://www.routeyou.com/location/view/49416808.nl?toptext=2160191"&gt;Meer informatie&lt;/a&gt;</desc>
    <type>Natuurgebied</type>
  </wpt>
  <wpt lat="50.96172" lon="4.45578">
    <name>Sint-Clemens</name>
    <desc>&lt;p&gt;Eppegem bleef in het verleden niet van tegenslagen gevrijwaard. In 1592 werden de kerk en heel wat huizen door rovers en ketters in brand gestoken. In 1628 brak de pest uit en bij de zware veldslagen in augustus en september 1914 werden de kerk, het gemeentehuis, de school en 176 huizen zwaar beschadigd, terwijl vele burgers gedood of weggevoerd werden.&lt;/p&gt;

&lt;p&gt;In 1910 verbouwd in neo-gotische stijl door architect Jules Bilmeyer en na de verwoesting door de veldslag in 1914 heropgebouwd olv architect Edouard Bilmeyer. Het oudste gedeelte van de kerk is de romaanse toren (13de eeuw).&lt;/p&gt;

&lt;p&gt;Links van de kerk in de Jagers-te-Voetlaan bevindt zich ook de Oude Pastorie met omliggende tuin, beschermd gebouw en landschap.&lt;/p&gt;

&lt;p&gt;Even verder richting Mechelen bevindt zich links van de Mechelsesteenweg het militaire kerkhof.&lt;br/&gt;
Deze begraafplaats heeft een oppervlakte van 22 are waarop 228 Belgische graven liggen uit de Eerste Wereldoorlog. Van de 228 graven zijn er 46 niet geïdentificeerd. De soldaten die hier liggen zijn omgekomen tijdens de Uitval van Antwerpen van 24 tot 26 augustus 1914.&lt;/p&gt;&lt;br/&gt;&lt;br/&gt;Auteur: &lt;a href="https://www.routeyou.com/user/view/119131.nl"&gt;Blauwkruikje&lt;/a&gt;&lt;br/&gt;&lt;a href="https://www.routeyou.com/location/view/4364558.nl?toptext=2570222"&gt;Meer informatie&lt;/a&gt;</desc>
    <type>Kerk</type>
  </wpt>
  <wpt lat="50.95336" lon="4.44498">
    <name>Groot hoefblad (Petasites hybridus)</name>
    <desc>Op de oever van de Tangebeek de bloemen van het Groot hoefblad (Petasites hybrides) ook wel Pestwortel of Allemansverdriet genoemd.
Een bladverliezende vaste plant, met een brede groeivorm en zeer grote, hartvormige, op een paardehoef lijkende, grijsgroene bladeren, die aan de onderzijde witviltig behaard zijn. De plant bloeit van maart tot april, met roze tot lilaroze bloemen, in aarvormige trossen, nog voor de bladeren verschijnen. Petasites Hybridus houdt van een standplaats in de halfschaduw of schaduw, maar kan, in een voldoende vochtige bodem, ook perfect volle zon aan. De plant is bovendien PH flexibel en groeit het liefst op de scheiding van land en water. Groot hoefblad is goed winterhard, lokt bijen en insecten en heeft weinig last van ziektes of ongedierte.&lt;br/&gt;&lt;br/&gt;Auteur: &lt;a href="https://www.routeyou.com/user/view/119131.nl"&gt;Blauwkruikje&lt;/a&gt;&lt;br/&gt;&lt;a href="https://www.routeyou.com/location/view/48877850.nl?toptext=2570450"&gt;Meer informatie&lt;/a&gt;</desc>
    <type>Vegetatie</type>
  </wpt>
  <wpt lat="50.93307" lon="4.3708">
    <name>Abdij van Grimbergen</name>
    <desc>&lt;p&gt;De Abdij van Grimbergen (Canonia Grimbergensis in het Latijn) is een norbertijnenabdij in de Brabantse circarie. Ze ligt in Grimbergen (provincie Vlaams-Brabant), ongeveer 10 kilometer ten noorden van Brussel. Het is de oudste bewoonde norbertijnenabdij van België.&lt;br/&gt;
Het embleem van de abdij is de feniks, ontleend aan de Griekse mythologie. Net zoals deze vogel herrijst uit zijn as, is de abdij immers na herhaalde verwoestingen (in 1142, 1579 en 1816) heropgebouwd. Dit wordt ook verwoord door de leuze ardet nec consumitur (zij brandt maar wordt niet verteerd). bron: wikipedia&lt;/p&gt;

&lt;p&gt;&lt;br/&gt;
Meerinfo: www.abdijgrimbergen.be&lt;/p&gt;&lt;br/&gt;&lt;br/&gt;Auteur: &lt;a href="https://www.routeyou.com/user/view/119131.nl"&gt;Blauwkruikje&lt;/a&gt;&lt;br/&gt;&lt;a href="https://www.routeyou.com/location/view/47905826.nl?toptext=2578229"&gt;Meer informatie&lt;/a&gt;</desc>
    <type>Abdij</type>
  </wpt>
  <wpt lat="50.91259" lon="4.43521">
    <name>De Sint-Gertrudiskerk</name>
    <desc>Sint-Gertrudis van Nijvel is van oudsher de patroonheilige van&lt;br/&gt;Machelen. De abdij van Nijvel bezat immers uitgebreide rechten&lt;br/&gt;en eigendommen in de parochie. Omstreeks 1450 werd begonnen met de bouw van de huidige kerk, in vervanging van een oudere kerk, In de periode 1488 – 1490 werd Machelen met&lt;br/&gt;inbegrip van de kerk bijna volledig verwoest. Omstreeks 1500 werd met de wederopbouw van de kerk begonnen en op 15 mei 1551 kon ze opnieuw worden ingewijd. In 1584 werden Machelen en de kerk tijdens de godsdiensttroebelen door de Calvinisten afgebrand. Opnieuw werd de kerk heropgebouwd. De inwijding gebeurde in 1604 maar verdere afwerkingen duurden tot in 1647. In 1899 volgde een grondige restauratie.&lt;br/&gt;Aan de tot dan toe nog steeds onvoltooide kerk werd in 1899-1901, in neogotische stijl. In de kerk bevinden zich drie altaren waaronder dat van Sint-Gertrudis uit 1634, een merkwaardige communiebank en barokke biechtstoelen, talrijke waardevolle schilderijen en beelden waaronder een zestiende eeuwse beeld van de Heilige Gertrudis.&lt;br/&gt;&lt;br/&gt;De Sint-Gertrudiskerk gelegen in Dorpsplein Machelen kan worden bezocht vanaf 11.00 uur.&lt;br/&gt;&lt;br/&gt;Auteur: &lt;a href="https://www.routeyou.com/user/view/8223.nl"&gt;Erfgoed Vlaanderen&lt;/a&gt;&lt;br/&gt;&lt;a href="https://www.routeyou.com/location/view/4364540.nl?toptext=4139793"&gt;Meer informatie&lt;/a&gt;</desc>
    <type>Kerk</type>
  </wpt>
  <wpt lat="50.93669" lon="4.37271">
    <name>De Liermolen</name>
    <desc>De Liermolen is een graanwatermolen. Oorspronkelijk was hij eigendom van de familie de Lire. In 1341 werd hij aangekocht door de abdij van Grimbergen die er eigenaar van bleef tot de Fransen hem confisceerden en openbaar verkochten. De molen werd bewoond tot in 1971 en daarna aangekocht door de gemeente. Het huidige molengebouw dateert uit de 17e en 18e eeuw. De molen werd grondig gerestaureerd in 1977. De molenuitrusting die nog grotendeels bewaard was werd toen ook gerestaureerd en aangevuld waardoor de molen terug maalvaardig werd. Het bakhuis werd gerestaureerd in 1987. Beide zijn sindsdien bedrijfsklaar en worden nu gebruikt door het Museum in het teken van graanteelt, graan malen (molenhuis) en brood bakken (bakhuis). De voormalige koeienstal is ingericht als cafetaria. Van de molensite maken thans deel uit: een gedeeltelijk ommuurde mestvaalt, het molenaars- en het molenhuis met aanpalende stal, de schuur en de paarden- en varkensstallen. Het bakhuis staat in het achterliggend weiland.&lt;br/&gt;&lt;br/&gt;&lt;br/&gt;INFO: &lt;br/&gt;&lt;br/&gt;De Liermolen gelegen in Vorststraat 8, Grimbergen kan worden bezocht vanaf 11 uur.&lt;br/&gt;&lt;br/&gt;Auteur: &lt;a href="https://www.routeyou.com/user/view/8223.nl"&gt;Erfgoed Vlaanderen&lt;/a&gt;&lt;br/&gt;&lt;a href="https://www.routeyou.com/location/view/47028546.nl?toptext=4139813"&gt;Meer informatie&lt;/a&gt;</desc>
    <type>Watermolen</type>
  </wpt>
  <wpt lat="50.88115" lon="4.50268">
    <name>Sint-Lambertuskerk</name>
    <desc>De driebeukige Sint-Lambertuskerk, in deels gotische en deels classicistische stijl, kreeg haar uiteindelijke vorm in verscheidene bouwcampagnes. De gehele kerk werd gebouwd in witte zandsteen, typisch voor deze regio. De oudste delen zijn het koor en het oorspronkelijke eenbeukige schip, met gotische kern, en de vierkante vieringtoren in de overgangsstijl van de 13de-14de eeuw, geflankeerd door gotische zijkapellen uit de 14de-16de eeuw. Het schip werd later uitgebreid met een noordelijke zijbeuk in 1615 en een zuidelijke in 1766. De westergevel, in 1615 voorzien van een venster en een ingangsportaal, werd in 1732 – 1733 herbouwd. De zuidelijke sacristie, het diepe koor met halfronde apsis en de traptoren dateren uit 1745. Binnen in de kerk wordt het heldere schip geritmeerd door spitsboogarcaden op zuilen. Opvallend ook is de houten zoldering op moer- en kinderbalken boven de midden- en zijbeuken. Gevels en daken werden in 1904 – 1905 gerestaureerd o.l.v. architekt A. Demey. Ook het interieur werd telkens 
&lt;br/&gt;opgefrist.Sinds 1942 is de Sint-Lambertuskerk een beschermd gebouw. In 1946 werd de kerk samen met het ommuurde oude kerkhof en de omliggende straten als landschap beschermd. Het meubilair omvat o.a. een barok hoofdaltaar uit 1709 – 1711, een dienstaltaar samengesteld uit panelen van een communiebank uit 1737, een arduinen doopvont uit ca. 1647. Het orgel (1797) is afkomstig uit de kerk van Humelgem. Eén der meest waardevolle beelden is een Sint-Lambertus uit de 16de eeuw. Het schilderijenbezit omvat werken uit de 17de-19de eeuw, o.a. “De Kruisafneming” door Jan Van Hoecke uit 1629 en gerestaureerd in 1975. De glasramen uit 1903 – 1904 zijn creaties van H. Hochreiter en F. Geyer uit Antwerpen.
&lt;br/&gt;De klokken behoren voor een groot deel uit het Nieuwe Regime uitgezonderd de klok van 1757 met opschrift: “Mijnen peter is Gilliam Van Bever ende mijn meter Maria Keyaerts - Steph. Roelens met syn twee sonen hebben mij gegoten in het jaar 1757”. In 1869 kwam er de St.- Lambertusklok bij, gegoten door Severinus Van Aerschot. In 1949 werd de nieuwe St.- Lambertusklok ingewijd. De derde of de Mariaklok werd in 1973 door pastoor E. Herroelen ingewijd. Deze kleine klok is het werk van klokkengieter Sergeys uit Leuven.&lt;br/&gt;&lt;br/&gt;Auteur: &lt;a href="https://www.routeyou.com/user/view/1210272.nl"&gt;Gemeente Zaventem&lt;/a&gt;&lt;br/&gt;&lt;a href="https://www.routeyou.com/location/view/52226600.nl?toptext=4301096"&gt;Meer informatie&lt;/a&gt;</desc>
    <type>Kerk</type>
  </wpt>
  <wpt lat="50.88716" lon="4.4909">
    <name>Nationale luchthaven</name>
    <desc>&lt;p&gt;De Nationale Luchthaven van Zaventem of ‘Brussel Nationaal’ vervangt de luchthaven van Melsbroek en werd in 1958 geopend. Het luchthavengebouw behoort tot een reeks grootstedelijke Europese luchthaventerminals, die gelijktijdig werden geconcipieerd gedurende de periode midden jaren ’50 – begin jaren ’60.&lt;br/&gt;
&lt;br/&gt;
Deze luchthavengebouwen van de naoorlogse generatie kenmerkten zich door een allesoverheersende drang naar rationaliteit in het organisatieschema. Beton, staal, aluminium en glas waren de hoofdbestanddelen van deze koele, monolithische constructies.&lt;br/&gt;
&lt;br/&gt;
Voor het ontwerp van het Zaventemse luchthavengebouw werd er een beroep gedaan op de architecten M. Brunfaut, G. Bontinck en J. Moutschen. Het technisch hoogstandje was de ‘transithal’, een ruimte van 100 m lang, 55 m breed en 18 m hoog, overspannen door een gebogen dakstructuur volledig uit aluminium. Deze was samengesteld uit vier secties met in totaal acht ellipsvormige vakwerkspanten. De aan drie zijden transparante hal opende zich naar het tarmac met een zelfdragende, geknikte aluminium glaswand van 1800 m².&lt;br/&gt;
&lt;br/&gt;
Het luchthavengebouw van Zaventem behoort ongetwijfeld tot de meest zwaarwichtige openbare bouwprojecten van zijn tijd in België. Alle toekomstverwachtingen ten spijt raakte het oorspronkelijke gebouw door de jaren ingekapseld in nieuwe uitbreidingen.&lt;br/&gt;
&lt;br/&gt;
Het complex onderging periodieke aanpassingen, moderniseringen en herinrichtingwerken. Veel van de oorspronkelijke aankleding ging daarbij verloren of werd aan het gezicht onttrokken.&lt;br/&gt;
&lt;br/&gt;
Metaal en glas zijn ook typisch voor de “nieuwe” terminal die in 1994 werd ingehuldigd. Niet enkel in de gevel maar ook in het interieur zijn metalen elementen gebruikt zoals de dakstructuur en de panoramische lift van de “Diamant”. Luchthavenuitbater BIAC kent het gebouw overigens ook een rol toe als “cultureel ambassadeur” voor België. Onder de kunstwerken waarmee de terminal is opgesmukt, valt vooral het monumentale bronzen standbeeld van Strebelle op. Van Pier A, die in gebruik genomen is sedert 2002, is de stalen structuur duidelijk zichtbaar vanuit het panoramisch restaurant “Wingtips”. Tijdens zijn wandeling doorheen het luchthavengebouw krijgt de bezoeker terloops nuttige informatie over de werking van de luchthaven.&lt;br/&gt;
&lt;br/&gt;
Wie met zijn vereniging of in schoolverband op bezoek wil komen, kan het hele jaar door een geleid groepsbezoek aanvragen. (E-mail: info@brusselsairport.be/guided tours tot eind augustus 2004 en alle andere dagen BIAC, Luchthaven Brussel, 1930 Zaventem, tel. 0032/2/753 43 02 – fax: 0032/2/753 43 05)&lt;/p&gt;&lt;br/&gt;&lt;br/&gt;Auteur: &lt;a href="https://www.routeyou.com/user/view/44503.nl"&gt;Sportdienst Zaventem&lt;/a&gt;&lt;br/&gt;&lt;a href="https://www.routeyou.com/location/view/50347361.nl?toptext=4631909"&gt;Meer informatie&lt;/a&gt;</desc>
    <type>Luchthaven (Internationaal)</type>
  </wpt>
  <wpt lat="50.93632" lon="4.38359">
    <name>Volksterrenwacht Mira</name>
    <desc>&lt;p&gt;Zicht op het dakterras met telescopen van volkssterrenwacht Mira. &lt;/p&gt;&lt;br/&gt;&lt;br/&gt;Auteur: &lt;a href="https://www.routeyou.com/user/view/2482.nl"&gt;Dromos&lt;/a&gt;&lt;br/&gt;&lt;a href="https://www.routeyou.com/location/view/47028545.nl?toptext=4879102"&gt;Meer informatie&lt;/a&gt;</desc>
    <type>Sterrenwacht</type>
  </wpt>
  <wpt lat="50.87882" lon="4.551">
    <name>Café De Kiek</name>
    <desc>Café De Kiek&lt;br/&gt;&lt;br/&gt;&lt;a href="https://www.routeyou.com/location/view/48154857.nl?toptext=7225891"&gt;Meer informatie&lt;/a&gt;</desc>
    <type>Cafe</type>
  </wpt>
  <wpt lat="50.87902" lon="4.55085">
    <name>Cafe De Kiek</name>
    <desc>Cafe De Kiek&lt;br/&gt;&lt;br/&gt;&lt;a href="https://www.routeyou.com/location/view/50896046.nl?toptext=7227792"&gt;Meer informatie&lt;/a&gt;</desc>
    <type>Cafe</type>
  </wpt>
  <wpt lat="50.94978" lon="4.46421">
    <name>Sint-Antonius-Abt - Houtem (Vilvoorde)</name>
    <desc>&lt;p&gt;Centraal in het gehucht gelegen, classicistisch zaalkerkje. Houtem kreeg door toedoen van de abdij van Ter Kameren al zeer vroeg een eigen kapel, gelegen aan de baan naar Vilvoorde zoals blijkt uit het Kaartboek van de abdij van 1719. In 1775 werd een nieuwe kapel, de huidige kerk, gebouwd tijdens het beheer van abdis Serafina Snoy, wiens wapenschild boven de kooringang bewaard bleef.&lt;/p&gt;&lt;br/&gt;&lt;br/&gt;Auteur: &lt;a href="https://www.routeyou.com/user/view/119131.nl"&gt;Blauwkruikje&lt;/a&gt;&lt;br/&gt;&lt;a href="https://www.routeyou.com/location/view/51110863.nl?toptext=7448197"&gt;Meer informatie&lt;/a&gt;</desc>
    <type>Kerk</type>
  </wpt>
  <wpt lat="51.01053" lon="4.35748">
    <name>Kapelle-op-den-bos</name>
    <desc>&lt;p&gt;&lt;strong&gt;Station Kapelle-op-den-Bos&lt;/strong&gt; is een spoorwegstation langs spoorlijn 53 (Schellebelle-Leuven) in de gemeente Kapelle-op-den-bos. Vanuit dit station heeft men 1 maal per uur een rechtstreekse verbinding met Dendermonde/Gent en Mechelen. Daarnaast beschikt het station over een goede fietsenstalling.&lt;/p&gt;

&lt;p&gt;In de nabijheid ligt ook het fietsknooppunt 27. Indien men interesse heeft kan men de fietsostrade (langs spoorlijn) volgen tot het naburige Londerzeel.&lt;/p&gt;&lt;br/&gt;&lt;br/&gt;Auteur: &lt;a href="https://www.routeyou.com/user/view/694772.nl"&gt;Lars vd&lt;/a&gt;&lt;br/&gt;&lt;a href="https://www.routeyou.com/location/view/47442611.nl?toptext=8169872"&gt;Meer informatie&lt;/a&gt;</desc>
    <type>Treinstation</type>
  </wpt>
  <wpt lat="50.95875" lon="4.45736">
    <name>Eppegem</name>
    <desc>&lt;p&gt;Het station lag op de route van &lt;strong&gt;eerste Belgische stoomtrein&lt;/strong&gt; die Brussel met Mechelen verbond op &lt;strong&gt;5 mei 1835&lt;/strong&gt;. Daarmee is het één van de &lt;strong&gt;oudste treinstations&lt;/strong&gt; op het Europese vasteland en van België.&lt;/p&gt;

&lt;p&gt;Vandaag de dag is de spoorlijn tussen Brussel en Antwerpen één de drukste lijnen van ons land.&lt;/p&gt;

&lt;p&gt;Aan de ingang (kant Rubenslaan) bevindt zich een &lt;strong&gt;ruime&lt;/strong&gt; en &lt;strong&gt;gratis parking&lt;/strong&gt; voor wagens en fietsen. Het &lt;strong&gt;centrum&lt;/strong&gt; van Eppegem bevindt zich &lt;strong&gt;op wandelafstand&lt;/strong&gt; (ongeveer 500 m).&lt;/p&gt;&lt;br/&gt;&lt;br/&gt;Auteur: &lt;a href="https://www.routeyou.com/user/view/694772.nl"&gt;Lars vd&lt;/a&gt;&lt;br/&gt;&lt;a href="https://www.routeyou.com/location/view/51797376.nl?toptext=8179768"&gt;Meer informatie&lt;/a&gt;</desc>
    <type>Treinstation</type>
  </wpt>
  <wpt lat="50.9581" lon="4.49799">
    <name>Hubert Van Innis - Elewijt</name>
    <desc>&lt;p&gt;Boogschutter Hubert van Innis heeft hier zijn monument. Tot vandaag deed geen enkele sportman beter in België qua medailles. De Willem Tell van Brabant won maar liefst 9 medailles.&lt;/p&gt;&lt;br/&gt;&lt;br/&gt;Auteur: &lt;a href="https://www.routeyou.com/user/view/2482.nl"&gt;Dromos&lt;/a&gt;&lt;br/&gt;&lt;a href="https://www.routeyou.com/location/view/51788377.nl?toptext=8248789"&gt;Meer informatie&lt;/a&gt;</desc>
    <type>Monument</type>
  </wpt>
  <wpt lat="50.95167" lon="4.36556">
    <name>Onze-Lieve-Vrouwekerk</name>
    <desc>&lt;p&gt;In de kerk van Beigem hingen vroeger vier waardevolle schilderijen. Topstukken. Ze zijn geschilderd door een 'Vlaamse Primitief', de Meester van Beigem genaamd, maar werden sinds de Eerste Wereldoorlog nooit meer teruggezien. In 1914 brandt de kerk af. Zijn ze&amp;amp;nbsp;in de brand gebleven? En wat is de link met Dijjon &amp;amp; &lt;a href="https://www.routeyou.com/nl-us/location/view/47415995/philadelphia"&gt;Philadelphia&lt;/a&gt;? De Meester van Beigem laat steeds een specifieke handtekening achter op zijn schilderijen. namelijk het wapen van de adellijke opdrachtgever, doorgaans prominenten uit het hof van Karel V. Het is niet uitgesloten dat de werken die zijn teruggevonden in Dijon en Philadelphia oorspronkelijk deel uitmaakten van hetzelfde altaarstuk als de vier verdwenen schilderijen van Beigem. Hun wedervaren tot de twintigste eeuw is onduidelijk: het paneel van Philadelphia werd in 1917 aan het museum geschonken door de Amerikaanse verzamelaar John G. Johnson; dat van Dijon werd in de Tweede Wereldoorlog aangekocht voor &lt;strong&gt;Hermann Göring&lt;/strong&gt; en na de oorlog door de geallieerden geconfisqueerd.&lt;/p&gt;&lt;br/&gt;&lt;br/&gt;Auteur: &lt;a href="https://www.routeyou.com/user/view/2482.nl"&gt;Dromos&lt;/a&gt;&lt;br/&gt;&lt;a href="https://www.routeyou.com/location/view/48109030.nl?toptext=8559711"&gt;Meer informatie&lt;/a&gt;</desc>
    <type>Kerk</type>
  </wpt>
  <trk>
    <name>Nieuwenrode 2025</name>
    <desc>&lt;p&gt;Van Kruisstraat 44, 3078 Everberg, België&lt;br/&gt;
Naar Kruisstraat 35a, 3078 Everberg, België&lt;/p&gt;

&lt;p&gt;Routering Kortste - OSM&lt;/p&gt;</desc>
    <trkseg>
      <trkpt lat="50.87884" lon="4.55127">
        <ele>48</ele>
      </trkpt>
      <trkpt lat="50.8788" lon="4.55086">
        <ele>48</ele>
      </trkpt>
      <trkpt lat="50.87859" lon="4.54962">
        <ele>49</ele>
      </trkpt>
      <trkpt lat="50.87847" lon="4.54906">
        <ele>50</ele>
      </trkpt>
      <trkpt lat="50.87825" lon="4.5483">
        <ele>51</ele>
      </trkpt>
      <trkpt lat="50.87805" lon="4.54777">
        <ele>52</ele>
      </trkpt>
      <trkpt lat="50.87783" lon="4.54728">
        <ele>53</ele>
      </trkpt>
      <trkpt lat="50.87759" lon="4.54667">
        <ele>53</ele>
      </trkpt>
      <trkpt lat="50.87722" lon="4.54561">
        <ele>52</ele>
      </trkpt>
      <trkpt lat="50.87645" lon="4.544">
        <ele>54</ele>
      </trkpt>
      <trkpt lat="50.87644" lon="4.54395">
        <ele>54</ele>
      </trkpt>
      <trkpt lat="50.87637" lon="4.54381">
        <ele>54</ele>
      </trkpt>
      <trkpt lat="50.87635" lon="4.54377">
        <ele>54</ele>
      </trkpt>
      <trkpt lat="50.8763" lon="4.54378">
        <ele>54</ele>
      </trkpt>
      <trkpt lat="50.87622" lon="4.5435">
        <ele>55</ele>
      </trkpt>
      <trkpt lat="50.87604" lon="4.54284">
        <ele>55</ele>
      </trkpt>
      <trkpt lat="50.87596" lon="4.54242">
        <ele>55</ele>
      </trkpt>
      <trkpt lat="50.87593" lon="4.5421">
        <ele>55</ele>
      </trkpt>
      <trkpt lat="50.87594" lon="4.54184">
        <ele>54</ele>
      </trkpt>
      <trkpt lat="50.87598" lon="4.54159">
        <ele>54</ele>
      </trkpt>
      <trkpt lat="50.87605" lon="4.54126">
        <ele>53</ele>
      </trkpt>
      <trkpt lat="50.87622" lon="4.54087">
        <ele>52</ele>
      </trkpt>
      <trkpt lat="50.87637" lon="4.54091">
        <ele>52</ele>
      </trkpt>
      <trkpt lat="50.87644" lon="4.54086">
        <ele>52</ele>
      </trkpt>
      <trkpt lat="50.87749" lon="4.54065">
        <ele>49</ele>
      </trkpt>
      <trkpt lat="50.87804" lon="4.54071">
        <ele>49</ele>
      </trkpt>
      <trkpt lat="50.87902" lon="4.54059">
        <ele>48</ele>
      </trkpt>
      <trkpt lat="50.87914" lon="4.54061">
        <ele>48</ele>
      </trkpt>
      <trkpt lat="50.87918" lon="4.54064">
        <ele>48</ele>
      </trkpt>
      <trkpt lat="50.87983" lon="4.54199">
        <ele>47</ele>
      </trkpt>
      <trkpt lat="50.87999" lon="4.54219">
        <ele>47</ele>
      </trkpt>
      <trkpt lat="50.88088" lon="4.54312">
        <ele>45</ele>
      </trkpt>
      <trkpt lat="50.88131" lon="4.54363">
        <ele>45</ele>
      </trkpt>
      <trkpt lat="50.88145" lon="4.54371">
        <ele>45</ele>
      </trkpt>
      <trkpt lat="50.88204" lon="4.54379">
        <ele>44</ele>
      </trkpt>
      <trkpt lat="50.88212" lon="4.54384">
        <ele>44</ele>
      </trkpt>
      <trkpt lat="50.88219" lon="4.54394">
        <ele>44</ele>
      </trkpt>
      <trkpt lat="50.88235" lon="4.54441">
        <ele>45</ele>
      </trkpt>
      <trkpt lat="50.88248" lon="4.54453">
        <ele>45</ele>
      </trkpt>
      <trkpt lat="50.8826" lon="4.54456">
        <ele>45</ele>
      </trkpt>
      <trkpt lat="50.88344" lon="4.54456">
        <ele>42</ele>
      </trkpt>
      <trkpt lat="50.8835" lon="4.54458">
        <ele>42</ele>
      </trkpt>
      <trkpt lat="50.88397" lon="4.54496">
        <ele>41</ele>
      </trkpt>
      <trkpt lat="50.88432" lon="4.54511">
        <ele>41</ele>
      </trkpt>
      <trkpt lat="50.88494" lon="4.54523">
        <ele>41</ele>
      </trkpt>
      <trkpt lat="50.88538" lon="4.54537">
        <ele>41</ele>
      </trkpt>
      <trkpt lat="50.88558" lon="4.54531">
        <ele>41</ele>
      </trkpt>
      <trkpt lat="50.88598" lon="4.54513">
        <ele>41</ele>
      </trkpt>
      <trkpt lat="50.88837" lon="4.54401">
        <ele>43</ele>
      </trkpt>
      <trkpt lat="50.88839" lon="4.54409">
        <ele>44</ele>
      </trkpt>
      <trkpt lat="50.88883" lon="4.54381">
        <ele>44</ele>
      </trkpt>
      <trkpt lat="50.88963" lon="4.54343">
        <ele>44</ele>
      </trkpt>
      <trkpt lat="50.8922" lon="4.54224">
        <ele>42</ele>
      </trkpt>
      <trkpt lat="50.89247" lon="4.54211">
        <ele>43</ele>
      </trkpt>
      <trkpt lat="50.89253" lon="4.54205">
        <ele>43</ele>
      </trkpt>
      <trkpt lat="50.89258" lon="4.54196">
        <ele>43</ele>
      </trkpt>
      <trkpt lat="50.89261" lon="4.54177">
        <ele>42</ele>
      </trkpt>
      <trkpt lat="50.89254" lon="4.54097">
        <ele>41</ele>
      </trkpt>
      <trkpt lat="50.89246" lon="4.54032">
        <ele>44</ele>
      </trkpt>
      <trkpt lat="50.89251" lon="4.5403">
        <ele>44</ele>
      </trkpt>
      <trkpt lat="50.89241" lon="4.53981">
        <ele>46</ele>
      </trkpt>
      <trkpt lat="50.89238" lon="4.5394">
        <ele>41</ele>
      </trkpt>
      <trkpt lat="50.8924" lon="4.53918">
        <ele>42</ele>
      </trkpt>
      <trkpt lat="50.89243" lon="4.53902">
        <ele>43</ele>
      </trkpt>
      <trkpt lat="50.8925" lon="4.53883">
        <ele>43</ele>
      </trkpt>
      <trkpt lat="50.89259" lon="4.5387">
        <ele>43</ele>
      </trkpt>
      <trkpt lat="50.89275" lon="4.53855">
        <ele>42</ele>
      </trkpt>
      <trkpt lat="50.89283" lon="4.53851">
        <ele>42</ele>
      </trkpt>
      <trkpt lat="50.89299" lon="4.5385">
        <ele>45</ele>
      </trkpt>
      <trkpt lat="50.8933" lon="4.53856">
        <ele>45</ele>
      </trkpt>
      <trkpt lat="50.89339" lon="4.53861">
        <ele>45</ele>
      </trkpt>
      <trkpt lat="50.89342" lon="4.53869">
        <ele>45</ele>
      </trkpt>
      <trkpt lat="50.89356" lon="4.53876">
        <ele>44</ele>
      </trkpt>
      <trkpt lat="50.89363" lon="4.53868">
        <ele>44</ele>
      </trkpt>
      <trkpt lat="50.89379" lon="4.53895">
        <ele>43</ele>
      </trkpt>
      <trkpt lat="50.8959" lon="4.54252">
        <ele>41</ele>
      </trkpt>
      <trkpt lat="50.8963" lon="4.54318">
        <ele>40</ele>
      </trkpt>
      <trkpt lat="50.89666" lon="4.54372">
        <ele>40</ele>
      </trkpt>
      <trkpt lat="50.89751" lon="4.54483">
        <ele>39</ele>
      </trkpt>
      <trkpt lat="50.89775" lon="4.54499">
        <ele>39</ele>
      </trkpt>
      <trkpt lat="50.89793" lon="4.54517">
        <ele>39</ele>
      </trkpt>
      <trkpt lat="50.89882" lon="4.54596">
        <ele>38</ele>
      </trkpt>
      <trkpt lat="50.89919" lon="4.54636">
        <ele>38</ele>
      </trkpt>
      <trkpt lat="50.89941" lon="4.54655">
        <ele>39</ele>
      </trkpt>
      <trkpt lat="50.90037" lon="4.54762">
        <ele>39</ele>
      </trkpt>
      <trkpt lat="50.90064" lon="4.54806">
        <ele>39</ele>
      </trkpt>
      <trkpt lat="50.90076" lon="4.54831">
        <ele>39</ele>
      </trkpt>
      <trkpt lat="50.90169" lon="4.55053">
        <ele>37</ele>
      </trkpt>
      <trkpt lat="50.90228" lon="4.5522">
        <ele>36</ele>
      </trkpt>
      <trkpt lat="50.90278" lon="4.55344">
        <ele>37</ele>
      </trkpt>
      <trkpt lat="50.90287" lon="4.55359">
        <ele>37</ele>
      </trkpt>
      <trkpt lat="50.90338" lon="4.55512">
        <ele>36</ele>
      </trkpt>
      <trkpt lat="50.90368" lon="4.55614">
        <ele>35</ele>
      </trkpt>
      <trkpt lat="50.90404" lon="4.55724">
        <ele>35</ele>
      </trkpt>
      <trkpt lat="50.90437" lon="4.55799">
        <ele>34</ele>
      </trkpt>
      <trkpt lat="50.90442" lon="4.55815">
        <ele>34</ele>
      </trkpt>
      <trkpt lat="50.90466" lon="4.55907">
        <ele>34</ele>
      </trkpt>
      <trkpt lat="50.90515" lon="4.56057">
        <ele>32</ele>
      </trkpt>
      <trkpt lat="50.90543" lon="4.56132">
        <ele>31</ele>
      </trkpt>
      <trkpt lat="50.90551" lon="4.5615">
        <ele>31</ele>
      </trkpt>
      <trkpt lat="50.90651" lon="4.56297">
        <ele>29</ele>
      </trkpt>
      <trkpt lat="50.90793" lon="4.56497">
        <ele>27</ele>
      </trkpt>
      <trkpt lat="50.90796" lon="4.5651">
        <ele>27</ele>
      </trkpt>
      <trkpt lat="50.90795" lon="4.56515">
        <ele>27</ele>
      </trkpt>
      <trkpt lat="50.90839" lon="4.56543">
        <ele>27</ele>
      </trkpt>
      <trkpt lat="50.90864" lon="4.56544">
        <ele>27</ele>
      </trkpt>
      <trkpt lat="50.9088" lon="4.56534">
        <ele>27</ele>
      </trkpt>
      <trkpt lat="50.91071" lon="4.56368">
        <ele>28</ele>
      </trkpt>
      <trkpt lat="50.91099" lon="4.56348">
        <ele>28</ele>
      </trkpt>
      <trkpt lat="50.91121" lon="4.56339">
        <ele>28</ele>
      </trkpt>
      <trkpt lat="50.91151" lon="4.56333">
        <ele>28</ele>
      </trkpt>
      <trkpt lat="50.91172" lon="4.56335">
        <ele>28</ele>
      </trkpt>
      <trkpt lat="50.91543" lon="4.56432">
        <ele>26</ele>
      </trkpt>
      <trkpt lat="50.91575" lon="4.56434">
        <ele>25</ele>
      </trkpt>
      <trkpt lat="50.91608" lon="4.5643">
        <ele>25</ele>
      </trkpt>
      <trkpt lat="50.9164" lon="4.56416">
        <ele>25</ele>
      </trkpt>
      <trkpt lat="50.91661" lon="4.56403">
        <ele>25</ele>
      </trkpt>
      <trkpt lat="50.91756" lon="4.56334">
        <ele>24</ele>
      </trkpt>
      <trkpt lat="50.91786" lon="4.56314">
        <ele>24</ele>
      </trkpt>
      <trkpt lat="50.91811" lon="4.56305">
        <ele>24</ele>
      </trkpt>
      <trkpt lat="50.91837" lon="4.56303">
        <ele>24</ele>
      </trkpt>
      <trkpt lat="50.91858" lon="4.56305">
        <ele>24</ele>
      </trkpt>
      <trkpt lat="50.91869" lon="4.56301">
        <ele>23</ele>
      </trkpt>
      <trkpt lat="50.91934" lon="4.56254">
        <ele>23</ele>
      </trkpt>
      <trkpt lat="50.91987" lon="4.56206">
        <ele>22</ele>
      </trkpt>
      <trkpt lat="50.91992" lon="4.56197">
        <ele>22</ele>
      </trkpt>
      <trkpt lat="50.91996" lon="4.56172">
        <ele>21</ele>
      </trkpt>
      <trkpt lat="50.91999" lon="4.56156">
        <ele>21</ele>
      </trkpt>
      <trkpt lat="50.92006" lon="4.56136">
        <ele>21</ele>
      </trkpt>
      <trkpt lat="50.92034" lon="4.56095">
        <ele>20</ele>
      </trkpt>
      <trkpt lat="50.92043" lon="4.5608">
        <ele>20</ele>
      </trkpt>
      <trkpt lat="50.92052" lon="4.56057">
        <ele>20</ele>
      </trkpt>
      <trkpt lat="50.92043" lon="4.56031">
        <ele>20</ele>
      </trkpt>
      <trkpt lat="50.92022" lon="4.55994">
        <ele>20</ele>
      </trkpt>
      <trkpt lat="50.92" lon="4.55964">
        <ele>20</ele>
      </trkpt>
      <trkpt lat="50.92015" lon="4.55893">
        <ele>21</ele>
      </trkpt>
      <trkpt lat="50.92029" lon="4.55835">
        <ele>21</ele>
      </trkpt>
      <trkpt lat="50.92057" lon="4.55744">
        <ele>22</ele>
      </trkpt>
      <trkpt lat="50.92191" lon="4.55366">
        <ele>24</ele>
      </trkpt>
      <trkpt lat="50.92208" lon="4.55325">
        <ele>24</ele>
      </trkpt>
      <trkpt lat="50.92204" lon="4.55318">
        <ele>24</ele>
      </trkpt>
      <trkpt lat="50.92204" lon="4.5531">
        <ele>24</ele>
      </trkpt>
      <trkpt lat="50.92208" lon="4.55303">
        <ele>23</ele>
      </trkpt>
      <trkpt lat="50.92211" lon="4.55302">
        <ele>23</ele>
      </trkpt>
      <trkpt lat="50.92203" lon="4.55284">
        <ele>24</ele>
      </trkpt>
      <trkpt lat="50.92199" lon="4.55264">
        <ele>24</ele>
      </trkpt>
      <trkpt lat="50.92199" lon="4.55216">
        <ele>23</ele>
      </trkpt>
      <trkpt lat="50.92217" lon="4.55047">
        <ele>23</ele>
      </trkpt>
      <trkpt lat="50.92219" lon="4.55016">
        <ele>23</ele>
      </trkpt>
      <trkpt lat="50.92219" lon="4.54961">
        <ele>22</ele>
      </trkpt>
      <trkpt lat="50.9222" lon="4.549">
        <ele>22</ele>
      </trkpt>
      <trkpt lat="50.92223" lon="4.54867">
        <ele>22</ele>
      </trkpt>
      <trkpt lat="50.92229" lon="4.54836">
        <ele>21</ele>
      </trkpt>
      <trkpt lat="50.92234" lon="4.54809">
        <ele>22</ele>
      </trkpt>
      <trkpt lat="50.92286" lon="4.54816">
        <ele>20</ele>
      </trkpt>
      <trkpt lat="50.92404" lon="4.54807">
        <ele>16</ele>
      </trkpt>
      <trkpt lat="50.92422" lon="4.54814">
        <ele>16</ele>
      </trkpt>
      <trkpt lat="50.92441" lon="4.54831">
        <ele>16</ele>
      </trkpt>
      <trkpt lat="50.92454" lon="4.5485">
        <ele>15</ele>
      </trkpt>
      <trkpt lat="50.92461" lon="4.54867">
        <ele>15</ele>
      </trkpt>
      <trkpt lat="50.92478" lon="4.54915">
        <ele>15</ele>
      </trkpt>
      <trkpt lat="50.92486" lon="4.54932">
        <ele>15</ele>
      </trkpt>
      <trkpt lat="50.9253" lon="4.5499">
        <ele>15</ele>
      </trkpt>
      <trkpt lat="50.92556" lon="4.55004">
        <ele>15</ele>
      </trkpt>
      <trkpt lat="50.92582" lon="4.55009">
        <ele>15</ele>
      </trkpt>
      <trkpt lat="50.92755" lon="4.55031">
        <ele>14</ele>
      </trkpt>
      <trkpt lat="50.92778" lon="4.55027">
        <ele>14</ele>
      </trkpt>
      <trkpt lat="50.92803" lon="4.55017">
        <ele>13</ele>
      </trkpt>
      <trkpt lat="50.92825" lon="4.55">
        <ele>13</ele>
      </trkpt>
      <trkpt lat="50.92848" lon="4.54975">
        <ele>13</ele>
      </trkpt>
      <trkpt lat="50.92934" lon="4.54861">
        <ele>13</ele>
      </trkpt>
      <trkpt lat="50.92972" lon="4.54818">
        <ele>14</ele>
      </trkpt>
      <trkpt lat="50.9298" lon="4.54801">
        <ele>14</ele>
      </trkpt>
      <trkpt lat="50.92985" lon="4.54786">
        <ele>14</ele>
      </trkpt>
      <trkpt lat="50.93035" lon="4.54559">
        <ele>17</ele>
      </trkpt>
      <trkpt lat="50.93037" lon="4.54533">
        <ele>17</ele>
      </trkpt>
      <trkpt lat="50.93036" lon="4.54503">
        <ele>17</ele>
      </trkpt>
      <trkpt lat="50.93031" lon="4.5445">
        <ele>18</ele>
      </trkpt>
      <trkpt lat="50.9303" lon="4.54427">
        <ele>18</ele>
      </trkpt>
      <trkpt lat="50.93033" lon="4.54374">
        <ele>18</ele>
      </trkpt>
      <trkpt lat="50.93038" lon="4.54337">
        <ele>19</ele>
      </trkpt>
      <trkpt lat="50.93053" lon="4.54274">
        <ele>19</ele>
      </trkpt>
      <trkpt lat="50.93077" lon="4.54187">
        <ele>20</ele>
      </trkpt>
      <trkpt lat="50.93083" lon="4.54157">
        <ele>20</ele>
      </trkpt>
      <trkpt lat="50.93087" lon="4.54129">
        <ele>20</ele>
      </trkpt>
      <trkpt lat="50.93099" lon="4.54139">
        <ele>20</ele>
      </trkpt>
      <trkpt lat="50.93136" lon="4.54064">
        <ele>19</ele>
      </trkpt>
      <trkpt lat="50.93171" lon="4.54039">
        <ele>18</ele>
      </trkpt>
      <trkpt lat="50.93187" lon="4.5404">
        <ele>17</ele>
      </trkpt>
      <trkpt lat="50.93231" lon="4.53952">
        <ele>16</ele>
      </trkpt>
      <trkpt lat="50.93251" lon="4.53918">
        <ele>16</ele>
      </trkpt>
      <trkpt lat="50.93276" lon="4.53897">
        <ele>16</ele>
      </trkpt>
      <trkpt lat="50.9328" lon="4.53894">
        <ele>16</ele>
      </trkpt>
      <trkpt lat="50.93286" lon="4.5391">
        <ele>16</ele>
      </trkpt>
      <trkpt lat="50.93457" lon="4.53846">
        <ele>15</ele>
      </trkpt>
      <trkpt lat="50.93491" lon="4.53843">
        <ele>15</ele>
      </trkpt>
      <trkpt lat="50.93524" lon="4.53847">
        <ele>15</ele>
      </trkpt>
      <trkpt lat="50.93583" lon="4.53845">
        <ele>14</ele>
      </trkpt>
      <trkpt lat="50.93625" lon="4.53835">
        <ele>14</ele>
      </trkpt>
      <trkpt lat="50.93777" lon="4.53766">
        <ele>14</ele>
      </trkpt>
      <trkpt lat="50.93841" lon="4.53728">
        <ele>14</ele>
      </trkpt>
      <trkpt lat="50.93915" lon="4.53672">
        <ele>14</ele>
      </trkpt>
      <trkpt lat="50.93973" lon="4.53622">
        <ele>14</ele>
      </trkpt>
      <trkpt lat="50.94018" lon="4.53574">
        <ele>13</ele>
      </trkpt>
      <trkpt lat="50.9417" lon="4.53395">
        <ele>12</ele>
      </trkpt>
      <trkpt lat="50.94208" lon="4.53361">
        <ele>12</ele>
      </trkpt>
      <trkpt lat="50.94211" lon="4.53357">
        <ele>12</ele>
      </trkpt>
      <trkpt lat="50.94213" lon="4.53349">
        <ele>12</ele>
      </trkpt>
      <trkpt lat="50.94211" lon="4.53201">
        <ele>12</ele>
      </trkpt>
      <trkpt lat="50.94209" lon="4.53119">
        <ele>12</ele>
      </trkpt>
      <trkpt lat="50.94211" lon="4.53046">
        <ele>12</ele>
      </trkpt>
      <trkpt lat="50.94218" lon="4.52956">
        <ele>12</ele>
      </trkpt>
      <trkpt lat="50.94225" lon="4.52908">
        <ele>12</ele>
      </trkpt>
      <trkpt lat="50.94242" lon="4.52825">
        <ele>11</ele>
      </trkpt>
      <trkpt lat="50.94248" lon="4.52801">
        <ele>11</ele>
      </trkpt>
      <trkpt lat="50.94269" lon="4.52733">
        <ele>11</ele>
      </trkpt>
      <trkpt lat="50.94333" lon="4.52566">
        <ele>11</ele>
      </trkpt>
      <trkpt lat="50.9434" lon="4.52541">
        <ele>11</ele>
      </trkpt>
      <trkpt lat="50.94347" lon="4.52501">
        <ele>11</ele>
      </trkpt>
      <trkpt lat="50.9435" lon="4.52477">
        <ele>11</ele>
      </trkpt>
      <trkpt lat="50.9435" lon="4.52422">
        <ele>10</ele>
      </trkpt>
      <trkpt lat="50.94333" lon="4.52237">
        <ele>10</ele>
      </trkpt>
      <trkpt lat="50.94333" lon="4.5217">
        <ele>10</ele>
      </trkpt>
      <trkpt lat="50.9434" lon="4.52107">
        <ele>10</ele>
      </trkpt>
      <trkpt lat="50.9437" lon="4.51886">
        <ele>10</ele>
      </trkpt>
      <trkpt lat="50.94388" lon="4.51588">
        <ele>10</ele>
      </trkpt>
      <trkpt lat="50.94386" lon="4.51538">
        <ele>10</ele>
      </trkpt>
      <trkpt lat="50.94382" lon="4.51496">
        <ele>10</ele>
      </trkpt>
      <trkpt lat="50.94294" lon="4.51145">
        <ele>11</ele>
      </trkpt>
      <trkpt lat="50.94288" lon="4.51125">
        <ele>11</ele>
      </trkpt>
      <trkpt lat="50.94213" lon="4.5098">
        <ele>11</ele>
      </trkpt>
      <trkpt lat="50.94089" lon="4.50748">
        <ele>11</ele>
      </trkpt>
      <trkpt lat="50.94079" lon="4.50735">
        <ele>11</ele>
      </trkpt>
      <trkpt lat="50.94063" lon="4.50719">
        <ele>11</ele>
      </trkpt>
      <trkpt lat="50.94077" lon="4.50698">
        <ele>11</ele>
      </trkpt>
      <trkpt lat="50.94159" lon="4.50627">
        <ele>11</ele>
      </trkpt>
      <trkpt lat="50.94343" lon="4.50472">
        <ele>10</ele>
      </trkpt>
      <trkpt lat="50.94476" lon="4.50358">
        <ele>10</ele>
      </trkpt>
      <trkpt lat="50.94511" lon="4.50331">
        <ele>10</ele>
      </trkpt>
      <trkpt lat="50.94538" lon="4.5032">
        <ele>9</ele>
      </trkpt>
      <trkpt lat="50.9455" lon="4.50318">
        <ele>9</ele>
      </trkpt>
      <trkpt lat="50.94652" lon="4.50343">
        <ele>9</ele>
      </trkpt>
      <trkpt lat="50.94689" lon="4.50337">
        <ele>9</ele>
      </trkpt>
      <trkpt lat="50.94711" lon="4.50329">
        <ele>9</ele>
      </trkpt>
      <trkpt lat="50.94792" lon="4.50282">
        <ele>9</ele>
      </trkpt>
      <trkpt lat="50.94805" lon="4.50281">
        <ele>9</ele>
      </trkpt>
      <trkpt lat="50.9507" lon="4.50283">
        <ele>9</ele>
      </trkpt>
      <trkpt lat="50.95118" lon="4.50274">
        <ele>8</ele>
      </trkpt>
      <trkpt lat="50.95133" lon="4.50268">
        <ele>8</ele>
      </trkpt>
      <trkpt lat="50.95149" lon="4.50255">
        <ele>8</ele>
      </trkpt>
      <trkpt lat="50.95256" lon="4.50117">
        <ele>8</ele>
      </trkpt>
      <trkpt lat="50.95271" lon="4.50095">
        <ele>8</ele>
      </trkpt>
      <trkpt lat="50.95307" lon="4.50024">
        <ele>8</ele>
      </trkpt>
      <trkpt lat="50.95319" lon="4.49983">
        <ele>8</ele>
      </trkpt>
      <trkpt lat="50.95373" lon="4.49715">
        <ele>8</ele>
      </trkpt>
      <trkpt lat="50.95384" lon="4.49659">
        <ele>7</ele>
      </trkpt>
      <trkpt lat="50.95395" lon="4.49663">
        <ele>7</ele>
      </trkpt>
      <trkpt lat="50.95398" lon="4.49456">
        <ele>8</ele>
      </trkpt>
      <trkpt lat="50.95395" lon="4.4941">
        <ele>7</ele>
      </trkpt>
      <trkpt lat="50.95369" lon="4.49339">
        <ele>7</ele>
      </trkpt>
      <trkpt lat="50.95338" lon="4.49278">
        <ele>7</ele>
      </trkpt>
      <trkpt lat="50.95313" lon="4.49216">
        <ele>7</ele>
      </trkpt>
      <trkpt lat="50.95302" lon="4.49186">
        <ele>7</ele>
      </trkpt>
      <trkpt lat="50.95295" lon="4.49152">
        <ele>7</ele>
      </trkpt>
      <trkpt lat="50.95283" lon="4.491">
        <ele>8</ele>
      </trkpt>
      <trkpt lat="50.95276" lon="4.49038">
        <ele>8</ele>
      </trkpt>
      <trkpt lat="50.95277" lon="4.48335">
        <ele>11</ele>
      </trkpt>
      <trkpt lat="50.95272" lon="4.48299">
        <ele>11</ele>
      </trkpt>
      <trkpt lat="50.95265" lon="4.4826">
        <ele>10</ele>
      </trkpt>
      <trkpt lat="50.95256" lon="4.48231">
        <ele>10</ele>
      </trkpt>
      <trkpt lat="50.9524" lon="4.48195">
        <ele>9</ele>
      </trkpt>
      <trkpt lat="50.95223" lon="4.48163">
        <ele>8</ele>
      </trkpt>
      <trkpt lat="50.95174" lon="4.48098">
        <ele>7</ele>
      </trkpt>
      <trkpt lat="50.95157" lon="4.48095">
        <ele>7</ele>
      </trkpt>
      <trkpt lat="50.95155" lon="4.48095">
        <ele>7</ele>
      </trkpt>
      <trkpt lat="50.9515" lon="4.48089">
        <ele>7</ele>
      </trkpt>
      <trkpt lat="50.95146" lon="4.48072">
        <ele>7</ele>
      </trkpt>
      <trkpt lat="50.95107" lon="4.479">
        <ele>7</ele>
      </trkpt>
      <trkpt lat="50.95104" lon="4.47869">
        <ele>7</ele>
      </trkpt>
      <trkpt lat="50.95104" lon="4.4782">
        <ele>7</ele>
      </trkpt>
      <trkpt lat="50.95122" lon="4.47725">
        <ele>7</ele>
      </trkpt>
      <trkpt lat="50.95133" lon="4.47656">
        <ele>7</ele>
      </trkpt>
      <trkpt lat="50.95141" lon="4.47568">
        <ele>7</ele>
      </trkpt>
      <trkpt lat="50.95139" lon="4.47516">
        <ele>7</ele>
      </trkpt>
      <trkpt lat="50.95121" lon="4.47272">
        <ele>7</ele>
      </trkpt>
      <trkpt lat="50.95109" lon="4.46974">
        <ele>7</ele>
      </trkpt>
      <trkpt lat="50.95106" lon="4.46874">
        <ele>7</ele>
      </trkpt>
      <trkpt lat="50.95101" lon="4.46768">
        <ele>7</ele>
      </trkpt>
      <trkpt lat="50.9509" lon="4.46686">
        <ele>8</ele>
      </trkpt>
      <trkpt lat="50.95077" lon="4.46632">
        <ele>8</ele>
      </trkpt>
      <trkpt lat="50.95038" lon="4.46496">
        <ele>8</ele>
      </trkpt>
      <trkpt lat="50.95037" lon="4.46463">
        <ele>8</ele>
      </trkpt>
      <trkpt lat="50.95034" lon="4.46445">
        <ele>8</ele>
      </trkpt>
      <trkpt lat="50.95" lon="4.46368">
        <ele>8</ele>
      </trkpt>
      <trkpt lat="50.94961" lon="4.46235">
        <ele>8</ele>
      </trkpt>
      <trkpt lat="50.94937" lon="4.46164">
        <ele>8</ele>
      </trkpt>
      <trkpt lat="50.94923" lon="4.46135">
        <ele>8</ele>
      </trkpt>
      <trkpt lat="50.94913" lon="4.46119">
        <ele>8</ele>
      </trkpt>
      <trkpt lat="50.94881" lon="4.46078">
        <ele>8</ele>
      </trkpt>
      <trkpt lat="50.94879" lon="4.46069">
        <ele>8</ele>
      </trkpt>
      <trkpt lat="50.94874" lon="4.46069">
        <ele>8</ele>
      </trkpt>
      <trkpt lat="50.9487" lon="4.46065">
        <ele>8</ele>
      </trkpt>
      <trkpt lat="50.94868" lon="4.46056">
        <ele>8</ele>
      </trkpt>
      <trkpt lat="50.94872" lon="4.46045">
        <ele>8</ele>
      </trkpt>
      <trkpt lat="50.94877" lon="4.46044">
        <ele>8</ele>
      </trkpt>
      <trkpt lat="50.94882" lon="4.46049">
        <ele>8</ele>
      </trkpt>
      <trkpt lat="50.94884" lon="4.46055">
        <ele>8</ele>
      </trkpt>
      <trkpt lat="50.94988" lon="4.46068">
        <ele>7</ele>
      </trkpt>
      <trkpt lat="50.94995" lon="4.46067">
        <ele>7</ele>
      </trkpt>
      <trkpt lat="50.95004" lon="4.4607">
        <ele>7</ele>
      </trkpt>
      <trkpt lat="50.95016" lon="4.46071">
        <ele>7</ele>
      </trkpt>
      <trkpt lat="50.95044" lon="4.46065">
        <ele>7</ele>
      </trkpt>
      <trkpt lat="50.95136" lon="4.46025">
        <ele>7</ele>
      </trkpt>
      <trkpt lat="50.9516" lon="4.46019">
        <ele>7</ele>
      </trkpt>
      <trkpt lat="50.9519" lon="4.46014">
        <ele>7</ele>
      </trkpt>
      <trkpt lat="50.95234" lon="4.46013">
        <ele>7</ele>
      </trkpt>
      <trkpt lat="50.95522" lon="4.46027">
        <ele>7</ele>
      </trkpt>
      <trkpt lat="50.95562" lon="4.46024">
        <ele>7</ele>
      </trkpt>
      <trkpt lat="50.95582" lon="4.46018">
        <ele>7</ele>
      </trkpt>
      <trkpt lat="50.95712" lon="4.4595">
        <ele>7</ele>
      </trkpt>
      <trkpt lat="50.95834" lon="4.45857">
        <ele>7</ele>
      </trkpt>
      <trkpt lat="50.9585" lon="4.45849">
        <ele>7</ele>
      </trkpt>
      <trkpt lat="50.95873" lon="4.45846">
        <ele>7</ele>
      </trkpt>
      <trkpt lat="50.95884" lon="4.45851">
        <ele>7</ele>
      </trkpt>
      <trkpt lat="50.95946" lon="4.45893">
        <ele>7</ele>
      </trkpt>
      <trkpt lat="50.95962" lon="4.45903">
        <ele>7</ele>
      </trkpt>
      <trkpt lat="50.95967" lon="4.45903">
        <ele>6</ele>
      </trkpt>
      <trkpt lat="50.95974" lon="4.45903">
        <ele>6</ele>
      </trkpt>
      <trkpt lat="50.95968" lon="4.45761">
        <ele>7</ele>
      </trkpt>
      <trkpt lat="50.95962" lon="4.45657">
        <ele>9</ele>
      </trkpt>
      <trkpt lat="50.95973" lon="4.45652">
        <ele>9</ele>
      </trkpt>
      <trkpt lat="50.95973" lon="4.45651">
        <ele>9</ele>
      </trkpt>
      <trkpt lat="50.95981" lon="4.45648">
        <ele>9</ele>
      </trkpt>
      <trkpt lat="50.96033" lon="4.45599">
        <ele>9</ele>
      </trkpt>
      <trkpt lat="50.96091" lon="4.4554">
        <ele>9</ele>
      </trkpt>
      <trkpt lat="50.96136" lon="4.45493">
        <ele>9</ele>
      </trkpt>
      <trkpt lat="50.96148" lon="4.45485">
        <ele>9</ele>
      </trkpt>
      <trkpt lat="50.96148" lon="4.45484">
        <ele>9</ele>
      </trkpt>
      <trkpt lat="50.96156" lon="4.45478">
        <ele>9</ele>
      </trkpt>
      <trkpt lat="50.96174" lon="4.45474">
        <ele>9</ele>
      </trkpt>
      <trkpt lat="50.96192" lon="4.45474">
        <ele>10</ele>
      </trkpt>
      <trkpt lat="50.96196" lon="4.45474">
        <ele>10</ele>
      </trkpt>
      <trkpt lat="50.9627" lon="4.45335">
        <ele>10</ele>
      </trkpt>
      <trkpt lat="50.96298" lon="4.4528">
        <ele>9</ele>
      </trkpt>
      <trkpt lat="50.96398" lon="4.45078">
        <ele>9</ele>
      </trkpt>
      <trkpt lat="50.96466" lon="4.44943">
        <ele>8</ele>
      </trkpt>
      <trkpt lat="50.96469" lon="4.44937">
        <ele>8</ele>
      </trkpt>
      <trkpt lat="50.96447" lon="4.44893">
        <ele>8</ele>
      </trkpt>
      <trkpt lat="50.96434" lon="4.44862">
        <ele>8</ele>
      </trkpt>
      <trkpt lat="50.96428" lon="4.44822">
        <ele>8</ele>
      </trkpt>
      <trkpt lat="50.96425" lon="4.44779">
        <ele>8</ele>
      </trkpt>
      <trkpt lat="50.96421" lon="4.44744">
        <ele>8</ele>
      </trkpt>
      <trkpt lat="50.96418" lon="4.44724">
        <ele>8</ele>
      </trkpt>
      <trkpt lat="50.96412" lon="4.44707">
        <ele>8</ele>
      </trkpt>
      <trkpt lat="50.96403" lon="4.44687">
        <ele>8</ele>
      </trkpt>
      <trkpt lat="50.96392" lon="4.44669">
        <ele>8</ele>
      </trkpt>
      <trkpt lat="50.96356" lon="4.4463">
        <ele>8</ele>
      </trkpt>
      <trkpt lat="50.96347" lon="4.44626">
        <ele>8</ele>
      </trkpt>
      <trkpt lat="50.96337" lon="4.44619">
        <ele>8</ele>
      </trkpt>
      <trkpt lat="50.9625" lon="4.44529">
        <ele>8</ele>
      </trkpt>
      <trkpt lat="50.96244" lon="4.4452">
        <ele>8</ele>
      </trkpt>
      <trkpt lat="50.96238" lon="4.44505">
        <ele>9</ele>
      </trkpt>
      <trkpt lat="50.96234" lon="4.44485">
        <ele>9</ele>
      </trkpt>
      <trkpt lat="50.96231" lon="4.44461">
        <ele>9</ele>
      </trkpt>
      <trkpt lat="50.96216" lon="4.444">
        <ele>9</ele>
      </trkpt>
      <trkpt lat="50.96205" lon="4.4437">
        <ele>9</ele>
      </trkpt>
      <trkpt lat="50.96193" lon="4.44345">
        <ele>8</ele>
      </trkpt>
      <trkpt lat="50.96166" lon="4.44298">
        <ele>9</ele>
      </trkpt>
      <trkpt lat="50.96161" lon="4.44283">
        <ele>9</ele>
      </trkpt>
      <trkpt lat="50.9616" lon="4.44271">
        <ele>9</ele>
      </trkpt>
      <trkpt lat="50.96164" lon="4.44243">
        <ele>9</ele>
      </trkpt>
      <trkpt lat="50.9618" lon="4.4418">
        <ele>9</ele>
      </trkpt>
      <trkpt lat="50.96198" lon="4.44108">
        <ele>9</ele>
      </trkpt>
      <trkpt lat="50.9621" lon="4.44078">
        <ele>9</ele>
      </trkpt>
      <trkpt lat="50.96254" lon="4.44005">
        <ele>9</ele>
      </trkpt>
      <trkpt lat="50.96276" lon="4.43982">
        <ele>9</ele>
      </trkpt>
      <trkpt lat="50.96337" lon="4.43932">
        <ele>9</ele>
      </trkpt>
      <trkpt lat="50.96342" lon="4.43922">
        <ele>9</ele>
      </trkpt>
      <trkpt lat="50.96347" lon="4.43899">
        <ele>9</ele>
      </trkpt>
      <trkpt lat="50.96351" lon="4.43832">
        <ele>9</ele>
      </trkpt>
      <trkpt lat="50.9635" lon="4.43808">
        <ele>9</ele>
      </trkpt>
      <trkpt lat="50.96347" lon="4.43802">
        <ele>9</ele>
      </trkpt>
      <trkpt lat="50.96335" lon="4.4379">
        <ele>9</ele>
      </trkpt>
      <trkpt lat="50.96223" lon="4.43706">
        <ele>8</ele>
      </trkpt>
      <trkpt lat="50.96199" lon="4.43698">
        <ele>8</ele>
      </trkpt>
      <trkpt lat="50.96192" lon="4.43691">
        <ele>8</ele>
      </trkpt>
      <trkpt lat="50.96186" lon="4.4368">
        <ele>8</ele>
      </trkpt>
      <trkpt lat="50.96173" lon="4.43638">
        <ele>9</ele>
      </trkpt>
      <trkpt lat="50.96157" lon="4.43595">
        <ele>9</ele>
      </trkpt>
      <trkpt lat="50.96155" lon="4.43584">
        <ele>9</ele>
      </trkpt>
      <trkpt lat="50.96155" lon="4.43557">
        <ele>9</ele>
      </trkpt>
      <trkpt lat="50.96141" lon="4.43494">
        <ele>9</ele>
      </trkpt>
      <trkpt lat="50.96139" lon="4.43478">
        <ele>9</ele>
      </trkpt>
      <trkpt lat="50.9614" lon="4.43462">
        <ele>9</ele>
      </trkpt>
      <trkpt lat="50.96164" lon="4.43401">
        <ele>10</ele>
      </trkpt>
      <trkpt lat="50.96179" lon="4.43347">
        <ele>9</ele>
      </trkpt>
      <trkpt lat="50.96183" lon="4.43337">
        <ele>9</ele>
      </trkpt>
      <trkpt lat="50.96224" lon="4.43293">
        <ele>10</ele>
      </trkpt>
      <trkpt lat="50.96237" lon="4.4327">
        <ele>10</ele>
      </trkpt>
      <trkpt lat="50.96247" lon="4.43248">
        <ele>10</ele>
      </trkpt>
      <trkpt lat="50.9625" lon="4.43221">
        <ele>10</ele>
      </trkpt>
      <trkpt lat="50.96253" lon="4.43168">
        <ele>11</ele>
      </trkpt>
      <trkpt lat="50.96283" lon="4.431">
        <ele>11</ele>
      </trkpt>
      <trkpt lat="50.963" lon="4.43057">
        <ele>11</ele>
      </trkpt>
      <trkpt lat="50.96311" lon="4.43022">
        <ele>12</ele>
      </trkpt>
      <trkpt lat="50.96331" lon="4.42936">
        <ele>11</ele>
      </trkpt>
      <trkpt lat="50.96331" lon="4.42919">
        <ele>11</ele>
      </trkpt>
      <trkpt lat="50.96323" lon="4.42889">
        <ele>11</ele>
      </trkpt>
      <trkpt lat="50.96317" lon="4.42869">
        <ele>11</ele>
      </trkpt>
      <trkpt lat="50.96249" lon="4.42823">
        <ele>11</ele>
      </trkpt>
      <trkpt lat="50.9618" lon="4.4278">
        <ele>10</ele>
      </trkpt>
      <trkpt lat="50.96164" lon="4.42761">
        <ele>10</ele>
      </trkpt>
      <trkpt lat="50.96112" lon="4.4267">
        <ele>10</ele>
      </trkpt>
      <trkpt lat="50.96085" lon="4.42627">
        <ele>11</ele>
      </trkpt>
      <trkpt lat="50.96046" lon="4.42558">
        <ele>11</ele>
      </trkpt>
      <trkpt lat="50.95985" lon="4.42455">
        <ele>11</ele>
      </trkpt>
      <trkpt lat="50.95977" lon="4.42431">
        <ele>11</ele>
      </trkpt>
      <trkpt lat="50.95932" lon="4.42251">
        <ele>11</ele>
      </trkpt>
      <trkpt lat="50.95908" lon="4.422">
        <ele>12</ele>
      </trkpt>
      <trkpt lat="50.95889" lon="4.42166">
        <ele>12</ele>
      </trkpt>
      <trkpt lat="50.95865" lon="4.42134">
        <ele>12</ele>
      </trkpt>
      <trkpt lat="50.95825" lon="4.42112">
        <ele>13</ele>
      </trkpt>
      <trkpt lat="50.95806" lon="4.42105">
        <ele>13</ele>
      </trkpt>
      <trkpt lat="50.95733" lon="4.42099">
        <ele>13</ele>
      </trkpt>
      <trkpt lat="50.95667" lon="4.42113">
        <ele>13</ele>
      </trkpt>
      <trkpt lat="50.95598" lon="4.42101">
        <ele>12</ele>
      </trkpt>
      <trkpt lat="50.9554" lon="4.42082">
        <ele>12</ele>
      </trkpt>
      <trkpt lat="50.95455" lon="4.42059">
        <ele>11</ele>
      </trkpt>
      <trkpt lat="50.95425" lon="4.42053">
        <ele>10</ele>
      </trkpt>
      <trkpt lat="50.95406" lon="4.42054">
        <ele>10</ele>
      </trkpt>
      <trkpt lat="50.95385" lon="4.42054">
        <ele>10</ele>
      </trkpt>
      <trkpt lat="50.95373" lon="4.42051">
        <ele>10</ele>
      </trkpt>
      <trkpt lat="50.9532" lon="4.42005">
        <ele>10</ele>
      </trkpt>
      <trkpt lat="50.95311" lon="4.41999">
        <ele>10</ele>
      </trkpt>
      <trkpt lat="50.95305" lon="4.41992">
        <ele>10</ele>
      </trkpt>
      <trkpt lat="50.95293" lon="4.42005">
        <ele>10</ele>
      </trkpt>
      <trkpt lat="50.95213" lon="4.42066">
        <ele>9</ele>
      </trkpt>
      <trkpt lat="50.95204" lon="4.42066">
        <ele>10</ele>
      </trkpt>
      <trkpt lat="50.95191" lon="4.42056">
        <ele>10</ele>
      </trkpt>
      <trkpt lat="50.95125" lon="4.41981">
        <ele>9</ele>
      </trkpt>
      <trkpt lat="50.95106" lon="4.41978">
        <ele>9</ele>
      </trkpt>
      <trkpt lat="50.95091" lon="4.41978">
        <ele>9</ele>
      </trkpt>
      <trkpt lat="50.95084" lon="4.41984">
        <ele>9</ele>
      </trkpt>
      <trkpt lat="50.95078" lon="4.41998">
        <ele>9</ele>
      </trkpt>
      <trkpt lat="50.95064" lon="4.41972">
        <ele>9</ele>
      </trkpt>
      <trkpt lat="50.95045" lon="4.4195">
        <ele>9</ele>
      </trkpt>
      <trkpt lat="50.94998" lon="4.41896">
        <ele>10</ele>
      </trkpt>
      <trkpt lat="50.9498" lon="4.41864">
        <ele>10</ele>
      </trkpt>
      <trkpt lat="50.9497" lon="4.41835">
        <ele>9</ele>
      </trkpt>
      <trkpt lat="50.94966" lon="4.4181">
        <ele>10</ele>
      </trkpt>
      <trkpt lat="50.94962" lon="4.41757">
        <ele>10</ele>
      </trkpt>
      <trkpt lat="50.9495" lon="4.41725">
        <ele>11</ele>
      </trkpt>
      <trkpt lat="50.94925" lon="4.41676">
        <ele>11</ele>
      </trkpt>
      <trkpt lat="50.94879" lon="4.41585">
        <ele>11</ele>
      </trkpt>
      <trkpt lat="50.94807" lon="4.41448">
        <ele>11</ele>
      </trkpt>
      <trkpt lat="50.94805" lon="4.41433">
        <ele>11</ele>
      </trkpt>
      <trkpt lat="50.94803" lon="4.41396">
        <ele>12</ele>
      </trkpt>
      <trkpt lat="50.94779" lon="4.41309">
        <ele>12</ele>
      </trkpt>
      <trkpt lat="50.94776" lon="4.41285">
        <ele>12</ele>
      </trkpt>
      <trkpt lat="50.94771" lon="4.41267">
        <ele>12</ele>
      </trkpt>
      <trkpt lat="50.94804" lon="4.41244">
        <ele>12</ele>
      </trkpt>
      <trkpt lat="50.94821" lon="4.41244">
        <ele>12</ele>
      </trkpt>
      <trkpt lat="50.94874" lon="4.41202">
        <ele>12</ele>
      </trkpt>
      <trkpt lat="50.94874" lon="4.41197">
        <ele>12</ele>
      </trkpt>
      <trkpt lat="50.94892" lon="4.4119">
        <ele>12</ele>
      </trkpt>
      <trkpt lat="50.94914" lon="4.41172">
        <ele>13</ele>
      </trkpt>
      <trkpt lat="50.94966" lon="4.41131">
        <ele>13</ele>
      </trkpt>
      <trkpt lat="50.94972" lon="4.41136">
        <ele>13</ele>
      </trkpt>
      <trkpt lat="50.95071" lon="4.41057">
        <ele>13</ele>
      </trkpt>
      <trkpt lat="50.95076" lon="4.41044">
        <ele>13</ele>
      </trkpt>
      <trkpt lat="50.95077" lon="4.41024">
        <ele>12</ele>
      </trkpt>
      <trkpt lat="50.95077" lon="4.40987">
        <ele>12</ele>
      </trkpt>
      <trkpt lat="50.95067" lon="4.40932">
        <ele>12</ele>
      </trkpt>
      <trkpt lat="50.95068" lon="4.40917">
        <ele>13</ele>
      </trkpt>
      <trkpt lat="50.9507" lon="4.40906">
        <ele>12</ele>
      </trkpt>
      <trkpt lat="50.95077" lon="4.40894">
        <ele>12</ele>
      </trkpt>
      <trkpt lat="50.95132" lon="4.4083">
        <ele>14</ele>
      </trkpt>
      <trkpt lat="50.95183" lon="4.4077">
        <ele>14</ele>
      </trkpt>
      <trkpt lat="50.95224" lon="4.40706">
        <ele>14</ele>
      </trkpt>
      <trkpt lat="50.95247" lon="4.4068">
        <ele>14</ele>
      </trkpt>
      <trkpt lat="50.9532" lon="4.40631">
        <ele>13</ele>
      </trkpt>
      <trkpt lat="50.95336" lon="4.40605">
        <ele>13</ele>
      </trkpt>
      <trkpt lat="50.95338" lon="4.40592">
        <ele>13</ele>
      </trkpt>
      <trkpt lat="50.95336" lon="4.4058">
        <ele>13</ele>
      </trkpt>
      <trkpt lat="50.95331" lon="4.40554">
        <ele>13</ele>
      </trkpt>
      <trkpt lat="50.95332" lon="4.40539">
        <ele>13</ele>
      </trkpt>
      <trkpt lat="50.95335" lon="4.40529">
        <ele>13</ele>
      </trkpt>
      <trkpt lat="50.95367" lon="4.40484">
        <ele>14</ele>
      </trkpt>
      <trkpt lat="50.9542" lon="4.40396">
        <ele>15</ele>
      </trkpt>
      <trkpt lat="50.95428" lon="4.40375">
        <ele>15</ele>
      </trkpt>
      <trkpt lat="50.9543" lon="4.40355">
        <ele>15</ele>
      </trkpt>
      <trkpt lat="50.95429" lon="4.40337">
        <ele>15</ele>
      </trkpt>
      <trkpt lat="50.95413" lon="4.40259">
        <ele>15</ele>
      </trkpt>
      <trkpt lat="50.95436" lon="4.40065">
        <ele>15</ele>
      </trkpt>
      <trkpt lat="50.95444" lon="4.39994">
        <ele>14</ele>
      </trkpt>
      <trkpt lat="50.95452" lon="4.39807">
        <ele>15</ele>
      </trkpt>
      <trkpt lat="50.95452" lon="4.39774">
        <ele>15</ele>
      </trkpt>
      <trkpt lat="50.95446" lon="4.397">
        <ele>15</ele>
      </trkpt>
      <trkpt lat="50.95443" lon="4.3957">
        <ele>15</ele>
      </trkpt>
      <trkpt lat="50.95433" lon="4.39427">
        <ele>15</ele>
      </trkpt>
      <trkpt lat="50.95426" lon="4.39396">
        <ele>15</ele>
      </trkpt>
      <trkpt lat="50.95419" lon="4.39399">
        <ele>15</ele>
      </trkpt>
      <trkpt lat="50.95413" lon="4.39398">
        <ele>15</ele>
      </trkpt>
      <trkpt lat="50.95408" lon="4.39392">
        <ele>16</ele>
      </trkpt>
      <trkpt lat="50.95406" lon="4.3938">
        <ele>16</ele>
      </trkpt>
      <trkpt lat="50.95408" lon="4.3937">
        <ele>16</ele>
      </trkpt>
      <trkpt lat="50.95414" lon="4.39362">
        <ele>16</ele>
      </trkpt>
      <trkpt lat="50.95418" lon="4.39361">
        <ele>16</ele>
      </trkpt>
      <trkpt lat="50.95424" lon="4.39363">
        <ele>16</ele>
      </trkpt>
      <trkpt lat="50.9543" lon="4.39375">
        <ele>16</ele>
      </trkpt>
      <trkpt lat="50.95527" lon="4.39324">
        <ele>16</ele>
      </trkpt>
      <trkpt lat="50.95657" lon="4.39246">
        <ele>15</ele>
      </trkpt>
      <trkpt lat="50.95706" lon="4.3923">
        <ele>15</ele>
      </trkpt>
      <trkpt lat="50.95742" lon="4.39223">
        <ele>15</ele>
      </trkpt>
      <trkpt lat="50.9577" lon="4.39226">
        <ele>15</ele>
      </trkpt>
      <trkpt lat="50.95801" lon="4.39237">
        <ele>14</ele>
      </trkpt>
      <trkpt lat="50.95858" lon="4.39265">
        <ele>14</ele>
      </trkpt>
      <trkpt lat="50.95874" lon="4.39282">
        <ele>14</ele>
      </trkpt>
      <trkpt lat="50.95896" lon="4.39317">
        <ele>14</ele>
      </trkpt>
      <trkpt lat="50.95918" lon="4.39364">
        <ele>14</ele>
      </trkpt>
      <trkpt lat="50.9595" lon="4.39437">
        <ele>14</ele>
      </trkpt>
      <trkpt lat="50.95964" lon="4.3946">
        <ele>14</ele>
      </trkpt>
      <trkpt lat="50.9597" lon="4.39467">
        <ele>14</ele>
      </trkpt>
      <trkpt lat="50.95984" lon="4.39476">
        <ele>14</ele>
      </trkpt>
      <trkpt lat="50.96003" lon="4.39481">
        <ele>14</ele>
      </trkpt>
      <trkpt lat="50.96021" lon="4.39477">
        <ele>14</ele>
      </trkpt>
      <trkpt lat="50.96188" lon="4.39387">
        <ele>14</ele>
      </trkpt>
      <trkpt lat="50.96234" lon="4.39373">
        <ele>14</ele>
      </trkpt>
      <trkpt lat="50.963" lon="4.39356">
        <ele>14</ele>
      </trkpt>
      <trkpt lat="50.96479" lon="4.39311">
        <ele>13</ele>
      </trkpt>
      <trkpt lat="50.96493" lon="4.39303">
        <ele>13</ele>
      </trkpt>
      <trkpt lat="50.96509" lon="4.39297">
        <ele>13</ele>
      </trkpt>
      <trkpt lat="50.9655" lon="4.39285">
        <ele>13</ele>
      </trkpt>
      <trkpt lat="50.96569" lon="4.39285">
        <ele>13</ele>
      </trkpt>
      <trkpt lat="50.96743" lon="4.39239">
        <ele>12</ele>
      </trkpt>
      <trkpt lat="50.9676" lon="4.39238">
        <ele>12</ele>
      </trkpt>
      <trkpt lat="50.96774" lon="4.39242">
        <ele>12</ele>
      </trkpt>
      <trkpt lat="50.96832" lon="4.39269">
        <ele>11</ele>
      </trkpt>
      <trkpt lat="50.96861" lon="4.39279">
        <ele>11</ele>
      </trkpt>
      <trkpt lat="50.96935" lon="4.3929">
        <ele>11</ele>
      </trkpt>
      <trkpt lat="50.96954" lon="4.39289">
        <ele>11</ele>
      </trkpt>
      <trkpt lat="50.9698" lon="4.39278">
        <ele>11</ele>
      </trkpt>
      <trkpt lat="50.97302" lon="4.39018">
        <ele>11</ele>
      </trkpt>
      <trkpt lat="50.97318" lon="4.39008">
        <ele>11</ele>
      </trkpt>
      <trkpt lat="50.97332" lon="4.39002">
        <ele>11</ele>
      </trkpt>
      <trkpt lat="50.97342" lon="4.38993">
        <ele>11</ele>
      </trkpt>
      <trkpt lat="50.97362" lon="4.38966">
        <ele>11</ele>
      </trkpt>
      <trkpt lat="50.97476" lon="4.38782">
        <ele>11</ele>
      </trkpt>
      <trkpt lat="50.97483" lon="4.38771">
        <ele>11</ele>
      </trkpt>
      <trkpt lat="50.97488" lon="4.38757">
        <ele>11</ele>
      </trkpt>
      <trkpt lat="50.97486" lon="4.3875">
        <ele>11</ele>
      </trkpt>
      <trkpt lat="50.97486" lon="4.3874">
        <ele>11</ele>
      </trkpt>
      <trkpt lat="50.97405" lon="4.38646">
        <ele>12</ele>
      </trkpt>
      <trkpt lat="50.97373" lon="4.38616">
        <ele>12</ele>
      </trkpt>
      <trkpt lat="50.97269" lon="4.38552">
        <ele>13</ele>
      </trkpt>
      <trkpt lat="50.9717" lon="4.38498">
        <ele>14</ele>
      </trkpt>
      <trkpt lat="50.97144" lon="4.3848">
        <ele>14</ele>
      </trkpt>
      <trkpt lat="50.97118" lon="4.38455">
        <ele>14</ele>
      </trkpt>
      <trkpt lat="50.97078" lon="4.38411">
        <ele>14</ele>
      </trkpt>
      <trkpt lat="50.97014" lon="4.3832">
        <ele>15</ele>
      </trkpt>
      <trkpt lat="50.97003" lon="4.38307">
        <ele>15</ele>
      </trkpt>
      <trkpt lat="50.96972" lon="4.38278">
        <ele>15</ele>
      </trkpt>
      <trkpt lat="50.9695" lon="4.38258">
        <ele>15</ele>
      </trkpt>
      <trkpt lat="50.96927" lon="4.38243">
        <ele>15</ele>
      </trkpt>
      <trkpt lat="50.96912" lon="4.38224">
        <ele>15</ele>
      </trkpt>
      <trkpt lat="50.96891" lon="4.38205">
        <ele>15</ele>
      </trkpt>
      <trkpt lat="50.9688" lon="4.38192">
        <ele>16</ele>
      </trkpt>
      <trkpt lat="50.96841" lon="4.38135">
        <ele>16</ele>
      </trkpt>
      <trkpt lat="50.96811" lon="4.38077">
        <ele>16</ele>
      </trkpt>
      <trkpt lat="50.96782" lon="4.38002">
        <ele>16</ele>
      </trkpt>
      <trkpt lat="50.96773" lon="4.37989">
        <ele>15</ele>
      </trkpt>
      <trkpt lat="50.96753" lon="4.37939">
        <ele>16</ele>
      </trkpt>
      <trkpt lat="50.96739" lon="4.37899">
        <ele>15</ele>
      </trkpt>
      <trkpt lat="50.96669" lon="4.37723">
        <ele>15</ele>
      </trkpt>
      <trkpt lat="50.96657" lon="4.37706">
        <ele>15</ele>
      </trkpt>
      <trkpt lat="50.96645" lon="4.37694">
        <ele>15</ele>
      </trkpt>
      <trkpt lat="50.96636" lon="4.37693">
        <ele>15</ele>
      </trkpt>
      <trkpt lat="50.96578" lon="4.37672">
        <ele>16</ele>
      </trkpt>
      <trkpt lat="50.96569" lon="4.37658">
        <ele>16</ele>
      </trkpt>
      <trkpt lat="50.96523" lon="4.37533">
        <ele>17</ele>
      </trkpt>
      <trkpt lat="50.96408" lon="4.37233">
        <ele>19</ele>
      </trkpt>
      <trkpt lat="50.96393" lon="4.37198">
        <ele>19</ele>
      </trkpt>
      <trkpt lat="50.96331" lon="4.37087">
        <ele>20</ele>
      </trkpt>
      <trkpt lat="50.96348" lon="4.37078">
        <ele>20</ele>
      </trkpt>
      <trkpt lat="50.96348" lon="4.37079">
        <ele>20</ele>
      </trkpt>
      <trkpt lat="50.96405" lon="4.37054">
        <ele>19</ele>
      </trkpt>
      <trkpt lat="50.96439" lon="4.3703">
        <ele>19</ele>
      </trkpt>
      <trkpt lat="50.96538" lon="4.36944">
        <ele>18</ele>
      </trkpt>
      <trkpt lat="50.96573" lon="4.36916">
        <ele>18</ele>
      </trkpt>
      <trkpt lat="50.9666" lon="4.36864">
        <ele>20</ele>
      </trkpt>
      <trkpt lat="50.96694" lon="4.36858">
        <ele>21</ele>
      </trkpt>
      <trkpt lat="50.96734" lon="4.36862">
        <ele>21</ele>
      </trkpt>
      <trkpt lat="50.96751" lon="4.36857">
        <ele>21</ele>
      </trkpt>
      <trkpt lat="50.96885" lon="4.36789">
        <ele>19</ele>
      </trkpt>
      <trkpt lat="50.96901" lon="4.36784">
        <ele>19</ele>
      </trkpt>
      <trkpt lat="50.96953" lon="4.36778">
        <ele>18</ele>
      </trkpt>
      <trkpt lat="50.96987" lon="4.36768">
        <ele>18</ele>
      </trkpt>
      <trkpt lat="50.97009" lon="4.36757">
        <ele>17</ele>
      </trkpt>
      <trkpt lat="50.97033" lon="4.36741">
        <ele>17</ele>
      </trkpt>
      <trkpt lat="50.97164" lon="4.36632">
        <ele>15</ele>
      </trkpt>
      <trkpt lat="50.97179" lon="4.36617">
        <ele>15</ele>
      </trkpt>
      <trkpt lat="50.97195" lon="4.3659">
        <ele>15</ele>
      </trkpt>
      <trkpt lat="50.97203" lon="4.36579">
        <ele>14</ele>
      </trkpt>
      <trkpt lat="50.97215" lon="4.3657">
        <ele>14</ele>
      </trkpt>
      <trkpt lat="50.97226" lon="4.36565">
        <ele>14</ele>
      </trkpt>
      <trkpt lat="50.97272" lon="4.36556">
        <ele>14</ele>
      </trkpt>
      <trkpt lat="50.97315" lon="4.36548">
        <ele>14</ele>
      </trkpt>
      <trkpt lat="50.97317" lon="4.36537">
        <ele>14</ele>
      </trkpt>
      <trkpt lat="50.97323" lon="4.36533">
        <ele>14</ele>
      </trkpt>
      <trkpt lat="50.97327" lon="4.36535">
        <ele>14</ele>
      </trkpt>
      <trkpt lat="50.9733" lon="4.36543">
        <ele>14</ele>
      </trkpt>
      <trkpt lat="50.97659" lon="4.36477">
        <ele>12</ele>
      </trkpt>
      <trkpt lat="50.97679" lon="4.36479">
        <ele>12</ele>
      </trkpt>
      <trkpt lat="50.98105" lon="4.36582">
        <ele>9</ele>
      </trkpt>
      <trkpt lat="50.9829" lon="4.36569">
        <ele>10</ele>
      </trkpt>
      <trkpt lat="50.98309" lon="4.36559">
        <ele>10</ele>
      </trkpt>
      <trkpt lat="50.98381" lon="4.36495">
        <ele>10</ele>
      </trkpt>
      <trkpt lat="50.9841" lon="4.36473">
        <ele>10</ele>
      </trkpt>
      <trkpt lat="50.98462" lon="4.3645">
        <ele>10</ele>
      </trkpt>
      <trkpt lat="50.98486" lon="4.36441">
        <ele>11</ele>
      </trkpt>
      <trkpt lat="50.98491" lon="4.36443">
        <ele>11</ele>
      </trkpt>
      <trkpt lat="50.98499" lon="4.3645">
        <ele>11</ele>
      </trkpt>
      <trkpt lat="50.98567" lon="4.36573">
        <ele>10</ele>
      </trkpt>
      <trkpt lat="50.98578" lon="4.36593">
        <ele>10</ele>
      </trkpt>
      <trkpt lat="50.9861" lon="4.36582">
        <ele>10</ele>
      </trkpt>
      <trkpt lat="50.98706" lon="4.36502">
        <ele>11</ele>
      </trkpt>
      <trkpt lat="50.98731" lon="4.36491">
        <ele>11</ele>
      </trkpt>
      <trkpt lat="50.9876" lon="4.36487">
        <ele>11</ele>
      </trkpt>
      <trkpt lat="50.98789" lon="4.36493">
        <ele>11</ele>
      </trkpt>
      <trkpt lat="50.98816" lon="4.36506">
        <ele>11</ele>
      </trkpt>
      <trkpt lat="50.98851" lon="4.36517">
        <ele>11</ele>
      </trkpt>
      <trkpt lat="50.98887" lon="4.36525">
        <ele>11</ele>
      </trkpt>
      <trkpt lat="50.98986" lon="4.3654">
        <ele>10</ele>
      </trkpt>
      <trkpt lat="50.99059" lon="4.36557">
        <ele>11</ele>
      </trkpt>
      <trkpt lat="50.99102" lon="4.36557">
        <ele>11</ele>
      </trkpt>
      <trkpt lat="50.99118" lon="4.36555">
        <ele>11</ele>
      </trkpt>
      <trkpt lat="50.9914" lon="4.36544">
        <ele>11</ele>
      </trkpt>
      <trkpt lat="50.99162" lon="4.36523">
        <ele>11</ele>
      </trkpt>
      <trkpt lat="50.9922" lon="4.36449">
        <ele>10</ele>
      </trkpt>
      <trkpt lat="50.99301" lon="4.36341">
        <ele>10</ele>
      </trkpt>
      <trkpt lat="50.99321" lon="4.36311">
        <ele>9</ele>
      </trkpt>
      <trkpt lat="50.99372" lon="4.36356">
        <ele>9</ele>
      </trkpt>
      <trkpt lat="50.99402" lon="4.36392">
        <ele>10</ele>
      </trkpt>
      <trkpt lat="50.99451" lon="4.3634">
        <ele>9</ele>
      </trkpt>
      <trkpt lat="50.99555" lon="4.36231">
        <ele>9</ele>
      </trkpt>
      <trkpt lat="50.99644" lon="4.36145">
        <ele>9</ele>
      </trkpt>
      <trkpt lat="50.99658" lon="4.36127">
        <ele>9</ele>
      </trkpt>
      <trkpt lat="50.99768" lon="4.35873">
        <ele>8</ele>
      </trkpt>
      <trkpt lat="50.99789" lon="4.35835">
        <ele>8</ele>
      </trkpt>
      <trkpt lat="50.99807" lon="4.3581">
        <ele>8</ele>
      </trkpt>
      <trkpt lat="50.9985" lon="4.35777">
        <ele>8</ele>
      </trkpt>
      <trkpt lat="50.99934" lon="4.35749">
        <ele>8</ele>
      </trkpt>
      <trkpt lat="50.99979" lon="4.35732">
        <ele>8</ele>
      </trkpt>
      <trkpt lat="50.99994" lon="4.35724">
        <ele>8</ele>
      </trkpt>
      <trkpt lat="51.00119" lon="4.35615">
        <ele>8</ele>
      </trkpt>
      <trkpt lat="51.00146" lon="4.356">
        <ele>8</ele>
      </trkpt>
      <trkpt lat="51.00261" lon="4.35595">
        <ele>8</ele>
      </trkpt>
      <trkpt lat="51.00304" lon="4.35581">
        <ele>8</ele>
      </trkpt>
      <trkpt lat="51.00392" lon="4.35531">
        <ele>8</ele>
      </trkpt>
      <trkpt lat="51.00449" lon="4.35523">
        <ele>8</ele>
      </trkpt>
      <trkpt lat="51.00575" lon="4.35506">
        <ele>8</ele>
      </trkpt>
      <trkpt lat="51.00629" lon="4.35491">
        <ele>7</ele>
      </trkpt>
      <trkpt lat="51.00747" lon="4.35484">
        <ele>7</ele>
      </trkpt>
      <trkpt lat="51.00785" lon="4.35483">
        <ele>7</ele>
      </trkpt>
      <trkpt lat="51.0079" lon="4.35454">
        <ele>7</ele>
      </trkpt>
      <trkpt lat="51.00798" lon="4.35428">
        <ele>7</ele>
      </trkpt>
      <trkpt lat="51.00809" lon="4.35397">
        <ele>7</ele>
      </trkpt>
      <trkpt lat="51.00668" lon="4.35224">
        <ele>7</ele>
      </trkpt>
      <trkpt lat="51.00561" lon="4.35103">
        <ele>7</ele>
      </trkpt>
      <trkpt lat="51.00447" lon="4.34942">
        <ele>8</ele>
      </trkpt>
      <trkpt lat="51.00246" lon="4.34674">
        <ele>8</ele>
      </trkpt>
      <trkpt lat="51.00148" lon="4.34534">
        <ele>8</ele>
      </trkpt>
      <trkpt lat="51.00065" lon="4.34428">
        <ele>9</ele>
      </trkpt>
      <trkpt lat="50.99877" lon="4.34186">
        <ele>9</ele>
      </trkpt>
      <trkpt lat="50.99798" lon="4.34103">
        <ele>9</ele>
      </trkpt>
      <trkpt lat="50.99547" lon="4.33866">
        <ele>10</ele>
      </trkpt>
      <trkpt lat="50.99519" lon="4.33896">
        <ele>10</ele>
      </trkpt>
      <trkpt lat="50.99501" lon="4.33911">
        <ele>10</ele>
      </trkpt>
      <trkpt lat="50.99484" lon="4.33922">
        <ele>10</ele>
      </trkpt>
      <trkpt lat="50.9941" lon="4.33955">
        <ele>10</ele>
      </trkpt>
      <trkpt lat="50.99362" lon="4.33988">
        <ele>10</ele>
      </trkpt>
      <trkpt lat="50.99282" lon="4.3405">
        <ele>10</ele>
      </trkpt>
      <trkpt lat="50.99119" lon="4.34162">
        <ele>11</ele>
      </trkpt>
      <trkpt lat="50.99099" lon="4.34178">
        <ele>11</ele>
      </trkpt>
      <trkpt lat="50.99084" lon="4.34195">
        <ele>10</ele>
      </trkpt>
      <trkpt lat="50.98925" lon="4.34342">
        <ele>11</ele>
      </trkpt>
      <trkpt lat="50.98891" lon="4.3437">
        <ele>10</ele>
      </trkpt>
      <trkpt lat="50.98808" lon="4.34433">
        <ele>11</ele>
      </trkpt>
      <trkpt lat="50.98779" lon="4.34452">
        <ele>11</ele>
      </trkpt>
      <trkpt lat="50.98749" lon="4.34463">
        <ele>11</ele>
      </trkpt>
      <trkpt lat="50.98686" lon="4.34476">
        <ele>12</ele>
      </trkpt>
      <trkpt lat="50.98656" lon="4.34485">
        <ele>12</ele>
      </trkpt>
      <trkpt lat="50.98603" lon="4.3451">
        <ele>12</ele>
      </trkpt>
      <trkpt lat="50.98576" lon="4.34528">
        <ele>12</ele>
      </trkpt>
      <trkpt lat="50.98545" lon="4.34553">
        <ele>12</ele>
      </trkpt>
      <trkpt lat="50.98519" lon="4.34578">
        <ele>13</ele>
      </trkpt>
      <trkpt lat="50.98486" lon="4.34614">
        <ele>13</ele>
      </trkpt>
      <trkpt lat="50.98406" lon="4.34729">
        <ele>13</ele>
      </trkpt>
      <trkpt lat="50.98375" lon="4.34648">
        <ele>13</ele>
      </trkpt>
      <trkpt lat="50.98344" lon="4.34547">
        <ele>12</ele>
      </trkpt>
      <trkpt lat="50.98331" lon="4.3447">
        <ele>12</ele>
      </trkpt>
      <trkpt lat="50.98289" lon="4.34162">
        <ele>13</ele>
      </trkpt>
      <trkpt lat="50.98278" lon="4.34103">
        <ele>13</ele>
      </trkpt>
      <trkpt lat="50.98263" lon="4.34055">
        <ele>13</ele>
      </trkpt>
      <trkpt lat="50.98245" lon="4.34016">
        <ele>13</ele>
      </trkpt>
      <trkpt lat="50.98065" lon="4.33709">
        <ele>14</ele>
      </trkpt>
      <trkpt lat="50.98019" lon="4.33637">
        <ele>14</ele>
      </trkpt>
      <trkpt lat="50.97998" lon="4.33612">
        <ele>13</ele>
      </trkpt>
      <trkpt lat="50.97931" lon="4.33545">
        <ele>13</ele>
      </trkpt>
      <trkpt lat="50.97864" lon="4.33453">
        <ele>14</ele>
      </trkpt>
      <trkpt lat="50.9784" lon="4.33425">
        <ele>14</ele>
      </trkpt>
      <trkpt lat="50.97742" lon="4.3334">
        <ele>14</ele>
      </trkpt>
      <trkpt lat="50.97742" lon="4.33339">
        <ele>14</ele>
      </trkpt>
      <trkpt lat="50.97518" lon="4.3315">
        <ele>15</ele>
      </trkpt>
      <trkpt lat="50.97431" lon="4.33083">
        <ele>16</ele>
      </trkpt>
      <trkpt lat="50.97203" lon="4.3294">
        <ele>17</ele>
      </trkpt>
      <trkpt lat="50.97187" lon="4.32925">
        <ele>17</ele>
      </trkpt>
      <trkpt lat="50.97046" lon="4.32731">
        <ele>17</ele>
      </trkpt>
      <trkpt lat="50.9694" lon="4.32544">
        <ele>18</ele>
      </trkpt>
      <trkpt lat="50.96912" lon="4.32504">
        <ele>18</ele>
      </trkpt>
      <trkpt lat="50.96888" lon="4.32478">
        <ele>19</ele>
      </trkpt>
      <trkpt lat="50.96878" lon="4.32471">
        <ele>19</ele>
      </trkpt>
      <trkpt lat="50.96878" lon="4.3247">
        <ele>19</ele>
      </trkpt>
      <trkpt lat="50.96749" lon="4.32372">
        <ele>19</ele>
      </trkpt>
      <trkpt lat="50.96681" lon="4.32324">
        <ele>20</ele>
      </trkpt>
      <trkpt lat="50.96643" lon="4.32304">
        <ele>20</ele>
      </trkpt>
      <trkpt lat="50.96539" lon="4.32262">
        <ele>20</ele>
      </trkpt>
      <trkpt lat="50.96506" lon="4.32241">
        <ele>21</ele>
      </trkpt>
      <trkpt lat="50.96415" lon="4.32127">
        <ele>21</ele>
      </trkpt>
      <trkpt lat="50.96384" lon="4.32114">
        <ele>22</ele>
      </trkpt>
      <trkpt lat="50.96333" lon="4.32113">
        <ele>23</ele>
      </trkpt>
      <trkpt lat="50.9631" lon="4.32109">
        <ele>23</ele>
      </trkpt>
      <trkpt lat="50.96284" lon="4.32099">
        <ele>23</ele>
      </trkpt>
      <trkpt lat="50.96259" lon="4.32085">
        <ele>24</ele>
      </trkpt>
      <trkpt lat="50.95994" lon="4.31919">
        <ele>27</ele>
      </trkpt>
      <trkpt lat="50.95917" lon="4.31838">
        <ele>27</ele>
      </trkpt>
      <trkpt lat="50.95914" lon="4.31843">
        <ele>27</ele>
      </trkpt>
      <trkpt lat="50.95878" lon="4.3182">
        <ele>28</ele>
      </trkpt>
      <trkpt lat="50.95879" lon="4.31812">
        <ele>27</ele>
      </trkpt>
      <trkpt lat="50.95853" lon="4.31798">
        <ele>27</ele>
      </trkpt>
      <trkpt lat="50.95842" lon="4.31824">
        <ele>27</ele>
      </trkpt>
      <trkpt lat="50.95712" lon="4.32121">
        <ele>26</ele>
      </trkpt>
      <trkpt lat="50.95708" lon="4.32147">
        <ele>26</ele>
      </trkpt>
      <trkpt lat="50.95708" lon="4.32165">
        <ele>26</ele>
      </trkpt>
      <trkpt lat="50.95709" lon="4.32178">
        <ele>26</ele>
      </trkpt>
      <trkpt lat="50.95714" lon="4.32197">
        <ele>26</ele>
      </trkpt>
      <trkpt lat="50.95744" lon="4.32287">
        <ele>25</ele>
      </trkpt>
      <trkpt lat="50.95749" lon="4.32312">
        <ele>25</ele>
      </trkpt>
      <trkpt lat="50.95751" lon="4.32337">
        <ele>25</ele>
      </trkpt>
      <trkpt lat="50.95749" lon="4.32362">
        <ele>25</ele>
      </trkpt>
      <trkpt lat="50.95746" lon="4.32376">
        <ele>25</ele>
      </trkpt>
      <trkpt lat="50.95705" lon="4.32486">
        <ele>25</ele>
      </trkpt>
      <trkpt lat="50.95682" lon="4.32545">
        <ele>25</ele>
      </trkpt>
      <trkpt lat="50.95677" lon="4.32556">
        <ele>25</ele>
      </trkpt>
      <trkpt lat="50.95676" lon="4.32566">
        <ele>25</ele>
      </trkpt>
      <trkpt lat="50.95677" lon="4.32595">
        <ele>26</ele>
      </trkpt>
      <trkpt lat="50.95681" lon="4.32608">
        <ele>26</ele>
      </trkpt>
      <trkpt lat="50.95689" lon="4.32623">
        <ele>26</ele>
      </trkpt>
      <trkpt lat="50.95737" lon="4.32679">
        <ele>25</ele>
      </trkpt>
      <trkpt lat="50.95885" lon="4.32907">
        <ele>23</ele>
      </trkpt>
      <trkpt lat="50.95959" lon="4.33013">
        <ele>22</ele>
      </trkpt>
      <trkpt lat="50.96027" lon="4.33117">
        <ele>22</ele>
      </trkpt>
      <trkpt lat="50.96051" lon="4.33162">
        <ele>22</ele>
      </trkpt>
      <trkpt lat="50.96024" lon="4.33214">
        <ele>22</ele>
      </trkpt>
      <trkpt lat="50.95927" lon="4.33419">
        <ele>23</ele>
      </trkpt>
      <trkpt lat="50.95916" lon="4.3345">
        <ele>23</ele>
      </trkpt>
      <trkpt lat="50.95909" lon="4.33489">
        <ele>23</ele>
      </trkpt>
      <trkpt lat="50.95911" lon="4.33526">
        <ele>23</ele>
      </trkpt>
      <trkpt lat="50.95917" lon="4.33555">
        <ele>23</ele>
      </trkpt>
      <trkpt lat="50.95918" lon="4.33563">
        <ele>23</ele>
      </trkpt>
      <trkpt lat="50.96045" lon="4.33853">
        <ele>22</ele>
      </trkpt>
      <trkpt lat="50.96074" lon="4.33938">
        <ele>22</ele>
      </trkpt>
      <trkpt lat="50.96095" lon="4.34033">
        <ele>22</ele>
      </trkpt>
      <trkpt lat="50.96107" lon="4.34107">
        <ele>23</ele>
      </trkpt>
      <trkpt lat="50.96117" lon="4.34188">
        <ele>24</ele>
      </trkpt>
      <trkpt lat="50.96132" lon="4.34311">
        <ele>25</ele>
      </trkpt>
      <trkpt lat="50.96134" lon="4.34351">
        <ele>25</ele>
      </trkpt>
      <trkpt lat="50.96127" lon="4.34424">
        <ele>26</ele>
      </trkpt>
      <trkpt lat="50.96118" lon="4.34458">
        <ele>26</ele>
      </trkpt>
      <trkpt lat="50.96107" lon="4.3448">
        <ele>26</ele>
      </trkpt>
      <trkpt lat="50.96104" lon="4.34486">
        <ele>26</ele>
      </trkpt>
      <trkpt lat="50.96091" lon="4.34473">
        <ele>26</ele>
      </trkpt>
      <trkpt lat="50.96055" lon="4.34453">
        <ele>25</ele>
      </trkpt>
      <trkpt lat="50.96052" lon="4.34523">
        <ele>25</ele>
      </trkpt>
      <trkpt lat="50.96048" lon="4.34583">
        <ele>25</ele>
      </trkpt>
      <trkpt lat="50.96024" lon="4.34642">
        <ele>26</ele>
      </trkpt>
      <trkpt lat="50.95988" lon="4.34708">
        <ele>26</ele>
      </trkpt>
      <trkpt lat="50.95962" lon="4.34776">
        <ele>27</ele>
      </trkpt>
      <trkpt lat="50.95955" lon="4.34788">
        <ele>26</ele>
      </trkpt>
      <trkpt lat="50.95869" lon="4.34888">
        <ele>28</ele>
      </trkpt>
      <trkpt lat="50.95869" lon="4.34893">
        <ele>28</ele>
      </trkpt>
      <trkpt lat="50.95868" lon="4.34901">
        <ele>28</ele>
      </trkpt>
      <trkpt lat="50.95882" lon="4.34991">
        <ele>28</ele>
      </trkpt>
      <trkpt lat="50.95881" lon="4.35012">
        <ele>29</ele>
      </trkpt>
      <trkpt lat="50.95878" lon="4.35039">
        <ele>29</ele>
      </trkpt>
      <trkpt lat="50.95877" lon="4.35059">
        <ele>29</ele>
      </trkpt>
      <trkpt lat="50.95878" lon="4.35089">
        <ele>29</ele>
      </trkpt>
      <trkpt lat="50.95883" lon="4.35204">
        <ele>30</ele>
      </trkpt>
      <trkpt lat="50.95882" lon="4.35214">
        <ele>30</ele>
      </trkpt>
      <trkpt lat="50.95834" lon="4.35304">
        <ele>30</ele>
      </trkpt>
      <trkpt lat="50.95831" lon="4.3532">
        <ele>30</ele>
      </trkpt>
      <trkpt lat="50.95842" lon="4.35411">
        <ele>30</ele>
      </trkpt>
      <trkpt lat="50.95859" lon="4.35629">
        <ele>29</ele>
      </trkpt>
      <trkpt lat="50.95867" lon="4.35671">
        <ele>29</ele>
      </trkpt>
      <trkpt lat="50.95875" lon="4.35705">
        <ele>29</ele>
      </trkpt>
      <trkpt lat="50.95886" lon="4.35742">
        <ele>29</ele>
      </trkpt>
      <trkpt lat="50.95901" lon="4.35776">
        <ele>28</ele>
      </trkpt>
      <trkpt lat="50.95927" lon="4.35817">
        <ele>28</ele>
      </trkpt>
      <trkpt lat="50.95943" lon="4.35887">
        <ele>28</ele>
      </trkpt>
      <trkpt lat="50.95971" lon="4.35925">
        <ele>27</ele>
      </trkpt>
      <trkpt lat="50.95976" lon="4.35933">
        <ele>27</ele>
      </trkpt>
      <trkpt lat="50.9598" lon="4.35946">
        <ele>27</ele>
      </trkpt>
      <trkpt lat="50.95989" lon="4.35985">
        <ele>26</ele>
      </trkpt>
      <trkpt lat="50.95989" lon="4.35997">
        <ele>26</ele>
      </trkpt>
      <trkpt lat="50.95988" lon="4.36004">
        <ele>26</ele>
      </trkpt>
      <trkpt lat="50.95979" lon="4.35997">
        <ele>26</ele>
      </trkpt>
      <trkpt lat="50.95964" lon="4.35994">
        <ele>27</ele>
      </trkpt>
      <trkpt lat="50.95957" lon="4.35996">
        <ele>27</ele>
      </trkpt>
      <trkpt lat="50.95714" lon="4.36065">
        <ele>32</ele>
      </trkpt>
      <trkpt lat="50.95531" lon="4.36112">
        <ele>32</ele>
      </trkpt>
      <trkpt lat="50.95466" lon="4.36132">
        <ele>30</ele>
      </trkpt>
      <trkpt lat="50.9544" lon="4.3615">
        <ele>30</ele>
      </trkpt>
      <trkpt lat="50.95367" lon="4.36207">
        <ele>30</ele>
      </trkpt>
      <trkpt lat="50.95328" lon="4.36258">
        <ele>31</ele>
      </trkpt>
      <trkpt lat="50.95302" lon="4.3628">
        <ele>31</ele>
      </trkpt>
      <trkpt lat="50.95232" lon="4.3632">
        <ele>32</ele>
      </trkpt>
      <trkpt lat="50.95235" lon="4.36329">
        <ele>31</ele>
      </trkpt>
      <trkpt lat="50.95232" lon="4.36331">
        <ele>32</ele>
      </trkpt>
      <trkpt lat="50.95228" lon="4.36328">
        <ele>32</ele>
      </trkpt>
      <trkpt lat="50.95184" lon="4.36341">
        <ele>32</ele>
      </trkpt>
      <trkpt lat="50.95169" lon="4.36346">
        <ele>32</ele>
      </trkpt>
      <trkpt lat="50.95109" lon="4.36376">
        <ele>33</ele>
      </trkpt>
      <trkpt lat="50.95108" lon="4.36371">
        <ele>33</ele>
      </trkpt>
      <trkpt lat="50.94966" lon="4.36445">
        <ele>34</ele>
      </trkpt>
      <trkpt lat="50.94739" lon="4.36571">
        <ele>36</ele>
      </trkpt>
      <trkpt lat="50.94713" lon="4.36587">
        <ele>36</ele>
      </trkpt>
      <trkpt lat="50.94674" lon="4.36572">
        <ele>36</ele>
      </trkpt>
      <trkpt lat="50.94645" lon="4.3656">
        <ele>36</ele>
      </trkpt>
      <trkpt lat="50.94652" lon="4.36697">
        <ele>37</ele>
      </trkpt>
      <trkpt lat="50.94653" lon="4.36725">
        <ele>37</ele>
      </trkpt>
      <trkpt lat="50.94669" lon="4.3687">
        <ele>36</ele>
      </trkpt>
      <trkpt lat="50.94636" lon="4.36943">
        <ele>37</ele>
      </trkpt>
      <trkpt lat="50.94624" lon="4.36967">
        <ele>36</ele>
      </trkpt>
      <trkpt lat="50.94599" lon="4.37005">
        <ele>36</ele>
      </trkpt>
      <trkpt lat="50.94501" lon="4.37101">
        <ele>34</ele>
      </trkpt>
      <trkpt lat="50.94436" lon="4.37204">
        <ele>33</ele>
      </trkpt>
      <trkpt lat="50.94385" lon="4.37266">
        <ele>33</ele>
      </trkpt>
      <trkpt lat="50.94298" lon="4.37357">
        <ele>32</ele>
      </trkpt>
      <trkpt lat="50.94284" lon="4.37361">
        <ele>32</ele>
      </trkpt>
      <trkpt lat="50.94251" lon="4.37363">
        <ele>31</ele>
      </trkpt>
      <trkpt lat="50.93956" lon="4.37351">
        <ele>28</ele>
      </trkpt>
      <trkpt lat="50.93842" lon="4.37347">
        <ele>24</ele>
      </trkpt>
      <trkpt lat="50.93817" lon="4.37355">
        <ele>23</ele>
      </trkpt>
      <trkpt lat="50.93738" lon="4.37402">
        <ele>20</ele>
      </trkpt>
      <trkpt lat="50.93671" lon="4.37447">
        <ele>19</ele>
      </trkpt>
      <trkpt lat="50.93597" lon="4.37457">
        <ele>19</ele>
      </trkpt>
      <trkpt lat="50.93452" lon="4.37526">
        <ele>20</ele>
      </trkpt>
      <trkpt lat="50.93447" lon="4.37531">
        <ele>21</ele>
      </trkpt>
      <trkpt lat="50.93438" lon="4.37544">
        <ele>21</ele>
      </trkpt>
      <trkpt lat="50.93428" lon="4.37587">
        <ele>21</ele>
      </trkpt>
      <trkpt lat="50.93433" lon="4.37714">
        <ele>22</ele>
      </trkpt>
      <trkpt lat="50.93426" lon="4.37904">
        <ele>24</ele>
      </trkpt>
      <trkpt lat="50.93428" lon="4.37929">
        <ele>24</ele>
      </trkpt>
      <trkpt lat="50.93436" lon="4.37967">
        <ele>24</ele>
      </trkpt>
      <trkpt lat="50.93446" lon="4.37997">
        <ele>24</ele>
      </trkpt>
      <trkpt lat="50.93456" lon="4.38016">
        <ele>24</ele>
      </trkpt>
      <trkpt lat="50.93509" lon="4.38105">
        <ele>22</ele>
      </trkpt>
      <trkpt lat="50.93527" lon="4.3815">
        <ele>22</ele>
      </trkpt>
      <trkpt lat="50.93577" lon="4.38311">
        <ele>21</ele>
      </trkpt>
      <trkpt lat="50.93623" lon="4.38434">
        <ele>21</ele>
      </trkpt>
      <trkpt lat="50.93645" lon="4.38485">
        <ele>21</ele>
      </trkpt>
      <trkpt lat="50.93656" lon="4.38508">
        <ele>22</ele>
      </trkpt>
      <trkpt lat="50.93683" lon="4.3856">
        <ele>22</ele>
      </trkpt>
      <trkpt lat="50.93727" lon="4.38632">
        <ele>22</ele>
      </trkpt>
      <trkpt lat="50.93736" lon="4.38657">
        <ele>22</ele>
      </trkpt>
      <trkpt lat="50.93746" lon="4.38699">
        <ele>22</ele>
      </trkpt>
      <trkpt lat="50.93759" lon="4.38783">
        <ele>21</ele>
      </trkpt>
      <trkpt lat="50.9379" lon="4.39033">
        <ele>21</ele>
      </trkpt>
      <trkpt lat="50.93794" lon="4.39055">
        <ele>21</ele>
      </trkpt>
      <trkpt lat="50.93803" lon="4.39082">
        <ele>21</ele>
      </trkpt>
      <trkpt lat="50.93862" lon="4.39226">
        <ele>20</ele>
      </trkpt>
      <trkpt lat="50.93987" lon="4.39504">
        <ele>20</ele>
      </trkpt>
      <trkpt lat="50.94077" lon="4.39713">
        <ele>20</ele>
      </trkpt>
      <trkpt lat="50.94118" lon="4.3982">
        <ele>20</ele>
      </trkpt>
      <trkpt lat="50.94159" lon="4.3995">
        <ele>19</ele>
      </trkpt>
      <trkpt lat="50.94182" lon="4.40032">
        <ele>19</ele>
      </trkpt>
      <trkpt lat="50.94192" lon="4.40107">
        <ele>19</ele>
      </trkpt>
      <trkpt lat="50.94207" lon="4.40229">
        <ele>19</ele>
      </trkpt>
      <trkpt lat="50.94208" lon="4.40266">
        <ele>18</ele>
      </trkpt>
      <trkpt lat="50.94196" lon="4.40377">
        <ele>17</ele>
      </trkpt>
      <trkpt lat="50.94195" lon="4.40403">
        <ele>17</ele>
      </trkpt>
      <trkpt lat="50.94199" lon="4.40453">
        <ele>16</ele>
      </trkpt>
      <trkpt lat="50.94196" lon="4.40481">
        <ele>16</ele>
      </trkpt>
      <trkpt lat="50.94242" lon="4.40526">
        <ele>16</ele>
      </trkpt>
      <trkpt lat="50.94259" lon="4.40551">
        <ele>16</ele>
      </trkpt>
      <trkpt lat="50.94364" lon="4.40728">
        <ele>15</ele>
      </trkpt>
      <trkpt lat="50.94396" lon="4.40779">
        <ele>14</ele>
      </trkpt>
      <trkpt lat="50.94428" lon="4.40836">
        <ele>14</ele>
      </trkpt>
      <trkpt lat="50.94433" lon="4.40855">
        <ele>14</ele>
      </trkpt>
      <trkpt lat="50.94434" lon="4.40882">
        <ele>14</ele>
      </trkpt>
      <trkpt lat="50.94433" lon="4.40898">
        <ele>14</ele>
      </trkpt>
      <trkpt lat="50.9443" lon="4.40908">
        <ele>14</ele>
      </trkpt>
      <trkpt lat="50.94422" lon="4.40925">
        <ele>15</ele>
      </trkpt>
      <trkpt lat="50.9442" lon="4.4093">
        <ele>15</ele>
      </trkpt>
      <trkpt lat="50.94373" lon="4.40992">
        <ele>15</ele>
      </trkpt>
      <trkpt lat="50.9437" lon="4.41">
        <ele>15</ele>
      </trkpt>
      <trkpt lat="50.94369" lon="4.41008">
        <ele>15</ele>
      </trkpt>
      <trkpt lat="50.94373" lon="4.41025">
        <ele>15</ele>
      </trkpt>
      <trkpt lat="50.94435" lon="4.4114">
        <ele>14</ele>
      </trkpt>
      <trkpt lat="50.94446" lon="4.41164">
        <ele>14</ele>
      </trkpt>
      <trkpt lat="50.94464" lon="4.41225">
        <ele>13</ele>
      </trkpt>
      <trkpt lat="50.94475" lon="4.41251">
        <ele>12</ele>
      </trkpt>
      <trkpt lat="50.94498" lon="4.41299">
        <ele>11</ele>
      </trkpt>
      <trkpt lat="50.94515" lon="4.41314">
        <ele>11</ele>
      </trkpt>
      <trkpt lat="50.94544" lon="4.41328">
        <ele>11</ele>
      </trkpt>
      <trkpt lat="50.94561" lon="4.41342">
        <ele>12</ele>
      </trkpt>
      <trkpt lat="50.94582" lon="4.41366">
        <ele>12</ele>
      </trkpt>
      <trkpt lat="50.94603" lon="4.41394">
        <ele>12</ele>
      </trkpt>
      <trkpt lat="50.94614" lon="4.41396">
        <ele>12</ele>
      </trkpt>
      <trkpt lat="50.94625" lon="4.41392">
        <ele>12</ele>
      </trkpt>
      <trkpt lat="50.94724" lon="4.41324">
        <ele>12</ele>
      </trkpt>
      <trkpt lat="50.94739" lon="4.413">
        <ele>11</ele>
      </trkpt>
      <trkpt lat="50.94755" lon="4.41288">
        <ele>11</ele>
      </trkpt>
      <trkpt lat="50.94763" lon="4.41283">
        <ele>12</ele>
      </trkpt>
      <trkpt lat="50.94772" lon="4.41283">
        <ele>12</ele>
      </trkpt>
      <trkpt lat="50.94774" lon="4.41288">
        <ele>12</ele>
      </trkpt>
      <trkpt lat="50.94779" lon="4.41309">
        <ele>12</ele>
      </trkpt>
      <trkpt lat="50.94803" lon="4.41396">
        <ele>12</ele>
      </trkpt>
      <trkpt lat="50.94805" lon="4.41433">
        <ele>11</ele>
      </trkpt>
      <trkpt lat="50.94807" lon="4.41448">
        <ele>11</ele>
      </trkpt>
      <trkpt lat="50.94848" lon="4.41526">
        <ele>11</ele>
      </trkpt>
      <trkpt lat="50.94879" lon="4.41585">
        <ele>11</ele>
      </trkpt>
      <trkpt lat="50.94875" lon="4.41656">
        <ele>11</ele>
      </trkpt>
      <trkpt lat="50.94873" lon="4.41674">
        <ele>11</ele>
      </trkpt>
      <trkpt lat="50.94868" lon="4.41695">
        <ele>11</ele>
      </trkpt>
      <trkpt lat="50.94856" lon="4.41732">
        <ele>11</ele>
      </trkpt>
      <trkpt lat="50.94833" lon="4.41774">
        <ele>11</ele>
      </trkpt>
      <trkpt lat="50.94814" lon="4.41794">
        <ele>11</ele>
      </trkpt>
      <trkpt lat="50.94685" lon="4.41865">
        <ele>11</ele>
      </trkpt>
      <trkpt lat="50.94644" lon="4.41906">
        <ele>11</ele>
      </trkpt>
      <trkpt lat="50.94627" lon="4.41907">
        <ele>11</ele>
      </trkpt>
      <trkpt lat="50.94618" lon="4.41917">
        <ele>11</ele>
      </trkpt>
      <trkpt lat="50.94612" lon="4.41929">
        <ele>11</ele>
      </trkpt>
      <trkpt lat="50.94599" lon="4.41936">
        <ele>12</ele>
      </trkpt>
      <trkpt lat="50.94569" lon="4.41962">
        <ele>12</ele>
      </trkpt>
      <trkpt lat="50.94556" lon="4.41968">
        <ele>12</ele>
      </trkpt>
      <trkpt lat="50.94521" lon="4.41973">
        <ele>12</ele>
      </trkpt>
      <trkpt lat="50.94517" lon="4.41978">
        <ele>12</ele>
      </trkpt>
      <trkpt lat="50.94493" lon="4.41976">
        <ele>12</ele>
      </trkpt>
      <trkpt lat="50.94493" lon="4.41975">
        <ele>12</ele>
      </trkpt>
      <trkpt lat="50.9423" lon="4.41946">
        <ele>11</ele>
      </trkpt>
      <trkpt lat="50.94183" lon="4.41948">
        <ele>11</ele>
      </trkpt>
      <trkpt lat="50.94137" lon="4.4197">
        <ele>11</ele>
      </trkpt>
      <trkpt lat="50.94115" lon="4.41984">
        <ele>11</ele>
      </trkpt>
      <trkpt lat="50.9408" lon="4.42013">
        <ele>11</ele>
      </trkpt>
      <trkpt lat="50.94052" lon="4.42046">
        <ele>11</ele>
      </trkpt>
      <trkpt lat="50.93857" lon="4.42316">
        <ele>10</ele>
      </trkpt>
      <trkpt lat="50.93863" lon="4.4233">
        <ele>10</ele>
      </trkpt>
      <trkpt lat="50.93954" lon="4.42489">
        <ele>9</ele>
      </trkpt>
      <trkpt lat="50.93998" lon="4.42571">
        <ele>9</ele>
      </trkpt>
      <trkpt lat="50.94022" lon="4.42623">
        <ele>9</ele>
      </trkpt>
      <trkpt lat="50.94063" lon="4.42719">
        <ele>8</ele>
      </trkpt>
      <trkpt lat="50.94106" lon="4.42838">
        <ele>9</ele>
      </trkpt>
      <trkpt lat="50.94131" lon="4.42916">
        <ele>9</ele>
      </trkpt>
      <trkpt lat="50.94155" lon="4.43002">
        <ele>9</ele>
      </trkpt>
      <trkpt lat="50.94171" lon="4.43065">
        <ele>9</ele>
      </trkpt>
      <trkpt lat="50.94187" lon="4.43133">
        <ele>9</ele>
      </trkpt>
      <trkpt lat="50.94271" lon="4.43556">
        <ele>8</ele>
      </trkpt>
      <trkpt lat="50.94285" lon="4.43617">
        <ele>9</ele>
      </trkpt>
      <trkpt lat="50.94298" lon="4.43665">
        <ele>9</ele>
      </trkpt>
      <trkpt lat="50.9432" lon="4.43738">
        <ele>9</ele>
      </trkpt>
      <trkpt lat="50.94366" lon="4.43866">
        <ele>10</ele>
      </trkpt>
      <trkpt lat="50.9437" lon="4.43875">
        <ele>10</ele>
      </trkpt>
      <trkpt lat="50.94426" lon="4.43989">
        <ele>9</ele>
      </trkpt>
      <trkpt lat="50.94454" lon="4.44038">
        <ele>9</ele>
      </trkpt>
      <trkpt lat="50.94513" lon="4.44128">
        <ele>9</ele>
      </trkpt>
      <trkpt lat="50.94602" lon="4.44254">
        <ele>9</ele>
      </trkpt>
      <trkpt lat="50.94615" lon="4.44283">
        <ele>10</ele>
      </trkpt>
      <trkpt lat="50.94634" lon="4.44307">
        <ele>10</ele>
      </trkpt>
      <trkpt lat="50.94649" lon="4.4432">
        <ele>9</ele>
      </trkpt>
      <trkpt lat="50.94655" lon="4.44325">
        <ele>9</ele>
      </trkpt>
      <trkpt lat="50.94741" lon="4.44442">
        <ele>8</ele>
      </trkpt>
      <trkpt lat="50.9481" lon="4.44528">
        <ele>8</ele>
      </trkpt>
      <trkpt lat="50.94882" lon="4.44603">
        <ele>8</ele>
      </trkpt>
      <trkpt lat="50.95434" lon="4.45071">
        <ele>8</ele>
      </trkpt>
      <trkpt lat="50.95683" lon="4.45284">
        <ele>8</ele>
      </trkpt>
      <trkpt lat="50.95762" lon="4.45333">
        <ele>8</ele>
      </trkpt>
      <trkpt lat="50.95898" lon="4.45399">
        <ele>8</ele>
      </trkpt>
      <trkpt lat="50.95924" lon="4.45417">
        <ele>8</ele>
      </trkpt>
      <trkpt lat="50.95939" lon="4.45432">
        <ele>8</ele>
      </trkpt>
      <trkpt lat="50.95953" lon="4.45451">
        <ele>8</ele>
      </trkpt>
      <trkpt lat="50.96008" lon="4.45553">
        <ele>8</ele>
      </trkpt>
      <trkpt lat="50.9602" lon="4.4557">
        <ele>9</ele>
      </trkpt>
      <trkpt lat="50.96033" lon="4.45599">
        <ele>9</ele>
      </trkpt>
      <trkpt lat="50.95981" lon="4.45648">
        <ele>9</ele>
      </trkpt>
      <trkpt lat="50.95963" lon="4.45656">
        <ele>9</ele>
      </trkpt>
      <trkpt lat="50.95962" lon="4.45657">
        <ele>9</ele>
      </trkpt>
      <trkpt lat="50.95963" lon="4.4568">
        <ele>9</ele>
      </trkpt>
      <trkpt lat="50.9596" lon="4.4568">
        <ele>9</ele>
      </trkpt>
      <trkpt lat="50.95969" lon="4.45866">
        <ele>8</ele>
      </trkpt>
      <trkpt lat="50.95971" lon="4.45895">
        <ele>6</ele>
      </trkpt>
      <trkpt lat="50.95964" lon="4.45897">
        <ele>7</ele>
      </trkpt>
      <trkpt lat="50.95951" lon="4.45891">
        <ele>7</ele>
      </trkpt>
      <trkpt lat="50.9595" lon="4.45896">
        <ele>7</ele>
      </trkpt>
      <trkpt lat="50.95936" lon="4.45886">
        <ele>7</ele>
      </trkpt>
      <trkpt lat="50.95935" lon="4.45891">
        <ele>7</ele>
      </trkpt>
      <trkpt lat="50.95885" lon="4.45856">
        <ele>7</ele>
      </trkpt>
      <trkpt lat="50.95873" lon="4.45851">
        <ele>7</ele>
      </trkpt>
      <trkpt lat="50.9585" lon="4.45854">
        <ele>7</ele>
      </trkpt>
      <trkpt lat="50.95831" lon="4.45864">
        <ele>7</ele>
      </trkpt>
      <trkpt lat="50.95795" lon="4.45891">
        <ele>7</ele>
      </trkpt>
      <trkpt lat="50.95793" lon="4.45888">
        <ele>7</ele>
      </trkpt>
      <trkpt lat="50.95712" lon="4.4595">
        <ele>7</ele>
      </trkpt>
      <trkpt lat="50.95582" lon="4.46018">
        <ele>7</ele>
      </trkpt>
      <trkpt lat="50.95562" lon="4.46024">
        <ele>7</ele>
      </trkpt>
      <trkpt lat="50.95522" lon="4.46027">
        <ele>7</ele>
      </trkpt>
      <trkpt lat="50.95456" lon="4.46024">
        <ele>7</ele>
      </trkpt>
      <trkpt lat="50.95234" lon="4.46013">
        <ele>7</ele>
      </trkpt>
      <trkpt lat="50.9519" lon="4.46014">
        <ele>7</ele>
      </trkpt>
      <trkpt lat="50.9516" lon="4.46019">
        <ele>7</ele>
      </trkpt>
      <trkpt lat="50.95136" lon="4.46025">
        <ele>7</ele>
      </trkpt>
      <trkpt lat="50.95044" lon="4.46065">
        <ele>7</ele>
      </trkpt>
      <trkpt lat="50.95016" lon="4.46071">
        <ele>7</ele>
      </trkpt>
      <trkpt lat="50.95004" lon="4.4607">
        <ele>7</ele>
      </trkpt>
      <trkpt lat="50.94995" lon="4.46067">
        <ele>7</ele>
      </trkpt>
      <trkpt lat="50.94988" lon="4.46068">
        <ele>7</ele>
      </trkpt>
      <trkpt lat="50.94929" lon="4.46061">
        <ele>8</ele>
      </trkpt>
      <trkpt lat="50.94884" lon="4.46055">
        <ele>8</ele>
      </trkpt>
      <trkpt lat="50.94882" lon="4.46049">
        <ele>8</ele>
      </trkpt>
      <trkpt lat="50.94877" lon="4.46044">
        <ele>8</ele>
      </trkpt>
      <trkpt lat="50.94872" lon="4.46045">
        <ele>8</ele>
      </trkpt>
      <trkpt lat="50.94868" lon="4.46054">
        <ele>8</ele>
      </trkpt>
      <trkpt lat="50.94815" lon="4.46023">
        <ele>8</ele>
      </trkpt>
      <trkpt lat="50.94813" lon="4.46018">
        <ele>8</ele>
      </trkpt>
      <trkpt lat="50.94807" lon="4.46023">
        <ele>8</ele>
      </trkpt>
      <trkpt lat="50.94774" lon="4.46026">
        <ele>9</ele>
      </trkpt>
      <trkpt lat="50.9475" lon="4.46035">
        <ele>9</ele>
      </trkpt>
      <trkpt lat="50.9471" lon="4.46055">
        <ele>10</ele>
      </trkpt>
      <trkpt lat="50.94686" lon="4.46059">
        <ele>10</ele>
      </trkpt>
      <trkpt lat="50.94665" lon="4.46056">
        <ele>11</ele>
      </trkpt>
      <trkpt lat="50.946" lon="4.46041">
        <ele>11</ele>
      </trkpt>
      <trkpt lat="50.94566" lon="4.46029">
        <ele>12</ele>
      </trkpt>
      <trkpt lat="50.94288" lon="4.45907">
        <ele>12</ele>
      </trkpt>
      <trkpt lat="50.94272" lon="4.45905">
        <ele>12</ele>
      </trkpt>
      <trkpt lat="50.94231" lon="4.45907">
        <ele>12</ele>
      </trkpt>
      <trkpt lat="50.94213" lon="4.45905">
        <ele>12</ele>
      </trkpt>
      <trkpt lat="50.94204" lon="4.459">
        <ele>12</ele>
      </trkpt>
      <trkpt lat="50.94194" lon="4.4589">
        <ele>12</ele>
      </trkpt>
      <trkpt lat="50.94171" lon="4.45858">
        <ele>12</ele>
      </trkpt>
      <trkpt lat="50.94157" lon="4.45846">
        <ele>12</ele>
      </trkpt>
      <trkpt lat="50.94132" lon="4.45834">
        <ele>13</ele>
      </trkpt>
      <trkpt lat="50.94066" lon="4.45795">
        <ele>13</ele>
      </trkpt>
      <trkpt lat="50.94043" lon="4.4578">
        <ele>13</ele>
      </trkpt>
      <trkpt lat="50.94014" lon="4.45755">
        <ele>13</ele>
      </trkpt>
      <trkpt lat="50.9399" lon="4.45728">
        <ele>13</ele>
      </trkpt>
      <trkpt lat="50.93972" lon="4.45714">
        <ele>14</ele>
      </trkpt>
      <trkpt lat="50.9394" lon="4.45696">
        <ele>14</ele>
      </trkpt>
      <trkpt lat="50.93867" lon="4.45647">
        <ele>14</ele>
      </trkpt>
      <trkpt lat="50.93847" lon="4.45636">
        <ele>15</ele>
      </trkpt>
      <trkpt lat="50.93752" lon="4.45608">
        <ele>15</ele>
      </trkpt>
      <trkpt lat="50.93668" lon="4.45571">
        <ele>15</ele>
      </trkpt>
      <trkpt lat="50.93552" lon="4.45513">
        <ele>15</ele>
      </trkpt>
      <trkpt lat="50.93431" lon="4.45454">
        <ele>16</ele>
      </trkpt>
      <trkpt lat="50.93206" lon="4.45356">
        <ele>17</ele>
      </trkpt>
      <trkpt lat="50.92979" lon="4.45237">
        <ele>18</ele>
      </trkpt>
      <trkpt lat="50.92844" lon="4.45186">
        <ele>18</ele>
      </trkpt>
      <trkpt lat="50.92726" lon="4.45093">
        <ele>17</ele>
      </trkpt>
      <trkpt lat="50.92693" lon="4.4507">
        <ele>17</ele>
      </trkpt>
      <trkpt lat="50.92566" lon="4.44997">
        <ele>16</ele>
      </trkpt>
      <trkpt lat="50.92554" lon="4.44984">
        <ele>16</ele>
      </trkpt>
      <trkpt lat="50.92472" lon="4.44885">
        <ele>15</ele>
      </trkpt>
      <trkpt lat="50.92432" lon="4.44976">
        <ele>14</ele>
      </trkpt>
      <trkpt lat="50.92416" lon="4.45003">
        <ele>14</ele>
      </trkpt>
      <trkpt lat="50.92398" lon="4.45025">
        <ele>14</ele>
      </trkpt>
      <trkpt lat="50.92201" lon="4.45214">
        <ele>14</ele>
      </trkpt>
      <trkpt lat="50.92194" lon="4.4521">
        <ele>14</ele>
      </trkpt>
      <trkpt lat="50.92164" lon="4.45236">
        <ele>14</ele>
      </trkpt>
      <trkpt lat="50.92155" lon="4.45234">
        <ele>15</ele>
      </trkpt>
      <trkpt lat="50.9211" lon="4.45141">
        <ele>15</ele>
      </trkpt>
      <trkpt lat="50.92092" lon="4.45108">
        <ele>15</ele>
      </trkpt>
      <trkpt lat="50.92073" lon="4.45086">
        <ele>15</ele>
      </trkpt>
      <trkpt lat="50.9203" lon="4.45053">
        <ele>15</ele>
      </trkpt>
      <trkpt lat="50.91984" lon="4.45017">
        <ele>16</ele>
      </trkpt>
      <trkpt lat="50.91971" lon="4.45003">
        <ele>16</ele>
      </trkpt>
      <trkpt lat="50.91905" lon="4.44877">
        <ele>16</ele>
      </trkpt>
      <trkpt lat="50.91902" lon="4.44881">
        <ele>16</ele>
      </trkpt>
      <trkpt lat="50.91866" lon="4.44809">
        <ele>17</ele>
      </trkpt>
      <trkpt lat="50.9186" lon="4.44792">
        <ele>17</ele>
      </trkpt>
      <trkpt lat="50.91809" lon="4.44622">
        <ele>17</ele>
      </trkpt>
      <trkpt lat="50.91801" lon="4.44631">
        <ele>17</ele>
      </trkpt>
      <trkpt lat="50.91762" lon="4.44685">
        <ele>18</ele>
      </trkpt>
      <trkpt lat="50.91722" lon="4.4474">
        <ele>19</ele>
      </trkpt>
      <trkpt lat="50.91661" lon="4.44817">
        <ele>20</ele>
      </trkpt>
      <trkpt lat="50.91654" lon="4.44822">
        <ele>20</ele>
      </trkpt>
      <trkpt lat="50.91641" lon="4.44816">
        <ele>20</ele>
      </trkpt>
      <trkpt lat="50.91515" lon="4.44726">
        <ele>23</ele>
      </trkpt>
      <trkpt lat="50.91256" lon="4.44546">
        <ele>26</ele>
      </trkpt>
      <trkpt lat="50.91222" lon="4.44519">
        <ele>26</ele>
      </trkpt>
      <trkpt lat="50.91195" lon="4.44493">
        <ele>27</ele>
      </trkpt>
      <trkpt lat="50.91162" lon="4.44478">
        <ele>27</ele>
      </trkpt>
      <trkpt lat="50.91105" lon="4.44459">
        <ele>28</ele>
      </trkpt>
      <trkpt lat="50.91072" lon="4.44456">
        <ele>28</ele>
      </trkpt>
      <trkpt lat="50.91057" lon="4.44457">
        <ele>28</ele>
      </trkpt>
      <trkpt lat="50.91052" lon="4.44452">
        <ele>28</ele>
      </trkpt>
      <trkpt lat="50.91051" lon="4.44444">
        <ele>28</ele>
      </trkpt>
      <trkpt lat="50.91053" lon="4.44437">
        <ele>28</ele>
      </trkpt>
      <trkpt lat="50.91057" lon="4.44433">
        <ele>28</ele>
      </trkpt>
      <trkpt lat="50.91056" lon="4.44329">
        <ele>28</ele>
      </trkpt>
      <trkpt lat="50.9106" lon="4.44273">
        <ele>28</ele>
      </trkpt>
      <trkpt lat="50.91068" lon="4.4422">
        <ele>28</ele>
      </trkpt>
      <trkpt lat="50.91083" lon="4.44153">
        <ele>28</ele>
      </trkpt>
      <trkpt lat="50.91118" lon="4.44034">
        <ele>26</ele>
      </trkpt>
      <trkpt lat="50.91105" lon="4.44021">
        <ele>26</ele>
      </trkpt>
      <trkpt lat="50.91044" lon="4.43967">
        <ele>27</ele>
      </trkpt>
      <trkpt lat="50.90994" lon="4.44111">
        <ele>28</ele>
      </trkpt>
      <trkpt lat="50.90988" lon="4.44117">
        <ele>28</ele>
      </trkpt>
      <trkpt lat="50.9098" lon="4.44116">
        <ele>28</ele>
      </trkpt>
      <trkpt lat="50.9094" lon="4.44083">
        <ele>28</ele>
      </trkpt>
      <trkpt lat="50.90894" lon="4.44044">
        <ele>29</ele>
      </trkpt>
      <trkpt lat="50.90811" lon="4.43969">
        <ele>29</ele>
      </trkpt>
      <trkpt lat="50.90776" lon="4.43937">
        <ele>29</ele>
      </trkpt>
      <trkpt lat="50.90754" lon="4.4391">
        <ele>29</ele>
      </trkpt>
      <trkpt lat="50.90736" lon="4.43881">
        <ele>29</ele>
      </trkpt>
      <trkpt lat="50.90583" lon="4.44136">
        <ele>30</ele>
      </trkpt>
      <trkpt lat="50.90567" lon="4.44162">
        <ele>30</ele>
      </trkpt>
      <trkpt lat="50.90572" lon="4.44173">
        <ele>30</ele>
      </trkpt>
      <trkpt lat="50.90572" lon="4.44187">
        <ele>30</ele>
      </trkpt>
      <trkpt lat="50.90568" lon="4.44199">
        <ele>30</ele>
      </trkpt>
      <trkpt lat="50.9056" lon="4.44204">
        <ele>30</ele>
      </trkpt>
      <trkpt lat="50.90553" lon="4.44205">
        <ele>30</ele>
      </trkpt>
      <trkpt lat="50.90544" lon="4.44213">
        <ele>30</ele>
      </trkpt>
      <trkpt lat="50.9048" lon="4.44316">
        <ele>32</ele>
      </trkpt>
      <trkpt lat="50.9047" lon="4.4434">
        <ele>32</ele>
      </trkpt>
      <trkpt lat="50.90469" lon="4.44349">
        <ele>32</ele>
      </trkpt>
      <trkpt lat="50.9047" lon="4.44364">
        <ele>32</ele>
      </trkpt>
      <trkpt lat="50.90477" lon="4.4438">
        <ele>32</ele>
      </trkpt>
      <trkpt lat="50.90474" lon="4.44385">
        <ele>32</ele>
      </trkpt>
      <trkpt lat="50.90456" lon="4.44412">
        <ele>32</ele>
      </trkpt>
      <trkpt lat="50.90433" lon="4.44369">
        <ele>33</ele>
      </trkpt>
      <trkpt lat="50.90425" lon="4.44377">
        <ele>33</ele>
      </trkpt>
      <trkpt lat="50.90421" lon="4.44374">
        <ele>33</ele>
      </trkpt>
      <trkpt lat="50.90415" lon="4.44362">
        <ele>33</ele>
      </trkpt>
      <trkpt lat="50.90407" lon="4.44339">
        <ele>33</ele>
      </trkpt>
      <trkpt lat="50.90386" lon="4.44301">
        <ele>33</ele>
      </trkpt>
      <trkpt lat="50.90312" lon="4.4419">
        <ele>33</ele>
      </trkpt>
      <trkpt lat="50.90242" lon="4.44098">
        <ele>34</ele>
      </trkpt>
      <trkpt lat="50.90223" lon="4.44078">
        <ele>34</ele>
      </trkpt>
      <trkpt lat="50.90186" lon="4.44058">
        <ele>35</ele>
      </trkpt>
      <trkpt lat="50.90143" lon="4.44023">
        <ele>35</ele>
      </trkpt>
      <trkpt lat="50.90105" lon="4.43985">
        <ele>34</ele>
      </trkpt>
      <trkpt lat="50.90074" lon="4.43962">
        <ele>34</ele>
      </trkpt>
      <trkpt lat="50.90051" lon="4.43948">
        <ele>34</ele>
      </trkpt>
      <trkpt lat="50.90034" lon="4.43944">
        <ele>34</ele>
      </trkpt>
      <trkpt lat="50.90025" lon="4.43947">
        <ele>34</ele>
      </trkpt>
      <trkpt lat="50.90014" lon="4.43956">
        <ele>34</ele>
      </trkpt>
      <trkpt lat="50.90009" lon="4.43965">
        <ele>35</ele>
      </trkpt>
      <trkpt lat="50.89958" lon="4.44053">
        <ele>36</ele>
      </trkpt>
      <trkpt lat="50.89954" lon="4.44065">
        <ele>36</ele>
      </trkpt>
      <trkpt lat="50.89935" lon="4.441">
        <ele>36</ele>
      </trkpt>
      <trkpt lat="50.89932" lon="4.44103">
        <ele>36</ele>
      </trkpt>
      <trkpt lat="50.89915" lon="4.4415">
        <ele>37</ele>
      </trkpt>
      <trkpt lat="50.8988" lon="4.44237">
        <ele>38</ele>
      </trkpt>
      <trkpt lat="50.8984" lon="4.44318">
        <ele>39</ele>
      </trkpt>
      <trkpt lat="50.89832" lon="4.4434">
        <ele>39</ele>
      </trkpt>
      <trkpt lat="50.89707" lon="4.44603">
        <ele>38</ele>
      </trkpt>
      <trkpt lat="50.89679" lon="4.44672">
        <ele>37</ele>
      </trkpt>
      <trkpt lat="50.89448" lon="4.45293">
        <ele>26</ele>
      </trkpt>
      <trkpt lat="50.89375" lon="4.45572">
        <ele>28</ele>
      </trkpt>
      <trkpt lat="50.89363" lon="4.45623">
        <ele>29</ele>
      </trkpt>
      <trkpt lat="50.89363" lon="4.45638">
        <ele>30</ele>
      </trkpt>
      <trkpt lat="50.89368" lon="4.45648">
        <ele>30</ele>
      </trkpt>
      <trkpt lat="50.894" lon="4.45681">
        <ele>32</ele>
      </trkpt>
      <trkpt lat="50.89418" lon="4.45712">
        <ele>33</ele>
      </trkpt>
      <trkpt lat="50.89475" lon="4.45829">
        <ele>37</ele>
      </trkpt>
      <trkpt lat="50.89482" lon="4.45855">
        <ele>38</ele>
      </trkpt>
      <trkpt lat="50.89485" lon="4.45888">
        <ele>38</ele>
      </trkpt>
      <trkpt lat="50.89481" lon="4.45921">
        <ele>38</ele>
      </trkpt>
      <trkpt lat="50.89477" lon="4.45936">
        <ele>39</ele>
      </trkpt>
      <trkpt lat="50.89465" lon="4.45963">
        <ele>39</ele>
      </trkpt>
      <trkpt lat="50.89455" lon="4.45976">
        <ele>39</ele>
      </trkpt>
      <trkpt lat="50.89314" lon="4.46094">
        <ele>33</ele>
      </trkpt>
      <trkpt lat="50.8929" lon="4.46119">
        <ele>30</ele>
      </trkpt>
      <trkpt lat="50.89272" lon="4.46145">
        <ele>29</ele>
      </trkpt>
      <trkpt lat="50.89267" lon="4.46156">
        <ele>29</ele>
      </trkpt>
      <trkpt lat="50.89266" lon="4.46169">
        <ele>29</ele>
      </trkpt>
      <trkpt lat="50.89272" lon="4.46192">
        <ele>29</ele>
      </trkpt>
      <trkpt lat="50.89389" lon="4.46395">
        <ele>31</ele>
      </trkpt>
      <trkpt lat="50.89438" lon="4.46494">
        <ele>35</ele>
      </trkpt>
      <trkpt lat="50.89459" lon="4.46587">
        <ele>31</ele>
      </trkpt>
      <trkpt lat="50.89463" lon="4.46623">
        <ele>34</ele>
      </trkpt>
      <trkpt lat="50.89464" lon="4.46774">
        <ele>37</ele>
      </trkpt>
      <trkpt lat="50.89464" lon="4.46823">
        <ele>37</ele>
      </trkpt>
      <trkpt lat="50.8948" lon="4.46847">
        <ele>37</ele>
      </trkpt>
      <trkpt lat="50.89481" lon="4.47044">
        <ele>37</ele>
      </trkpt>
      <trkpt lat="50.89486" lon="4.47075">
        <ele>37</ele>
      </trkpt>
      <trkpt lat="50.89499" lon="4.47117">
        <ele>37</ele>
      </trkpt>
      <trkpt lat="50.89486" lon="4.47129">
        <ele>37</ele>
      </trkpt>
      <trkpt lat="50.89433" lon="4.47171">
        <ele>38</ele>
      </trkpt>
      <trkpt lat="50.89414" lon="4.47197">
        <ele>38</ele>
      </trkpt>
      <trkpt lat="50.89409" lon="4.472">
        <ele>38</ele>
      </trkpt>
      <trkpt lat="50.89371" lon="4.47194">
        <ele>38</ele>
      </trkpt>
      <trkpt lat="50.89367" lon="4.47194">
        <ele>38</ele>
      </trkpt>
      <trkpt lat="50.89364" lon="4.47235">
        <ele>38</ele>
      </trkpt>
      <trkpt lat="50.89366" lon="4.47401">
        <ele>39</ele>
      </trkpt>
      <trkpt lat="50.89366" lon="4.47408">
        <ele>39</ele>
      </trkpt>
      <trkpt lat="50.89367" lon="4.47435">
        <ele>40</ele>
      </trkpt>
      <trkpt lat="50.89386" lon="4.47579">
        <ele>41</ele>
      </trkpt>
      <trkpt lat="50.89382" lon="4.47595">
        <ele>41</ele>
      </trkpt>
      <trkpt lat="50.89346" lon="4.47676">
        <ele>41</ele>
      </trkpt>
      <trkpt lat="50.89342" lon="4.47682">
        <ele>41</ele>
      </trkpt>
      <trkpt lat="50.8932" lon="4.47697">
        <ele>39</ele>
      </trkpt>
      <trkpt lat="50.89311" lon="4.47697">
        <ele>38</ele>
      </trkpt>
      <trkpt lat="50.89304" lon="4.47686">
        <ele>38</ele>
      </trkpt>
      <trkpt lat="50.89232" lon="4.47614">
        <ele>39</ele>
      </trkpt>
      <trkpt lat="50.89212" lon="4.47598">
        <ele>39</ele>
      </trkpt>
      <trkpt lat="50.89186" lon="4.47583">
        <ele>40</ele>
      </trkpt>
      <trkpt lat="50.89158" lon="4.47571">
        <ele>40</ele>
      </trkpt>
      <trkpt lat="50.89121" lon="4.47562">
        <ele>41</ele>
      </trkpt>
      <trkpt lat="50.89093" lon="4.47559">
        <ele>41</ele>
      </trkpt>
      <trkpt lat="50.89052" lon="4.47561">
        <ele>41</ele>
      </trkpt>
      <trkpt lat="50.89012" lon="4.47573">
        <ele>42</ele>
      </trkpt>
      <trkpt lat="50.88981" lon="4.47587">
        <ele>42</ele>
      </trkpt>
      <trkpt lat="50.8895" lon="4.47606">
        <ele>42</ele>
      </trkpt>
      <trkpt lat="50.88921" lon="4.4763">
        <ele>42</ele>
      </trkpt>
      <trkpt lat="50.88843" lon="4.47711">
        <ele>43</ele>
      </trkpt>
      <trkpt lat="50.88815" lon="4.47749">
        <ele>43</ele>
      </trkpt>
      <trkpt lat="50.88798" lon="4.47779">
        <ele>43</ele>
      </trkpt>
      <trkpt lat="50.88781" lon="4.47816">
        <ele>43</ele>
      </trkpt>
      <trkpt lat="50.88773" lon="4.47837">
        <ele>43</ele>
      </trkpt>
      <trkpt lat="50.88757" lon="4.47889">
        <ele>43</ele>
      </trkpt>
      <trkpt lat="50.88748" lon="4.47932">
        <ele>43</ele>
      </trkpt>
      <trkpt lat="50.88741" lon="4.47979">
        <ele>43</ele>
      </trkpt>
      <trkpt lat="50.88738" lon="4.48046">
        <ele>43</ele>
      </trkpt>
      <trkpt lat="50.88749" lon="4.48502">
        <ele>48</ele>
      </trkpt>
      <trkpt lat="50.88748" lon="4.48532">
        <ele>48</ele>
      </trkpt>
      <trkpt lat="50.88745" lon="4.48574">
        <ele>47</ele>
      </trkpt>
      <trkpt lat="50.88739" lon="4.48615">
        <ele>48</ele>
      </trkpt>
      <trkpt lat="50.88731" lon="4.48642">
        <ele>47</ele>
      </trkpt>
      <trkpt lat="50.88719" lon="4.48678">
        <ele>48</ele>
      </trkpt>
      <trkpt lat="50.88707" lon="4.48702">
        <ele>48</ele>
      </trkpt>
      <trkpt lat="50.88696" lon="4.4872">
        <ele>48</ele>
      </trkpt>
      <trkpt lat="50.88661" lon="4.48757">
        <ele>48</ele>
      </trkpt>
      <trkpt lat="50.88649" lon="4.48776">
        <ele>49</ele>
      </trkpt>
      <trkpt lat="50.88652" lon="4.48783">
        <ele>50</ele>
      </trkpt>
      <trkpt lat="50.88659" lon="4.48803">
        <ele>51</ele>
      </trkpt>
      <trkpt lat="50.8866" lon="4.48829">
        <ele>51</ele>
      </trkpt>
      <trkpt lat="50.88658" lon="4.48841">
        <ele>51</ele>
      </trkpt>
      <trkpt lat="50.88654" lon="4.48854">
        <ele>51</ele>
      </trkpt>
      <trkpt lat="50.88647" lon="4.48865">
        <ele>51</ele>
      </trkpt>
      <trkpt lat="50.88629" lon="4.48882">
        <ele>51</ele>
      </trkpt>
      <trkpt lat="50.88587" lon="4.48914">
        <ele>51</ele>
      </trkpt>
      <trkpt lat="50.88503" lon="4.48967">
        <ele>50</ele>
      </trkpt>
      <trkpt lat="50.88492" lon="4.48975">
        <ele>50</ele>
      </trkpt>
      <trkpt lat="50.88427" lon="4.49063">
        <ele>49</ele>
      </trkpt>
      <trkpt lat="50.88381" lon="4.49126">
        <ele>48</ele>
      </trkpt>
      <trkpt lat="50.88361" lon="4.4912">
        <ele>47</ele>
      </trkpt>
      <trkpt lat="50.88358" lon="4.49132">
        <ele>46</ele>
      </trkpt>
      <trkpt lat="50.88332" lon="4.4917">
        <ele>43</ele>
      </trkpt>
      <trkpt lat="50.8833" lon="4.49187">
        <ele>43</ele>
      </trkpt>
      <trkpt lat="50.88322" lon="4.49313">
        <ele>43</ele>
      </trkpt>
      <trkpt lat="50.8834" lon="4.49447">
        <ele>43</ele>
      </trkpt>
      <trkpt lat="50.88362" lon="4.4963">
        <ele>44</ele>
      </trkpt>
      <trkpt lat="50.88361" lon="4.49648">
        <ele>44</ele>
      </trkpt>
      <trkpt lat="50.88358" lon="4.4966">
        <ele>44</ele>
      </trkpt>
      <trkpt lat="50.88352" lon="4.49672">
        <ele>44</ele>
      </trkpt>
      <trkpt lat="50.88354" lon="4.49721">
        <ele>45</ele>
      </trkpt>
      <trkpt lat="50.88361" lon="4.49863">
        <ele>45</ele>
      </trkpt>
      <trkpt lat="50.88362" lon="4.49932">
        <ele>45</ele>
      </trkpt>
      <trkpt lat="50.88361" lon="4.4997">
        <ele>45</ele>
      </trkpt>
      <trkpt lat="50.88396" lon="4.50327">
        <ele>53</ele>
      </trkpt>
      <trkpt lat="50.88408" lon="4.50375">
        <ele>56</ele>
      </trkpt>
      <trkpt lat="50.88414" lon="4.50419">
        <ele>57</ele>
      </trkpt>
      <trkpt lat="50.88415" lon="4.50451">
        <ele>58</ele>
      </trkpt>
      <trkpt lat="50.88414" lon="4.50468">
        <ele>59</ele>
      </trkpt>
      <trkpt lat="50.88409" lon="4.505">
        <ele>59</ele>
      </trkpt>
      <trkpt lat="50.88409" lon="4.5052">
        <ele>59</ele>
      </trkpt>
      <trkpt lat="50.88439" lon="4.50835">
        <ele>59</ele>
      </trkpt>
      <trkpt lat="50.8847" lon="4.51037">
        <ele>58</ele>
      </trkpt>
      <trkpt lat="50.88491" lon="4.51177">
        <ele>56</ele>
      </trkpt>
      <trkpt lat="50.88532" lon="4.51319">
        <ele>55</ele>
      </trkpt>
      <trkpt lat="50.88546" lon="4.5136">
        <ele>55</ele>
      </trkpt>
      <trkpt lat="50.88564" lon="4.51387">
        <ele>56</ele>
      </trkpt>
      <trkpt lat="50.88572" lon="4.51406">
        <ele>56</ele>
      </trkpt>
      <trkpt lat="50.88652" lon="4.51634">
        <ele>56</ele>
      </trkpt>
      <trkpt lat="50.88676" lon="4.51692">
        <ele>58</ele>
      </trkpt>
      <trkpt lat="50.88996" lon="4.52645">
        <ele>53</ele>
      </trkpt>
      <trkpt lat="50.89104" lon="4.52962">
        <ele>52</ele>
      </trkpt>
      <trkpt lat="50.89119" lon="4.53013">
        <ele>51</ele>
      </trkpt>
      <trkpt lat="50.89159" lon="4.53162">
        <ele>49</ele>
      </trkpt>
      <trkpt lat="50.89198" lon="4.53325">
        <ele>47</ele>
      </trkpt>
      <trkpt lat="50.89226" lon="4.53457">
        <ele>47</ele>
      </trkpt>
      <trkpt lat="50.89232" lon="4.53502">
        <ele>46</ele>
      </trkpt>
      <trkpt lat="50.89239" lon="4.53566">
        <ele>43</ele>
      </trkpt>
      <trkpt lat="50.8925" lon="4.53633">
        <ele>43</ele>
      </trkpt>
      <trkpt lat="50.8925" lon="4.53664">
        <ele>43</ele>
      </trkpt>
      <trkpt lat="50.89253" lon="4.53673">
        <ele>43</ele>
      </trkpt>
      <trkpt lat="50.89269" lon="4.53695">
        <ele>43</ele>
      </trkpt>
      <trkpt lat="50.89313" lon="4.53773">
        <ele>42</ele>
      </trkpt>
      <trkpt lat="50.89322" lon="4.53789">
        <ele>42</ele>
      </trkpt>
      <trkpt lat="50.893" lon="4.53821">
        <ele>42</ele>
      </trkpt>
      <trkpt lat="50.89279" lon="4.53844">
        <ele>42</ele>
      </trkpt>
      <trkpt lat="50.89276" lon="4.53858">
        <ele>42</ele>
      </trkpt>
      <trkpt lat="50.89277" lon="4.53887">
        <ele>42</ele>
      </trkpt>
      <trkpt lat="50.89286" lon="4.53981">
        <ele>42</ele>
      </trkpt>
      <trkpt lat="50.89288" lon="4.53996">
        <ele>42</ele>
      </trkpt>
      <trkpt lat="50.89292" lon="4.54006">
        <ele>42</ele>
      </trkpt>
      <trkpt lat="50.89298" lon="4.54012">
        <ele>42</ele>
      </trkpt>
      <trkpt lat="50.89338" lon="4.5391">
        <ele>43</ele>
      </trkpt>
      <trkpt lat="50.89347" lon="4.53872">
        <ele>45</ele>
      </trkpt>
      <trkpt lat="50.89342" lon="4.53869">
        <ele>45</ele>
      </trkpt>
      <trkpt lat="50.89339" lon="4.53861">
        <ele>45</ele>
      </trkpt>
      <trkpt lat="50.8933" lon="4.53856">
        <ele>45</ele>
      </trkpt>
      <trkpt lat="50.89299" lon="4.5385">
        <ele>45</ele>
      </trkpt>
      <trkpt lat="50.89283" lon="4.53851">
        <ele>42</ele>
      </trkpt>
      <trkpt lat="50.89275" lon="4.53855">
        <ele>42</ele>
      </trkpt>
      <trkpt lat="50.89259" lon="4.5387">
        <ele>43</ele>
      </trkpt>
      <trkpt lat="50.8925" lon="4.53883">
        <ele>43</ele>
      </trkpt>
      <trkpt lat="50.89243" lon="4.53902">
        <ele>43</ele>
      </trkpt>
      <trkpt lat="50.8924" lon="4.53918">
        <ele>42</ele>
      </trkpt>
      <trkpt lat="50.89238" lon="4.5394">
        <ele>41</ele>
      </trkpt>
      <trkpt lat="50.89241" lon="4.53981">
        <ele>46</ele>
      </trkpt>
      <trkpt lat="50.89251" lon="4.5403">
        <ele>44</ele>
      </trkpt>
      <trkpt lat="50.89246" lon="4.54032">
        <ele>44</ele>
      </trkpt>
      <trkpt lat="50.89254" lon="4.54097">
        <ele>41</ele>
      </trkpt>
      <trkpt lat="50.89261" lon="4.54177">
        <ele>42</ele>
      </trkpt>
      <trkpt lat="50.89258" lon="4.54196">
        <ele>43</ele>
      </trkpt>
      <trkpt lat="50.89253" lon="4.54205">
        <ele>43</ele>
      </trkpt>
      <trkpt lat="50.89247" lon="4.54211">
        <ele>43</ele>
      </trkpt>
      <trkpt lat="50.8922" lon="4.54224">
        <ele>42</ele>
      </trkpt>
      <trkpt lat="50.88917" lon="4.54365">
        <ele>44</ele>
      </trkpt>
      <trkpt lat="50.88868" lon="4.5439">
        <ele>44</ele>
      </trkpt>
      <trkpt lat="50.88839" lon="4.54409">
        <ele>44</ele>
      </trkpt>
      <trkpt lat="50.88837" lon="4.54401">
        <ele>43</ele>
      </trkpt>
      <trkpt lat="50.88715" lon="4.54458">
        <ele>42</ele>
      </trkpt>
      <trkpt lat="50.88598" lon="4.54513">
        <ele>41</ele>
      </trkpt>
      <trkpt lat="50.88558" lon="4.54531">
        <ele>41</ele>
      </trkpt>
      <trkpt lat="50.88538" lon="4.54537">
        <ele>41</ele>
      </trkpt>
      <trkpt lat="50.88494" lon="4.54523">
        <ele>41</ele>
      </trkpt>
      <trkpt lat="50.88432" lon="4.54511">
        <ele>41</ele>
      </trkpt>
      <trkpt lat="50.88397" lon="4.54496">
        <ele>41</ele>
      </trkpt>
      <trkpt lat="50.8835" lon="4.54458">
        <ele>42</ele>
      </trkpt>
      <trkpt lat="50.88344" lon="4.54456">
        <ele>42</ele>
      </trkpt>
      <trkpt lat="50.8826" lon="4.54456">
        <ele>45</ele>
      </trkpt>
      <trkpt lat="50.88248" lon="4.54453">
        <ele>45</ele>
      </trkpt>
      <trkpt lat="50.88235" lon="4.54441">
        <ele>45</ele>
      </trkpt>
      <trkpt lat="50.88219" lon="4.54394">
        <ele>44</ele>
      </trkpt>
      <trkpt lat="50.88212" lon="4.54384">
        <ele>44</ele>
      </trkpt>
      <trkpt lat="50.88204" lon="4.54379">
        <ele>44</ele>
      </trkpt>
      <trkpt lat="50.88145" lon="4.54371">
        <ele>45</ele>
      </trkpt>
      <trkpt lat="50.88131" lon="4.54363">
        <ele>45</ele>
      </trkpt>
      <trkpt lat="50.88088" lon="4.54312">
        <ele>45</ele>
      </trkpt>
      <trkpt lat="50.87999" lon="4.54219">
        <ele>47</ele>
      </trkpt>
      <trkpt lat="50.87983" lon="4.54199">
        <ele>47</ele>
      </trkpt>
      <trkpt lat="50.87918" lon="4.54064">
        <ele>48</ele>
      </trkpt>
      <trkpt lat="50.87914" lon="4.54061">
        <ele>48</ele>
      </trkpt>
      <trkpt lat="50.87902" lon="4.54059">
        <ele>48</ele>
      </trkpt>
      <trkpt lat="50.87808" lon="4.54071">
        <ele>49</ele>
      </trkpt>
      <trkpt lat="50.87764" lon="4.54067">
        <ele>49</ele>
      </trkpt>
      <trkpt lat="50.87749" lon="4.54065">
        <ele>49</ele>
      </trkpt>
      <trkpt lat="50.87644" lon="4.54086">
        <ele>52</ele>
      </trkpt>
      <trkpt lat="50.87637" lon="4.54091">
        <ele>52</ele>
      </trkpt>
      <trkpt lat="50.87622" lon="4.54087">
        <ele>52</ele>
      </trkpt>
      <trkpt lat="50.87605" lon="4.54126">
        <ele>53</ele>
      </trkpt>
      <trkpt lat="50.87598" lon="4.54159">
        <ele>54</ele>
      </trkpt>
      <trkpt lat="50.87594" lon="4.54184">
        <ele>54</ele>
      </trkpt>
      <trkpt lat="50.87593" lon="4.5421">
        <ele>55</ele>
      </trkpt>
      <trkpt lat="50.87596" lon="4.54242">
        <ele>55</ele>
      </trkpt>
      <trkpt lat="50.87604" lon="4.54284">
        <ele>55</ele>
      </trkpt>
      <trkpt lat="50.8763" lon="4.54378">
        <ele>54</ele>
      </trkpt>
      <trkpt lat="50.87635" lon="4.54377">
        <ele>54</ele>
      </trkpt>
      <trkpt lat="50.87637" lon="4.54381">
        <ele>54</ele>
      </trkpt>
      <trkpt lat="50.87644" lon="4.54395">
        <ele>54</ele>
      </trkpt>
      <trkpt lat="50.87645" lon="4.544">
        <ele>54</ele>
      </trkpt>
      <trkpt lat="50.87698" lon="4.5451">
        <ele>52</ele>
      </trkpt>
      <trkpt lat="50.87722" lon="4.54561">
        <ele>52</ele>
      </trkpt>
      <trkpt lat="50.87759" lon="4.54667">
        <ele>53</ele>
      </trkpt>
      <trkpt lat="50.87783" lon="4.54728">
        <ele>53</ele>
      </trkpt>
      <trkpt lat="50.87805" lon="4.54777">
        <ele>52</ele>
      </trkpt>
      <trkpt lat="50.87825" lon="4.5483">
        <ele>51</ele>
      </trkpt>
      <trkpt lat="50.87847" lon="4.54906">
        <ele>50</ele>
      </trkpt>
      <trkpt lat="50.87859" lon="4.54962">
        <ele>49</ele>
      </trkpt>
      <trkpt lat="50.8788" lon="4.55086">
        <ele>48</ele>
      </trkpt>
      <trkpt lat="50.87886" lon="4.55141">
        <ele>48</ele>
      </trkpt>
      <trkpt lat="50.87898" lon="4.5514">
        <ele>48</ele>
      </trkpt>
    </trkseg>
  </trk>
</gpx>